model_name,question_id,difficulty,result,efficiency_score,repetition_number
Qwen-3-Coder-480B,82,simple,correct,10.094760960262636,1
Qwen-3-Coder-480B,82,simple,correct,0.9597633136094674,2
Qwen-3-Coder-480B,82,simple,correct,1.1218807171606293,3
Qwen-3-Coder-480B,82,simple,correct,1.0146029814420445,4
Qwen-3-Coder-480B,82,simple,correct,1.1724527566725111,5
Qwen-3-Coder-480B,82,simple,correct,1.0956003969566657,6
Qwen-3-Coder-480B,82,simple,correct,0.9945001964215564,7
Qwen-3-Coder-480B,82,simple,correct,1.1035988614652785,8
Qwen-3-Coder-480B,82,simple,correct,1.039557088983391,9
Qwen-3-Coder-480B,82,simple,correct,1.0579494799405647,10
Qwen-3-Coder-480B,82,simple,correct,1.103229964364243,11
Qwen-3-Coder-480B,82,simple,correct,1.55098452883263,12
Qwen-3-Coder-480B,82,simple,correct,1.266605216071138,13
Qwen-3-Coder-480B,82,simple,correct,1.512576611914685,14
Qwen-3-Coder-480B,82,simple,correct,1.490421364418116,15
Qwen-3-Coder-480B,82,simple,correct,1.5045858308658915,16
Qwen-3-Coder-480B,82,simple,correct,1.4634705376754846,17
Qwen-3-Coder-480B,82,simple,correct,1.5236119438781628,18
Qwen-3-Coder-480B,82,simple,correct,1.4877809161242785,19
Qwen-3-Coder-480B,82,simple,correct,1.4917307188920352,20
Qwen-3-Coder-480B,82,simple,correct,1.4798707814297252,21
Qwen-3-Coder-480B,82,simple,correct,1.4877588103093768,22
Qwen-3-Coder-480B,82,simple,correct,1.399720412837215,23
Qwen-3-Coder-480B,82,simple,correct,1.3915997800989555,24
Qwen-3-Coder-480B,82,simple,correct,1.5145603075444498,25
Qwen-3-Coder-480B,82,simple,correct,1.4868383404864092,26
Qwen-3-Coder-480B,82,simple,correct,1.4352567773959526,27
Qwen-3-Coder-480B,82,simple,correct,1.5346952010376136,28
Qwen-3-Coder-480B,82,simple,correct,1.48169461256077,29
Qwen-3-Coder-480B,82,simple,correct,1.5800589970501475,30
Qwen-3-Coder-480B,82,simple,correct,1.5805243445692885,31
Qwen-3-Coder-480B,82,simple,correct,1.4932425978987585,32
Qwen-3-Coder-480B,82,simple,correct,1.5448994927672366,33
Qwen-3-Coder-480B,82,simple,correct,1.4662627900875331,34
Qwen-3-Coder-480B,82,simple,correct,1.0401926282644933,35
Qwen-3-Coder-480B,82,simple,correct,1.5823760325602678,36
Qwen-3-Coder-480B,82,simple,correct,1.488602201443958,37
Qwen-3-Coder-480B,82,simple,correct,1.4930393594768099,38
Qwen-3-Coder-480B,82,simple,correct,1.4698981746515885,39
Qwen-3-Coder-480B,82,simple,correct,1.6435891653511738,40
Qwen-3-Coder-480B,82,simple,correct,1.481848184818482,41
Qwen-3-Coder-480B,82,simple,correct,1.477134218358766,42
Qwen-3-Coder-480B,82,simple,correct,1.4393953820518923,43
Qwen-3-Coder-480B,82,simple,correct,1.5153488147773035,44
Qwen-3-Coder-480B,82,simple,correct,1.4689535806149185,45
Qwen-3-Coder-480B,82,simple,correct,1.1498133107509911,46
Qwen-3-Coder-480B,82,simple,correct,1.4695641617093602,47
Qwen-3-Coder-480B,82,simple,correct,1.495065828773506,48
Qwen-3-Coder-480B,82,simple,correct,1.5593108018555335,49
Qwen-3-Coder-480B,82,simple,correct,1.4572382542332458,50
Qwen-3-Coder-480B,831,simple,correct,4.6456,1
Qwen-3-Coder-480B,831,simple,correct,1.2977005870841487,2
Qwen-3-Coder-480B,831,simple,correct,1.3269617706237424,3
Qwen-3-Coder-480B,831,simple,correct,1.4084262701363073,4
Qwen-3-Coder-480B,831,simple,correct,1.3856292517006803,5
Qwen-3-Coder-480B,831,simple,correct,1.5663874079715663,6
Qwen-3-Coder-480B,831,simple,correct,1.3976667512046665,7
Qwen-3-Coder-480B,831,simple,correct,1.3703488372093022,8
Qwen-3-Coder-480B,831,simple,correct,1.422498364944408,9
Qwen-3-Coder-480B,831,simple,correct,1.307319698600646,10
Qwen-3-Coder-480B,831,simple,correct,1.469955724225174,11
Qwen-3-Coder-480B,831,simple,correct,1.2484210526315789,12
Qwen-3-Coder-480B,831,simple,correct,1.3463953780457172,13
Qwen-3-Coder-480B,831,simple,correct,1.3846153846153846,14
Qwen-3-Coder-480B,831,simple,correct,1.3606260296540362,15
Qwen-3-Coder-480B,831,simple,correct,1.1552444630171332,16
Qwen-3-Coder-480B,831,simple,correct,1.3231042353537916,17
Qwen-3-Coder-480B,831,simple,correct,1.4867698452321518,18
Qwen-3-Coder-480B,831,simple,correct,0.9363817097415507,19
Qwen-3-Coder-480B,831,simple,correct,1.541871921182266,20
Qwen-3-Coder-480B,831,simple,correct,1.35047825302292,21
Qwen-3-Coder-480B,831,simple,correct,1.4090909090909092,22
Qwen-3-Coder-480B,831,simple,correct,1.4623409669211196,23
Qwen-3-Coder-480B,831,simple,correct,1.2363825363825365,24
Qwen-3-Coder-480B,831,simple,correct,1.452767902488573,25
Qwen-3-Coder-480B,831,simple,correct,1.4283333333333332,26
Qwen-3-Coder-480B,831,simple,correct,1.3230579531442663,27
Qwen-3-Coder-480B,831,simple,correct,1.7978791092258748,28
Qwen-3-Coder-480B,831,simple,correct,1.3644768856447689,29
Qwen-3-Coder-480B,831,simple,correct,1.7612009237875288,30
Qwen-3-Coder-480B,831,simple,correct,1.3292477769766884,31
Qwen-3-Coder-480B,831,simple,correct,1.0067685167279057,32
Qwen-3-Coder-480B,831,simple,correct,0.5186363058135097,33
Qwen-3-Coder-480B,831,simple,correct,1.3618261291889266,34
Qwen-3-Coder-480B,831,simple,correct,1.3341553637484587,35
Qwen-3-Coder-480B,831,simple,correct,1.4185745140388768,36
Qwen-3-Coder-480B,831,simple,correct,1.4829667960327728,37
Qwen-3-Coder-480B,831,simple,correct,1.3665338645418326,38
Qwen-3-Coder-480B,831,simple,correct,1.3388676032354194,39
Qwen-3-Coder-480B,831,simple,correct,1.4180470793374018,40
Qwen-3-Coder-480B,831,simple,correct,1.533837746952501,41
Qwen-3-Coder-480B,831,simple,correct,0.6995143666531769,42
Qwen-3-Coder-480B,831,simple,correct,1.4514296187683284,43
Qwen-3-Coder-480B,831,simple,correct,0.6386172006745363,44
Qwen-3-Coder-480B,831,simple,correct,0.7747216764898494,45
Qwen-3-Coder-480B,831,simple,correct,1.1887653264898774,46
Qwen-3-Coder-480B,831,simple,correct,1.406400701446734,47
Qwen-3-Coder-480B,831,simple,correct,1.444310656231186,48
Qwen-3-Coder-480B,831,simple,correct,1.467429139731477,49
Qwen-3-Coder-480B,831,simple,correct,1.473163492456097,50
Qwen-3-Coder-480B,554,simple,correct,2.5017796417446307,1
Qwen-3-Coder-480B,554,simple,correct,0.5639527881488618,2
Qwen-3-Coder-480B,554,simple,correct,1.161003955322013,3
Qwen-3-Coder-480B,554,simple,correct,1.1425090469822268,4
Qwen-3-Coder-480B,554,simple,correct,0.5647789621996308,5
Qwen-3-Coder-480B,554,simple,correct,0.40322160956570224,6
Qwen-3-Coder-480B,554,simple,correct,0.5705089493029019,7
Qwen-3-Coder-480B,554,simple,correct,0.5941864706083004,8
Qwen-3-Coder-480B,554,simple,correct,0.5551068693002824,9
Qwen-3-Coder-480B,554,simple,correct,1.1586657663455755,10
Qwen-3-Coder-480B,554,simple,correct,1.1686758865082638,11
Qwen-3-Coder-480B,554,simple,correct,1.103091798171631,12
Qwen-3-Coder-480B,554,simple,correct,1.0726125056802238,13
Qwen-3-Coder-480B,554,simple,correct,1.156639615659287,14
Qwen-3-Coder-480B,554,simple,correct,0.3443466042935705,15
Qwen-3-Coder-480B,554,simple,correct,1.0307580605780229,16
Qwen-3-Coder-480B,554,simple,correct,1.1220164587700545,17
Qwen-3-Coder-480B,554,simple,correct,0.5746988952139777,18
Qwen-3-Coder-480B,554,simple,correct,0.5739289576138723,19
Qwen-3-Coder-480B,554,simple,correct,1.1339144842725148,20
Qwen-3-Coder-480B,554,simple,correct,0.5392183822212355,21
Qwen-3-Coder-480B,554,simple,correct,1.0858245556371555,22
Qwen-3-Coder-480B,554,simple,correct,1.019552921277112,23
Qwen-3-Coder-480B,554,simple,correct,0.9871543302636479,24
Qwen-3-Coder-480B,554,simple,correct,0.9921428814139677,25
Qwen-3-Coder-480B,554,simple,correct,0.4318871051459797,26
Qwen-3-Coder-480B,554,simple,correct,0.38537532869629604,27
Qwen-3-Coder-480B,554,simple,correct,0.4271294777663667,28
Qwen-3-Coder-480B,554,simple,correct,0.40202885743291933,29
Qwen-3-Coder-480B,554,simple,correct,0.4176541297285534,30
Qwen-3-Coder-480B,554,simple,correct,0.9521628165695962,31
Qwen-3-Coder-480B,554,simple,correct,0.9788802062777909,32
Qwen-3-Coder-480B,554,simple,correct,0.9653718271024248,33
Qwen-3-Coder-480B,554,simple,correct,0.9866003832999799,34
Qwen-3-Coder-480B,554,simple,correct,0.9728885412067839,35
Qwen-3-Coder-480B,554,simple,correct,0.41643527890605614,36
Qwen-3-Coder-480B,554,simple,correct,0.9552763637862457,37
Qwen-3-Coder-480B,554,simple,correct,0.9579323332337502,38
Qwen-3-Coder-480B,554,simple,correct,0.40323202442113876,39
Qwen-3-Coder-480B,554,simple,correct,0.4047234277091349,40
Qwen-3-Coder-480B,554,simple,correct,0.3892611258131517,41
Qwen-3-Coder-480B,554,simple,correct,0.9625589552613034,42
Qwen-3-Coder-480B,554,simple,correct,0.41136990872925483,43
Qwen-3-Coder-480B,554,simple,correct,0.387249674442491,44
Qwen-3-Coder-480B,554,simple,correct,0.3822097144698411,45
Qwen-3-Coder-480B,554,simple,correct,0.3919627935899263,46
Qwen-3-Coder-480B,554,simple,correct,0.38142697514430923,47
Qwen-3-Coder-480B,554,simple,correct,0.40285984459976687,48
Qwen-3-Coder-480B,554,simple,correct,0.338779734141791,49
Qwen-3-Coder-480B,554,simple,correct,0.9979748045725814,50
Qwen-3-Coder-480B,542,simple,correct,8.509909380222277,1
Qwen-3-Coder-480B,542,simple,correct,0.989525490009061,2
Qwen-3-Coder-480B,542,simple,correct,0.9965971457810605,3
Qwen-3-Coder-480B,542,simple,correct,1.000928220225103,4
Qwen-3-Coder-480B,542,simple,correct,1.006985852230934,5
Qwen-3-Coder-480B,542,simple,correct,1.0078432845706558,6
Qwen-3-Coder-480B,542,simple,correct,0.9798417844028984,7
Qwen-3-Coder-480B,542,simple,correct,1.0145194527601131,8
Qwen-3-Coder-480B,542,simple,correct,1.001986675268359,9
Qwen-3-Coder-480B,542,simple,correct,0.9629649829852799,10
Qwen-3-Coder-480B,542,simple,correct,0.9970908273903831,11
Qwen-3-Coder-480B,542,simple,correct,0.969422889452135,12
Qwen-3-Coder-480B,542,simple,correct,0.98237550862236,13
Qwen-3-Coder-480B,542,simple,correct,0.9941537067676628,14
Qwen-3-Coder-480B,542,simple,correct,0.9938084579024354,15
Qwen-3-Coder-480B,542,simple,correct,0.9931709718659922,16
Qwen-3-Coder-480B,542,simple,correct,0.9982441854547305,17
Qwen-3-Coder-480B,542,simple,correct,1.0078378696368342,18
Qwen-3-Coder-480B,542,simple,correct,0.9969453551487022,19
Qwen-3-Coder-480B,542,simple,correct,0.9780477761884039,20
Qwen-3-Coder-480B,542,simple,correct,0.9937443828824825,21
Qwen-3-Coder-480B,542,simple,correct,0.9838513190284451,22
Qwen-3-Coder-480B,542,simple,correct,0.9666080339559873,23
Qwen-3-Coder-480B,542,simple,correct,0.9869239738671574,24
Qwen-3-Coder-480B,542,simple,correct,1.0148385265239397,25
Qwen-3-Coder-480B,542,simple,correct,0.9832894544390814,26
Qwen-3-Coder-480B,542,simple,correct,0.9585792861017037,27
Qwen-3-Coder-480B,542,simple,correct,1.101196209700441,28
Qwen-3-Coder-480B,542,simple,correct,0.9683023020862269,29
Qwen-3-Coder-480B,542,simple,correct,0.8479656174373336,30
Qwen-3-Coder-480B,542,simple,correct,1.1229552503764872,31
Qwen-3-Coder-480B,542,simple,correct,1.100472685462711,32
Qwen-3-Coder-480B,542,simple,correct,1.1066625015863099,33
Qwen-3-Coder-480B,542,simple,correct,1.076920306612178,34
Qwen-3-Coder-480B,542,simple,correct,1.1738529121123333,35
Qwen-3-Coder-480B,542,simple,correct,1.1460203840259995,36
Qwen-3-Coder-480B,542,simple,correct,1.0656292208543974,37
Qwen-3-Coder-480B,542,simple,correct,1.1166850492526528,38
Qwen-3-Coder-480B,542,simple,correct,1.118577385050876,39
Qwen-3-Coder-480B,542,simple,correct,1.0732068612094139,40
Qwen-3-Coder-480B,542,simple,correct,1.040668048186845,41
Qwen-3-Coder-480B,542,simple,correct,1.2048724718264232,42
Qwen-3-Coder-480B,542,simple,correct,1.1044506305405677,43
Qwen-3-Coder-480B,542,simple,correct,1.062891093384329,44
Qwen-3-Coder-480B,542,simple,correct,1.1406490813288255,45
Qwen-3-Coder-480B,542,simple,correct,1.1488141252978634,46
Qwen-3-Coder-480B,542,simple,correct,1.0999878051658891,47
Qwen-3-Coder-480B,542,simple,correct,1.1456977808441526,48
Qwen-3-Coder-480B,542,simple,correct,1.1294898859097096,49
Qwen-3-Coder-480B,542,simple,correct,1.106820545841795,50
Qwen-3-Coder-480B,695,simple,correct,1.5336767575908865,1
Qwen-3-Coder-480B,695,simple,correct,1.3828016938692997,2
Qwen-3-Coder-480B,695,simple,correct,1.5065429234338747,3
Qwen-3-Coder-480B,695,simple,correct,1.3334902206882124,4
Qwen-3-Coder-480B,695,simple,correct,1.392065675421934,5
Qwen-3-Coder-480B,695,simple,correct,1.2059590827955513,6
Qwen-3-Coder-480B,695,simple,correct,1.4401144170354252,7
Qwen-3-Coder-480B,695,simple,correct,1.4999292185730464,8
Qwen-3-Coder-480B,695,simple,correct,1.57165728923654,9
Qwen-3-Coder-480B,695,simple,correct,1.4777595115077502,10
Qwen-3-Coder-480B,695,simple,correct,1.479264367816092,11
Qwen-3-Coder-480B,695,simple,correct,1.5689761487803073,12
Qwen-3-Coder-480B,695,simple,correct,1.5957339449541283,13
Qwen-3-Coder-480B,695,simple,correct,1.4888692661616396,14
Qwen-3-Coder-480B,695,simple,correct,1.50297578790748,15
Qwen-3-Coder-480B,695,simple,correct,1.5272535660016666,16
Qwen-3-Coder-480B,695,simple,correct,1.4924730676953475,17
Qwen-3-Coder-480B,695,simple,correct,1.5390566741237883,18
Qwen-3-Coder-480B,695,simple,correct,1.4729967403794293,19
Qwen-3-Coder-480B,695,simple,correct,1.5361972592859718,20
Qwen-3-Coder-480B,695,simple,correct,1.3918884175343875,21
Qwen-3-Coder-480B,695,simple,correct,1.3862562919928154,22
Qwen-3-Coder-480B,695,simple,correct,1.4624188708214112,23
Qwen-3-Coder-480B,695,simple,correct,1.4397177648799362,24
Qwen-3-Coder-480B,695,simple,correct,1.4759041716769956,25
Qwen-3-Coder-480B,695,simple,correct,1.329282735183564,26
Qwen-3-Coder-480B,695,simple,correct,1.4698806393820238,27
Qwen-3-Coder-480B,695,simple,correct,1.4750261475886113,28
Qwen-3-Coder-480B,695,simple,correct,1.4896218035622457,29
Qwen-3-Coder-480B,695,simple,correct,1.482760194418456,30
Qwen-3-Coder-480B,695,simple,correct,1.4503347549498464,31
Qwen-3-Coder-480B,695,simple,correct,1.5728513547160416,32
Qwen-3-Coder-480B,695,simple,correct,1.4119615602035047,33
Qwen-3-Coder-480B,695,simple,correct,1.5408329930583913,34
Qwen-3-Coder-480B,695,simple,correct,1.4827332166866194,35
Qwen-3-Coder-480B,695,simple,correct,1.4608352330145002,36
Qwen-3-Coder-480B,695,simple,correct,1.0500018685302142,37
Qwen-3-Coder-480B,695,simple,correct,1.4454940702465229,38
Qwen-3-Coder-480B,695,simple,correct,1.4951892836342457,39
Qwen-3-Coder-480B,695,simple,correct,1.3073220376279018,40
Qwen-3-Coder-480B,695,simple,correct,1.5815837104072399,41
Qwen-3-Coder-480B,695,simple,correct,1.5110864493918874,42
Qwen-3-Coder-480B,695,simple,correct,1.4525601333650868,43
Qwen-3-Coder-480B,695,simple,correct,1.4753318711762669,44
Qwen-3-Coder-480B,695,simple,correct,1.495157356869121,45
Qwen-3-Coder-480B,695,simple,correct,1.7683009054132153,46
Qwen-3-Coder-480B,695,simple,correct,1.5012705882352941,47
Qwen-3-Coder-480B,695,simple,correct,1.5430087069409315,48
Qwen-3-Coder-480B,695,simple,correct,1.589045461788877,49
Qwen-3-Coder-480B,695,simple,correct,1.5372783844076552,50
Qwen-3-Coder-480B,998,simple,semantic,,1
Qwen-3-Coder-480B,998,simple,semantic,,2
Qwen-3-Coder-480B,998,simple,semantic,,3
Qwen-3-Coder-480B,998,simple,semantic,,4
Qwen-3-Coder-480B,998,simple,semantic,,5
Qwen-3-Coder-480B,998,simple,semantic,,6
Qwen-3-Coder-480B,998,simple,semantic,,7
Qwen-3-Coder-480B,998,simple,semantic,,8
Qwen-3-Coder-480B,998,simple,semantic,,9
Qwen-3-Coder-480B,998,simple,semantic,,10
Qwen-3-Coder-480B,998,simple,semantic,,11
Qwen-3-Coder-480B,998,simple,semantic,,12
Qwen-3-Coder-480B,998,simple,semantic,,13
Qwen-3-Coder-480B,998,simple,semantic,,14
Qwen-3-Coder-480B,998,simple,semantic,,15
Qwen-3-Coder-480B,998,simple,semantic,,16
Qwen-3-Coder-480B,998,simple,semantic,,17
Qwen-3-Coder-480B,998,simple,semantic,,18
Qwen-3-Coder-480B,998,simple,semantic,,19
Qwen-3-Coder-480B,998,simple,semantic,,20
Qwen-3-Coder-480B,998,simple,semantic,,21
Qwen-3-Coder-480B,998,simple,semantic,,22
Qwen-3-Coder-480B,998,simple,semantic,,23
Qwen-3-Coder-480B,998,simple,semantic,,24
Qwen-3-Coder-480B,998,simple,semantic,,25
Qwen-3-Coder-480B,998,simple,semantic,,26
Qwen-3-Coder-480B,998,simple,semantic,,27
Qwen-3-Coder-480B,998,simple,semantic,,28
Qwen-3-Coder-480B,998,simple,semantic,,29
Qwen-3-Coder-480B,998,simple,semantic,,30
Qwen-3-Coder-480B,998,simple,semantic,,31
Qwen-3-Coder-480B,998,simple,semantic,,32
Qwen-3-Coder-480B,998,simple,semantic,,33
Qwen-3-Coder-480B,998,simple,semantic,,34
Qwen-3-Coder-480B,998,simple,semantic,,35
Qwen-3-Coder-480B,998,simple,semantic,,36
Qwen-3-Coder-480B,998,simple,semantic,,37
Qwen-3-Coder-480B,998,simple,semantic,,38
Qwen-3-Coder-480B,998,simple,semantic,,39
Qwen-3-Coder-480B,998,simple,semantic,,40
Qwen-3-Coder-480B,998,simple,semantic,,41
Qwen-3-Coder-480B,998,simple,semantic,,42
Qwen-3-Coder-480B,998,simple,semantic,,43
Qwen-3-Coder-480B,998,simple,semantic,,44
Qwen-3-Coder-480B,998,simple,semantic,,45
Qwen-3-Coder-480B,998,simple,semantic,,46
Qwen-3-Coder-480B,998,simple,semantic,,47
Qwen-3-Coder-480B,998,simple,semantic,,48
Qwen-3-Coder-480B,998,simple,semantic,,49
Qwen-3-Coder-480B,998,simple,semantic,,50
Qwen-3-Coder-480B,799,simple,correct,0.5254130747126436,1
Qwen-3-Coder-480B,799,simple,correct,1.2401799100449775,2
Qwen-3-Coder-480B,799,simple,correct,1.5629763337344564,3
Qwen-3-Coder-480B,799,simple,correct,1.2792221517649545,4
Qwen-3-Coder-480B,799,simple,correct,1.5662680617837568,5
Qwen-3-Coder-480B,799,simple,correct,1.369760116307245,6
Qwen-3-Coder-480B,799,simple,correct,1.529368029739777,7
Qwen-3-Coder-480B,799,simple,correct,1.3061783756851022,8
Qwen-3-Coder-480B,799,simple,correct,1.3789964476021315,9
Qwen-3-Coder-480B,799,simple,correct,1.243771372740596,10
Qwen-3-Coder-480B,799,simple,correct,1.1913102511880516,11
Qwen-3-Coder-480B,799,simple,correct,1.3953257086026851,12
Qwen-3-Coder-480B,799,simple,correct,1.9270017681232634,13
Qwen-3-Coder-480B,799,simple,correct,1.3737769080234834,14
Qwen-3-Coder-480B,799,simple,correct,1.510414052697616,15
Qwen-3-Coder-480B,799,simple,correct,0.777719298245614,16
Qwen-3-Coder-480B,799,simple,correct,1.2363213038416763,17
Qwen-3-Coder-480B,799,simple,correct,1.7089796810137645,18
Qwen-3-Coder-480B,799,simple,correct,1.6643441381399575,19
Qwen-3-Coder-480B,799,simple,correct,1.4672943508424183,20
Qwen-3-Coder-480B,799,simple,correct,1.3153558052434458,21
Qwen-3-Coder-480B,799,simple,correct,1.4378818737270875,22
Qwen-3-Coder-480B,799,simple,correct,1.2793542074363993,23
Qwen-3-Coder-480B,799,simple,correct,1.3349080059671805,24
Qwen-3-Coder-480B,799,simple,correct,1.4307881773399014,25
Qwen-3-Coder-480B,799,simple,correct,1.345498199279712,26
Qwen-3-Coder-480B,799,simple,correct,1.321153368133234,27
Qwen-3-Coder-480B,799,simple,correct,1.4979879275653925,28
Qwen-3-Coder-480B,799,simple,correct,1.3731865932966483,29
Qwen-3-Coder-480B,799,simple,correct,1.8413054309915295,30
Qwen-3-Coder-480B,799,simple,correct,1.2192372271527945,31
Qwen-3-Coder-480B,799,simple,correct,1.3592352759790318,32
Qwen-3-Coder-480B,799,simple,correct,1.0507955936352509,33
Qwen-3-Coder-480B,799,simple,correct,1.9788319306299413,34
Qwen-3-Coder-480B,799,simple,correct,1.536639526276832,35
Qwen-3-Coder-480B,799,simple,correct,1.4132272501243162,36
Qwen-3-Coder-480B,799,simple,correct,1.3705161854768153,37
Qwen-3-Coder-480B,799,simple,correct,1.692457315755349,38
Qwen-3-Coder-480B,799,simple,correct,0.9047415634344297,39
Qwen-3-Coder-480B,799,simple,correct,1.3807763401109057,40
Qwen-3-Coder-480B,799,simple,correct,1.3846641318124209,41
Qwen-3-Coder-480B,799,simple,correct,1.640171858216971,42
Qwen-3-Coder-480B,799,simple,correct,1.4158878504672898,43
Qwen-3-Coder-480B,799,simple,correct,1.657514450867052,44
Qwen-3-Coder-480B,799,simple,correct,1.3856893542757418,45
Qwen-3-Coder-480B,799,simple,correct,1.5147710487444608,46
Qwen-3-Coder-480B,799,simple,correct,1.6970830216903516,47
Qwen-3-Coder-480B,799,simple,correct,1.6117886178861789,48
Qwen-3-Coder-480B,799,simple,correct,1.7617302052785924,49
Qwen-3-Coder-480B,799,simple,correct,1.5656836461126005,50
Qwen-3-Coder-480B,1134,simple,correct,0.014200551983662033,1
Qwen-3-Coder-480B,1134,simple,correct,0.015209022098486166,2
Qwen-3-Coder-480B,1134,simple,correct,0.014366081151994944,3
Qwen-3-Coder-480B,1134,simple,correct,0.015268933174180961,4
Qwen-3-Coder-480B,1134,simple,correct,0.015373480185603914,5
Qwen-3-Coder-480B,1134,simple,correct,0.01385050886297769,6
Qwen-3-Coder-480B,1134,simple,correct,0.014487048700434667,7
Qwen-3-Coder-480B,1134,simple,correct,0.0141150116291695,8
Qwen-3-Coder-480B,1134,simple,correct,0.014328808446455505,9
Qwen-3-Coder-480B,1134,simple,correct,0.01474533277369199,10
Qwen-3-Coder-480B,1134,simple,correct,0.014059694028323976,11
Qwen-3-Coder-480B,1134,simple,correct,0.014972109099620136,12
Qwen-3-Coder-480B,1134,simple,correct,0.01471976771475197,13
Qwen-3-Coder-480B,1134,simple,correct,0.013069559097865306,14
Qwen-3-Coder-480B,1134,simple,correct,0.01534287850297909,15
Qwen-3-Coder-480B,1134,simple,correct,0.01474056603773585,16
Qwen-3-Coder-480B,1134,simple,correct,0.015344638336954817,17
Qwen-3-Coder-480B,1134,simple,correct,0.016234853246089597,18
Qwen-3-Coder-480B,1134,simple,correct,0.013696488495061335,19
Qwen-3-Coder-480B,1134,simple,correct,0.014755420329308955,20
Qwen-3-Coder-480B,1134,simple,correct,0.015693083723920413,21
Qwen-3-Coder-480B,1134,simple,correct,0.013974480904657976,22
Qwen-3-Coder-480B,1134,simple,correct,0.014656937311998902,23
Qwen-3-Coder-480B,1134,simple,correct,0.013918469632178439,24
Qwen-3-Coder-480B,1134,simple,correct,0.014517334559880411,25
Qwen-3-Coder-480B,1134,simple,correct,0.01447326359417542,26
Qwen-3-Coder-480B,1134,simple,correct,0.013398121216885465,27
Qwen-3-Coder-480B,1134,simple,correct,0.009152068008171756,28
Qwen-3-Coder-480B,1134,simple,correct,0.00997947372360837,29
Qwen-3-Coder-480B,1134,simple,correct,0.013389730495828117,30
Qwen-3-Coder-480B,1134,simple,correct,0.015751465548979073,31
Qwen-3-Coder-480B,1134,simple,correct,0.018345815081720125,32
Qwen-3-Coder-480B,1134,simple,correct,0.015125092415443396,33
Qwen-3-Coder-480B,1134,simple,correct,0.014427889651961356,34
Qwen-3-Coder-480B,1134,simple,correct,0.015437440992671851,35
Qwen-3-Coder-480B,1134,simple,correct,0.014975361654701086,36
Qwen-3-Coder-480B,1134,simple,correct,0.014343776460626588,37
Qwen-3-Coder-480B,1134,simple,correct,0.017473228874025838,38
Qwen-3-Coder-480B,1134,simple,correct,0.014641974440969416,39
Qwen-3-Coder-480B,1134,simple,correct,0.014355015509480607,40
Qwen-3-Coder-480B,1134,simple,correct,0.013858708519896243,41
Qwen-3-Coder-480B,1134,simple,correct,0.014393818299486548,42
Qwen-3-Coder-480B,1134,simple,correct,0.0136032423576079,43
Qwen-3-Coder-480B,1134,simple,correct,0.013287022884670117,44
Qwen-3-Coder-480B,1134,simple,correct,0.014744287575653311,45
Qwen-3-Coder-480B,1134,simple,correct,0.014346150116369279,46
Qwen-3-Coder-480B,1134,simple,correct,0.013850952758068948,47
Qwen-3-Coder-480B,1134,simple,correct,0.013354338889641775,48
Qwen-3-Coder-480B,1134,simple,correct,0.01516058478185795,49
Qwen-3-Coder-480B,1134,simple,correct,0.014424255935793112,50
Qwen-3-Coder-480B,223,simple,semantic,,1
Qwen-3-Coder-480B,223,simple,semantic,,2
Qwen-3-Coder-480B,223,simple,semantic,,3
Qwen-3-Coder-480B,223,simple,semantic,,4
Qwen-3-Coder-480B,223,simple,semantic,,5
Qwen-3-Coder-480B,223,simple,semantic,,6
Qwen-3-Coder-480B,223,simple,semantic,,7
Qwen-3-Coder-480B,223,simple,semantic,,8
Qwen-3-Coder-480B,223,simple,semantic,,9
Qwen-3-Coder-480B,223,simple,semantic,,10
Qwen-3-Coder-480B,223,simple,semantic,,11
Qwen-3-Coder-480B,223,simple,semantic,,12
Qwen-3-Coder-480B,223,simple,semantic,,13
Qwen-3-Coder-480B,223,simple,semantic,,14
Qwen-3-Coder-480B,223,simple,semantic,,15
Qwen-3-Coder-480B,223,simple,semantic,,16
Qwen-3-Coder-480B,223,simple,semantic,,17
Qwen-3-Coder-480B,223,simple,semantic,,18
Qwen-3-Coder-480B,223,simple,semantic,,19
Qwen-3-Coder-480B,223,simple,semantic,,20
Qwen-3-Coder-480B,223,simple,semantic,,21
Qwen-3-Coder-480B,223,simple,semantic,,22
Qwen-3-Coder-480B,223,simple,semantic,,23
Qwen-3-Coder-480B,223,simple,semantic,,24
Qwen-3-Coder-480B,223,simple,semantic,,25
Qwen-3-Coder-480B,223,simple,semantic,,26
Qwen-3-Coder-480B,223,simple,semantic,,27
Qwen-3-Coder-480B,223,simple,semantic,,28
Qwen-3-Coder-480B,223,simple,semantic,,29
Qwen-3-Coder-480B,223,simple,semantic,,30
Qwen-3-Coder-480B,223,simple,semantic,,31
Qwen-3-Coder-480B,223,simple,semantic,,32
Qwen-3-Coder-480B,223,simple,semantic,,33
Qwen-3-Coder-480B,223,simple,semantic,,34
Qwen-3-Coder-480B,223,simple,semantic,,35
Qwen-3-Coder-480B,223,simple,semantic,,36
Qwen-3-Coder-480B,223,simple,semantic,,37
Qwen-3-Coder-480B,223,simple,semantic,,38
Qwen-3-Coder-480B,223,simple,semantic,,39
Qwen-3-Coder-480B,223,simple,semantic,,40
Qwen-3-Coder-480B,223,simple,semantic,,41
Qwen-3-Coder-480B,223,simple,semantic,,42
Qwen-3-Coder-480B,223,simple,semantic,,43
Qwen-3-Coder-480B,223,simple,semantic,,44
Qwen-3-Coder-480B,223,simple,semantic,,45
Qwen-3-Coder-480B,223,simple,semantic,,46
Qwen-3-Coder-480B,223,simple,semantic,,47
Qwen-3-Coder-480B,223,simple,semantic,,48
Qwen-3-Coder-480B,223,simple,semantic,,49
Qwen-3-Coder-480B,223,simple,semantic,,50
Qwen-3-Coder-480B,69,simple,correct,1.3390181898955993,1
Qwen-3-Coder-480B,69,simple,correct,1.3369838464793289,2
Qwen-3-Coder-480B,69,simple,correct,1.4223226254902934,3
Qwen-3-Coder-480B,69,simple,correct,1.362449874218536,4
Qwen-3-Coder-480B,69,simple,correct,1.3271209563669155,5
Qwen-3-Coder-480B,69,simple,correct,1.3312001223834171,6
Qwen-3-Coder-480B,69,simple,correct,1.3369086100499559,7
Qwen-3-Coder-480B,69,simple,correct,1.4231198053922562,8
Qwen-3-Coder-480B,69,simple,correct,1.418041071912827,9
Qwen-3-Coder-480B,69,simple,correct,1.2866433216608304,10
Qwen-3-Coder-480B,69,simple,correct,1.3553294428649807,11
Qwen-3-Coder-480B,69,simple,correct,1.3458341728793068,12
Qwen-3-Coder-480B,69,simple,correct,0.849704103949569,13
Qwen-3-Coder-480B,69,simple,correct,1.1962890865633393,14
Qwen-3-Coder-480B,69,simple,correct,1.3943884892086331,15
Qwen-3-Coder-480B,69,simple,correct,1.2357269786303366,16
Qwen-3-Coder-480B,69,simple,correct,1.3776190595110256,17
Qwen-3-Coder-480B,69,simple,correct,0.9957317758059081,18
Qwen-3-Coder-480B,69,simple,correct,1.2868047118482913,19
Qwen-3-Coder-480B,69,simple,correct,1.2406626338864533,20
Qwen-3-Coder-480B,69,simple,correct,1.3347904085706344,21
Qwen-3-Coder-480B,69,simple,correct,1.3570386762560982,22
Qwen-3-Coder-480B,69,simple,correct,1.7083446053958338,23
Qwen-3-Coder-480B,69,simple,correct,1.401348733046476,24
Qwen-3-Coder-480B,69,simple,correct,1.3101989738455764,25
Qwen-3-Coder-480B,69,simple,correct,1.3335556873208816,26
Qwen-3-Coder-480B,69,simple,correct,1.280834269883171,27
Qwen-3-Coder-480B,69,simple,correct,1.2933376135914658,28
Qwen-3-Coder-480B,69,simple,correct,1.3606263633530695,29
Qwen-3-Coder-480B,69,simple,correct,1.3590810011775611,30
Qwen-3-Coder-480B,69,simple,correct,1.4778125305444239,31
Qwen-3-Coder-480B,69,simple,correct,0.8665574367376662,32
Qwen-3-Coder-480B,69,simple,correct,1.2058288313903895,33
Qwen-3-Coder-480B,69,simple,correct,0.9251299557762434,34
Qwen-3-Coder-480B,69,simple,correct,0.9682727362301704,35
Qwen-3-Coder-480B,69,simple,correct,1.3517758903580734,36
Qwen-3-Coder-480B,69,simple,correct,1.121779785000954,37
Qwen-3-Coder-480B,69,simple,correct,1.3728108293171104,38
Qwen-3-Coder-480B,69,simple,correct,1.3675594867322785,39
Qwen-3-Coder-480B,69,simple,correct,1.280040681413679,40
Qwen-3-Coder-480B,69,simple,correct,1.3480682042184111,41
Qwen-3-Coder-480B,69,simple,correct,1.001462663587375,42
Qwen-3-Coder-480B,69,simple,correct,1.304361691688745,43
Qwen-3-Coder-480B,69,simple,correct,1.4024988630651762,44
Qwen-3-Coder-480B,69,simple,correct,1.3243183817062445,45
Qwen-3-Coder-480B,69,simple,correct,1.3702252937800954,46
Qwen-3-Coder-480B,69,simple,correct,1.3393987917606813,47
Qwen-3-Coder-480B,69,simple,correct,1.2866682017038913,48
Qwen-3-Coder-480B,69,simple,correct,1.3196426789100708,49
Qwen-3-Coder-480B,69,simple,correct,0.944717543718269,50
Qwen-3-Coder-480B,202,simple,correct,16.30854509217738,1
Qwen-3-Coder-480B,202,simple,correct,1.1099555555555556,2
Qwen-3-Coder-480B,202,simple,correct,1.1613370688822335,3
Qwen-3-Coder-480B,202,simple,correct,1.1973219267249395,4
Qwen-3-Coder-480B,202,simple,correct,1.1986282578875171,5
Qwen-3-Coder-480B,202,simple,correct,1.1645033600294579,6
Qwen-3-Coder-480B,202,simple,correct,1.2862791617240015,7
Qwen-3-Coder-480B,202,simple,correct,1.1730218205862906,8
Qwen-3-Coder-480B,202,simple,correct,1.1921550946798918,9
Qwen-3-Coder-480B,202,simple,correct,1.3466455779623039,10
Qwen-3-Coder-480B,202,simple,correct,1.4100147020669376,11
Qwen-3-Coder-480B,202,simple,correct,1.003998720409469,12
Qwen-3-Coder-480B,202,simple,correct,1.096218487394958,13
Qwen-3-Coder-480B,202,simple,correct,1.3762025876368462,14
Qwen-3-Coder-480B,202,simple,correct,1.0750064438525646,15
Qwen-3-Coder-480B,202,simple,correct,1.0679295668864224,16
Qwen-3-Coder-480B,202,simple,correct,1.043634418462479,17
Qwen-3-Coder-480B,202,simple,correct,1.3348648648648649,18
Qwen-3-Coder-480B,202,simple,correct,1.0669211195928754,19
Qwen-3-Coder-480B,202,simple,correct,1.3497861724875266,20
Qwen-3-Coder-480B,202,simple,correct,1.1073392918528704,21
Qwen-3-Coder-480B,202,simple,correct,0.9830561904011348,22
Qwen-3-Coder-480B,202,simple,correct,1.0355774493705527,23
Qwen-3-Coder-480B,202,simple,correct,1.6968013790461598,24
Qwen-3-Coder-480B,202,simple,correct,1.0472006538618717,25
Qwen-3-Coder-480B,202,simple,correct,1.224205378973105,26
Qwen-3-Coder-480B,202,simple,correct,1.5194424064563463,27
Qwen-3-Coder-480B,202,simple,correct,1.4229000242072138,28
Qwen-3-Coder-480B,202,simple,correct,1.7134254689042447,29
Qwen-3-Coder-480B,202,simple,correct,1.1925011431184271,30
Qwen-3-Coder-480B,202,simple,correct,1.1448827485911652,31
Qwen-3-Coder-480B,202,simple,correct,1.0082143957285141,32
Qwen-3-Coder-480B,202,simple,correct,1.1272504806851948,33
Qwen-3-Coder-480B,202,simple,correct,1.0847735914275838,34
Qwen-3-Coder-480B,202,simple,correct,1.2066946338052789,35
Qwen-3-Coder-480B,202,simple,correct,1.1402484241750093,36
Qwen-3-Coder-480B,202,simple,correct,1.2779857972885733,37
Qwen-3-Coder-480B,202,simple,correct,1.2326933727155251,38
Qwen-3-Coder-480B,202,simple,correct,1.2199819686910909,39
Qwen-3-Coder-480B,202,simple,correct,1.2554361729342542,40
Qwen-3-Coder-480B,202,simple,correct,1.1933677863910421,41
Qwen-3-Coder-480B,202,simple,correct,1.2811068187943582,42
Qwen-3-Coder-480B,202,simple,correct,0.9655172413793104,43
Qwen-3-Coder-480B,202,simple,correct,1.1348637015781922,44
Qwen-3-Coder-480B,202,simple,correct,1.235367818149275,45
Qwen-3-Coder-480B,202,simple,correct,1.188436084987809,46
Qwen-3-Coder-480B,202,simple,correct,1.2082276187024283,47
Qwen-3-Coder-480B,202,simple,correct,1.0775474956822106,48
Qwen-3-Coder-480B,202,simple,correct,1.4097958468413212,49
Qwen-3-Coder-480B,202,simple,correct,1.181478102189781,50
Qwen-3-Coder-480B,422,simple,hallucination,,1
Qwen-3-Coder-480B,422,simple,hallucination,,2
Qwen-3-Coder-480B,422,simple,hallucination,,3
Qwen-3-Coder-480B,422,simple,hallucination,,4
Qwen-3-Coder-480B,422,simple,hallucination,,5
Qwen-3-Coder-480B,422,simple,hallucination,,6
Qwen-3-Coder-480B,422,simple,hallucination,,7
Qwen-3-Coder-480B,422,simple,hallucination,,8
Qwen-3-Coder-480B,422,simple,hallucination,,9
Qwen-3-Coder-480B,422,simple,hallucination,,10
Qwen-3-Coder-480B,422,simple,hallucination,,11
Qwen-3-Coder-480B,422,simple,hallucination,,12
Qwen-3-Coder-480B,422,simple,hallucination,,13
Qwen-3-Coder-480B,422,simple,hallucination,,14
Qwen-3-Coder-480B,422,simple,hallucination,,15
Qwen-3-Coder-480B,422,simple,hallucination,,16
Qwen-3-Coder-480B,422,simple,hallucination,,17
Qwen-3-Coder-480B,422,simple,hallucination,,18
Qwen-3-Coder-480B,422,simple,hallucination,,19
Qwen-3-Coder-480B,422,simple,hallucination,,20
Qwen-3-Coder-480B,422,simple,hallucination,,21
Qwen-3-Coder-480B,422,simple,hallucination,,22
Qwen-3-Coder-480B,422,simple,hallucination,,23
Qwen-3-Coder-480B,422,simple,hallucination,,24
Qwen-3-Coder-480B,422,simple,hallucination,,25
Qwen-3-Coder-480B,422,simple,hallucination,,26
Qwen-3-Coder-480B,422,simple,hallucination,,27
Qwen-3-Coder-480B,422,simple,hallucination,,28
Qwen-3-Coder-480B,422,simple,hallucination,,29
Qwen-3-Coder-480B,422,simple,hallucination,,30
Qwen-3-Coder-480B,422,simple,hallucination,,31
Qwen-3-Coder-480B,422,simple,hallucination,,32
Qwen-3-Coder-480B,422,simple,hallucination,,33
Qwen-3-Coder-480B,422,simple,hallucination,,34
Qwen-3-Coder-480B,422,simple,hallucination,,35
Qwen-3-Coder-480B,422,simple,hallucination,,36
Qwen-3-Coder-480B,422,simple,hallucination,,37
Qwen-3-Coder-480B,422,simple,hallucination,,38
Qwen-3-Coder-480B,422,simple,hallucination,,39
Qwen-3-Coder-480B,422,simple,hallucination,,40
Qwen-3-Coder-480B,422,simple,hallucination,,41
Qwen-3-Coder-480B,422,simple,hallucination,,42
Qwen-3-Coder-480B,422,simple,hallucination,,43
Qwen-3-Coder-480B,422,simple,hallucination,,44
Qwen-3-Coder-480B,422,simple,hallucination,,45
Qwen-3-Coder-480B,422,simple,hallucination,,46
Qwen-3-Coder-480B,422,simple,hallucination,,47
Qwen-3-Coder-480B,422,simple,hallucination,,48
Qwen-3-Coder-480B,422,simple,hallucination,,49
Qwen-3-Coder-480B,422,simple,hallucination,,50
Qwen-3-Coder-480B,1410,simple,correct,2.73582208101668,1
Qwen-3-Coder-480B,1410,simple,correct,1.893732970027248,2
Qwen-3-Coder-480B,1410,simple,correct,1.3943422913719943,3
Qwen-3-Coder-480B,1410,simple,correct,1.3648046157880933,4
Qwen-3-Coder-480B,1410,simple,correct,1.6093359266462905,5
Qwen-3-Coder-480B,1410,simple,correct,1.736026563364693,6
Qwen-3-Coder-480B,1410,simple,correct,1.6923076923076923,7
Qwen-3-Coder-480B,1410,simple,correct,1.6001461988304093,8
Qwen-3-Coder-480B,1410,simple,correct,1.3585434173669468,9
Qwen-3-Coder-480B,1410,simple,correct,1.8971014492753624,10
Qwen-3-Coder-480B,1410,simple,correct,1.4406689673480222,11
Qwen-3-Coder-480B,1410,simple,correct,1.0734353268428374,12
Qwen-3-Coder-480B,1410,simple,correct,1.603081438004402,13
Qwen-3-Coder-480B,1410,simple,correct,1.475937122128174,14
Qwen-3-Coder-480B,1410,simple,correct,1.5693959061407887,15
Qwen-3-Coder-480B,1410,simple,correct,1.6837229819144244,16
Qwen-3-Coder-480B,1410,simple,correct,1.5426884650317894,17
Qwen-3-Coder-480B,1410,simple,correct,1.5217626385509597,18
Qwen-3-Coder-480B,1410,simple,correct,1.4336748823040708,19
Qwen-3-Coder-480B,1410,simple,correct,2.036327608982827,20
Qwen-3-Coder-480B,1410,simple,correct,1.3854300385109115,21
Qwen-3-Coder-480B,1410,simple,correct,1.6743225806451614,22
Qwen-3-Coder-480B,1410,simple,correct,1.4661534377488719,23
Qwen-3-Coder-480B,1410,simple,correct,1.6182606339745327,24
Qwen-3-Coder-480B,1410,simple,correct,1.495303867403315,25
Qwen-3-Coder-480B,1410,simple,correct,1.5135279935708545,26
Qwen-3-Coder-480B,1410,simple,correct,1.5609149676777723,27
Qwen-3-Coder-480B,1410,simple,correct,1.9212538226299694,28
Qwen-3-Coder-480B,1410,simple,correct,1.3433799784714746,29
Qwen-3-Coder-480B,1410,simple,correct,1.655268022181146,30
Qwen-3-Coder-480B,1410,simple,correct,1.0822676896845695,31
Qwen-3-Coder-480B,1410,simple,correct,1.4589117157134925,32
Qwen-3-Coder-480B,1410,simple,correct,1.4870317002881845,33
Qwen-3-Coder-480B,1410,simple,correct,1.7719572582746939,34
Qwen-3-Coder-480B,1410,simple,correct,2.125487841489042,35
Qwen-3-Coder-480B,1410,simple,correct,1.9035897435897435,36
Qwen-3-Coder-480B,1410,simple,correct,1.660105980317941,37
Qwen-3-Coder-480B,1410,simple,correct,1.5598794190189094,38
Qwen-3-Coder-480B,1410,simple,correct,1.5738869161431304,39
Qwen-3-Coder-480B,1410,simple,correct,1.4300388672959468,40
Qwen-3-Coder-480B,1410,simple,correct,1.7982341399607586,41
Qwen-3-Coder-480B,1410,simple,correct,1.5118238651807556,42
Qwen-3-Coder-480B,1410,simple,correct,1.4416412531189353,43
Qwen-3-Coder-480B,1410,simple,correct,1.5348643006263047,44
Qwen-3-Coder-480B,1410,simple,correct,1.4702648675662169,45
Qwen-3-Coder-480B,1410,simple,correct,1.6080166579906299,46
Qwen-3-Coder-480B,1410,simple,correct,1.489880643487286,47
Qwen-3-Coder-480B,1410,simple,correct,1.5424818334264951,48
Qwen-3-Coder-480B,1410,simple,correct,1.5966804979253113,49
Qwen-3-Coder-480B,1410,simple,correct,1.6165413533834587,50
Qwen-3-Coder-480B,929,simple,semantic,,1
Qwen-3-Coder-480B,929,simple,semantic,,2
Qwen-3-Coder-480B,929,simple,semantic,,3
Qwen-3-Coder-480B,929,simple,semantic,,4
Qwen-3-Coder-480B,929,simple,correct,1.0955634388823194,5
Qwen-3-Coder-480B,929,simple,semantic,,6
Qwen-3-Coder-480B,929,simple,correct,1.040468400206647,7
Qwen-3-Coder-480B,929,simple,correct,1.084056210964608,8
Qwen-3-Coder-480B,929,simple,correct,10.490057114270229,9
Qwen-3-Coder-480B,929,simple,correct,1.0966344816624944,10
Qwen-3-Coder-480B,929,simple,semantic,,11
Qwen-3-Coder-480B,929,simple,correct,1.2324667962423064,12
Qwen-3-Coder-480B,929,simple,semantic,,13
Qwen-3-Coder-480B,929,simple,correct,1.1906648594168143,14
Qwen-3-Coder-480B,929,simple,semantic,,15
Qwen-3-Coder-480B,929,simple,semantic,,16
Qwen-3-Coder-480B,929,simple,correct,1.6022158832527182,17
Qwen-3-Coder-480B,929,simple,correct,1.1211800035329447,18
Qwen-3-Coder-480B,929,simple,correct,1.0433491423252514,19
Qwen-3-Coder-480B,929,simple,semantic,,20
Qwen-3-Coder-480B,929,simple,semantic,,21
Qwen-3-Coder-480B,929,simple,semantic,,22
Qwen-3-Coder-480B,929,simple,correct,1.0200876879026486,23
Qwen-3-Coder-480B,929,simple,semantic,,24
Qwen-3-Coder-480B,929,simple,semantic,,25
Qwen-3-Coder-480B,929,simple,correct,1.2854581521324484,26
Qwen-3-Coder-480B,929,simple,correct,1.022401964936055,27
Qwen-3-Coder-480B,929,simple,semantic,,28
Qwen-3-Coder-480B,929,simple,correct,1.35210876160919,29
Qwen-3-Coder-480B,929,simple,semantic,,30
Qwen-3-Coder-480B,929,simple,correct,1.241002150135552,31
Qwen-3-Coder-480B,929,simple,correct,1.3059130350004875,32
Qwen-3-Coder-480B,929,simple,semantic,,33
Qwen-3-Coder-480B,929,simple,correct,1.2755783593417938,34
Qwen-3-Coder-480B,929,simple,correct,1.4213399503722084,35
Qwen-3-Coder-480B,929,simple,correct,1.3938638445100233,36
Qwen-3-Coder-480B,929,simple,correct,1.419069251219575,37
Qwen-3-Coder-480B,929,simple,correct,1.4853101776629465,38
Qwen-3-Coder-480B,929,simple,correct,1.5329663093011616,39
Qwen-3-Coder-480B,929,simple,semantic,,40
Qwen-3-Coder-480B,929,simple,correct,1.4863260952797681,41
Qwen-3-Coder-480B,929,simple,correct,1.49975944190522,42
Qwen-3-Coder-480B,929,simple,correct,1.3903952445510481,43
Qwen-3-Coder-480B,929,simple,correct,1.4503475024077883,44
Qwen-3-Coder-480B,929,simple,correct,1.4353490593573381,45
Qwen-3-Coder-480B,929,simple,semantic,,46
Qwen-3-Coder-480B,929,simple,correct,0.9569956875898419,47
Qwen-3-Coder-480B,929,simple,correct,1.2103907906694942,48
Qwen-3-Coder-480B,929,simple,correct,1.026366808840636,49
Qwen-3-Coder-480B,929,simple,semantic,,50
Qwen-3-Coder-480B,546,simple,semantic,,1
Qwen-3-Coder-480B,546,simple,semantic,,2
Qwen-3-Coder-480B,546,simple,semantic,,3
Qwen-3-Coder-480B,546,simple,semantic,,4
Qwen-3-Coder-480B,546,simple,semantic,,5
Qwen-3-Coder-480B,546,simple,semantic,,6
Qwen-3-Coder-480B,546,simple,semantic,,7
Qwen-3-Coder-480B,546,simple,semantic,,8
Qwen-3-Coder-480B,546,simple,semantic,,9
Qwen-3-Coder-480B,546,simple,semantic,,10
Qwen-3-Coder-480B,546,simple,semantic,,11
Qwen-3-Coder-480B,546,simple,semantic,,12
Qwen-3-Coder-480B,546,simple,semantic,,13
Qwen-3-Coder-480B,546,simple,semantic,,14
Qwen-3-Coder-480B,546,simple,semantic,,15
Qwen-3-Coder-480B,546,simple,semantic,,16
Qwen-3-Coder-480B,546,simple,semantic,,17
Qwen-3-Coder-480B,546,simple,semantic,,18
Qwen-3-Coder-480B,546,simple,semantic,,19
Qwen-3-Coder-480B,546,simple,semantic,,20
Qwen-3-Coder-480B,546,simple,semantic,,21
Qwen-3-Coder-480B,546,simple,semantic,,22
Qwen-3-Coder-480B,546,simple,semantic,,23
Qwen-3-Coder-480B,546,simple,semantic,,24
Qwen-3-Coder-480B,546,simple,semantic,,25
Qwen-3-Coder-480B,546,simple,semantic,,26
Qwen-3-Coder-480B,546,simple,semantic,,27
Qwen-3-Coder-480B,546,simple,semantic,,28
Qwen-3-Coder-480B,546,simple,semantic,,29
Qwen-3-Coder-480B,546,simple,semantic,,30
Qwen-3-Coder-480B,546,simple,semantic,,31
Qwen-3-Coder-480B,546,simple,semantic,,32
Qwen-3-Coder-480B,546,simple,semantic,,33
Qwen-3-Coder-480B,546,simple,semantic,,34
Qwen-3-Coder-480B,546,simple,semantic,,35
Qwen-3-Coder-480B,546,simple,semantic,,36
Qwen-3-Coder-480B,546,simple,semantic,,37
Qwen-3-Coder-480B,546,simple,semantic,,38
Qwen-3-Coder-480B,546,simple,semantic,,39
Qwen-3-Coder-480B,546,simple,semantic,,40
Qwen-3-Coder-480B,546,simple,semantic,,41
Qwen-3-Coder-480B,546,simple,semantic,,42
Qwen-3-Coder-480B,546,simple,semantic,,43
Qwen-3-Coder-480B,546,simple,semantic,,44
Qwen-3-Coder-480B,546,simple,semantic,,45
Qwen-3-Coder-480B,546,simple,semantic,,46
Qwen-3-Coder-480B,546,simple,semantic,,47
Qwen-3-Coder-480B,546,simple,semantic,,48
Qwen-3-Coder-480B,546,simple,semantic,,49
Qwen-3-Coder-480B,546,simple,semantic,,50
Qwen-3-Coder-480B,86,simple,semantic,,1
Qwen-3-Coder-480B,86,simple,semantic,,2
Qwen-3-Coder-480B,86,simple,semantic,,3
Qwen-3-Coder-480B,86,simple,semantic,,4
Qwen-3-Coder-480B,86,simple,semantic,,5
Qwen-3-Coder-480B,86,simple,semantic,,6
Qwen-3-Coder-480B,86,simple,semantic,,7
Qwen-3-Coder-480B,86,simple,semantic,,8
Qwen-3-Coder-480B,86,simple,semantic,,9
Qwen-3-Coder-480B,86,simple,semantic,,10
Qwen-3-Coder-480B,86,simple,semantic,,11
Qwen-3-Coder-480B,86,simple,semantic,,12
Qwen-3-Coder-480B,86,simple,semantic,,13
Qwen-3-Coder-480B,86,simple,semantic,,14
Qwen-3-Coder-480B,86,simple,semantic,,15
Qwen-3-Coder-480B,86,simple,semantic,,16
Qwen-3-Coder-480B,86,simple,semantic,,17
Qwen-3-Coder-480B,86,simple,semantic,,18
Qwen-3-Coder-480B,86,simple,semantic,,19
Qwen-3-Coder-480B,86,simple,semantic,,20
Qwen-3-Coder-480B,86,simple,semantic,,21
Qwen-3-Coder-480B,86,simple,semantic,,22
Qwen-3-Coder-480B,86,simple,semantic,,23
Qwen-3-Coder-480B,86,simple,semantic,,24
Qwen-3-Coder-480B,86,simple,semantic,,25
Qwen-3-Coder-480B,86,simple,semantic,,26
Qwen-3-Coder-480B,86,simple,semantic,,27
Qwen-3-Coder-480B,86,simple,semantic,,28
Qwen-3-Coder-480B,86,simple,semantic,,29
Qwen-3-Coder-480B,86,simple,semantic,,30
Qwen-3-Coder-480B,86,simple,semantic,,31
Qwen-3-Coder-480B,86,simple,semantic,,32
Qwen-3-Coder-480B,86,simple,semantic,,33
Qwen-3-Coder-480B,86,simple,semantic,,34
Qwen-3-Coder-480B,86,simple,semantic,,35
Qwen-3-Coder-480B,86,simple,semantic,,36
Qwen-3-Coder-480B,86,simple,semantic,,37
Qwen-3-Coder-480B,86,simple,semantic,,38
Qwen-3-Coder-480B,86,simple,semantic,,39
Qwen-3-Coder-480B,86,simple,semantic,,40
Qwen-3-Coder-480B,86,simple,semantic,,41
Qwen-3-Coder-480B,86,simple,semantic,,42
Qwen-3-Coder-480B,86,simple,semantic,,43
Qwen-3-Coder-480B,86,simple,semantic,,44
Qwen-3-Coder-480B,86,simple,semantic,,45
Qwen-3-Coder-480B,86,simple,semantic,,46
Qwen-3-Coder-480B,86,simple,semantic,,47
Qwen-3-Coder-480B,86,simple,semantic,,48
Qwen-3-Coder-480B,86,simple,semantic,,49
Qwen-3-Coder-480B,86,simple,semantic,,50
Qwen-3-Coder-480B,950,simple,semantic,,1
Qwen-3-Coder-480B,950,simple,semantic,,2
Qwen-3-Coder-480B,950,simple,semantic,,3
Qwen-3-Coder-480B,950,simple,semantic,,4
Qwen-3-Coder-480B,950,simple,semantic,,5
Qwen-3-Coder-480B,950,simple,semantic,,6
Qwen-3-Coder-480B,950,simple,semantic,,7
Qwen-3-Coder-480B,950,simple,semantic,,8
Qwen-3-Coder-480B,950,simple,semantic,,9
Qwen-3-Coder-480B,950,simple,semantic,,10
Qwen-3-Coder-480B,950,simple,semantic,,11
Qwen-3-Coder-480B,950,simple,semantic,,12
Qwen-3-Coder-480B,950,simple,semantic,,13
Qwen-3-Coder-480B,950,simple,semantic,,14
Qwen-3-Coder-480B,950,simple,semantic,,15
Qwen-3-Coder-480B,950,simple,semantic,,16
Qwen-3-Coder-480B,950,simple,semantic,,17
Qwen-3-Coder-480B,950,simple,semantic,,18
Qwen-3-Coder-480B,950,simple,semantic,,19
Qwen-3-Coder-480B,950,simple,semantic,,20
Qwen-3-Coder-480B,950,simple,semantic,,21
Qwen-3-Coder-480B,950,simple,semantic,,22
Qwen-3-Coder-480B,950,simple,semantic,,23
Qwen-3-Coder-480B,950,simple,semantic,,24
Qwen-3-Coder-480B,950,simple,semantic,,25
Qwen-3-Coder-480B,950,simple,semantic,,26
Qwen-3-Coder-480B,950,simple,semantic,,27
Qwen-3-Coder-480B,950,simple,semantic,,28
Qwen-3-Coder-480B,950,simple,semantic,,29
Qwen-3-Coder-480B,950,simple,semantic,,30
Qwen-3-Coder-480B,950,simple,semantic,,31
Qwen-3-Coder-480B,950,simple,semantic,,32
Qwen-3-Coder-480B,950,simple,semantic,,33
Qwen-3-Coder-480B,950,simple,semantic,,34
Qwen-3-Coder-480B,950,simple,semantic,,35
Qwen-3-Coder-480B,950,simple,semantic,,36
Qwen-3-Coder-480B,950,simple,semantic,,37
Qwen-3-Coder-480B,950,simple,semantic,,38
Qwen-3-Coder-480B,950,simple,semantic,,39
Qwen-3-Coder-480B,950,simple,semantic,,40
Qwen-3-Coder-480B,950,simple,semantic,,41
Qwen-3-Coder-480B,950,simple,semantic,,42
Qwen-3-Coder-480B,950,simple,semantic,,43
Qwen-3-Coder-480B,950,simple,semantic,,44
Qwen-3-Coder-480B,950,simple,semantic,,45
Qwen-3-Coder-480B,950,simple,semantic,,46
Qwen-3-Coder-480B,950,simple,semantic,,47
Qwen-3-Coder-480B,950,simple,semantic,,48
Qwen-3-Coder-480B,950,simple,semantic,,49
Qwen-3-Coder-480B,950,simple,semantic,,50
Qwen-3-Coder-480B,400,simple,semantic,,1
Qwen-3-Coder-480B,400,simple,semantic,,2
Qwen-3-Coder-480B,400,simple,semantic,,3
Qwen-3-Coder-480B,400,simple,semantic,,4
Qwen-3-Coder-480B,400,simple,semantic,,5
Qwen-3-Coder-480B,400,simple,semantic,,6
Qwen-3-Coder-480B,400,simple,semantic,,7
Qwen-3-Coder-480B,400,simple,semantic,,8
Qwen-3-Coder-480B,400,simple,semantic,,9
Qwen-3-Coder-480B,400,simple,semantic,,10
Qwen-3-Coder-480B,400,simple,semantic,,11
Qwen-3-Coder-480B,400,simple,semantic,,12
Qwen-3-Coder-480B,400,simple,semantic,,13
Qwen-3-Coder-480B,400,simple,semantic,,14
Qwen-3-Coder-480B,400,simple,semantic,,15
Qwen-3-Coder-480B,400,simple,semantic,,16
Qwen-3-Coder-480B,400,simple,semantic,,17
Qwen-3-Coder-480B,400,simple,semantic,,18
Qwen-3-Coder-480B,400,simple,semantic,,19
Qwen-3-Coder-480B,400,simple,semantic,,20
Qwen-3-Coder-480B,400,simple,semantic,,21
Qwen-3-Coder-480B,400,simple,semantic,,22
Qwen-3-Coder-480B,400,simple,semantic,,23
Qwen-3-Coder-480B,400,simple,semantic,,24
Qwen-3-Coder-480B,400,simple,semantic,,25
Qwen-3-Coder-480B,400,simple,semantic,,26
Qwen-3-Coder-480B,400,simple,semantic,,27
Qwen-3-Coder-480B,400,simple,semantic,,28
Qwen-3-Coder-480B,400,simple,semantic,,29
Qwen-3-Coder-480B,400,simple,semantic,,30
Qwen-3-Coder-480B,400,simple,semantic,,31
Qwen-3-Coder-480B,400,simple,semantic,,32
Qwen-3-Coder-480B,400,simple,semantic,,33
Qwen-3-Coder-480B,400,simple,semantic,,34
Qwen-3-Coder-480B,400,simple,semantic,,35
Qwen-3-Coder-480B,400,simple,semantic,,36
Qwen-3-Coder-480B,400,simple,semantic,,37
Qwen-3-Coder-480B,400,simple,semantic,,38
Qwen-3-Coder-480B,400,simple,semantic,,39
Qwen-3-Coder-480B,400,simple,semantic,,40
Qwen-3-Coder-480B,400,simple,semantic,,41
Qwen-3-Coder-480B,400,simple,semantic,,42
Qwen-3-Coder-480B,400,simple,semantic,,43
Qwen-3-Coder-480B,400,simple,semantic,,44
Qwen-3-Coder-480B,400,simple,semantic,,45
Qwen-3-Coder-480B,400,simple,semantic,,46
Qwen-3-Coder-480B,400,simple,semantic,,47
Qwen-3-Coder-480B,400,simple,semantic,,48
Qwen-3-Coder-480B,400,simple,semantic,,49
Qwen-3-Coder-480B,400,simple,semantic,,50
Qwen-3-Coder-480B,299,simple,semantic,,1
Qwen-3-Coder-480B,299,simple,semantic,,2
Qwen-3-Coder-480B,299,simple,semantic,,3
Qwen-3-Coder-480B,299,simple,semantic,,4
Qwen-3-Coder-480B,299,simple,semantic,,5
Qwen-3-Coder-480B,299,simple,semantic,,6
Qwen-3-Coder-480B,299,simple,semantic,,7
Qwen-3-Coder-480B,299,simple,semantic,,8
Qwen-3-Coder-480B,299,simple,semantic,,9
Qwen-3-Coder-480B,299,simple,semantic,,10
Qwen-3-Coder-480B,299,simple,semantic,,11
Qwen-3-Coder-480B,299,simple,semantic,,12
Qwen-3-Coder-480B,299,simple,semantic,,13
Qwen-3-Coder-480B,299,simple,semantic,,14
Qwen-3-Coder-480B,299,simple,semantic,,15
Qwen-3-Coder-480B,299,simple,semantic,,16
Qwen-3-Coder-480B,299,simple,semantic,,17
Qwen-3-Coder-480B,299,simple,semantic,,18
Qwen-3-Coder-480B,299,simple,semantic,,19
Qwen-3-Coder-480B,299,simple,semantic,,20
Qwen-3-Coder-480B,299,simple,semantic,,21
Qwen-3-Coder-480B,299,simple,semantic,,22
Qwen-3-Coder-480B,299,simple,semantic,,23
Qwen-3-Coder-480B,299,simple,semantic,,24
Qwen-3-Coder-480B,299,simple,semantic,,25
Qwen-3-Coder-480B,299,simple,semantic,,26
Qwen-3-Coder-480B,299,simple,semantic,,27
Qwen-3-Coder-480B,299,simple,semantic,,28
Qwen-3-Coder-480B,299,simple,semantic,,29
Qwen-3-Coder-480B,299,simple,semantic,,30
Qwen-3-Coder-480B,299,simple,semantic,,31
Qwen-3-Coder-480B,299,simple,semantic,,32
Qwen-3-Coder-480B,299,simple,semantic,,33
Qwen-3-Coder-480B,299,simple,semantic,,34
Qwen-3-Coder-480B,299,simple,semantic,,35
Qwen-3-Coder-480B,299,simple,semantic,,36
Qwen-3-Coder-480B,299,simple,semantic,,37
Qwen-3-Coder-480B,299,simple,semantic,,38
Qwen-3-Coder-480B,299,simple,semantic,,39
Qwen-3-Coder-480B,299,simple,semantic,,40
Qwen-3-Coder-480B,299,simple,semantic,,41
Qwen-3-Coder-480B,299,simple,semantic,,42
Qwen-3-Coder-480B,299,simple,semantic,,43
Qwen-3-Coder-480B,299,simple,semantic,,44
Qwen-3-Coder-480B,299,simple,semantic,,45
Qwen-3-Coder-480B,299,simple,semantic,,46
Qwen-3-Coder-480B,299,simple,semantic,,47
Qwen-3-Coder-480B,299,simple,semantic,,48
Qwen-3-Coder-480B,299,simple,semantic,,49
Qwen-3-Coder-480B,299,simple,semantic,,50
Qwen-3-Coder-480B,301,simple,correct,6.178750897343862,1
Qwen-3-Coder-480B,301,simple,correct,1.5804123711340206,2
Qwen-3-Coder-480B,301,simple,correct,1.4041585445094218,3
Qwen-3-Coder-480B,301,simple,correct,1.8619173262972735,4
Qwen-3-Coder-480B,301,simple,correct,1.5864232743867654,5
Qwen-3-Coder-480B,301,simple,correct,1.7508960573476702,6
Qwen-3-Coder-480B,301,simple,correct,1.7030685920577617,7
Qwen-3-Coder-480B,301,simple,correct,1.6221735959153902,8
Qwen-3-Coder-480B,301,simple,correct,1.583990980834273,9
Qwen-3-Coder-480B,301,simple,correct,1.444814198557959,10
Qwen-3-Coder-480B,301,simple,correct,1.8114961961115807,11
Qwen-3-Coder-480B,301,simple,correct,1.8049180327868852,12
Qwen-3-Coder-480B,301,simple,correct,1.9615754082612873,13
Qwen-3-Coder-480B,301,simple,correct,1.865970409051349,14
Qwen-3-Coder-480B,301,simple,correct,1.3396103896103897,15
Qwen-3-Coder-480B,301,simple,correct,1.4992101105845181,16
Qwen-3-Coder-480B,301,simple,correct,1.7770212765957447,17
Qwen-3-Coder-480B,301,simple,correct,1.7470472440944882,18
Qwen-3-Coder-480B,301,simple,correct,2.053297199638663,19
Qwen-3-Coder-480B,301,simple,correct,1.8234782608695652,20
Qwen-3-Coder-480B,301,simple,correct,1.970189701897019,21
Qwen-3-Coder-480B,301,simple,correct,0.8905349794238683,22
Qwen-3-Coder-480B,301,simple,correct,1.7964376590330788,23
Qwen-3-Coder-480B,301,simple,correct,1.641304347826087,24
Qwen-3-Coder-480B,301,simple,correct,1.3906976744186046,25
Qwen-3-Coder-480B,301,simple,correct,2.0507569011576137,26
Qwen-3-Coder-480B,301,simple,correct,1.6737777777777778,27
Qwen-3-Coder-480B,301,simple,correct,1.843859649122807,28
Qwen-3-Coder-480B,301,simple,correct,2.1296296296296298,29
Qwen-3-Coder-480B,301,simple,correct,1.88830255057168,30
Qwen-3-Coder-480B,301,simple,correct,1.7608503100088575,31
Qwen-3-Coder-480B,301,simple,correct,1.697792869269949,32
Qwen-3-Coder-480B,301,simple,correct,1.9285099052540913,33
Qwen-3-Coder-480B,301,simple,correct,1.8060230292294066,34
Qwen-3-Coder-480B,301,simple,correct,1.7401032702237522,35
Qwen-3-Coder-480B,301,simple,correct,1.8379073756432247,36
Qwen-3-Coder-480B,301,simple,correct,1.845217391304348,37
Qwen-3-Coder-480B,301,simple,correct,1.5758538522637013,38
Qwen-3-Coder-480B,301,simple,correct,1.8408091468777485,39
Qwen-3-Coder-480B,301,simple,correct,1.83125,40
Qwen-3-Coder-480B,301,simple,correct,1.0852359208523592,41
Qwen-3-Coder-480B,301,simple,correct,1.8151111111111111,42
Qwen-3-Coder-480B,301,simple,correct,1.742685025817556,43
Qwen-3-Coder-480B,301,simple,correct,1.8519793459552496,44
Qwen-3-Coder-480B,301,simple,correct,1.8464800678541136,45
Qwen-3-Coder-480B,301,simple,correct,2.3542894564505565,46
Qwen-3-Coder-480B,301,simple,correct,1.8624100719424461,47
Qwen-3-Coder-480B,301,simple,correct,1.6444444444444444,48
Qwen-3-Coder-480B,301,simple,correct,1.7338014682413023,49
Qwen-3-Coder-480B,301,simple,correct,2.1146864686468647,50
Qwen-3-Coder-480B,1665,Simple,semantic,,1
Qwen-3-Coder-480B,1665,Simple,semantic,,2
Qwen-3-Coder-480B,1665,Simple,semantic,,3
Qwen-3-Coder-480B,1665,Simple,semantic,,4
Qwen-3-Coder-480B,1665,Simple,semantic,,5
Qwen-3-Coder-480B,1665,Simple,semantic,,6
Qwen-3-Coder-480B,1665,Simple,semantic,,7
Qwen-3-Coder-480B,1665,Simple,semantic,,8
Qwen-3-Coder-480B,1665,Simple,semantic,,9
Qwen-3-Coder-480B,1665,Simple,semantic,,10
Qwen-3-Coder-480B,1665,Simple,semantic,,11
Qwen-3-Coder-480B,1665,Simple,semantic,,12
Qwen-3-Coder-480B,1665,Simple,semantic,,13
Qwen-3-Coder-480B,1665,Simple,semantic,,14
Qwen-3-Coder-480B,1665,Simple,semantic,,15
Qwen-3-Coder-480B,1665,Simple,semantic,,16
Qwen-3-Coder-480B,1665,Simple,semantic,,17
Qwen-3-Coder-480B,1665,Simple,semantic,,18
Qwen-3-Coder-480B,1665,Simple,semantic,,19
Qwen-3-Coder-480B,1665,Simple,semantic,,20
Qwen-3-Coder-480B,1665,Simple,semantic,,21
Qwen-3-Coder-480B,1665,Simple,semantic,,22
Qwen-3-Coder-480B,1665,Simple,semantic,,23
Qwen-3-Coder-480B,1665,Simple,semantic,,24
Qwen-3-Coder-480B,1665,Simple,semantic,,25
Qwen-3-Coder-480B,1665,Simple,semantic,,26
Qwen-3-Coder-480B,1665,Simple,semantic,,27
Qwen-3-Coder-480B,1665,Simple,semantic,,28
Qwen-3-Coder-480B,1665,Simple,semantic,,29
Qwen-3-Coder-480B,1665,Simple,semantic,,30
Qwen-3-Coder-480B,1665,Simple,semantic,,31
Qwen-3-Coder-480B,1665,Simple,semantic,,32
Qwen-3-Coder-480B,1665,Simple,semantic,,33
Qwen-3-Coder-480B,1665,Simple,semantic,,34
Qwen-3-Coder-480B,1665,Simple,semantic,,35
Qwen-3-Coder-480B,1665,Simple,semantic,,36
Qwen-3-Coder-480B,1665,Simple,semantic,,37
Qwen-3-Coder-480B,1665,Simple,semantic,,38
Qwen-3-Coder-480B,1665,Simple,semantic,,39
Qwen-3-Coder-480B,1665,Simple,semantic,,40
Qwen-3-Coder-480B,1665,Simple,semantic,,41
Qwen-3-Coder-480B,1665,Simple,semantic,,42
Qwen-3-Coder-480B,1665,Simple,semantic,,43
Qwen-3-Coder-480B,1665,Simple,semantic,,44
Qwen-3-Coder-480B,1665,Simple,semantic,,45
Qwen-3-Coder-480B,1665,Simple,semantic,,46
Qwen-3-Coder-480B,1665,Simple,semantic,,47
Qwen-3-Coder-480B,1665,Simple,semantic,,48
Qwen-3-Coder-480B,1665,Simple,semantic,,49
Qwen-3-Coder-480B,1665,Simple,semantic,,50
Qwen-3-Coder-480B,844,simple,correct,6.2685,1
Qwen-3-Coder-480B,844,simple,correct,1.5445881552076242,2
Qwen-3-Coder-480B,844,simple,correct,1.147072599531616,3
Qwen-3-Coder-480B,844,simple,correct,0.6597661958110083,4
Qwen-3-Coder-480B,844,simple,correct,1.4983372921615201,5
Qwen-3-Coder-480B,844,simple,correct,1.4891857506361323,6
Qwen-3-Coder-480B,844,simple,correct,1.5695876288659794,7
Qwen-3-Coder-480B,844,simple,correct,1.3596059113300492,8
Qwen-3-Coder-480B,844,simple,correct,1.4884986396240416,9
Qwen-3-Coder-480B,844,simple,correct,1.587958374628345,10
Qwen-3-Coder-480B,844,simple,correct,1.389265885256015,11
Qwen-3-Coder-480B,844,simple,correct,1.1877015695549344,12
Qwen-3-Coder-480B,844,simple,correct,1.3709117938553024,13
Qwen-3-Coder-480B,844,simple,correct,1.3779527559055118,14
Qwen-3-Coder-480B,844,simple,correct,1.3487166831194473,15
Qwen-3-Coder-480B,844,simple,correct,1.011729183602369,16
Qwen-3-Coder-480B,844,simple,correct,1.0400224424911164,17
Qwen-3-Coder-480B,844,simple,correct,1.5833896016205267,18
Qwen-3-Coder-480B,844,simple,correct,1.5161486898232786,19
Qwen-3-Coder-480B,844,simple,correct,1.4426551453260015,20
Qwen-3-Coder-480B,844,simple,correct,1.3867768595041323,21
Qwen-3-Coder-480B,844,simple,correct,1.3148936170212766,22
Qwen-3-Coder-480B,844,simple,correct,1.6948480845442537,23
Qwen-3-Coder-480B,844,simple,correct,1.4354368932038835,24
Qwen-3-Coder-480B,844,simple,correct,1.4067653276955603,25
Qwen-3-Coder-480B,844,simple,correct,1.1088483146067416,26
Qwen-3-Coder-480B,844,simple,correct,1.4518236254763202,27
Qwen-3-Coder-480B,844,simple,correct,1.9976722532588453,28
Qwen-3-Coder-480B,844,simple,correct,1.5046854082998662,29
Qwen-3-Coder-480B,844,simple,correct,1.3925696594427244,30
Qwen-3-Coder-480B,844,simple,correct,1.3816362053959965,31
Qwen-3-Coder-480B,844,simple,correct,1.5384615384615385,32
Qwen-3-Coder-480B,844,simple,correct,1.3485353446763726,33
Qwen-3-Coder-480B,844,simple,correct,1.3580293343362166,34
Qwen-3-Coder-480B,844,simple,correct,1.392256749872644,35
Qwen-3-Coder-480B,844,simple,correct,1.5824578548741755,36
Qwen-3-Coder-480B,844,simple,correct,2.1093068347067376,37
Qwen-3-Coder-480B,844,simple,correct,1.293756145526057,38
Qwen-3-Coder-480B,844,simple,correct,1.2028145695364238,39
Qwen-3-Coder-480B,844,simple,correct,1.1530924678505818,40
Qwen-3-Coder-480B,844,simple,correct,1.3375325803649,41
Qwen-3-Coder-480B,844,simple,correct,1.6707042740958644,42
Qwen-3-Coder-480B,844,simple,correct,1.3881046054154131,43
Qwen-3-Coder-480B,844,simple,correct,1.4244365885992045,44
Qwen-3-Coder-480B,844,simple,correct,1.7328722714501836,45
Qwen-3-Coder-480B,844,simple,correct,0.7928423950447351,46
Qwen-3-Coder-480B,844,simple,correct,0.4631766805472933,47
Qwen-3-Coder-480B,844,simple,correct,1.419074138531152,48
Qwen-3-Coder-480B,844,simple,correct,1.1997558991049633,49
Qwen-3-Coder-480B,844,simple,correct,1.5979884181651935,50
Qwen-3-Coder-480B,200,simple,semantic,,1
Qwen-3-Coder-480B,200,simple,semantic,,2
Qwen-3-Coder-480B,200,simple,semantic,,3
Qwen-3-Coder-480B,200,simple,semantic,,4
Qwen-3-Coder-480B,200,simple,semantic,,5
Qwen-3-Coder-480B,200,simple,semantic,,6
Qwen-3-Coder-480B,200,simple,semantic,,7
Qwen-3-Coder-480B,200,simple,semantic,,8
Qwen-3-Coder-480B,200,simple,semantic,,9
Qwen-3-Coder-480B,200,simple,semantic,,10
Qwen-3-Coder-480B,200,simple,semantic,,11
Qwen-3-Coder-480B,200,simple,semantic,,12
Qwen-3-Coder-480B,200,simple,semantic,,13
Qwen-3-Coder-480B,200,simple,semantic,,14
Qwen-3-Coder-480B,200,simple,semantic,,15
Qwen-3-Coder-480B,200,simple,semantic,,16
Qwen-3-Coder-480B,200,simple,semantic,,17
Qwen-3-Coder-480B,200,simple,semantic,,18
Qwen-3-Coder-480B,200,simple,semantic,,19
Qwen-3-Coder-480B,200,simple,semantic,,20
Qwen-3-Coder-480B,200,simple,semantic,,21
Qwen-3-Coder-480B,200,simple,semantic,,22
Qwen-3-Coder-480B,200,simple,semantic,,23
Qwen-3-Coder-480B,200,simple,semantic,,24
Qwen-3-Coder-480B,200,simple,semantic,,25
Qwen-3-Coder-480B,200,simple,semantic,,26
Qwen-3-Coder-480B,200,simple,semantic,,27
Qwen-3-Coder-480B,200,simple,semantic,,28
Qwen-3-Coder-480B,200,simple,semantic,,29
Qwen-3-Coder-480B,200,simple,semantic,,30
Qwen-3-Coder-480B,200,simple,semantic,,31
Qwen-3-Coder-480B,200,simple,semantic,,32
Qwen-3-Coder-480B,200,simple,semantic,,33
Qwen-3-Coder-480B,200,simple,semantic,,34
Qwen-3-Coder-480B,200,simple,semantic,,35
Qwen-3-Coder-480B,200,simple,semantic,,36
Qwen-3-Coder-480B,200,simple,semantic,,37
Qwen-3-Coder-480B,200,simple,semantic,,38
Qwen-3-Coder-480B,200,simple,semantic,,39
Qwen-3-Coder-480B,200,simple,semantic,,40
Qwen-3-Coder-480B,200,simple,semantic,,41
Qwen-3-Coder-480B,200,simple,semantic,,42
Qwen-3-Coder-480B,200,simple,semantic,,43
Qwen-3-Coder-480B,200,simple,semantic,,44
Qwen-3-Coder-480B,200,simple,semantic,,45
Qwen-3-Coder-480B,200,simple,semantic,,46
Qwen-3-Coder-480B,200,simple,semantic,,47
Qwen-3-Coder-480B,200,simple,semantic,,48
Qwen-3-Coder-480B,200,simple,semantic,,49
Qwen-3-Coder-480B,200,simple,semantic,,50
Qwen-3-Coder-480B,318,simple,correct,0.027209929237335728,1
Qwen-3-Coder-480B,318,simple,correct,0.21663556908573112,2
Qwen-3-Coder-480B,318,simple,correct,0.22855443188578228,3
Qwen-3-Coder-480B,318,simple,correct,0.2847826086956522,4
Qwen-3-Coder-480B,318,simple,correct,0.25344197808373137,5
Qwen-3-Coder-480B,318,simple,correct,0.17812188716834193,6
Qwen-3-Coder-480B,318,simple,correct,0.28329203078127035,7
Qwen-3-Coder-480B,318,simple,correct,0.2544086527157301,8
Qwen-3-Coder-480B,318,simple,correct,0.2863198900091659,9
Qwen-3-Coder-480B,318,simple,correct,0.2208496882936966,10
Qwen-3-Coder-480B,318,simple,correct,0.2610456553755523,11
Qwen-3-Coder-480B,318,simple,correct,0.2578125,12
Qwen-3-Coder-480B,318,simple,correct,0.1984431759211209,13
Qwen-3-Coder-480B,318,simple,correct,0.23952462631707916,14
Qwen-3-Coder-480B,318,simple,correct,0.22656070029947017,15
Qwen-3-Coder-480B,318,simple,correct,0.24172839506172838,16
Qwen-3-Coder-480B,318,simple,correct,0.2469722156257421,17
Qwen-3-Coder-480B,318,simple,correct,0.22382260968444992,18
Qwen-3-Coder-480B,318,simple,correct,0.2783869826671383,19
Qwen-3-Coder-480B,318,simple,correct,0.25438137588281456,20
Qwen-3-Coder-480B,318,simple,correct,0.2726600985221675,21
Qwen-3-Coder-480B,318,simple,correct,0.2508119812342115,22
Qwen-3-Coder-480B,318,simple,correct,0.26068913480885314,23
Qwen-3-Coder-480B,318,simple,correct,0.3234528897974354,24
Qwen-3-Coder-480B,318,simple,correct,0.25107604017216645,25
Qwen-3-Coder-480B,318,simple,correct,0.22092274678111587,26
Qwen-3-Coder-480B,318,simple,correct,0.24899396378269617,27
Qwen-3-Coder-480B,318,simple,correct,0.2305088570461469,28
Qwen-3-Coder-480B,318,simple,correct,0.30174245643858905,29
Qwen-3-Coder-480B,318,simple,correct,0.270190329218107,30
Qwen-3-Coder-480B,318,simple,correct,0.3716789920569707,31
Qwen-3-Coder-480B,318,simple,correct,0.20863550150619212,32
Qwen-3-Coder-480B,318,simple,correct,0.2568271306998603,33
Qwen-3-Coder-480B,318,simple,correct,0.2449132442891025,34
Qwen-3-Coder-480B,318,simple,correct,0.21261011580718597,35
Qwen-3-Coder-480B,318,simple,correct,0.27157094151586675,36
Qwen-3-Coder-480B,318,simple,correct,0.20286907183385078,37
Qwen-3-Coder-480B,318,simple,correct,0.22661413319776308,38
Qwen-3-Coder-480B,318,simple,correct,0.36777777777777776,39
Qwen-3-Coder-480B,318,simple,correct,0.18542444736045222,40
Qwen-3-Coder-480B,318,simple,correct,0.2472,41
Qwen-3-Coder-480B,318,simple,correct,0.244098955969133,42
Qwen-3-Coder-480B,318,simple,correct,0.24644788130265308,43
Qwen-3-Coder-480B,318,simple,correct,0.24863647142518377,44
Qwen-3-Coder-480B,318,simple,correct,0.26139627825652556,45
Qwen-3-Coder-480B,318,simple,correct,0.22110154125113327,46
Qwen-3-Coder-480B,318,simple,correct,0.2599238048420794,47
Qwen-3-Coder-480B,318,simple,correct,0.2688936872856599,48
Qwen-3-Coder-480B,318,simple,correct,0.3425057063149886,49
Qwen-3-Coder-480B,318,simple,correct,0.23997421018697615,50
Qwen-3-Coder-480B,1505,simple,semantic,,1
Qwen-3-Coder-480B,1505,simple,semantic,,2
Qwen-3-Coder-480B,1505,simple,semantic,,3
Qwen-3-Coder-480B,1505,simple,semantic,,4
Qwen-3-Coder-480B,1505,simple,semantic,,5
Qwen-3-Coder-480B,1505,simple,semantic,,6
Qwen-3-Coder-480B,1505,simple,semantic,,7
Qwen-3-Coder-480B,1505,simple,semantic,,8
Qwen-3-Coder-480B,1505,simple,semantic,,9
Qwen-3-Coder-480B,1505,simple,semantic,,10
Qwen-3-Coder-480B,1505,simple,semantic,,11
Qwen-3-Coder-480B,1505,simple,semantic,,12
Qwen-3-Coder-480B,1505,simple,semantic,,13
Qwen-3-Coder-480B,1505,simple,semantic,,14
Qwen-3-Coder-480B,1505,simple,semantic,,15
Qwen-3-Coder-480B,1505,simple,semantic,,16
Qwen-3-Coder-480B,1505,simple,semantic,,17
Qwen-3-Coder-480B,1505,simple,semantic,,18
Qwen-3-Coder-480B,1505,simple,semantic,,19
Qwen-3-Coder-480B,1505,simple,semantic,,20
Qwen-3-Coder-480B,1505,simple,semantic,,21
Qwen-3-Coder-480B,1505,simple,semantic,,22
Qwen-3-Coder-480B,1505,simple,semantic,,23
Qwen-3-Coder-480B,1505,simple,semantic,,24
Qwen-3-Coder-480B,1505,simple,semantic,,25
Qwen-3-Coder-480B,1505,simple,semantic,,26
Qwen-3-Coder-480B,1505,simple,semantic,,27
Qwen-3-Coder-480B,1505,simple,semantic,,28
Qwen-3-Coder-480B,1505,simple,semantic,,29
Qwen-3-Coder-480B,1505,simple,semantic,,30
Qwen-3-Coder-480B,1505,simple,semantic,,31
Qwen-3-Coder-480B,1505,simple,semantic,,32
Qwen-3-Coder-480B,1505,simple,semantic,,33
Qwen-3-Coder-480B,1505,simple,semantic,,34
Qwen-3-Coder-480B,1505,simple,semantic,,35
Qwen-3-Coder-480B,1505,simple,semantic,,36
Qwen-3-Coder-480B,1505,simple,semantic,,37
Qwen-3-Coder-480B,1505,simple,semantic,,38
Qwen-3-Coder-480B,1505,simple,semantic,,39
Qwen-3-Coder-480B,1505,simple,semantic,,40
Qwen-3-Coder-480B,1505,simple,semantic,,41
Qwen-3-Coder-480B,1505,simple,semantic,,42
Qwen-3-Coder-480B,1505,simple,semantic,,43
Qwen-3-Coder-480B,1505,simple,semantic,,44
Qwen-3-Coder-480B,1505,simple,semantic,,45
Qwen-3-Coder-480B,1505,simple,semantic,,46
Qwen-3-Coder-480B,1505,simple,semantic,,47
Qwen-3-Coder-480B,1505,simple,semantic,,48
Qwen-3-Coder-480B,1505,simple,semantic,,49
Qwen-3-Coder-480B,1505,simple,semantic,,50
Qwen-3-Coder-480B,1314,simple,semantic,,1
Qwen-3-Coder-480B,1314,simple,semantic,,2
Qwen-3-Coder-480B,1314,simple,semantic,,3
Qwen-3-Coder-480B,1314,simple,semantic,,4
Qwen-3-Coder-480B,1314,simple,semantic,,5
Qwen-3-Coder-480B,1314,simple,semantic,,6
Qwen-3-Coder-480B,1314,simple,semantic,,7
Qwen-3-Coder-480B,1314,simple,semantic,,8
Qwen-3-Coder-480B,1314,simple,semantic,,9
Qwen-3-Coder-480B,1314,simple,semantic,,10
Qwen-3-Coder-480B,1314,simple,semantic,,11
Qwen-3-Coder-480B,1314,simple,semantic,,12
Qwen-3-Coder-480B,1314,simple,semantic,,13
Qwen-3-Coder-480B,1314,simple,semantic,,14
Qwen-3-Coder-480B,1314,simple,semantic,,15
Qwen-3-Coder-480B,1314,simple,semantic,,16
Qwen-3-Coder-480B,1314,simple,semantic,,17
Qwen-3-Coder-480B,1314,simple,semantic,,18
Qwen-3-Coder-480B,1314,simple,semantic,,19
Qwen-3-Coder-480B,1314,simple,semantic,,20
Qwen-3-Coder-480B,1314,simple,semantic,,21
Qwen-3-Coder-480B,1314,simple,semantic,,22
Qwen-3-Coder-480B,1314,simple,semantic,,23
Qwen-3-Coder-480B,1314,simple,semantic,,24
Qwen-3-Coder-480B,1314,simple,semantic,,25
Qwen-3-Coder-480B,1314,simple,semantic,,26
Qwen-3-Coder-480B,1314,simple,semantic,,27
Qwen-3-Coder-480B,1314,simple,semantic,,28
Qwen-3-Coder-480B,1314,simple,semantic,,29
Qwen-3-Coder-480B,1314,simple,semantic,,30
Qwen-3-Coder-480B,1314,simple,semantic,,31
Qwen-3-Coder-480B,1314,simple,semantic,,32
Qwen-3-Coder-480B,1314,simple,semantic,,33
Qwen-3-Coder-480B,1314,simple,semantic,,34
Qwen-3-Coder-480B,1314,simple,semantic,,35
Qwen-3-Coder-480B,1314,simple,semantic,,36
Qwen-3-Coder-480B,1314,simple,semantic,,37
Qwen-3-Coder-480B,1314,simple,semantic,,38
Qwen-3-Coder-480B,1314,simple,semantic,,39
Qwen-3-Coder-480B,1314,simple,semantic,,40
Qwen-3-Coder-480B,1314,simple,semantic,,41
Qwen-3-Coder-480B,1314,simple,semantic,,42
Qwen-3-Coder-480B,1314,simple,semantic,,43
Qwen-3-Coder-480B,1314,simple,semantic,,44
Qwen-3-Coder-480B,1314,simple,semantic,,45
Qwen-3-Coder-480B,1314,simple,semantic,,46
Qwen-3-Coder-480B,1314,simple,semantic,,47
Qwen-3-Coder-480B,1314,simple,semantic,,48
Qwen-3-Coder-480B,1314,simple,semantic,,49
Qwen-3-Coder-480B,1314,simple,semantic,,50
Qwen-3-Coder-480B,1512,simple,correct,2.8696191539511227,1
Qwen-3-Coder-480B,1512,simple,correct,1.2081403044341497,2
Qwen-3-Coder-480B,1512,simple,correct,1.2722929936305734,3
Qwen-3-Coder-480B,1512,simple,correct,1.412398921832884,4
Qwen-3-Coder-480B,1512,simple,correct,1.707497893850042,5
Qwen-3-Coder-480B,1512,simple,correct,1.2123015873015872,6
Qwen-3-Coder-480B,1512,simple,correct,1.0867573159917234,7
Qwen-3-Coder-480B,1512,simple,correct,1.2991319444444445,8
Qwen-3-Coder-480B,1512,simple,correct,1.3516814455412414,9
Qwen-3-Coder-480B,1512,simple,correct,1.24256444150694,10
Qwen-3-Coder-480B,1512,simple,correct,1.8577996195307547,11
Qwen-3-Coder-480B,1512,simple,correct,1.3491393857576781,12
Qwen-3-Coder-480B,1512,simple,correct,1.187024111675127,13
Qwen-3-Coder-480B,1512,simple,correct,1.2149673530889,14
Qwen-3-Coder-480B,1512,simple,correct,1.3220026791694575,15
Qwen-3-Coder-480B,1512,simple,correct,1.2778821520068318,16
Qwen-3-Coder-480B,1512,simple,correct,1.2082695252679938,17
Qwen-3-Coder-480B,1512,simple,correct,1.166158536585366,18
Qwen-3-Coder-480B,1512,simple,correct,1.2767284991568297,19
Qwen-3-Coder-480B,1512,simple,correct,1.4619939190270443,20
Qwen-3-Coder-480B,1512,simple,correct,1.394762210796915,21
Qwen-3-Coder-480B,1512,simple,correct,1.286433528371207,22
Qwen-3-Coder-480B,1512,simple,correct,1.3099524456521738,23
Qwen-3-Coder-480B,1512,simple,correct,1.356931530008453,24
Qwen-3-Coder-480B,1512,simple,correct,1.70216306156406,25
Qwen-3-Coder-480B,1512,simple,correct,1.3074586567667905,26
Qwen-3-Coder-480B,1512,simple,correct,1.8075578491759614,27
Qwen-3-Coder-480B,1512,simple,correct,1.2592780884595831,28
Qwen-3-Coder-480B,1512,simple,correct,1.4288858787673553,29
Qwen-3-Coder-480B,1512,simple,correct,1.2172487292998853,30
Qwen-3-Coder-480B,1512,simple,correct,1.2591345344334064,31
Qwen-3-Coder-480B,1512,simple,correct,1.4143664782174925,32
Qwen-3-Coder-480B,1512,simple,correct,1.244178419153821,33
Qwen-3-Coder-480B,1512,simple,correct,1.3400634073085267,34
Qwen-3-Coder-480B,1512,simple,correct,1.8678704016199799,35
Qwen-3-Coder-480B,1512,simple,correct,1.3801731133351367,36
Qwen-3-Coder-480B,1512,simple,correct,1.354614733276884,37
Qwen-3-Coder-480B,1512,simple,correct,1.3087188612099645,38
Qwen-3-Coder-480B,1512,simple,correct,1.6819667029718375,39
Qwen-3-Coder-480B,1512,simple,correct,0.9604932058379466,40
Qwen-3-Coder-480B,1512,simple,correct,1.354006754682223,41
Qwen-3-Coder-480B,1512,simple,correct,1.2456671714622245,42
Qwen-3-Coder-480B,1512,simple,correct,1.7263719512195121,43
Qwen-3-Coder-480B,1512,simple,correct,1.2761194029850746,44
Qwen-3-Coder-480B,1512,simple,correct,1.1349353049907578,45
Qwen-3-Coder-480B,1512,simple,correct,1.7399334442595673,46
Qwen-3-Coder-480B,1512,simple,correct,1.2337512372154404,47
Qwen-3-Coder-480B,1512,simple,correct,1.382741116751269,48
Qwen-3-Coder-480B,1512,simple,correct,1.7493270524899058,49
Qwen-3-Coder-480B,1512,simple,correct,1.0836681974741675,50
Qwen-3-Coder-480B,1361,simple,correct,1.9167657550535078,1
Qwen-3-Coder-480B,1361,simple,correct,1.6249283667621777,2
Qwen-3-Coder-480B,1361,simple,correct,1.3705673758865249,3
Qwen-3-Coder-480B,1361,simple,correct,1.5667380442541041,4
Qwen-3-Coder-480B,1361,simple,correct,1.7050338534000589,5
Qwen-3-Coder-480B,1361,simple,correct,1.6414860681114551,6
Qwen-3-Coder-480B,1361,simple,correct,1.6412790697674418,7
Qwen-3-Coder-480B,1361,simple,correct,1.608695652173913,8
Qwen-3-Coder-480B,1361,simple,correct,1.7236099919419823,9
Qwen-3-Coder-480B,1361,simple,correct,1.2240365774003918,10
Qwen-3-Coder-480B,1361,simple,correct,1.7793880837359097,11
Qwen-3-Coder-480B,1361,simple,correct,1.746353322528363,12
Qwen-3-Coder-480B,1361,simple,correct,1.7261538461538461,13
Qwen-3-Coder-480B,1361,simple,correct,1.7477624084621644,14
Qwen-3-Coder-480B,1361,simple,correct,1.7394833948339483,15
Qwen-3-Coder-480B,1361,simple,correct,1.642226148409894,16
Qwen-3-Coder-480B,1361,simple,correct,1.846938775510204,17
Qwen-3-Coder-480B,1361,simple,correct,1.3787575150300602,18
Qwen-3-Coder-480B,1361,simple,correct,1.8567753001715266,19
Qwen-3-Coder-480B,1361,simple,correct,1.8102872411489646,20
Qwen-3-Coder-480B,1361,simple,correct,1.8213419563459985,21
Qwen-3-Coder-480B,1361,simple,correct,1.8268581081081081,22
Qwen-3-Coder-480B,1361,simple,correct,1.3803455111866327,23
Qwen-3-Coder-480B,1361,simple,correct,0.8283835383962664,24
Qwen-3-Coder-480B,1361,simple,correct,1.5103253182461103,25
Qwen-3-Coder-480B,1361,simple,correct,1.8729297544260424,26
Qwen-3-Coder-480B,1361,simple,correct,1.4056631031493787,27
Qwen-3-Coder-480B,1361,simple,correct,1.4362912400455063,28
Qwen-3-Coder-480B,1361,simple,correct,1.523081280090626,29
Qwen-3-Coder-480B,1361,simple,correct,1.4195824757424287,30
Qwen-3-Coder-480B,1361,simple,correct,1.6831902520077542,31
Qwen-3-Coder-480B,1361,simple,correct,1.6652110625909753,32
Qwen-3-Coder-480B,1361,simple,correct,1.7059679767103348,33
Qwen-3-Coder-480B,1361,simple,correct,1.5685425685425685,34
Qwen-3-Coder-480B,1361,simple,correct,1.7625492125984252,35
Qwen-3-Coder-480B,1361,simple,correct,1.6199587871651457,36
Qwen-3-Coder-480B,1361,simple,correct,1.0724666142969363,37
Qwen-3-Coder-480B,1361,simple,correct,1.5472918350848828,38
Qwen-3-Coder-480B,1361,simple,correct,1.6078552651925158,39
Qwen-3-Coder-480B,1361,simple,correct,1.615874855156431,40
Qwen-3-Coder-480B,1361,simple,correct,1.700354609929078,41
Qwen-3-Coder-480B,1361,simple,correct,1.088903743315508,42
Qwen-3-Coder-480B,1361,simple,correct,1.396751740139211,43
Qwen-3-Coder-480B,1361,simple,correct,1.5029036004645762,44
Qwen-3-Coder-480B,1361,simple,correct,2.115406976744186,45
Qwen-3-Coder-480B,1361,simple,correct,1.6995277449822905,46
Qwen-3-Coder-480B,1361,simple,correct,1.5911876276626786,47
Qwen-3-Coder-480B,1361,simple,correct,1.5354685018528322,48
Qwen-3-Coder-480B,1361,simple,correct,1.7587939698492463,49
Qwen-3-Coder-480B,1361,simple,correct,1.386832438541961,50
Qwen-3-Coder-480B,476,simple,correct,13.824637191322166,1
Qwen-3-Coder-480B,476,simple,correct,1.2689298935622235,2
Qwen-3-Coder-480B,476,simple,correct,1.2809489541354826,3
Qwen-3-Coder-480B,476,simple,correct,1.3149956957289126,4
Qwen-3-Coder-480B,476,simple,correct,1.1839005767200066,5
Qwen-3-Coder-480B,476,simple,correct,1.2683240990671023,6
Qwen-3-Coder-480B,476,simple,correct,1.290405508651716,7
Qwen-3-Coder-480B,476,simple,correct,1.3306768628255274,8
Qwen-3-Coder-480B,476,simple,correct,1.2733962688459644,9
Qwen-3-Coder-480B,476,simple,correct,1.2895701239020418,10
Qwen-3-Coder-480B,476,simple,correct,1.2590238419781428,11
Qwen-3-Coder-480B,476,simple,correct,1.3207071309040805,12
Qwen-3-Coder-480B,476,simple,correct,1.275646497255695,13
Qwen-3-Coder-480B,476,simple,correct,1.2855310132086624,14
Qwen-3-Coder-480B,476,simple,correct,1.2640831002796644,15
Qwen-3-Coder-480B,476,simple,correct,1.2743741435208396,16
Qwen-3-Coder-480B,476,simple,correct,1.1741982438841152,17
Qwen-3-Coder-480B,476,simple,correct,0.9647233055710319,18
Qwen-3-Coder-480B,476,simple,correct,0.9465694271183188,19
Qwen-3-Coder-480B,476,simple,correct,1.0112294902113759,20
Qwen-3-Coder-480B,476,simple,correct,0.9314091514009343,21
Qwen-3-Coder-480B,476,simple,correct,0.990235325288436,22
Qwen-3-Coder-480B,476,simple,correct,0.9524423337856174,23
Qwen-3-Coder-480B,476,simple,correct,1.0176711527208895,24
Qwen-3-Coder-480B,476,simple,correct,1.023754785609475,25
Qwen-3-Coder-480B,476,simple,correct,0.9742712627547291,26
Qwen-3-Coder-480B,476,simple,correct,1.0010632950547114,27
Qwen-3-Coder-480B,476,simple,correct,1.0131466828971394,28
Qwen-3-Coder-480B,476,simple,correct,1.2554723268548622,29
Qwen-3-Coder-480B,476,simple,correct,1.0019371440136466,30
Qwen-3-Coder-480B,476,simple,correct,1.0082928488146132,31
Qwen-3-Coder-480B,476,simple,correct,1.013336995225086,32
Qwen-3-Coder-480B,476,simple,correct,1.0005080399722015,33
Qwen-3-Coder-480B,476,simple,correct,1.0081734738477977,34
Qwen-3-Coder-480B,476,simple,correct,1.024162262588924,35
Qwen-3-Coder-480B,476,simple,correct,1.0304484008436172,36
Qwen-3-Coder-480B,476,simple,correct,0.9710127009638657,37
Qwen-3-Coder-480B,476,simple,correct,1.000700418802139,38
Qwen-3-Coder-480B,476,simple,correct,1.084447160855134,39
Qwen-3-Coder-480B,476,simple,correct,0.6590451294955119,40
Qwen-3-Coder-480B,476,simple,correct,0.9418124206363246,41
Qwen-3-Coder-480B,476,simple,correct,1.0225380651034401,42
Qwen-3-Coder-480B,476,simple,correct,1.0134791932724512,43
Qwen-3-Coder-480B,476,simple,correct,1.0045395370446548,44
Qwen-3-Coder-480B,476,simple,correct,1.1510861989417782,45
Qwen-3-Coder-480B,476,simple,correct,0.955973501649039,46
Qwen-3-Coder-480B,476,simple,correct,0.9994981639556261,47
Qwen-3-Coder-480B,476,simple,correct,1.0069809548706925,48
Qwen-3-Coder-480B,476,simple,correct,0.9046654672840538,49
Qwen-3-Coder-480B,476,simple,correct,0.9634988850984353,50
Qwen-3-Coder-480B,748,simple,correct,1.5123859191655802,1
Qwen-3-Coder-480B,748,simple,correct,1.7119205298013245,2
Qwen-3-Coder-480B,748,simple,correct,1.7248,3
Qwen-3-Coder-480B,748,simple,correct,1.7096273291925466,4
Qwen-3-Coder-480B,748,simple,correct,1.686257562662057,5
Qwen-3-Coder-480B,748,simple,correct,1.808208366219416,6
Qwen-3-Coder-480B,748,simple,correct,1.7745865970409052,7
Qwen-3-Coder-480B,748,simple,correct,1.8088788562829194,8
Qwen-3-Coder-480B,748,simple,correct,1.7456213511259382,9
Qwen-3-Coder-480B,748,simple,correct,1.5988880063542494,10
Qwen-3-Coder-480B,748,simple,correct,1.808695652173913,11
Qwen-3-Coder-480B,748,simple,correct,2.0223765432098766,12
Qwen-3-Coder-480B,748,simple,correct,1.8206429780033841,13
Qwen-3-Coder-480B,748,simple,correct,1.3326835607537362,14
Qwen-3-Coder-480B,748,simple,correct,1.794478527607362,15
Qwen-3-Coder-480B,748,simple,correct,1.6610305958132046,16
Qwen-3-Coder-480B,748,simple,correct,1.7623682076236822,17
Qwen-3-Coder-480B,748,simple,correct,1.8417021276595744,18
Qwen-3-Coder-480B,748,simple,correct,1.7245461720599842,19
Qwen-3-Coder-480B,748,simple,correct,1.5864811133200796,20
Qwen-3-Coder-480B,748,simple,correct,1.6161684782608696,21
Qwen-3-Coder-480B,748,simple,correct,1.7391304347826086,22
Qwen-3-Coder-480B,748,simple,correct,2.1150643451930358,23
Qwen-3-Coder-480B,748,simple,correct,1.4748827863362357,24
Qwen-3-Coder-480B,748,simple,correct,1.8010517090271692,25
Qwen-3-Coder-480B,748,simple,correct,1.7952,26
Qwen-3-Coder-480B,748,simple,correct,1.5532407407407407,27
Qwen-3-Coder-480B,748,simple,correct,1.976311336717428,28
Qwen-3-Coder-480B,748,simple,correct,1.430689877498388,29
Qwen-3-Coder-480B,748,simple,correct,1.888504753673293,30
Qwen-3-Coder-480B,748,simple,correct,1.524793388429752,31
Qwen-3-Coder-480B,748,simple,correct,1.665028665028665,32
Qwen-3-Coder-480B,748,simple,correct,1.5288582183186952,33
Qwen-3-Coder-480B,748,simple,correct,1.8169761273209548,34
Qwen-3-Coder-480B,748,simple,correct,1.061506919528447,35
Qwen-3-Coder-480B,748,simple,correct,1.7026637868970482,36
Qwen-3-Coder-480B,748,simple,correct,1.77000777000777,37
Qwen-3-Coder-480B,748,simple,correct,2.1477688368690564,38
Qwen-3-Coder-480B,748,simple,correct,2.0034305317324184,39
Qwen-3-Coder-480B,748,simple,correct,1.736842105263158,40
Qwen-3-Coder-480B,748,simple,correct,1.6329331046312179,41
Qwen-3-Coder-480B,748,simple,correct,1.8304347826086957,42
Qwen-3-Coder-480B,748,simple,correct,2.128693368351937,43
Qwen-3-Coder-480B,748,simple,correct,1.3465473145780051,44
Qwen-3-Coder-480B,748,simple,correct,1.386370116909039,45
Qwen-3-Coder-480B,748,simple,correct,1.6988200589970501,46
Qwen-3-Coder-480B,748,simple,correct,1.6951793062904175,47
Qwen-3-Coder-480B,748,simple,correct,1.4902801600914808,48
Qwen-3-Coder-480B,748,simple,correct,1.4339779005524862,49
Qwen-3-Coder-480B,748,simple,correct,1.4371568910719446,50
Qwen-3-Coder-480B,313,simple,correct,8.89422386375295,1
Qwen-3-Coder-480B,313,simple,correct,1.370470524607896,2
Qwen-3-Coder-480B,313,simple,correct,1.1369604393718356,3
Qwen-3-Coder-480B,313,simple,correct,1.2090965954785096,4
Qwen-3-Coder-480B,313,simple,correct,1.1452386966405659,5
Qwen-3-Coder-480B,313,simple,correct,1.0517112786939586,6
Qwen-3-Coder-480B,313,simple,correct,1.0032969620849361,7
Qwen-3-Coder-480B,313,simple,correct,1.2203697304768486,8
Qwen-3-Coder-480B,313,simple,correct,0.875406063887385,9
Qwen-3-Coder-480B,313,simple,correct,1.2435062188002368,10
Qwen-3-Coder-480B,313,simple,correct,1.2234756916465217,11
Qwen-3-Coder-480B,313,simple,correct,1.1510468146284483,12
Qwen-3-Coder-480B,313,simple,correct,1.1991685912240184,13
Qwen-3-Coder-480B,313,simple,correct,1.2691752691752691,14
Qwen-3-Coder-480B,313,simple,correct,0.9983791231056002,15
Qwen-3-Coder-480B,313,simple,correct,1.0997646003811232,16
Qwen-3-Coder-480B,313,simple,correct,1.2279946164199191,17
Qwen-3-Coder-480B,313,simple,correct,1.059579700424771,18
Qwen-3-Coder-480B,313,simple,correct,1.1912295081967212,19
Qwen-3-Coder-480B,313,simple,correct,1.0564177174264469,20
Qwen-3-Coder-480B,313,simple,correct,1.4004541326067212,21
Qwen-3-Coder-480B,313,simple,correct,1.1580611169652266,22
Qwen-3-Coder-480B,313,simple,correct,1.1838517066215133,23
Qwen-3-Coder-480B,313,simple,correct,1.1334652396798273,24
Qwen-3-Coder-480B,313,simple,correct,1.083242609496692,25
Qwen-3-Coder-480B,313,simple,correct,1.1405415195146247,26
Qwen-3-Coder-480B,313,simple,correct,1.1561919915141872,27
Qwen-3-Coder-480B,313,simple,correct,1.0604106567113525,28
Qwen-3-Coder-480B,313,simple,correct,1.1422573060127645,29
Qwen-3-Coder-480B,313,simple,correct,1.166636787378989,30
Qwen-3-Coder-480B,313,simple,correct,1.227242227689555,31
Qwen-3-Coder-480B,313,simple,correct,1.1162843515784693,32
Qwen-3-Coder-480B,313,simple,correct,1.1334850993377483,33
Qwen-3-Coder-480B,313,simple,correct,1.2440280614510257,34
Qwen-3-Coder-480B,313,simple,correct,1.1748237027681296,35
Qwen-3-Coder-480B,313,simple,correct,1.1570372858582465,36
Qwen-3-Coder-480B,313,simple,correct,1.1213623281100096,37
Qwen-3-Coder-480B,313,simple,correct,1.1521776259607173,38
Qwen-3-Coder-480B,313,simple,correct,1.252967359050445,39
Qwen-3-Coder-480B,313,simple,correct,1.520121818577333,40
Qwen-3-Coder-480B,313,simple,correct,1.4065326633165829,41
Qwen-3-Coder-480B,313,simple,correct,1.2897477435778755,42
Qwen-3-Coder-480B,313,simple,correct,1.2643979057591623,43
Qwen-3-Coder-480B,313,simple,correct,1.0800275166246274,44
Qwen-3-Coder-480B,313,simple,correct,1.09764680008797,45
Qwen-3-Coder-480B,313,simple,correct,1.2149042844120328,46
Qwen-3-Coder-480B,313,simple,correct,1.1519833948339484,47
Qwen-3-Coder-480B,313,simple,correct,1.268002165674066,48
Qwen-3-Coder-480B,313,simple,correct,1.1667053633619688,49
Qwen-3-Coder-480B,313,simple,correct,1.4612476370510397,50
Qwen-3-Coder-480B,389,simple,semantic,,1
Qwen-3-Coder-480B,389,simple,semantic,,2
Qwen-3-Coder-480B,389,simple,semantic,,3
Qwen-3-Coder-480B,389,simple,semantic,,4
Qwen-3-Coder-480B,389,simple,semantic,,5
Qwen-3-Coder-480B,389,simple,semantic,,6
Qwen-3-Coder-480B,389,simple,semantic,,7
Qwen-3-Coder-480B,389,simple,semantic,,8
Qwen-3-Coder-480B,389,simple,semantic,,9
Qwen-3-Coder-480B,389,simple,semantic,,10
Qwen-3-Coder-480B,389,simple,semantic,,11
Qwen-3-Coder-480B,389,simple,semantic,,12
Qwen-3-Coder-480B,389,simple,semantic,,13
Qwen-3-Coder-480B,389,simple,semantic,,14
Qwen-3-Coder-480B,389,simple,semantic,,15
Qwen-3-Coder-480B,389,simple,semantic,,16
Qwen-3-Coder-480B,389,simple,semantic,,17
Qwen-3-Coder-480B,389,simple,semantic,,18
Qwen-3-Coder-480B,389,simple,semantic,,19
Qwen-3-Coder-480B,389,simple,semantic,,20
Qwen-3-Coder-480B,389,simple,semantic,,21
Qwen-3-Coder-480B,389,simple,semantic,,22
Qwen-3-Coder-480B,389,simple,semantic,,23
Qwen-3-Coder-480B,389,simple,semantic,,24
Qwen-3-Coder-480B,389,simple,semantic,,25
Qwen-3-Coder-480B,389,simple,semantic,,26
Qwen-3-Coder-480B,389,simple,semantic,,27
Qwen-3-Coder-480B,389,simple,semantic,,28
Qwen-3-Coder-480B,389,simple,semantic,,29
Qwen-3-Coder-480B,389,simple,semantic,,30
Qwen-3-Coder-480B,389,simple,semantic,,31
Qwen-3-Coder-480B,389,simple,semantic,,32
Qwen-3-Coder-480B,389,simple,semantic,,33
Qwen-3-Coder-480B,389,simple,semantic,,34
Qwen-3-Coder-480B,389,simple,semantic,,35
Qwen-3-Coder-480B,389,simple,semantic,,36
Qwen-3-Coder-480B,389,simple,semantic,,37
Qwen-3-Coder-480B,389,simple,semantic,,38
Qwen-3-Coder-480B,389,simple,semantic,,39
Qwen-3-Coder-480B,389,simple,semantic,,40
Qwen-3-Coder-480B,389,simple,semantic,,41
Qwen-3-Coder-480B,389,simple,semantic,,42
Qwen-3-Coder-480B,389,simple,semantic,,43
Qwen-3-Coder-480B,389,simple,semantic,,44
Qwen-3-Coder-480B,389,simple,semantic,,45
Qwen-3-Coder-480B,389,simple,semantic,,46
Qwen-3-Coder-480B,389,simple,semantic,,47
Qwen-3-Coder-480B,389,simple,semantic,,48
Qwen-3-Coder-480B,389,simple,semantic,,49
Qwen-3-Coder-480B,389,simple,semantic,,50
Qwen-3-Coder-480B,181,simple,correct,1.9840642371834465,1
Qwen-3-Coder-480B,181,simple,correct,0.8290655884995508,2
Qwen-3-Coder-480B,181,simple,correct,0.8683249559651158,3
Qwen-3-Coder-480B,181,simple,correct,1.1923052464228934,4
Qwen-3-Coder-480B,181,simple,correct,1.0077313360715148,5
Qwen-3-Coder-480B,181,simple,correct,0.9885268471776044,6
Qwen-3-Coder-480B,181,simple,correct,0.9529107125731274,7
Qwen-3-Coder-480B,181,simple,correct,0.9591189009947892,8
Qwen-3-Coder-480B,181,simple,correct,1.0768282662284305,9
Qwen-3-Coder-480B,181,simple,correct,0.9577055375224068,10
Qwen-3-Coder-480B,181,simple,correct,0.9104215675292184,11
Qwen-3-Coder-480B,181,simple,correct,0.9952207331493891,12
Qwen-3-Coder-480B,181,simple,correct,0.9355979841054468,13
Qwen-3-Coder-480B,181,simple,correct,0.9003978950070595,14
Qwen-3-Coder-480B,181,simple,correct,0.7818411097099621,15
Qwen-3-Coder-480B,181,simple,correct,1.126664166510407,16
Qwen-3-Coder-480B,181,simple,correct,0.9899010611575332,17
Qwen-3-Coder-480B,181,simple,correct,1.0616155660377358,18
Qwen-3-Coder-480B,181,simple,correct,0.9301063107894142,19
Qwen-3-Coder-480B,181,simple,correct,0.9898785425101214,20
Qwen-3-Coder-480B,181,simple,correct,0.9174125501959456,21
Qwen-3-Coder-480B,181,simple,correct,0.9104829857299671,22
Qwen-3-Coder-480B,181,simple,correct,0.9604215345000239,23
Qwen-3-Coder-480B,181,simple,correct,0.9756361667569031,24
Qwen-3-Coder-480B,181,simple,correct,0.9437258364755859,25
Qwen-3-Coder-480B,181,simple,correct,0.9761928934010152,26
Qwen-3-Coder-480B,181,simple,correct,0.9982219433113692,27
Qwen-3-Coder-480B,181,simple,correct,0.9464718989848973,28
Qwen-3-Coder-480B,181,simple,correct,0.9713183899734876,29
Qwen-3-Coder-480B,181,simple,correct,0.9569534850572529,30
Qwen-3-Coder-480B,181,simple,correct,0.9653584109010651,31
Qwen-3-Coder-480B,181,simple,correct,0.9705397713087333,32
Qwen-3-Coder-480B,181,simple,correct,0.99932502596054,33
Qwen-3-Coder-480B,181,simple,correct,1.0150575730735163,34
Qwen-3-Coder-480B,181,simple,correct,0.9816253361219002,35
Qwen-3-Coder-480B,181,simple,correct,0.9295722371717546,36
Qwen-3-Coder-480B,181,simple,correct,0.8826445076171733,37
Qwen-3-Coder-480B,181,simple,correct,0.985070768435339,38
Qwen-3-Coder-480B,181,simple,correct,0.9353072300833495,39
Qwen-3-Coder-480B,181,simple,correct,0.9622294103010699,40
Qwen-3-Coder-480B,181,simple,correct,1.015658794013323,41
Qwen-3-Coder-480B,181,simple,correct,0.9640018921475875,42
Qwen-3-Coder-480B,181,simple,correct,1.0071421386178452,43
Qwen-3-Coder-480B,181,simple,correct,0.9998474214220323,44
Qwen-3-Coder-480B,181,simple,correct,0.947963963963964,45
Qwen-3-Coder-480B,181,simple,correct,0.981354537976419,46
Qwen-3-Coder-480B,181,simple,correct,0.8683081093291167,47
Qwen-3-Coder-480B,181,simple,correct,0.820812872218159,48
Qwen-3-Coder-480B,181,simple,correct,1.3077276556636288,49
Qwen-3-Coder-480B,181,simple,correct,0.7952074103906565,50
Qwen-3-Coder-480B,614,simple,semantic,,1
Qwen-3-Coder-480B,614,simple,semantic,,2
Qwen-3-Coder-480B,614,simple,semantic,,3
Qwen-3-Coder-480B,614,simple,semantic,,4
Qwen-3-Coder-480B,614,simple,semantic,,5
Qwen-3-Coder-480B,614,simple,semantic,,6
Qwen-3-Coder-480B,614,simple,semantic,,7
Qwen-3-Coder-480B,614,simple,semantic,,8
Qwen-3-Coder-480B,614,simple,semantic,,9
Qwen-3-Coder-480B,614,simple,semantic,,10
Qwen-3-Coder-480B,614,simple,semantic,,11
Qwen-3-Coder-480B,614,simple,semantic,,12
Qwen-3-Coder-480B,614,simple,semantic,,13
Qwen-3-Coder-480B,614,simple,semantic,,14
Qwen-3-Coder-480B,614,simple,semantic,,15
Qwen-3-Coder-480B,614,simple,semantic,,16
Qwen-3-Coder-480B,614,simple,semantic,,17
Qwen-3-Coder-480B,614,simple,semantic,,18
Qwen-3-Coder-480B,614,simple,semantic,,19
Qwen-3-Coder-480B,614,simple,semantic,,20
Qwen-3-Coder-480B,614,simple,semantic,,21
Qwen-3-Coder-480B,614,simple,semantic,,22
Qwen-3-Coder-480B,614,simple,semantic,,23
Qwen-3-Coder-480B,614,simple,semantic,,24
Qwen-3-Coder-480B,614,simple,semantic,,25
Qwen-3-Coder-480B,614,simple,semantic,,26
Qwen-3-Coder-480B,614,simple,semantic,,27
Qwen-3-Coder-480B,614,simple,semantic,,28
Qwen-3-Coder-480B,614,simple,semantic,,29
Qwen-3-Coder-480B,614,simple,semantic,,30
Qwen-3-Coder-480B,614,simple,semantic,,31
Qwen-3-Coder-480B,614,simple,semantic,,32
Qwen-3-Coder-480B,614,simple,semantic,,33
Qwen-3-Coder-480B,614,simple,semantic,,34
Qwen-3-Coder-480B,614,simple,semantic,,35
Qwen-3-Coder-480B,614,simple,semantic,,36
Qwen-3-Coder-480B,614,simple,semantic,,37
Qwen-3-Coder-480B,614,simple,semantic,,38
Qwen-3-Coder-480B,614,simple,semantic,,39
Qwen-3-Coder-480B,614,simple,semantic,,40
Qwen-3-Coder-480B,614,simple,semantic,,41
Qwen-3-Coder-480B,614,simple,semantic,,42
Qwen-3-Coder-480B,614,simple,semantic,,43
Qwen-3-Coder-480B,614,simple,semantic,,44
Qwen-3-Coder-480B,614,simple,semantic,,45
Qwen-3-Coder-480B,614,simple,semantic,,46
Qwen-3-Coder-480B,614,simple,semantic,,47
Qwen-3-Coder-480B,614,simple,semantic,,48
Qwen-3-Coder-480B,614,simple,semantic,,49
Qwen-3-Coder-480B,614,simple,semantic,,50
Qwen-3-Coder-480B,132,simple,correct,6.059072232477818,1
Qwen-3-Coder-480B,132,simple,correct,1.8472653383755715,2
Qwen-3-Coder-480B,132,simple,correct,1.2347787756901207,3
Qwen-3-Coder-480B,132,simple,correct,1.219536152796726,4
Qwen-3-Coder-480B,132,simple,correct,1.358559223710579,5
Qwen-3-Coder-480B,132,simple,correct,1.2178356505499066,6
Qwen-3-Coder-480B,132,simple,correct,1.2564130793790598,7
Qwen-3-Coder-480B,132,simple,correct,1.2175244204694562,8
Qwen-3-Coder-480B,132,simple,correct,0.9706391292213229,9
Qwen-3-Coder-480B,132,simple,correct,0.7416559416559416,10
Qwen-3-Coder-480B,132,simple,correct,1.2081748122134426,11
Qwen-3-Coder-480B,132,simple,correct,1.8985497905252982,12
Qwen-3-Coder-480B,132,simple,correct,0.7110884353741497,13
Qwen-3-Coder-480B,132,simple,correct,1.0326553672316383,14
Qwen-3-Coder-480B,132,simple,correct,1.1046931407942238,15
Qwen-3-Coder-480B,132,simple,correct,1.0956521739130434,16
Qwen-3-Coder-480B,132,simple,correct,1.0139628446337712,17
Qwen-3-Coder-480B,132,simple,correct,1.0138530927835052,18
Qwen-3-Coder-480B,132,simple,correct,1.156919437508214,19
Qwen-3-Coder-480B,132,simple,correct,1.1829031002724089,20
Qwen-3-Coder-480B,132,simple,correct,0.9800308914386584,21
Qwen-3-Coder-480B,132,simple,correct,1.1364530082579631,22
Qwen-3-Coder-480B,132,simple,correct,1.0895668090298962,23
Qwen-3-Coder-480B,132,simple,correct,1.0742606086583797,24
Qwen-3-Coder-480B,132,simple,correct,0.9900176159718145,25
Qwen-3-Coder-480B,132,simple,correct,1.0856581049526852,26
Qwen-3-Coder-480B,132,simple,correct,1.0884755561141133,27
Qwen-3-Coder-480B,132,simple,correct,1.4839183508078813,28
Qwen-3-Coder-480B,132,simple,correct,1.1674216235546548,29
Qwen-3-Coder-480B,132,simple,correct,1.3351475704185838,30
Qwen-3-Coder-480B,132,simple,correct,1.7684800897363993,31
Qwen-3-Coder-480B,132,simple,correct,1.067692127047496,32
Qwen-3-Coder-480B,132,simple,correct,1.2570904325032766,33
Qwen-3-Coder-480B,132,simple,correct,1.6169231656003227,34
Qwen-3-Coder-480B,132,simple,correct,0.8341091145269539,35
Qwen-3-Coder-480B,132,simple,correct,1.1973147430932094,36
Qwen-3-Coder-480B,132,simple,correct,1.1763523391812865,37
Qwen-3-Coder-480B,132,simple,correct,1.0303138628726676,38
Qwen-3-Coder-480B,132,simple,correct,1.2448595787362087,39
Qwen-3-Coder-480B,132,simple,correct,1.810855038865403,40
Qwen-3-Coder-480B,132,simple,correct,0.9842443104454386,41
Qwen-3-Coder-480B,132,simple,correct,1.1961027677795706,42
Qwen-3-Coder-480B,132,simple,correct,1.8158126237079393,43
Qwen-3-Coder-480B,132,simple,correct,0.8111559139784946,44
Qwen-3-Coder-480B,132,simple,correct,1.0894234757362091,45
Qwen-3-Coder-480B,132,simple,correct,0.911067892503536,46
Qwen-3-Coder-480B,132,simple,correct,1.368896183832581,47
Qwen-3-Coder-480B,132,simple,correct,0.4972881433508021,48
Qwen-3-Coder-480B,132,simple,correct,1.2451970687264804,49
Qwen-3-Coder-480B,132,simple,correct,1.2628688706456623,50
Qwen-3-Coder-480B,1585,Simple,semantic,,1
Qwen-3-Coder-480B,1585,Simple,semantic,,2
Qwen-3-Coder-480B,1585,Simple,semantic,,3
Qwen-3-Coder-480B,1585,Simple,semantic,,4
Qwen-3-Coder-480B,1585,Simple,semantic,,5
Qwen-3-Coder-480B,1585,Simple,semantic,,6
Qwen-3-Coder-480B,1585,Simple,semantic,,7
Qwen-3-Coder-480B,1585,Simple,semantic,,8
Qwen-3-Coder-480B,1585,Simple,semantic,,9
Qwen-3-Coder-480B,1585,Simple,semantic,,10
Qwen-3-Coder-480B,1585,Simple,semantic,,11
Qwen-3-Coder-480B,1585,Simple,semantic,,12
Qwen-3-Coder-480B,1585,Simple,semantic,,13
Qwen-3-Coder-480B,1585,Simple,semantic,,14
Qwen-3-Coder-480B,1585,Simple,semantic,,15
Qwen-3-Coder-480B,1585,Simple,semantic,,16
Qwen-3-Coder-480B,1585,Simple,semantic,,17
Qwen-3-Coder-480B,1585,Simple,semantic,,18
Qwen-3-Coder-480B,1585,Simple,semantic,,19
Qwen-3-Coder-480B,1585,Simple,semantic,,20
Qwen-3-Coder-480B,1585,Simple,semantic,,21
Qwen-3-Coder-480B,1585,Simple,semantic,,22
Qwen-3-Coder-480B,1585,Simple,semantic,,23
Qwen-3-Coder-480B,1585,Simple,semantic,,24
Qwen-3-Coder-480B,1585,Simple,semantic,,25
Qwen-3-Coder-480B,1585,Simple,semantic,,26
Qwen-3-Coder-480B,1585,Simple,semantic,,27
Qwen-3-Coder-480B,1585,Simple,semantic,,28
Qwen-3-Coder-480B,1585,Simple,semantic,,29
Qwen-3-Coder-480B,1585,Simple,semantic,,30
Qwen-3-Coder-480B,1585,Simple,semantic,,31
Qwen-3-Coder-480B,1585,Simple,semantic,,32
Qwen-3-Coder-480B,1585,Simple,semantic,,33
Qwen-3-Coder-480B,1585,Simple,semantic,,34
Qwen-3-Coder-480B,1585,Simple,semantic,,35
Qwen-3-Coder-480B,1585,Simple,semantic,,36
Qwen-3-Coder-480B,1585,Simple,semantic,,37
Qwen-3-Coder-480B,1585,Simple,semantic,,38
Qwen-3-Coder-480B,1585,Simple,semantic,,39
Qwen-3-Coder-480B,1585,Simple,semantic,,40
Qwen-3-Coder-480B,1585,Simple,semantic,,41
Qwen-3-Coder-480B,1585,Simple,semantic,,42
Qwen-3-Coder-480B,1585,Simple,semantic,,43
Qwen-3-Coder-480B,1585,Simple,semantic,,44
Qwen-3-Coder-480B,1585,Simple,semantic,,45
Qwen-3-Coder-480B,1585,Simple,semantic,,46
Qwen-3-Coder-480B,1585,Simple,semantic,,47
Qwen-3-Coder-480B,1585,Simple,semantic,,48
Qwen-3-Coder-480B,1585,Simple,semantic,,49
Qwen-3-Coder-480B,1585,Simple,semantic,,50
Qwen-3-Coder-480B,61,simple,correct,11.519536332452786,1
Qwen-3-Coder-480B,61,simple,correct,1.280977191154336,2
Qwen-3-Coder-480B,61,simple,correct,1.2498841209045888,3
Qwen-3-Coder-480B,61,simple,correct,1.2251265975403907,4
Qwen-3-Coder-480B,61,simple,correct,1.3504785822592873,5
Qwen-3-Coder-480B,61,simple,correct,1.3284544345704827,6
Qwen-3-Coder-480B,61,simple,correct,1.2827971489115777,7
Qwen-3-Coder-480B,61,simple,correct,1.1000083080629752,8
Qwen-3-Coder-480B,61,simple,correct,1.2184803047104769,9
Qwen-3-Coder-480B,61,simple,correct,1.2528274702845479,10
Qwen-3-Coder-480B,61,simple,correct,1.2191409365386807,11
Qwen-3-Coder-480B,61,simple,correct,1.2739211558702517,12
Qwen-3-Coder-480B,61,simple,correct,1.2621557790168245,13
Qwen-3-Coder-480B,61,simple,correct,1.26091204416111,14
Qwen-3-Coder-480B,61,simple,correct,1.2950391644908616,15
Qwen-3-Coder-480B,61,simple,correct,1.272030373379764,16
Qwen-3-Coder-480B,61,simple,correct,1.0572648537338745,17
Qwen-3-Coder-480B,61,simple,correct,1.2760197775030901,18
Qwen-3-Coder-480B,61,simple,correct,1.24709111667112,19
Qwen-3-Coder-480B,61,simple,correct,1.2484681665868838,20
Qwen-3-Coder-480B,61,simple,correct,1.2081628700767386,21
Qwen-3-Coder-480B,61,simple,correct,1.2640196382182607,22
Qwen-3-Coder-480B,61,simple,correct,1.2685757020167905,23
Qwen-3-Coder-480B,61,simple,correct,1.2389754038713434,24
Qwen-3-Coder-480B,61,simple,correct,1.269741151354892,25
Qwen-3-Coder-480B,61,simple,correct,1.2278238981533025,26
Qwen-3-Coder-480B,61,simple,correct,1.2266610001416631,27
Qwen-3-Coder-480B,61,simple,correct,1.1010304530539405,28
Qwen-3-Coder-480B,61,simple,correct,0.8918226519565308,29
Qwen-3-Coder-480B,61,simple,correct,0.820859398272267,30
Qwen-3-Coder-480B,61,simple,correct,1.084927500913854,31
Qwen-3-Coder-480B,61,simple,correct,0.9499978391460305,32
Qwen-3-Coder-480B,61,simple,correct,0.9490124423562168,33
Qwen-3-Coder-480B,61,simple,correct,0.8610647993775703,34
Qwen-3-Coder-480B,61,simple,correct,0.9397289440281702,35
Qwen-3-Coder-480B,61,simple,correct,0.8651421157199043,36
Qwen-3-Coder-480B,61,simple,correct,0.892546831406935,37
Qwen-3-Coder-480B,61,simple,correct,0.8318525255351896,38
Qwen-3-Coder-480B,61,simple,correct,0.9306815344928019,39
Qwen-3-Coder-480B,61,simple,correct,0.9202824186199253,40
Qwen-3-Coder-480B,61,simple,correct,0.950205154762379,41
Qwen-3-Coder-480B,61,simple,correct,0.9231234343957847,42
Qwen-3-Coder-480B,61,simple,correct,0.9299164892746029,43
Qwen-3-Coder-480B,61,simple,correct,0.9214005001786352,44
Qwen-3-Coder-480B,61,simple,correct,0.8707676704634109,45
Qwen-3-Coder-480B,61,simple,correct,0.909309725848564,46
Qwen-3-Coder-480B,61,simple,correct,0.8994749845583694,47
Qwen-3-Coder-480B,61,simple,correct,0.826943863947539,48
Qwen-3-Coder-480B,61,simple,correct,0.7962415376235312,49
Qwen-3-Coder-480B,61,simple,correct,0.9192352398893743,50
Qwen-3-Coder-480B,464,simple,semantic,,1
Qwen-3-Coder-480B,464,simple,semantic,,2
Qwen-3-Coder-480B,464,simple,semantic,,3
Qwen-3-Coder-480B,464,simple,semantic,,4
Qwen-3-Coder-480B,464,simple,semantic,,5
Qwen-3-Coder-480B,464,simple,semantic,,6
Qwen-3-Coder-480B,464,simple,semantic,,7
Qwen-3-Coder-480B,464,simple,semantic,,8
Qwen-3-Coder-480B,464,simple,semantic,,9
Qwen-3-Coder-480B,464,simple,semantic,,10
Qwen-3-Coder-480B,464,simple,semantic,,11
Qwen-3-Coder-480B,464,simple,semantic,,12
Qwen-3-Coder-480B,464,simple,semantic,,13
Qwen-3-Coder-480B,464,simple,semantic,,14
Qwen-3-Coder-480B,464,simple,semantic,,15
Qwen-3-Coder-480B,464,simple,semantic,,16
Qwen-3-Coder-480B,464,simple,semantic,,17
Qwen-3-Coder-480B,464,simple,semantic,,18
Qwen-3-Coder-480B,464,simple,semantic,,19
Qwen-3-Coder-480B,464,simple,semantic,,20
Qwen-3-Coder-480B,464,simple,semantic,,21
Qwen-3-Coder-480B,464,simple,semantic,,22
Qwen-3-Coder-480B,464,simple,semantic,,23
Qwen-3-Coder-480B,464,simple,semantic,,24
Qwen-3-Coder-480B,464,simple,semantic,,25
Qwen-3-Coder-480B,464,simple,semantic,,26
Qwen-3-Coder-480B,464,simple,semantic,,27
Qwen-3-Coder-480B,464,simple,semantic,,28
Qwen-3-Coder-480B,464,simple,semantic,,29
Qwen-3-Coder-480B,464,simple,semantic,,30
Qwen-3-Coder-480B,464,simple,semantic,,31
Qwen-3-Coder-480B,464,simple,semantic,,32
Qwen-3-Coder-480B,464,simple,semantic,,33
Qwen-3-Coder-480B,464,simple,semantic,,34
Qwen-3-Coder-480B,464,simple,semantic,,35
Qwen-3-Coder-480B,464,simple,semantic,,36
Qwen-3-Coder-480B,464,simple,semantic,,37
Qwen-3-Coder-480B,464,simple,semantic,,38
Qwen-3-Coder-480B,464,simple,semantic,,39
Qwen-3-Coder-480B,464,simple,semantic,,40
Qwen-3-Coder-480B,464,simple,semantic,,41
Qwen-3-Coder-480B,464,simple,semantic,,42
Qwen-3-Coder-480B,464,simple,semantic,,43
Qwen-3-Coder-480B,464,simple,semantic,,44
Qwen-3-Coder-480B,464,simple,semantic,,45
Qwen-3-Coder-480B,464,simple,semantic,,46
Qwen-3-Coder-480B,464,simple,semantic,,47
Qwen-3-Coder-480B,464,simple,semantic,,48
Qwen-3-Coder-480B,464,simple,semantic,,49
Qwen-3-Coder-480B,464,simple,semantic,,50
Qwen-3-Coder-480B,496,simple,semantic,,1
Qwen-3-Coder-480B,496,simple,semantic,,2
Qwen-3-Coder-480B,496,simple,semantic,,3
Qwen-3-Coder-480B,496,simple,semantic,,4
Qwen-3-Coder-480B,496,simple,semantic,,5
Qwen-3-Coder-480B,496,simple,semantic,,6
Qwen-3-Coder-480B,496,simple,semantic,,7
Qwen-3-Coder-480B,496,simple,semantic,,8
Qwen-3-Coder-480B,496,simple,semantic,,9
Qwen-3-Coder-480B,496,simple,semantic,,10
Qwen-3-Coder-480B,496,simple,semantic,,11
Qwen-3-Coder-480B,496,simple,semantic,,12
Qwen-3-Coder-480B,496,simple,semantic,,13
Qwen-3-Coder-480B,496,simple,semantic,,14
Qwen-3-Coder-480B,496,simple,semantic,,15
Qwen-3-Coder-480B,496,simple,semantic,,16
Qwen-3-Coder-480B,496,simple,semantic,,17
Qwen-3-Coder-480B,496,simple,semantic,,18
Qwen-3-Coder-480B,496,simple,semantic,,19
Qwen-3-Coder-480B,496,simple,semantic,,20
Qwen-3-Coder-480B,496,simple,semantic,,21
Qwen-3-Coder-480B,496,simple,semantic,,22
Qwen-3-Coder-480B,496,simple,semantic,,23
Qwen-3-Coder-480B,496,simple,semantic,,24
Qwen-3-Coder-480B,496,simple,semantic,,25
Qwen-3-Coder-480B,496,simple,semantic,,26
Qwen-3-Coder-480B,496,simple,semantic,,27
Qwen-3-Coder-480B,496,simple,semantic,,28
Qwen-3-Coder-480B,496,simple,semantic,,29
Qwen-3-Coder-480B,496,simple,semantic,,30
Qwen-3-Coder-480B,496,simple,semantic,,31
Qwen-3-Coder-480B,496,simple,semantic,,32
Qwen-3-Coder-480B,496,simple,semantic,,33
Qwen-3-Coder-480B,496,simple,semantic,,34
Qwen-3-Coder-480B,496,simple,semantic,,35
Qwen-3-Coder-480B,496,simple,semantic,,36
Qwen-3-Coder-480B,496,simple,semantic,,37
Qwen-3-Coder-480B,496,simple,semantic,,38
Qwen-3-Coder-480B,496,simple,semantic,,39
Qwen-3-Coder-480B,496,simple,semantic,,40
Qwen-3-Coder-480B,496,simple,semantic,,41
Qwen-3-Coder-480B,496,simple,semantic,,42
Qwen-3-Coder-480B,496,simple,semantic,,43
Qwen-3-Coder-480B,496,simple,semantic,,44
Qwen-3-Coder-480B,496,simple,semantic,,45
Qwen-3-Coder-480B,496,simple,semantic,,46
Qwen-3-Coder-480B,496,simple,semantic,,47
Qwen-3-Coder-480B,496,simple,semantic,,48
Qwen-3-Coder-480B,496,simple,semantic,,49
Qwen-3-Coder-480B,496,simple,semantic,,50
Qwen-3-Coder-480B,1129,simple,semantic,,1
Qwen-3-Coder-480B,1129,simple,semantic,,2
Qwen-3-Coder-480B,1129,simple,semantic,,3
Qwen-3-Coder-480B,1129,simple,semantic,,4
Qwen-3-Coder-480B,1129,simple,semantic,,5
Qwen-3-Coder-480B,1129,simple,semantic,,6
Qwen-3-Coder-480B,1129,simple,semantic,,7
Qwen-3-Coder-480B,1129,simple,semantic,,8
Qwen-3-Coder-480B,1129,simple,semantic,,9
Qwen-3-Coder-480B,1129,simple,semantic,,10
Qwen-3-Coder-480B,1129,simple,semantic,,11
Qwen-3-Coder-480B,1129,simple,semantic,,12
Qwen-3-Coder-480B,1129,simple,semantic,,13
Qwen-3-Coder-480B,1129,simple,semantic,,14
Qwen-3-Coder-480B,1129,simple,semantic,,15
Qwen-3-Coder-480B,1129,simple,semantic,,16
Qwen-3-Coder-480B,1129,simple,semantic,,17
Qwen-3-Coder-480B,1129,simple,semantic,,18
Qwen-3-Coder-480B,1129,simple,semantic,,19
Qwen-3-Coder-480B,1129,simple,semantic,,20
Qwen-3-Coder-480B,1129,simple,semantic,,21
Qwen-3-Coder-480B,1129,simple,semantic,,22
Qwen-3-Coder-480B,1129,simple,semantic,,23
Qwen-3-Coder-480B,1129,simple,semantic,,24
Qwen-3-Coder-480B,1129,simple,semantic,,25
Qwen-3-Coder-480B,1129,simple,semantic,,26
Qwen-3-Coder-480B,1129,simple,semantic,,27
Qwen-3-Coder-480B,1129,simple,semantic,,28
Qwen-3-Coder-480B,1129,simple,semantic,,29
Qwen-3-Coder-480B,1129,simple,semantic,,30
Qwen-3-Coder-480B,1129,simple,semantic,,31
Qwen-3-Coder-480B,1129,simple,semantic,,32
Qwen-3-Coder-480B,1129,simple,semantic,,33
Qwen-3-Coder-480B,1129,simple,semantic,,34
Qwen-3-Coder-480B,1129,simple,semantic,,35
Qwen-3-Coder-480B,1129,simple,semantic,,36
Qwen-3-Coder-480B,1129,simple,semantic,,37
Qwen-3-Coder-480B,1129,simple,semantic,,38
Qwen-3-Coder-480B,1129,simple,semantic,,39
Qwen-3-Coder-480B,1129,simple,semantic,,40
Qwen-3-Coder-480B,1129,simple,semantic,,41
Qwen-3-Coder-480B,1129,simple,semantic,,42
Qwen-3-Coder-480B,1129,simple,semantic,,43
Qwen-3-Coder-480B,1129,simple,semantic,,44
Qwen-3-Coder-480B,1129,simple,semantic,,45
Qwen-3-Coder-480B,1129,simple,semantic,,46
Qwen-3-Coder-480B,1129,simple,semantic,,47
Qwen-3-Coder-480B,1129,simple,semantic,,48
Qwen-3-Coder-480B,1129,simple,semantic,,49
Qwen-3-Coder-480B,1129,simple,semantic,,50
Qwen-3-Coder-480B,1673,Simple,semantic,,1
Qwen-3-Coder-480B,1673,Simple,semantic,,2
Qwen-3-Coder-480B,1673,Simple,semantic,,3
Qwen-3-Coder-480B,1673,Simple,semantic,,4
Qwen-3-Coder-480B,1673,Simple,semantic,,5
Qwen-3-Coder-480B,1673,Simple,semantic,,6
Qwen-3-Coder-480B,1673,Simple,semantic,,7
Qwen-3-Coder-480B,1673,Simple,semantic,,8
Qwen-3-Coder-480B,1673,Simple,semantic,,9
Qwen-3-Coder-480B,1673,Simple,semantic,,10
Qwen-3-Coder-480B,1673,Simple,semantic,,11
Qwen-3-Coder-480B,1673,Simple,semantic,,12
Qwen-3-Coder-480B,1673,Simple,semantic,,13
Qwen-3-Coder-480B,1673,Simple,semantic,,14
Qwen-3-Coder-480B,1673,Simple,semantic,,15
Qwen-3-Coder-480B,1673,Simple,semantic,,16
Qwen-3-Coder-480B,1673,Simple,semantic,,17
Qwen-3-Coder-480B,1673,Simple,semantic,,18
Qwen-3-Coder-480B,1673,Simple,semantic,,19
Qwen-3-Coder-480B,1673,Simple,semantic,,20
Qwen-3-Coder-480B,1673,Simple,semantic,,21
Qwen-3-Coder-480B,1673,Simple,semantic,,22
Qwen-3-Coder-480B,1673,Simple,semantic,,23
Qwen-3-Coder-480B,1673,Simple,semantic,,24
Qwen-3-Coder-480B,1673,Simple,semantic,,25
Qwen-3-Coder-480B,1673,Simple,semantic,,26
Qwen-3-Coder-480B,1673,Simple,semantic,,27
Qwen-3-Coder-480B,1673,Simple,semantic,,28
Qwen-3-Coder-480B,1673,Simple,semantic,,29
Qwen-3-Coder-480B,1673,Simple,semantic,,30
Qwen-3-Coder-480B,1673,Simple,semantic,,31
Qwen-3-Coder-480B,1673,Simple,semantic,,32
Qwen-3-Coder-480B,1673,Simple,semantic,,33
Qwen-3-Coder-480B,1673,Simple,semantic,,34
Qwen-3-Coder-480B,1673,Simple,semantic,,35
Qwen-3-Coder-480B,1673,Simple,semantic,,36
Qwen-3-Coder-480B,1673,Simple,semantic,,37
Qwen-3-Coder-480B,1673,Simple,semantic,,38
Qwen-3-Coder-480B,1673,Simple,semantic,,39
Qwen-3-Coder-480B,1673,Simple,semantic,,40
Qwen-3-Coder-480B,1673,Simple,semantic,,41
Qwen-3-Coder-480B,1673,Simple,semantic,,42
Qwen-3-Coder-480B,1673,Simple,semantic,,43
Qwen-3-Coder-480B,1673,Simple,semantic,,44
Qwen-3-Coder-480B,1673,Simple,semantic,,45
Qwen-3-Coder-480B,1673,Simple,semantic,,46
Qwen-3-Coder-480B,1673,Simple,semantic,,47
Qwen-3-Coder-480B,1673,Simple,semantic,,48
Qwen-3-Coder-480B,1673,Simple,semantic,,49
Qwen-3-Coder-480B,1673,Simple,semantic,,50
Qwen-3-Coder-480B,84,simple,semantic,,1
Qwen-3-Coder-480B,84,simple,semantic,,2
Qwen-3-Coder-480B,84,simple,semantic,,3
Qwen-3-Coder-480B,84,simple,semantic,,4
Qwen-3-Coder-480B,84,simple,semantic,,5
Qwen-3-Coder-480B,84,simple,semantic,,6
Qwen-3-Coder-480B,84,simple,semantic,,7
Qwen-3-Coder-480B,84,simple,semantic,,8
Qwen-3-Coder-480B,84,simple,semantic,,9
Qwen-3-Coder-480B,84,simple,semantic,,10
Qwen-3-Coder-480B,84,simple,semantic,,11
Qwen-3-Coder-480B,84,simple,semantic,,12
Qwen-3-Coder-480B,84,simple,semantic,,13
Qwen-3-Coder-480B,84,simple,semantic,,14
Qwen-3-Coder-480B,84,simple,semantic,,15
Qwen-3-Coder-480B,84,simple,semantic,,16
Qwen-3-Coder-480B,84,simple,semantic,,17
Qwen-3-Coder-480B,84,simple,semantic,,18
Qwen-3-Coder-480B,84,simple,semantic,,19
Qwen-3-Coder-480B,84,simple,semantic,,20
Qwen-3-Coder-480B,84,simple,semantic,,21
Qwen-3-Coder-480B,84,simple,semantic,,22
Qwen-3-Coder-480B,84,simple,semantic,,23
Qwen-3-Coder-480B,84,simple,semantic,,24
Qwen-3-Coder-480B,84,simple,semantic,,25
Qwen-3-Coder-480B,84,simple,semantic,,26
Qwen-3-Coder-480B,84,simple,semantic,,27
Qwen-3-Coder-480B,84,simple,semantic,,28
Qwen-3-Coder-480B,84,simple,semantic,,29
Qwen-3-Coder-480B,84,simple,semantic,,30
Qwen-3-Coder-480B,84,simple,semantic,,31
Qwen-3-Coder-480B,84,simple,semantic,,32
Qwen-3-Coder-480B,84,simple,semantic,,33
Qwen-3-Coder-480B,84,simple,semantic,,34
Qwen-3-Coder-480B,84,simple,semantic,,35
Qwen-3-Coder-480B,84,simple,semantic,,36
Qwen-3-Coder-480B,84,simple,semantic,,37
Qwen-3-Coder-480B,84,simple,semantic,,38
Qwen-3-Coder-480B,84,simple,semantic,,39
Qwen-3-Coder-480B,84,simple,semantic,,40
Qwen-3-Coder-480B,84,simple,semantic,,41
Qwen-3-Coder-480B,84,simple,semantic,,42
Qwen-3-Coder-480B,84,simple,semantic,,43
Qwen-3-Coder-480B,84,simple,semantic,,44
Qwen-3-Coder-480B,84,simple,semantic,,45
Qwen-3-Coder-480B,84,simple,semantic,,46
Qwen-3-Coder-480B,84,simple,semantic,,47
Qwen-3-Coder-480B,84,simple,semantic,,48
Qwen-3-Coder-480B,84,simple,semantic,,49
Qwen-3-Coder-480B,84,simple,semantic,,50
Qwen-3-Coder-480B,1131,simple,hallucination,,1
Qwen-3-Coder-480B,1131,simple,semantic,,2
Qwen-3-Coder-480B,1131,simple,hallucination,,3
Qwen-3-Coder-480B,1131,simple,semantic,,4
Qwen-3-Coder-480B,1131,simple,semantic,,5
Qwen-3-Coder-480B,1131,simple,semantic,,6
Qwen-3-Coder-480B,1131,simple,semantic,,7
Qwen-3-Coder-480B,1131,simple,semantic,,8
Qwen-3-Coder-480B,1131,simple,semantic,,9
Qwen-3-Coder-480B,1131,simple,semantic,,10
Qwen-3-Coder-480B,1131,simple,semantic,,11
Qwen-3-Coder-480B,1131,simple,semantic,,12
Qwen-3-Coder-480B,1131,simple,semantic,,13
Qwen-3-Coder-480B,1131,simple,semantic,,14
Qwen-3-Coder-480B,1131,simple,semantic,,15
Qwen-3-Coder-480B,1131,simple,semantic,,16
Qwen-3-Coder-480B,1131,simple,semantic,,17
Qwen-3-Coder-480B,1131,simple,semantic,,18
Qwen-3-Coder-480B,1131,simple,semantic,,19
Qwen-3-Coder-480B,1131,simple,semantic,,20
Qwen-3-Coder-480B,1131,simple,semantic,,21
Qwen-3-Coder-480B,1131,simple,semantic,,22
Qwen-3-Coder-480B,1131,simple,semantic,,23
Qwen-3-Coder-480B,1131,simple,semantic,,24
Qwen-3-Coder-480B,1131,simple,semantic,,25
Qwen-3-Coder-480B,1131,simple,semantic,,26
Qwen-3-Coder-480B,1131,simple,semantic,,27
Qwen-3-Coder-480B,1131,simple,semantic,,28
Qwen-3-Coder-480B,1131,simple,semantic,,29
Qwen-3-Coder-480B,1131,simple,semantic,,30
Qwen-3-Coder-480B,1131,simple,semantic,,31
Qwen-3-Coder-480B,1131,simple,semantic,,32
Qwen-3-Coder-480B,1131,simple,semantic,,33
Qwen-3-Coder-480B,1131,simple,semantic,,34
Qwen-3-Coder-480B,1131,simple,semantic,,35
Qwen-3-Coder-480B,1131,simple,semantic,,36
Qwen-3-Coder-480B,1131,simple,semantic,,37
Qwen-3-Coder-480B,1131,simple,semantic,,38
Qwen-3-Coder-480B,1131,simple,semantic,,39
Qwen-3-Coder-480B,1131,simple,semantic,,40
Qwen-3-Coder-480B,1131,simple,semantic,,41
Qwen-3-Coder-480B,1131,simple,semantic,,42
Qwen-3-Coder-480B,1131,simple,semantic,,43
Qwen-3-Coder-480B,1131,simple,semantic,,44
Qwen-3-Coder-480B,1131,simple,semantic,,45
Qwen-3-Coder-480B,1131,simple,semantic,,46
Qwen-3-Coder-480B,1131,simple,semantic,,47
Qwen-3-Coder-480B,1131,simple,semantic,,48
Qwen-3-Coder-480B,1131,simple,semantic,,49
Qwen-3-Coder-480B,1131,simple,semantic,,50
Qwen-3-Coder-480B,502,simple,semantic,,1
Qwen-3-Coder-480B,502,simple,semantic,,2
Qwen-3-Coder-480B,502,simple,semantic,,3
Qwen-3-Coder-480B,502,simple,semantic,,4
Qwen-3-Coder-480B,502,simple,semantic,,5
Qwen-3-Coder-480B,502,simple,semantic,,6
Qwen-3-Coder-480B,502,simple,semantic,,7
Qwen-3-Coder-480B,502,simple,semantic,,8
Qwen-3-Coder-480B,502,simple,semantic,,9
Qwen-3-Coder-480B,502,simple,semantic,,10
Qwen-3-Coder-480B,502,simple,semantic,,11
Qwen-3-Coder-480B,502,simple,semantic,,12
Qwen-3-Coder-480B,502,simple,semantic,,13
Qwen-3-Coder-480B,502,simple,semantic,,14
Qwen-3-Coder-480B,502,simple,semantic,,15
Qwen-3-Coder-480B,502,simple,semantic,,16
Qwen-3-Coder-480B,502,simple,semantic,,17
Qwen-3-Coder-480B,502,simple,semantic,,18
Qwen-3-Coder-480B,502,simple,semantic,,19
Qwen-3-Coder-480B,502,simple,semantic,,20
Qwen-3-Coder-480B,502,simple,semantic,,21
Qwen-3-Coder-480B,502,simple,semantic,,22
Qwen-3-Coder-480B,502,simple,semantic,,23
Qwen-3-Coder-480B,502,simple,semantic,,24
Qwen-3-Coder-480B,502,simple,semantic,,25
Qwen-3-Coder-480B,502,simple,semantic,,26
Qwen-3-Coder-480B,502,simple,semantic,,27
Qwen-3-Coder-480B,502,simple,semantic,,28
Qwen-3-Coder-480B,502,simple,semantic,,29
Qwen-3-Coder-480B,502,simple,semantic,,30
Qwen-3-Coder-480B,502,simple,semantic,,31
Qwen-3-Coder-480B,502,simple,semantic,,32
Qwen-3-Coder-480B,502,simple,semantic,,33
Qwen-3-Coder-480B,502,simple,semantic,,34
Qwen-3-Coder-480B,502,simple,semantic,,35
Qwen-3-Coder-480B,502,simple,semantic,,36
Qwen-3-Coder-480B,502,simple,semantic,,37
Qwen-3-Coder-480B,502,simple,semantic,,38
Qwen-3-Coder-480B,502,simple,semantic,,39
Qwen-3-Coder-480B,502,simple,semantic,,40
Qwen-3-Coder-480B,502,simple,semantic,,41
Qwen-3-Coder-480B,502,simple,semantic,,42
Qwen-3-Coder-480B,502,simple,semantic,,43
Qwen-3-Coder-480B,502,simple,semantic,,44
Qwen-3-Coder-480B,502,simple,semantic,,45
Qwen-3-Coder-480B,502,simple,semantic,,46
Qwen-3-Coder-480B,502,simple,semantic,,47
Qwen-3-Coder-480B,502,simple,semantic,,48
Qwen-3-Coder-480B,502,simple,semantic,,49
Qwen-3-Coder-480B,502,simple,semantic,,50
Qwen-3-Coder-480B,953,simple,correct,0.9894309039420832,1
Qwen-3-Coder-480B,953,simple,syntactic,,2
Qwen-3-Coder-480B,953,simple,correct,0.35111469912438675,3
Qwen-3-Coder-480B,953,simple,correct,0.3998101265822785,4
Qwen-3-Coder-480B,953,simple,syntactic,,5
Qwen-3-Coder-480B,953,simple,correct,0.3474458983392048,6
Qwen-3-Coder-480B,953,simple,syntactic,,7
Qwen-3-Coder-480B,953,simple,syntactic,,8
Qwen-3-Coder-480B,953,simple,correct,0.4003140838032693,9
Qwen-3-Coder-480B,953,simple,correct,0.40394151303242215,10
Qwen-3-Coder-480B,953,simple,correct,0.40621085250873606,11
Qwen-3-Coder-480B,953,simple,correct,0.41099529940731655,12
Qwen-3-Coder-480B,953,simple,correct,0.3910530574500058,13
Qwen-3-Coder-480B,953,simple,correct,0.41401652892561985,14
Qwen-3-Coder-480B,953,simple,correct,0.42555141043261996,15
Qwen-3-Coder-480B,953,simple,syntactic,,16
Qwen-3-Coder-480B,953,simple,correct,0.3749685217829262,17
Qwen-3-Coder-480B,953,simple,correct,0.3598888673515539,18
Qwen-3-Coder-480B,953,simple,correct,0.38951741770533715,19
Qwen-3-Coder-480B,953,simple,correct,0.4010476944630566,20
Qwen-3-Coder-480B,953,simple,correct,0.41195949818506017,21
Qwen-3-Coder-480B,953,simple,syntactic,,22
Qwen-3-Coder-480B,953,simple,correct,0.45014264366254586,23
Qwen-3-Coder-480B,953,simple,syntactic,,24
Qwen-3-Coder-480B,953,simple,syntactic,,25
Qwen-3-Coder-480B,953,simple,correct,0.45758681259289286,26
Qwen-3-Coder-480B,953,simple,correct,0.45446152175093685,27
Qwen-3-Coder-480B,953,simple,correct,0.5047359882777749,28
Qwen-3-Coder-480B,953,simple,correct,0.4298595036873553,29
Qwen-3-Coder-480B,953,simple,correct,0.4338331797492391,30
Qwen-3-Coder-480B,953,simple,syntactic,,31
Qwen-3-Coder-480B,953,simple,syntactic,,32
Qwen-3-Coder-480B,953,simple,syntactic,,33
Qwen-3-Coder-480B,953,simple,correct,0.44416285153695223,34
Qwen-3-Coder-480B,953,simple,syntactic,,35
Qwen-3-Coder-480B,953,simple,correct,0.4179015035955546,36
Qwen-3-Coder-480B,953,simple,syntactic,,37
Qwen-3-Coder-480B,953,simple,syntactic,,38
Qwen-3-Coder-480B,953,simple,syntactic,,39
Qwen-3-Coder-480B,953,simple,correct,0.42937179309388435,40
Qwen-3-Coder-480B,953,simple,syntactic,,41
Qwen-3-Coder-480B,953,simple,syntactic,,42
Qwen-3-Coder-480B,953,simple,syntactic,,43
Qwen-3-Coder-480B,953,simple,syntactic,,44
Qwen-3-Coder-480B,953,simple,syntactic,,45
Qwen-3-Coder-480B,953,simple,syntactic,,46
Qwen-3-Coder-480B,953,simple,syntactic,,47
Qwen-3-Coder-480B,953,simple,correct,0.33064386699543324,48
Qwen-3-Coder-480B,953,simple,correct,0.39868544600938965,49
Qwen-3-Coder-480B,953,simple,correct,0.4765677142276777,50
Qwen-3-Coder-480B,54,simple,semantic,,1
Qwen-3-Coder-480B,54,simple,semantic,,2
Qwen-3-Coder-480B,54,simple,semantic,,3
Qwen-3-Coder-480B,54,simple,semantic,,4
Qwen-3-Coder-480B,54,simple,semantic,,5
Qwen-3-Coder-480B,54,simple,semantic,,6
Qwen-3-Coder-480B,54,simple,semantic,,7
Qwen-3-Coder-480B,54,simple,semantic,,8
Qwen-3-Coder-480B,54,simple,semantic,,9
Qwen-3-Coder-480B,54,simple,semantic,,10
Qwen-3-Coder-480B,54,simple,semantic,,11
Qwen-3-Coder-480B,54,simple,semantic,,12
Qwen-3-Coder-480B,54,simple,semantic,,13
Qwen-3-Coder-480B,54,simple,semantic,,14
Qwen-3-Coder-480B,54,simple,semantic,,15
Qwen-3-Coder-480B,54,simple,semantic,,16
Qwen-3-Coder-480B,54,simple,semantic,,17
Qwen-3-Coder-480B,54,simple,semantic,,18
Qwen-3-Coder-480B,54,simple,semantic,,19
Qwen-3-Coder-480B,54,simple,semantic,,20
Qwen-3-Coder-480B,54,simple,semantic,,21
Qwen-3-Coder-480B,54,simple,semantic,,22
Qwen-3-Coder-480B,54,simple,semantic,,23
Qwen-3-Coder-480B,54,simple,semantic,,24
Qwen-3-Coder-480B,54,simple,semantic,,25
Qwen-3-Coder-480B,54,simple,semantic,,26
Qwen-3-Coder-480B,54,simple,semantic,,27
Qwen-3-Coder-480B,54,simple,semantic,,28
Qwen-3-Coder-480B,54,simple,semantic,,29
Qwen-3-Coder-480B,54,simple,semantic,,30
Qwen-3-Coder-480B,54,simple,semantic,,31
Qwen-3-Coder-480B,54,simple,semantic,,32
Qwen-3-Coder-480B,54,simple,semantic,,33
Qwen-3-Coder-480B,54,simple,semantic,,34
Qwen-3-Coder-480B,54,simple,semantic,,35
Qwen-3-Coder-480B,54,simple,semantic,,36
Qwen-3-Coder-480B,54,simple,semantic,,37
Qwen-3-Coder-480B,54,simple,semantic,,38
Qwen-3-Coder-480B,54,simple,semantic,,39
Qwen-3-Coder-480B,54,simple,semantic,,40
Qwen-3-Coder-480B,54,simple,semantic,,41
Qwen-3-Coder-480B,54,simple,semantic,,42
Qwen-3-Coder-480B,54,simple,semantic,,43
Qwen-3-Coder-480B,54,simple,semantic,,44
Qwen-3-Coder-480B,54,simple,semantic,,45
Qwen-3-Coder-480B,54,simple,semantic,,46
Qwen-3-Coder-480B,54,simple,semantic,,47
Qwen-3-Coder-480B,54,simple,semantic,,48
Qwen-3-Coder-480B,54,simple,semantic,,49
Qwen-3-Coder-480B,54,simple,semantic,,50
Qwen-3-Coder-480B,1004,simple,semantic,,1
Qwen-3-Coder-480B,1004,simple,semantic,,2
Qwen-3-Coder-480B,1004,simple,semantic,,3
Qwen-3-Coder-480B,1004,simple,semantic,,4
Qwen-3-Coder-480B,1004,simple,semantic,,5
Qwen-3-Coder-480B,1004,simple,semantic,,6
Qwen-3-Coder-480B,1004,simple,semantic,,7
Qwen-3-Coder-480B,1004,simple,semantic,,8
Qwen-3-Coder-480B,1004,simple,semantic,,9
Qwen-3-Coder-480B,1004,simple,semantic,,10
Qwen-3-Coder-480B,1004,simple,semantic,,11
Qwen-3-Coder-480B,1004,simple,semantic,,12
Qwen-3-Coder-480B,1004,simple,semantic,,13
Qwen-3-Coder-480B,1004,simple,semantic,,14
Qwen-3-Coder-480B,1004,simple,semantic,,15
Qwen-3-Coder-480B,1004,simple,semantic,,16
Qwen-3-Coder-480B,1004,simple,semantic,,17
Qwen-3-Coder-480B,1004,simple,semantic,,18
Qwen-3-Coder-480B,1004,simple,semantic,,19
Qwen-3-Coder-480B,1004,simple,semantic,,20
Qwen-3-Coder-480B,1004,simple,semantic,,21
Qwen-3-Coder-480B,1004,simple,semantic,,22
Qwen-3-Coder-480B,1004,simple,semantic,,23
Qwen-3-Coder-480B,1004,simple,semantic,,24
Qwen-3-Coder-480B,1004,simple,semantic,,25
Qwen-3-Coder-480B,1004,simple,semantic,,26
Qwen-3-Coder-480B,1004,simple,semantic,,27
Qwen-3-Coder-480B,1004,simple,semantic,,28
Qwen-3-Coder-480B,1004,simple,semantic,,29
Qwen-3-Coder-480B,1004,simple,semantic,,30
Qwen-3-Coder-480B,1004,simple,semantic,,31
Qwen-3-Coder-480B,1004,simple,semantic,,32
Qwen-3-Coder-480B,1004,simple,semantic,,33
Qwen-3-Coder-480B,1004,simple,semantic,,34
Qwen-3-Coder-480B,1004,simple,semantic,,35
Qwen-3-Coder-480B,1004,simple,semantic,,36
Qwen-3-Coder-480B,1004,simple,semantic,,37
Qwen-3-Coder-480B,1004,simple,semantic,,38
Qwen-3-Coder-480B,1004,simple,semantic,,39
Qwen-3-Coder-480B,1004,simple,semantic,,40
Qwen-3-Coder-480B,1004,simple,semantic,,41
Qwen-3-Coder-480B,1004,simple,semantic,,42
Qwen-3-Coder-480B,1004,simple,semantic,,43
Qwen-3-Coder-480B,1004,simple,semantic,,44
Qwen-3-Coder-480B,1004,simple,semantic,,45
Qwen-3-Coder-480B,1004,simple,semantic,,46
Qwen-3-Coder-480B,1004,simple,semantic,,47
Qwen-3-Coder-480B,1004,simple,semantic,,48
Qwen-3-Coder-480B,1004,simple,semantic,,49
Qwen-3-Coder-480B,1004,simple,semantic,,50
Qwen-3-Coder-480B,1575,Simple,other,,1
Qwen-3-Coder-480B,1575,Simple,semantic,,2
Qwen-3-Coder-480B,1575,Simple,other,,3
Qwen-3-Coder-480B,1575,Simple,other,,4
Qwen-3-Coder-480B,1575,Simple,other,,5
Qwen-3-Coder-480B,1575,Simple,other,,6
Qwen-3-Coder-480B,1575,Simple,other,,7
Qwen-3-Coder-480B,1575,Simple,other,,8
Qwen-3-Coder-480B,1575,Simple,other,,9
Qwen-3-Coder-480B,1575,Simple,other,,10
Qwen-3-Coder-480B,1575,Simple,other,,11
Qwen-3-Coder-480B,1575,Simple,other,,12
Qwen-3-Coder-480B,1575,Simple,other,,13
Qwen-3-Coder-480B,1575,Simple,other,,14
Qwen-3-Coder-480B,1575,Simple,other,,15
Qwen-3-Coder-480B,1575,Simple,other,,16
Qwen-3-Coder-480B,1575,Simple,other,,17
Qwen-3-Coder-480B,1575,Simple,semantic,,18
Qwen-3-Coder-480B,1575,Simple,other,,19
Qwen-3-Coder-480B,1575,Simple,other,,20
Qwen-3-Coder-480B,1575,Simple,other,,21
Qwen-3-Coder-480B,1575,Simple,other,,22
Qwen-3-Coder-480B,1575,Simple,other,,23
Qwen-3-Coder-480B,1575,Simple,other,,24
Qwen-3-Coder-480B,1575,Simple,other,,25
Qwen-3-Coder-480B,1575,Simple,other,,26
Qwen-3-Coder-480B,1575,Simple,other,,27
Qwen-3-Coder-480B,1575,Simple,other,,28
Qwen-3-Coder-480B,1575,Simple,other,,29
Qwen-3-Coder-480B,1575,Simple,other,,30
Qwen-3-Coder-480B,1575,Simple,other,,31
Qwen-3-Coder-480B,1575,Simple,other,,32
Qwen-3-Coder-480B,1575,Simple,other,,33
Qwen-3-Coder-480B,1575,Simple,other,,34
Qwen-3-Coder-480B,1575,Simple,other,,35
Qwen-3-Coder-480B,1575,Simple,other,,36
Qwen-3-Coder-480B,1575,Simple,other,,37
Qwen-3-Coder-480B,1575,Simple,other,,38
Qwen-3-Coder-480B,1575,Simple,other,,39
Qwen-3-Coder-480B,1575,Simple,other,,40
Qwen-3-Coder-480B,1575,Simple,other,,41
Qwen-3-Coder-480B,1575,Simple,other,,42
Qwen-3-Coder-480B,1575,Simple,other,,43
Qwen-3-Coder-480B,1575,Simple,other,,44
Qwen-3-Coder-480B,1575,Simple,other,,45
Qwen-3-Coder-480B,1575,Simple,other,,46
Qwen-3-Coder-480B,1575,Simple,other,,47
Qwen-3-Coder-480B,1575,Simple,other,,48
Qwen-3-Coder-480B,1575,Simple,other,,49
Qwen-3-Coder-480B,1575,Simple,other,,50
Qwen-3-Coder-480B,549,simple,correct,5.934666016577279,1
Qwen-3-Coder-480B,549,simple,correct,1.7980392156862746,2
Qwen-3-Coder-480B,549,simple,correct,1.3704501399956925,3
Qwen-3-Coder-480B,549,simple,correct,1.5204963438954133,4
Qwen-3-Coder-480B,549,simple,correct,1.418892760356175,5
Qwen-3-Coder-480B,549,simple,correct,1.3576512455516014,6
Qwen-3-Coder-480B,549,simple,correct,2.0533417668142526,7
Qwen-3-Coder-480B,549,simple,correct,1.4187599364069952,8
Qwen-3-Coder-480B,549,simple,correct,1.2728820774797787,9
Qwen-3-Coder-480B,549,simple,correct,1.4993297587131367,10
Qwen-3-Coder-480B,549,simple,correct,1.4562201993931512,11
Qwen-3-Coder-480B,549,simple,correct,1.4096332302253645,12
Qwen-3-Coder-480B,549,simple,correct,1.3232256646890794,13
Qwen-3-Coder-480B,549,simple,correct,1.495244271508863,14
Qwen-3-Coder-480B,549,simple,correct,1.1491942183086892,15
Qwen-3-Coder-480B,549,simple,correct,1.371627502175805,16
Qwen-3-Coder-480B,549,simple,correct,1.1892925430210326,17
Qwen-3-Coder-480B,549,simple,correct,1.4847027972027973,18
Qwen-3-Coder-480B,549,simple,correct,1.4426404614398634,19
Qwen-3-Coder-480B,549,simple,correct,1.3556813234653897,20
Qwen-3-Coder-480B,549,simple,correct,1.3576596413966657,21
Qwen-3-Coder-480B,549,simple,correct,1.5459375691830861,22
Qwen-3-Coder-480B,549,simple,correct,1.3269813772195755,23
Qwen-3-Coder-480B,549,simple,correct,1.2716685757922872,24
Qwen-3-Coder-480B,549,simple,correct,1.440567066521265,25
Qwen-3-Coder-480B,549,simple,correct,1.5318071758749725,26
Qwen-3-Coder-480B,549,simple,correct,1.338879159369527,27
Qwen-3-Coder-480B,549,simple,correct,1.1489685492052757,28
Qwen-3-Coder-480B,549,simple,correct,1.3426573426573427,29
Qwen-3-Coder-480B,549,simple,correct,1.400210914843132,30
Qwen-3-Coder-480B,549,simple,correct,1.2999128160418483,31
Qwen-3-Coder-480B,549,simple,correct,1.4574261694330675,32
Qwen-3-Coder-480B,549,simple,correct,1.5127414714344432,33
Qwen-3-Coder-480B,549,simple,correct,1.3928264604810996,34
Qwen-3-Coder-480B,549,simple,correct,1.5235305604374145,35
Qwen-3-Coder-480B,549,simple,correct,1.443843843843844,36
Qwen-3-Coder-480B,549,simple,correct,1.6068118128907092,37
Qwen-3-Coder-480B,549,simple,correct,1.786153215895125,38
Qwen-3-Coder-480B,549,simple,correct,1.0601769911504424,39
Qwen-3-Coder-480B,549,simple,correct,1.3066007310255858,40
Qwen-3-Coder-480B,549,simple,correct,1.3507726269315674,41
Qwen-3-Coder-480B,549,simple,correct,1.4854708324229844,42
Qwen-3-Coder-480B,549,simple,correct,1.3405452185201212,43
Qwen-3-Coder-480B,549,simple,correct,1.4533871970167807,44
Qwen-3-Coder-480B,549,simple,correct,1.1245765901392548,45
Qwen-3-Coder-480B,549,simple,correct,1.5892197348402521,46
Qwen-3-Coder-480B,549,simple,correct,1.2311661506707947,47
Qwen-3-Coder-480B,549,simple,correct,1.1743353783231083,48
Qwen-3-Coder-480B,549,simple,correct,1.2538582677165355,49
Qwen-3-Coder-480B,549,simple,correct,1.5696837513631408,50
Qwen-3-Coder-480B,1221,simple,semantic,,1
Qwen-3-Coder-480B,1221,simple,semantic,,2
Qwen-3-Coder-480B,1221,simple,semantic,,3
Qwen-3-Coder-480B,1221,simple,semantic,,4
Qwen-3-Coder-480B,1221,simple,semantic,,5
Qwen-3-Coder-480B,1221,simple,semantic,,6
Qwen-3-Coder-480B,1221,simple,semantic,,7
Qwen-3-Coder-480B,1221,simple,semantic,,8
Qwen-3-Coder-480B,1221,simple,semantic,,9
Qwen-3-Coder-480B,1221,simple,semantic,,10
Qwen-3-Coder-480B,1221,simple,semantic,,11
Qwen-3-Coder-480B,1221,simple,semantic,,12
Qwen-3-Coder-480B,1221,simple,semantic,,13
Qwen-3-Coder-480B,1221,simple,semantic,,14
Qwen-3-Coder-480B,1221,simple,semantic,,15
Qwen-3-Coder-480B,1221,simple,semantic,,16
Qwen-3-Coder-480B,1221,simple,semantic,,17
Qwen-3-Coder-480B,1221,simple,semantic,,18
Qwen-3-Coder-480B,1221,simple,semantic,,19
Qwen-3-Coder-480B,1221,simple,semantic,,20
Qwen-3-Coder-480B,1221,simple,semantic,,21
Qwen-3-Coder-480B,1221,simple,semantic,,22
Qwen-3-Coder-480B,1221,simple,semantic,,23
Qwen-3-Coder-480B,1221,simple,semantic,,24
Qwen-3-Coder-480B,1221,simple,semantic,,25
Qwen-3-Coder-480B,1221,simple,semantic,,26
Qwen-3-Coder-480B,1221,simple,semantic,,27
Qwen-3-Coder-480B,1221,simple,semantic,,28
Qwen-3-Coder-480B,1221,simple,semantic,,29
Qwen-3-Coder-480B,1221,simple,semantic,,30
Qwen-3-Coder-480B,1221,simple,semantic,,31
Qwen-3-Coder-480B,1221,simple,semantic,,32
Qwen-3-Coder-480B,1221,simple,semantic,,33
Qwen-3-Coder-480B,1221,simple,semantic,,34
Qwen-3-Coder-480B,1221,simple,semantic,,35
Qwen-3-Coder-480B,1221,simple,semantic,,36
Qwen-3-Coder-480B,1221,simple,semantic,,37
Qwen-3-Coder-480B,1221,simple,semantic,,38
Qwen-3-Coder-480B,1221,simple,semantic,,39
Qwen-3-Coder-480B,1221,simple,semantic,,40
Qwen-3-Coder-480B,1221,simple,semantic,,41
Qwen-3-Coder-480B,1221,simple,semantic,,42
Qwen-3-Coder-480B,1221,simple,semantic,,43
Qwen-3-Coder-480B,1221,simple,semantic,,44
Qwen-3-Coder-480B,1221,simple,semantic,,45
Qwen-3-Coder-480B,1221,simple,semantic,,46
Qwen-3-Coder-480B,1221,simple,semantic,,47
Qwen-3-Coder-480B,1221,simple,semantic,,48
Qwen-3-Coder-480B,1221,simple,semantic,,49
Qwen-3-Coder-480B,1221,simple,semantic,,50
Qwen-3-Coder-480B,756,simple,correct,3.938941076003416,1
Qwen-3-Coder-480B,756,simple,correct,1.2576879910213243,2
Qwen-3-Coder-480B,756,simple,correct,1.5486744432661719,3
Qwen-3-Coder-480B,756,simple,correct,1.6611694152923537,4
Qwen-3-Coder-480B,756,simple,correct,1.4808055380742606,5
Qwen-3-Coder-480B,756,simple,correct,1.4001135073779796,6
Qwen-3-Coder-480B,756,simple,correct,1.5552131484334875,7
Qwen-3-Coder-480B,756,simple,correct,1.586340206185567,8
Qwen-3-Coder-480B,756,simple,correct,1.7550753110674526,9
Qwen-3-Coder-480B,756,simple,correct,1.5168195718654434,10
Qwen-3-Coder-480B,756,simple,correct,1.5875370919881306,11
Qwen-3-Coder-480B,756,simple,correct,1.4463768115942028,12
Qwen-3-Coder-480B,756,simple,correct,1.7642064010450687,13
Qwen-3-Coder-480B,756,simple,correct,1.3489077669902914,14
Qwen-3-Coder-480B,756,simple,correct,1.1123076923076922,15
Qwen-3-Coder-480B,756,simple,correct,1.5343693962940825,16
Qwen-3-Coder-480B,756,simple,correct,1.5342648037258815,17
Qwen-3-Coder-480B,756,simple,correct,1.4687083888149135,18
Qwen-3-Coder-480B,756,simple,correct,1.4303874092009685,19
Qwen-3-Coder-480B,756,simple,correct,1.42065781881131,20
Qwen-3-Coder-480B,756,simple,correct,1.5193075898801598,21
Qwen-3-Coder-480B,756,simple,correct,1.443286327406499,22
Qwen-3-Coder-480B,756,simple,correct,1.6784544859201047,23
Qwen-3-Coder-480B,756,simple,correct,1.4301136363636364,24
Qwen-3-Coder-480B,756,simple,correct,1.4736842105263157,25
Qwen-3-Coder-480B,756,simple,correct,1.5393858477970628,26
Qwen-3-Coder-480B,756,simple,correct,1.444976076555024,27
Qwen-3-Coder-480B,756,simple,correct,1.5008870490833826,28
Qwen-3-Coder-480B,756,simple,correct,1.4264705882352942,29
Qwen-3-Coder-480B,756,simple,correct,1.349067599067599,30
Qwen-3-Coder-480B,756,simple,correct,1.5559588626739262,31
Qwen-3-Coder-480B,756,simple,correct,1.5726902173913044,32
Qwen-3-Coder-480B,756,simple,correct,1.6850756081525313,33
Qwen-3-Coder-480B,756,simple,correct,1.2877387553912507,34
Qwen-3-Coder-480B,756,simple,correct,1.5157384987893463,35
Qwen-3-Coder-480B,756,simple,correct,1.3581715716969318,36
Qwen-3-Coder-480B,756,simple,correct,1.4957874270900842,37
Qwen-3-Coder-480B,756,simple,correct,1.520572450805009,38
Qwen-3-Coder-480B,756,simple,correct,1.5456755817992358,39
Qwen-3-Coder-480B,756,simple,correct,1.6804659871021428,40
Qwen-3-Coder-480B,756,simple,correct,0.7181740248606944,41
Qwen-3-Coder-480B,756,simple,correct,1.07646337726019,42
Qwen-3-Coder-480B,756,simple,correct,1.6594837261503927,43
Qwen-3-Coder-480B,756,simple,correct,1.491852406817756,44
Qwen-3-Coder-480B,756,simple,correct,0.9756873012904432,45
Qwen-3-Coder-480B,756,simple,correct,1.2205523964256701,46
Qwen-3-Coder-480B,756,simple,correct,1.2522281639928698,47
Qwen-3-Coder-480B,756,simple,correct,1.4649966450458511,48
Qwen-3-Coder-480B,756,simple,correct,1.3061538461538462,49
Qwen-3-Coder-480B,756,simple,correct,1.5122711336190104,50
Qwen-3-Coder-480B,1313,simple,correct,6.281553398058253,1
Qwen-3-Coder-480B,1313,simple,correct,0.5919175181809813,2
Qwen-3-Coder-480B,1313,simple,correct,1.6147390506163126,3
Qwen-3-Coder-480B,1313,simple,correct,0.11515636774679729,4
Qwen-3-Coder-480B,1313,simple,correct,1.4578313253012047,5
Qwen-3-Coder-480B,1313,simple,correct,1.49645390070922,6
Qwen-3-Coder-480B,1313,simple,correct,1.5846905537459284,7
Qwen-3-Coder-480B,1313,simple,correct,1.3563870967741936,8
Qwen-3-Coder-480B,1313,simple,correct,1.5413612565445025,9
Qwen-3-Coder-480B,1313,simple,correct,1.5165441176470589,10
Qwen-3-Coder-480B,1313,simple,correct,1.512896239417208,11
Qwen-3-Coder-480B,1313,simple,correct,1.4965861344537814,12
Qwen-3-Coder-480B,1313,simple,correct,1.828099173553719,13
Qwen-3-Coder-480B,1313,simple,correct,1.5520689655172413,14
Qwen-3-Coder-480B,1313,simple,correct,1.3767123287671232,15
Qwen-3-Coder-480B,1313,simple,correct,1.4989378651088687,16
Qwen-3-Coder-480B,1313,simple,correct,1.5148980658651332,17
Qwen-3-Coder-480B,1313,simple,correct,1.4728115093879541,18
Qwen-3-Coder-480B,1313,simple,correct,1.481203007518797,19
Qwen-3-Coder-480B,1313,simple,correct,1.1835953244659412,20
Qwen-3-Coder-480B,1313,simple,correct,1.6023360764534111,21
Qwen-3-Coder-480B,1313,simple,correct,1.5805263157894738,22
Qwen-3-Coder-480B,1313,simple,correct,1.3628140703517588,23
Qwen-3-Coder-480B,1313,simple,correct,1.6044973544973544,24
Qwen-3-Coder-480B,1313,simple,correct,1.4576448990296356,25
Qwen-3-Coder-480B,1313,simple,correct,1.5301891681782844,26
Qwen-3-Coder-480B,1313,simple,correct,1.541170378042465,27
Qwen-3-Coder-480B,1313,simple,correct,1.7623174052983412,28
Qwen-3-Coder-480B,1313,simple,correct,1.3434673366834171,29
Qwen-3-Coder-480B,1313,simple,correct,1.7918454935622317,30
Qwen-3-Coder-480B,1313,simple,correct,1.5782331027142096,31
Qwen-3-Coder-480B,1313,simple,correct,1.5218064516129033,32
Qwen-3-Coder-480B,1313,simple,correct,1.6753903672751265,33
Qwen-3-Coder-480B,1313,simple,correct,1.3771929824561404,34
Qwen-3-Coder-480B,1313,simple,correct,1.5311461794019934,35
Qwen-3-Coder-480B,1313,simple,correct,1.3975520195838433,36
Qwen-3-Coder-480B,1313,simple,correct,1.5247900298022217,37
Qwen-3-Coder-480B,1313,simple,correct,0.8994929913510289,38
Qwen-3-Coder-480B,1313,simple,correct,2.304185351270553,39
Qwen-3-Coder-480B,1313,simple,correct,1.6640173410404624,40
Qwen-3-Coder-480B,1313,simple,correct,1.4863119834710743,41
Qwen-3-Coder-480B,1313,simple,correct,1.4602587800369686,42
Qwen-3-Coder-480B,1313,simple,correct,1.6076923076923078,43
Qwen-3-Coder-480B,1313,simple,correct,0.9161341853035144,44
Qwen-3-Coder-480B,1313,simple,correct,1.452248921749846,45
Qwen-3-Coder-480B,1313,simple,correct,1.5455746367239103,46
Qwen-3-Coder-480B,1313,simple,correct,2.1312458361092603,47
Qwen-3-Coder-480B,1313,simple,correct,1.5054174633524537,48
Qwen-3-Coder-480B,1313,simple,correct,1.6914817465998568,49
Qwen-3-Coder-480B,1313,simple,correct,1.821859474804826,50
Qwen-3-Coder-480B,1363,simple,semantic,,1
Qwen-3-Coder-480B,1363,simple,semantic,,2
Qwen-3-Coder-480B,1363,simple,semantic,,3
Qwen-3-Coder-480B,1363,simple,semantic,,4
Qwen-3-Coder-480B,1363,simple,semantic,,5
Qwen-3-Coder-480B,1363,simple,semantic,,6
Qwen-3-Coder-480B,1363,simple,semantic,,7
Qwen-3-Coder-480B,1363,simple,semantic,,8
Qwen-3-Coder-480B,1363,simple,semantic,,9
Qwen-3-Coder-480B,1363,simple,semantic,,10
Qwen-3-Coder-480B,1363,simple,semantic,,11
Qwen-3-Coder-480B,1363,simple,semantic,,12
Qwen-3-Coder-480B,1363,simple,semantic,,13
Qwen-3-Coder-480B,1363,simple,semantic,,14
Qwen-3-Coder-480B,1363,simple,semantic,,15
Qwen-3-Coder-480B,1363,simple,semantic,,16
Qwen-3-Coder-480B,1363,simple,semantic,,17
Qwen-3-Coder-480B,1363,simple,semantic,,18
Qwen-3-Coder-480B,1363,simple,semantic,,19
Qwen-3-Coder-480B,1363,simple,semantic,,20
Qwen-3-Coder-480B,1363,simple,semantic,,21
Qwen-3-Coder-480B,1363,simple,semantic,,22
Qwen-3-Coder-480B,1363,simple,semantic,,23
Qwen-3-Coder-480B,1363,simple,semantic,,24
Qwen-3-Coder-480B,1363,simple,semantic,,25
Qwen-3-Coder-480B,1363,simple,semantic,,26
Qwen-3-Coder-480B,1363,simple,semantic,,27
Qwen-3-Coder-480B,1363,simple,semantic,,28
Qwen-3-Coder-480B,1363,simple,semantic,,29
Qwen-3-Coder-480B,1363,simple,semantic,,30
Qwen-3-Coder-480B,1363,simple,semantic,,31
Qwen-3-Coder-480B,1363,simple,semantic,,32
Qwen-3-Coder-480B,1363,simple,semantic,,33
Qwen-3-Coder-480B,1363,simple,semantic,,34
Qwen-3-Coder-480B,1363,simple,semantic,,35
Qwen-3-Coder-480B,1363,simple,semantic,,36
Qwen-3-Coder-480B,1363,simple,semantic,,37
Qwen-3-Coder-480B,1363,simple,semantic,,38
Qwen-3-Coder-480B,1363,simple,semantic,,39
Qwen-3-Coder-480B,1363,simple,semantic,,40
Qwen-3-Coder-480B,1363,simple,semantic,,41
Qwen-3-Coder-480B,1363,simple,semantic,,42
Qwen-3-Coder-480B,1363,simple,semantic,,43
Qwen-3-Coder-480B,1363,simple,semantic,,44
Qwen-3-Coder-480B,1363,simple,semantic,,45
Qwen-3-Coder-480B,1363,simple,semantic,,46
Qwen-3-Coder-480B,1363,simple,semantic,,47
Qwen-3-Coder-480B,1363,simple,semantic,,48
Qwen-3-Coder-480B,1363,simple,semantic,,49
Qwen-3-Coder-480B,1363,simple,semantic,,50
Qwen-3-Coder-480B,1045,simple,semantic,,1
Qwen-3-Coder-480B,1045,simple,semantic,,2
Qwen-3-Coder-480B,1045,simple,semantic,,3
Qwen-3-Coder-480B,1045,simple,semantic,,4
Qwen-3-Coder-480B,1045,simple,semantic,,5
Qwen-3-Coder-480B,1045,simple,semantic,,6
Qwen-3-Coder-480B,1045,simple,semantic,,7
Qwen-3-Coder-480B,1045,simple,semantic,,8
Qwen-3-Coder-480B,1045,simple,semantic,,9
Qwen-3-Coder-480B,1045,simple,semantic,,10
Qwen-3-Coder-480B,1045,simple,semantic,,11
Qwen-3-Coder-480B,1045,simple,semantic,,12
Qwen-3-Coder-480B,1045,simple,semantic,,13
Qwen-3-Coder-480B,1045,simple,semantic,,14
Qwen-3-Coder-480B,1045,simple,semantic,,15
Qwen-3-Coder-480B,1045,simple,semantic,,16
Qwen-3-Coder-480B,1045,simple,semantic,,17
Qwen-3-Coder-480B,1045,simple,semantic,,18
Qwen-3-Coder-480B,1045,simple,semantic,,19
Qwen-3-Coder-480B,1045,simple,semantic,,20
Qwen-3-Coder-480B,1045,simple,semantic,,21
Qwen-3-Coder-480B,1045,simple,semantic,,22
Qwen-3-Coder-480B,1045,simple,semantic,,23
Qwen-3-Coder-480B,1045,simple,semantic,,24
Qwen-3-Coder-480B,1045,simple,semantic,,25
Qwen-3-Coder-480B,1045,simple,semantic,,26
Qwen-3-Coder-480B,1045,simple,semantic,,27
Qwen-3-Coder-480B,1045,simple,semantic,,28
Qwen-3-Coder-480B,1045,simple,semantic,,29
Qwen-3-Coder-480B,1045,simple,semantic,,30
Qwen-3-Coder-480B,1045,simple,semantic,,31
Qwen-3-Coder-480B,1045,simple,semantic,,32
Qwen-3-Coder-480B,1045,simple,semantic,,33
Qwen-3-Coder-480B,1045,simple,semantic,,34
Qwen-3-Coder-480B,1045,simple,semantic,,35
Qwen-3-Coder-480B,1045,simple,semantic,,36
Qwen-3-Coder-480B,1045,simple,semantic,,37
Qwen-3-Coder-480B,1045,simple,semantic,,38
Qwen-3-Coder-480B,1045,simple,semantic,,39
Qwen-3-Coder-480B,1045,simple,semantic,,40
Qwen-3-Coder-480B,1045,simple,semantic,,41
Qwen-3-Coder-480B,1045,simple,semantic,,42
Qwen-3-Coder-480B,1045,simple,semantic,,43
Qwen-3-Coder-480B,1045,simple,semantic,,44
Qwen-3-Coder-480B,1045,simple,semantic,,45
Qwen-3-Coder-480B,1045,simple,semantic,,46
Qwen-3-Coder-480B,1045,simple,semantic,,47
Qwen-3-Coder-480B,1045,simple,semantic,,48
Qwen-3-Coder-480B,1045,simple,semantic,,49
Qwen-3-Coder-480B,1045,simple,semantic,,50
Qwen-3-Coder-480B,1145,simple,correct,16.142140969403044,1
Qwen-3-Coder-480B,1145,simple,correct,1.549134009797061,2
Qwen-3-Coder-480B,1145,simple,correct,1.4790772488161965,3
Qwen-3-Coder-480B,1145,simple,correct,1.5763056516031608,4
Qwen-3-Coder-480B,1145,simple,correct,1.5493656970352663,5
Qwen-3-Coder-480B,1145,simple,correct,0.9759182782702122,6
Qwen-3-Coder-480B,1145,simple,correct,1.4976580193535105,7
Qwen-3-Coder-480B,1145,simple,correct,1.5308958808382247,8
Qwen-3-Coder-480B,1145,simple,correct,1.5021190767973855,9
Qwen-3-Coder-480B,1145,simple,correct,1.5002135510985068,10
Qwen-3-Coder-480B,1145,simple,correct,1.5511941190953538,11
Qwen-3-Coder-480B,1145,simple,correct,1.0854825697422614,12
Qwen-3-Coder-480B,1145,simple,correct,1.5310823111265224,13
Qwen-3-Coder-480B,1145,simple,correct,1.498468945103176,14
Qwen-3-Coder-480B,1145,simple,correct,1.5115250834962881,15
Qwen-3-Coder-480B,1145,simple,correct,1.5025086491006574,16
Qwen-3-Coder-480B,1145,simple,correct,0.7898463412106136,17
Qwen-3-Coder-480B,1145,simple,correct,0.9755529023821706,18
Qwen-3-Coder-480B,1145,simple,correct,1.43789449011368,19
Qwen-3-Coder-480B,1145,simple,correct,1.508351251397609,20
Qwen-3-Coder-480B,1145,simple,correct,1.4137983466312412,21
Qwen-3-Coder-480B,1145,simple,correct,1.4112185624406648,22
Qwen-3-Coder-480B,1145,simple,correct,1.5149467026904933,23
Qwen-3-Coder-480B,1145,simple,correct,1.5054013004078708,24
Qwen-3-Coder-480B,1145,simple,correct,0.9954131118283336,25
Qwen-3-Coder-480B,1145,simple,correct,1.3482862635150024,26
Qwen-3-Coder-480B,1145,simple,correct,1.5317687759791392,27
Qwen-3-Coder-480B,1145,simple,correct,1.4880913707319576,28
Qwen-3-Coder-480B,1145,simple,correct,1.5291729517734776,29
Qwen-3-Coder-480B,1145,simple,correct,1.4979892187901087,30
Qwen-3-Coder-480B,1145,simple,correct,1.007712590073261,31
Qwen-3-Coder-480B,1145,simple,correct,1.5024349144831073,32
Qwen-3-Coder-480B,1145,simple,correct,1.4806367308149204,33
Qwen-3-Coder-480B,1145,simple,correct,1.475935002618093,34
Qwen-3-Coder-480B,1145,simple,correct,1.525315623932223,35
Qwen-3-Coder-480B,1145,simple,correct,1.3994345332908569,36
Qwen-3-Coder-480B,1145,simple,correct,1.505789919634375,37
Qwen-3-Coder-480B,1145,simple,correct,1.5014854579234411,38
Qwen-3-Coder-480B,1145,simple,correct,1.4021183024846555,39
Qwen-3-Coder-480B,1145,simple,correct,1.531437930018544,40
Qwen-3-Coder-480B,1145,simple,correct,1.5338166901592714,41
Qwen-3-Coder-480B,1145,simple,correct,1.5478264649626152,42
Qwen-3-Coder-480B,1145,simple,correct,1.4989168571015945,43
Qwen-3-Coder-480B,1145,simple,correct,1.5321445492527028,44
Qwen-3-Coder-480B,1145,simple,correct,1.507066303984074,45
Qwen-3-Coder-480B,1145,simple,correct,1.6139452013509081,46
Qwen-3-Coder-480B,1145,simple,correct,1.4796421646994795,47
Qwen-3-Coder-480B,1145,simple,correct,1.5135713607608592,48
Qwen-3-Coder-480B,1145,simple,correct,1.1714652235597958,49
Qwen-3-Coder-480B,1145,simple,correct,1.5919947905361407,50
Qwen-3-Coder-480B,428,simple,semantic,,1
Qwen-3-Coder-480B,428,simple,semantic,,2
Qwen-3-Coder-480B,428,simple,semantic,,3
Qwen-3-Coder-480B,428,simple,semantic,,4
Qwen-3-Coder-480B,428,simple,semantic,,5
Qwen-3-Coder-480B,428,simple,semantic,,6
Qwen-3-Coder-480B,428,simple,semantic,,7
Qwen-3-Coder-480B,428,simple,semantic,,8
Qwen-3-Coder-480B,428,simple,semantic,,9
Qwen-3-Coder-480B,428,simple,semantic,,10
Qwen-3-Coder-480B,428,simple,semantic,,11
Qwen-3-Coder-480B,428,simple,semantic,,12
Qwen-3-Coder-480B,428,simple,semantic,,13
Qwen-3-Coder-480B,428,simple,semantic,,14
Qwen-3-Coder-480B,428,simple,semantic,,15
Qwen-3-Coder-480B,428,simple,semantic,,16
Qwen-3-Coder-480B,428,simple,semantic,,17
Qwen-3-Coder-480B,428,simple,semantic,,18
Qwen-3-Coder-480B,428,simple,semantic,,19
Qwen-3-Coder-480B,428,simple,semantic,,20
Qwen-3-Coder-480B,428,simple,semantic,,21
Qwen-3-Coder-480B,428,simple,semantic,,22
Qwen-3-Coder-480B,428,simple,semantic,,23
Qwen-3-Coder-480B,428,simple,semantic,,24
Qwen-3-Coder-480B,428,simple,semantic,,25
Qwen-3-Coder-480B,428,simple,semantic,,26
Qwen-3-Coder-480B,428,simple,semantic,,27
Qwen-3-Coder-480B,428,simple,semantic,,28
Qwen-3-Coder-480B,428,simple,semantic,,29
Qwen-3-Coder-480B,428,simple,semantic,,30
Qwen-3-Coder-480B,428,simple,semantic,,31
Qwen-3-Coder-480B,428,simple,semantic,,32
Qwen-3-Coder-480B,428,simple,semantic,,33
Qwen-3-Coder-480B,428,simple,semantic,,34
Qwen-3-Coder-480B,428,simple,semantic,,35
Qwen-3-Coder-480B,428,simple,semantic,,36
Qwen-3-Coder-480B,428,simple,semantic,,37
Qwen-3-Coder-480B,428,simple,semantic,,38
Qwen-3-Coder-480B,428,simple,semantic,,39
Qwen-3-Coder-480B,428,simple,semantic,,40
Qwen-3-Coder-480B,428,simple,semantic,,41
Qwen-3-Coder-480B,428,simple,semantic,,42
Qwen-3-Coder-480B,428,simple,semantic,,43
Qwen-3-Coder-480B,428,simple,semantic,,44
Qwen-3-Coder-480B,428,simple,semantic,,45
Qwen-3-Coder-480B,428,simple,semantic,,46
Qwen-3-Coder-480B,428,simple,semantic,,47
Qwen-3-Coder-480B,428,simple,semantic,,48
Qwen-3-Coder-480B,428,simple,semantic,,49
Qwen-3-Coder-480B,428,simple,semantic,,50
Qwen-3-Coder-480B,1157,simple,correct,7.366189989785496,1
Qwen-3-Coder-480B,1157,simple,correct,1.488888888888889,2
Qwen-3-Coder-480B,1157,simple,correct,1.5480769230769231,3
Qwen-3-Coder-480B,1157,simple,correct,1.595873786407767,4
Qwen-3-Coder-480B,1157,simple,correct,1.6652412950519242,5
Qwen-3-Coder-480B,1157,simple,correct,1.4154535274356104,6
Qwen-3-Coder-480B,1157,simple,correct,1.5873671782762693,7
Qwen-3-Coder-480B,1157,simple,correct,1.5739644970414202,8
Qwen-3-Coder-480B,1157,simple,correct,1.164334085778781,9
Qwen-3-Coder-480B,1157,simple,correct,1.4214328717639977,10
Qwen-3-Coder-480B,1157,simple,correct,1.4296218487394958,11
Qwen-3-Coder-480B,1157,simple,correct,1.528862973760933,12
Qwen-3-Coder-480B,1157,simple,correct,1.139369729249889,13
Qwen-3-Coder-480B,1157,simple,correct,1.4975961538461537,14
Qwen-3-Coder-480B,1157,simple,correct,1.5915826911677533,15
Qwen-3-Coder-480B,1157,simple,correct,1.1822704658525554,16
Qwen-3-Coder-480B,1157,simple,correct,1.536231884057971,17
Qwen-3-Coder-480B,1157,simple,correct,2.292009400705053,18
Qwen-3-Coder-480B,1157,simple,correct,1.4774826789838338,19
Qwen-3-Coder-480B,1157,simple,correct,1.4971815107102593,20
Qwen-3-Coder-480B,1157,simple,correct,1.5032144944476915,21
Qwen-3-Coder-480B,1157,simple,correct,1.5710543549443352,22
Qwen-3-Coder-480B,1157,simple,correct,1.5768081291093843,23
Qwen-3-Coder-480B,1157,simple,correct,1.5231316725978647,24
Qwen-3-Coder-480B,1157,simple,correct,1.3247910863509749,25
Qwen-3-Coder-480B,1157,simple,correct,1.2931645569620254,26
Qwen-3-Coder-480B,1157,simple,correct,1.5221822541966428,27
Qwen-3-Coder-480B,1157,simple,correct,1.3679083094555875,28
Qwen-3-Coder-480B,1157,simple,correct,1.4987864077669903,29
Qwen-3-Coder-480B,1157,simple,correct,1.6334093500570126,30
Qwen-3-Coder-480B,1157,simple,correct,1.6560814859197124,31
Qwen-3-Coder-480B,1157,simple,correct,1.296679757229561,32
Qwen-3-Coder-480B,1157,simple,correct,1.6286231884057971,33
Qwen-3-Coder-480B,1157,simple,correct,1.4994068801897984,34
Qwen-3-Coder-480B,1157,simple,correct,1.5589072282299374,35
Qwen-3-Coder-480B,1157,simple,correct,1.5485579752795762,36
Qwen-3-Coder-480B,1157,simple,correct,1.5008319467554077,37
Qwen-3-Coder-480B,1157,simple,correct,1.5700305810397555,38
Qwen-3-Coder-480B,1157,simple,correct,1.2923233350279613,39
Qwen-3-Coder-480B,1157,simple,correct,1.5125657510227937,40
Qwen-3-Coder-480B,1157,simple,correct,1.4059020044543429,41
Qwen-3-Coder-480B,1157,simple,correct,1.740506329113924,42
Qwen-3-Coder-480B,1157,simple,correct,1.588235294117647,43
Qwen-3-Coder-480B,1157,simple,correct,1.4418468731735827,44
Qwen-3-Coder-480B,1157,simple,correct,1.6938168846611177,45
Qwen-3-Coder-480B,1157,simple,correct,1.5857988165680474,46
Qwen-3-Coder-480B,1157,simple,correct,1.4160550458715597,47
Qwen-3-Coder-480B,1157,simple,correct,1.527862829148806,48
Qwen-3-Coder-480B,1157,simple,correct,1.4902073732718895,49
Qwen-3-Coder-480B,1157,simple,correct,1.3272335844994618,50
Qwen-3-Coder-480B,13,simple,correct,1.2389955357142857,1
Qwen-3-Coder-480B,13,simple,correct,0.3149046079736325,2
Qwen-3-Coder-480B,13,simple,correct,0.35385066553707295,3
Qwen-3-Coder-480B,13,simple,correct,0.3262506380806534,4
Qwen-3-Coder-480B,13,simple,correct,0.3027806939621524,5
Qwen-3-Coder-480B,13,simple,correct,0.22358770505570796,6
Qwen-3-Coder-480B,13,simple,correct,0.23392079264299748,7
Qwen-3-Coder-480B,13,simple,correct,0.24184545759302714,8
Qwen-3-Coder-480B,13,simple,correct,0.24654444929434016,9
Qwen-3-Coder-480B,13,simple,correct,0.3090252103185122,10
Qwen-3-Coder-480B,13,simple,correct,0.22962393600364392,11
Qwen-3-Coder-480B,13,simple,correct,0.31998897875168153,12
Qwen-3-Coder-480B,13,simple,correct,0.29240098540837595,13
Qwen-3-Coder-480B,13,simple,correct,0.3225426444255961,14
Qwen-3-Coder-480B,13,simple,correct,0.3132639628909923,15
Qwen-3-Coder-480B,13,simple,correct,0.2959766467825866,16
Qwen-3-Coder-480B,13,simple,correct,0.323947597168757,17
Qwen-3-Coder-480B,13,simple,correct,0.3138147738082243,18
Qwen-3-Coder-480B,13,simple,correct,0.3398620040771523,19
Qwen-3-Coder-480B,13,simple,correct,0.3169728459207027,20
Qwen-3-Coder-480B,13,simple,correct,0.3167072118025583,21
Qwen-3-Coder-480B,13,simple,correct,0.31418573022203883,22
Qwen-3-Coder-480B,13,simple,correct,0.2185723862543356,23
Qwen-3-Coder-480B,13,simple,correct,0.3168231880440548,24
Qwen-3-Coder-480B,13,simple,correct,0.3190025527675736,25
Qwen-3-Coder-480B,13,simple,correct,0.35637581885076725,26
Qwen-3-Coder-480B,13,simple,correct,0.4357862705320332,27
Qwen-3-Coder-480B,13,simple,correct,0.3134298132195099,28
Qwen-3-Coder-480B,13,simple,correct,0.3152629129827827,29
Qwen-3-Coder-480B,13,simple,correct,0.33591404404480685,30
Qwen-3-Coder-480B,13,simple,correct,0.3199058331153544,31
Qwen-3-Coder-480B,13,simple,correct,0.30903808206833333,32
Qwen-3-Coder-480B,13,simple,correct,0.3508301690119872,33
Qwen-3-Coder-480B,13,simple,correct,0.3271693624383989,34
Qwen-3-Coder-480B,13,simple,correct,0.3274889346050745,35
Qwen-3-Coder-480B,13,simple,correct,0.3375590020229265,36
Qwen-3-Coder-480B,13,simple,correct,0.32167353604479354,37
Qwen-3-Coder-480B,13,simple,correct,0.313988686745146,38
Qwen-3-Coder-480B,13,simple,correct,0.3101441461442096,39
Qwen-3-Coder-480B,13,simple,correct,0.30775985580256043,40
Qwen-3-Coder-480B,13,simple,correct,0.32276945709501226,41
Qwen-3-Coder-480B,13,simple,correct,0.3537809735503409,42
Qwen-3-Coder-480B,13,simple,correct,0.3135424685655633,43
Qwen-3-Coder-480B,13,simple,correct,0.31780180236075134,44
Qwen-3-Coder-480B,13,simple,correct,0.3153497071719866,45
Qwen-3-Coder-480B,13,simple,correct,0.3232342976283555,46
Qwen-3-Coder-480B,13,simple,correct,0.3183722415162511,47
Qwen-3-Coder-480B,13,simple,correct,0.317408093914118,48
Qwen-3-Coder-480B,13,simple,correct,0.25879172936521205,49
Qwen-3-Coder-480B,13,simple,correct,0.3146557033752156,50
Qwen-3-Coder-480B,190,simple,correct,1.5675723359209597,1
Qwen-3-Coder-480B,190,simple,semantic,,2
Qwen-3-Coder-480B,190,simple,semantic,,3
Qwen-3-Coder-480B,190,simple,semantic,,4
Qwen-3-Coder-480B,190,simple,semantic,,5
Qwen-3-Coder-480B,190,simple,semantic,,6
Qwen-3-Coder-480B,190,simple,semantic,,7
Qwen-3-Coder-480B,190,simple,correct,1.3151335720187276,8
Qwen-3-Coder-480B,190,simple,semantic,,9
Qwen-3-Coder-480B,190,simple,semantic,,10
Qwen-3-Coder-480B,190,simple,semantic,,11
Qwen-3-Coder-480B,190,simple,semantic,,12
Qwen-3-Coder-480B,190,simple,semantic,,13
Qwen-3-Coder-480B,190,simple,semantic,,14
Qwen-3-Coder-480B,190,simple,semantic,,15
Qwen-3-Coder-480B,190,simple,semantic,,16
Qwen-3-Coder-480B,190,simple,semantic,,17
Qwen-3-Coder-480B,190,simple,semantic,,18
Qwen-3-Coder-480B,190,simple,semantic,,19
Qwen-3-Coder-480B,190,simple,semantic,,20
Qwen-3-Coder-480B,190,simple,semantic,,21
Qwen-3-Coder-480B,190,simple,semantic,,22
Qwen-3-Coder-480B,190,simple,semantic,,23
Qwen-3-Coder-480B,190,simple,semantic,,24
Qwen-3-Coder-480B,190,simple,semantic,,25
Qwen-3-Coder-480B,190,simple,semantic,,26
Qwen-3-Coder-480B,190,simple,semantic,,27
Qwen-3-Coder-480B,190,simple,semantic,,28
Qwen-3-Coder-480B,190,simple,semantic,,29
Qwen-3-Coder-480B,190,simple,semantic,,30
Qwen-3-Coder-480B,190,simple,semantic,,31
Qwen-3-Coder-480B,190,simple,semantic,,32
Qwen-3-Coder-480B,190,simple,semantic,,33
Qwen-3-Coder-480B,190,simple,semantic,,34
Qwen-3-Coder-480B,190,simple,semantic,,35
Qwen-3-Coder-480B,190,simple,semantic,,36
Qwen-3-Coder-480B,190,simple,semantic,,37
Qwen-3-Coder-480B,190,simple,semantic,,38
Qwen-3-Coder-480B,190,simple,semantic,,39
Qwen-3-Coder-480B,190,simple,semantic,,40
Qwen-3-Coder-480B,190,simple,semantic,,41
Qwen-3-Coder-480B,190,simple,semantic,,42
Qwen-3-Coder-480B,190,simple,semantic,,43
Qwen-3-Coder-480B,190,simple,semantic,,44
Qwen-3-Coder-480B,190,simple,semantic,,45
Qwen-3-Coder-480B,190,simple,semantic,,46
Qwen-3-Coder-480B,190,simple,semantic,,47
Qwen-3-Coder-480B,190,simple,semantic,,48
Qwen-3-Coder-480B,190,simple,semantic,,49
Qwen-3-Coder-480B,190,simple,semantic,,50
Qwen-3-Coder-480B,1619,Simple,semantic,,1
Qwen-3-Coder-480B,1619,Simple,semantic,,2
Qwen-3-Coder-480B,1619,Simple,semantic,,3
Qwen-3-Coder-480B,1619,Simple,semantic,,4
Qwen-3-Coder-480B,1619,Simple,semantic,,5
Qwen-3-Coder-480B,1619,Simple,semantic,,6
Qwen-3-Coder-480B,1619,Simple,semantic,,7
Qwen-3-Coder-480B,1619,Simple,semantic,,8
Qwen-3-Coder-480B,1619,Simple,semantic,,9
Qwen-3-Coder-480B,1619,Simple,semantic,,10
Qwen-3-Coder-480B,1619,Simple,semantic,,11
Qwen-3-Coder-480B,1619,Simple,semantic,,12
Qwen-3-Coder-480B,1619,Simple,semantic,,13
Qwen-3-Coder-480B,1619,Simple,semantic,,14
Qwen-3-Coder-480B,1619,Simple,semantic,,15
Qwen-3-Coder-480B,1619,Simple,semantic,,16
Qwen-3-Coder-480B,1619,Simple,semantic,,17
Qwen-3-Coder-480B,1619,Simple,semantic,,18
Qwen-3-Coder-480B,1619,Simple,semantic,,19
Qwen-3-Coder-480B,1619,Simple,semantic,,20
Qwen-3-Coder-480B,1619,Simple,semantic,,21
Qwen-3-Coder-480B,1619,Simple,semantic,,22
Qwen-3-Coder-480B,1619,Simple,semantic,,23
Qwen-3-Coder-480B,1619,Simple,semantic,,24
Qwen-3-Coder-480B,1619,Simple,semantic,,25
Qwen-3-Coder-480B,1619,Simple,semantic,,26
Qwen-3-Coder-480B,1619,Simple,semantic,,27
Qwen-3-Coder-480B,1619,Simple,semantic,,28
Qwen-3-Coder-480B,1619,Simple,semantic,,29
Qwen-3-Coder-480B,1619,Simple,semantic,,30
Qwen-3-Coder-480B,1619,Simple,semantic,,31
Qwen-3-Coder-480B,1619,Simple,semantic,,32
Qwen-3-Coder-480B,1619,Simple,semantic,,33
Qwen-3-Coder-480B,1619,Simple,semantic,,34
Qwen-3-Coder-480B,1619,Simple,semantic,,35
Qwen-3-Coder-480B,1619,Simple,semantic,,36
Qwen-3-Coder-480B,1619,Simple,semantic,,37
Qwen-3-Coder-480B,1619,Simple,semantic,,38
Qwen-3-Coder-480B,1619,Simple,semantic,,39
Qwen-3-Coder-480B,1619,Simple,semantic,,40
Qwen-3-Coder-480B,1619,Simple,semantic,,41
Qwen-3-Coder-480B,1619,Simple,semantic,,42
Qwen-3-Coder-480B,1619,Simple,semantic,,43
Qwen-3-Coder-480B,1619,Simple,semantic,,44
Qwen-3-Coder-480B,1619,Simple,semantic,,45
Qwen-3-Coder-480B,1619,Simple,semantic,,46
Qwen-3-Coder-480B,1619,Simple,semantic,,47
Qwen-3-Coder-480B,1619,Simple,semantic,,48
Qwen-3-Coder-480B,1619,Simple,semantic,,49
Qwen-3-Coder-480B,1619,Simple,semantic,,50
Qwen-3-Coder-480B,1517,simple,semantic,,1
Qwen-3-Coder-480B,1517,simple,semantic,,2
Qwen-3-Coder-480B,1517,simple,semantic,,3
Qwen-3-Coder-480B,1517,simple,semantic,,4
Qwen-3-Coder-480B,1517,simple,semantic,,5
Qwen-3-Coder-480B,1517,simple,semantic,,6
Qwen-3-Coder-480B,1517,simple,semantic,,7
Qwen-3-Coder-480B,1517,simple,semantic,,8
Qwen-3-Coder-480B,1517,simple,semantic,,9
Qwen-3-Coder-480B,1517,simple,semantic,,10
Qwen-3-Coder-480B,1517,simple,semantic,,11
Qwen-3-Coder-480B,1517,simple,semantic,,12
Qwen-3-Coder-480B,1517,simple,semantic,,13
Qwen-3-Coder-480B,1517,simple,semantic,,14
Qwen-3-Coder-480B,1517,simple,semantic,,15
Qwen-3-Coder-480B,1517,simple,semantic,,16
Qwen-3-Coder-480B,1517,simple,semantic,,17
Qwen-3-Coder-480B,1517,simple,semantic,,18
Qwen-3-Coder-480B,1517,simple,semantic,,19
Qwen-3-Coder-480B,1517,simple,semantic,,20
Qwen-3-Coder-480B,1517,simple,semantic,,21
Qwen-3-Coder-480B,1517,simple,semantic,,22
Qwen-3-Coder-480B,1517,simple,semantic,,23
Qwen-3-Coder-480B,1517,simple,semantic,,24
Qwen-3-Coder-480B,1517,simple,semantic,,25
Qwen-3-Coder-480B,1517,simple,semantic,,26
Qwen-3-Coder-480B,1517,simple,semantic,,27
Qwen-3-Coder-480B,1517,simple,semantic,,28
Qwen-3-Coder-480B,1517,simple,semantic,,29
Qwen-3-Coder-480B,1517,simple,semantic,,30
Qwen-3-Coder-480B,1517,simple,semantic,,31
Qwen-3-Coder-480B,1517,simple,semantic,,32
Qwen-3-Coder-480B,1517,simple,semantic,,33
Qwen-3-Coder-480B,1517,simple,semantic,,34
Qwen-3-Coder-480B,1517,simple,semantic,,35
Qwen-3-Coder-480B,1517,simple,semantic,,36
Qwen-3-Coder-480B,1517,simple,semantic,,37
Qwen-3-Coder-480B,1517,simple,semantic,,38
Qwen-3-Coder-480B,1517,simple,semantic,,39
Qwen-3-Coder-480B,1517,simple,semantic,,40
Qwen-3-Coder-480B,1517,simple,semantic,,41
Qwen-3-Coder-480B,1517,simple,semantic,,42
Qwen-3-Coder-480B,1517,simple,semantic,,43
Qwen-3-Coder-480B,1517,simple,semantic,,44
Qwen-3-Coder-480B,1517,simple,semantic,,45
Qwen-3-Coder-480B,1517,simple,semantic,,46
Qwen-3-Coder-480B,1517,simple,semantic,,47
Qwen-3-Coder-480B,1517,simple,semantic,,48
Qwen-3-Coder-480B,1517,simple,semantic,,49
Qwen-3-Coder-480B,1517,simple,semantic,,50
Qwen-3-Coder-480B,1508,simple,correct,8.566782307025152,1
Qwen-3-Coder-480B,1508,simple,correct,1.7040516735173223,2
Qwen-3-Coder-480B,1508,simple,correct,1.3321754233608336,3
Qwen-3-Coder-480B,1508,simple,correct,1.400735294117647,4
Qwen-3-Coder-480B,1508,simple,correct,1.4288017195056422,5
Qwen-3-Coder-480B,1508,simple,correct,1.5663972286374135,6
Qwen-3-Coder-480B,1508,simple,correct,1.7788300835654596,7
Qwen-3-Coder-480B,1508,simple,correct,1.2922210849539406,8
Qwen-3-Coder-480B,1508,simple,correct,1.5005336179295625,9
Qwen-3-Coder-480B,1508,simple,correct,1.592958616429895,10
Qwen-3-Coder-480B,1508,simple,correct,1.8263610315186247,11
Qwen-3-Coder-480B,1508,simple,correct,1.7288812785388128,12
Qwen-3-Coder-480B,1508,simple,correct,1.5219675262655206,13
Qwen-3-Coder-480B,1508,simple,correct,1.562573789846517,14
Qwen-3-Coder-480B,1508,simple,correct,1.7679712460063899,15
Qwen-3-Coder-480B,1508,simple,correct,1.4664756446991405,16
Qwen-3-Coder-480B,1508,simple,correct,1.4870466321243523,17
Qwen-3-Coder-480B,1508,simple,correct,1.6241400875547216,18
Qwen-3-Coder-480B,1508,simple,correct,1.3872889771598809,19
Qwen-3-Coder-480B,1508,simple,correct,1.4815584415584415,20
Qwen-3-Coder-480B,1508,simple,correct,1.3678043810494143,21
Qwen-3-Coder-480B,1508,simple,correct,1.500562429696288,22
Qwen-3-Coder-480B,1508,simple,correct,1.5359513274336283,23
Qwen-3-Coder-480B,1508,simple,correct,1.51036866359447,24
Qwen-3-Coder-480B,1508,simple,correct,1.6526497695852536,25
Qwen-3-Coder-480B,1508,simple,correct,1.5523156089193826,26
Qwen-3-Coder-480B,1508,simple,correct,1.5792540792540792,27
Qwen-3-Coder-480B,1508,simple,correct,1.5291124929338609,28
Qwen-3-Coder-480B,1508,simple,correct,1.5875933371625504,29
Qwen-3-Coder-480B,1508,simple,correct,1.7079697498545665,30
Qwen-3-Coder-480B,1508,simple,correct,1.4043872198378635,31
Qwen-3-Coder-480B,1508,simple,correct,1.5360134003350083,32
Qwen-3-Coder-480B,1508,simple,correct,1.5974842767295598,33
Qwen-3-Coder-480B,1508,simple,correct,1.617283950617284,34
Qwen-3-Coder-480B,1508,simple,correct,1.536653609401231,35
Qwen-3-Coder-480B,1508,simple,correct,1.531660011409013,36
Qwen-3-Coder-480B,1508,simple,correct,1.6041317699609157,37
Qwen-3-Coder-480B,1508,simple,correct,1.4482366325369738,38
Qwen-3-Coder-480B,1508,simple,correct,1.6314868804664724,39
Qwen-3-Coder-480B,1508,simple,correct,1.550230946882217,40
Qwen-3-Coder-480B,1508,simple,correct,1.5621468926553672,41
Qwen-3-Coder-480B,1508,simple,correct,1.738214087631725,42
Qwen-3-Coder-480B,1508,simple,correct,1.7649743297204792,43
Qwen-3-Coder-480B,1508,simple,correct,1.5326024235429891,44
Qwen-3-Coder-480B,1508,simple,correct,1.5741379310344827,45
Qwen-3-Coder-480B,1508,simple,correct,1.5608919382504287,46
Qwen-3-Coder-480B,1508,simple,correct,1.5417136414881623,47
Qwen-3-Coder-480B,1508,simple,correct,1.3690786048932848,48
Qwen-3-Coder-480B,1508,simple,correct,1.2959326788218795,49
Qwen-3-Coder-480B,1508,simple,correct,1.511350737797957,50
Qwen-3-Coder-480B,143,simple,correct,5.233814625058221,1
Qwen-3-Coder-480B,143,simple,correct,1.7146017699115044,2
Qwen-3-Coder-480B,143,simple,correct,2.110560237977194,3
Qwen-3-Coder-480B,143,simple,correct,1.5232013622818221,4
Qwen-3-Coder-480B,143,simple,correct,1.8086584714056655,5
Qwen-3-Coder-480B,143,simple,correct,1.6923456790123457,6
Qwen-3-Coder-480B,143,simple,correct,1.578203374373005,7
Qwen-3-Coder-480B,143,simple,correct,1.8133924175283112,8
Qwen-3-Coder-480B,143,simple,correct,1.7834078489816194,9
Qwen-3-Coder-480B,143,simple,correct,1.7694566813509545,10
Qwen-3-Coder-480B,143,simple,correct,1.7992277992277992,11
Qwen-3-Coder-480B,143,simple,correct,1.7212092130518235,12
Qwen-3-Coder-480B,143,simple,correct,1.7953102100635077,13
Qwen-3-Coder-480B,143,simple,correct,1.5674248578391552,14
Qwen-3-Coder-480B,143,simple,correct,1.8467701552328493,15
Qwen-3-Coder-480B,143,simple,correct,1.7095332671300894,16
Qwen-3-Coder-480B,143,simple,correct,1.8014742014742016,17
Qwen-3-Coder-480B,143,simple,correct,1.7487482931269913,18
Qwen-3-Coder-480B,143,simple,correct,1.9249875807252856,19
Qwen-3-Coder-480B,143,simple,correct,1.7775108121095626,20
Qwen-3-Coder-480B,143,simple,correct,1.6278643446379468,21
Qwen-3-Coder-480B,143,simple,correct,1.753208292201382,22
Qwen-3-Coder-480B,143,simple,correct,1.6232142857142857,23
Qwen-3-Coder-480B,143,simple,correct,1.6833498513379583,24
Qwen-3-Coder-480B,143,simple,correct,1.7372618520159504,25
Qwen-3-Coder-480B,143,simple,correct,1.8361069087241553,26
Qwen-3-Coder-480B,143,simple,correct,1.6590243902439024,27
Qwen-3-Coder-480B,143,simple,correct,1.7837175085826384,28
Qwen-3-Coder-480B,143,simple,correct,1.670307845084409,29
Qwen-3-Coder-480B,143,simple,correct,1.8075313807531381,30
Qwen-3-Coder-480B,143,simple,correct,1.7446601941747573,31
Qwen-3-Coder-480B,143,simple,correct,1.4952153110047848,32
Qwen-3-Coder-480B,143,simple,correct,1.77020202020202,33
Qwen-3-Coder-480B,143,simple,correct,1.7670144063586686,34
Qwen-3-Coder-480B,143,simple,correct,2.105080330004342,35
Qwen-3-Coder-480B,143,simple,correct,1.7440505099562895,36
Qwen-3-Coder-480B,143,simple,correct,1.7754595131644313,37
Qwen-3-Coder-480B,143,simple,correct,1.2185780321373543,38
Qwen-3-Coder-480B,143,simple,correct,1.754241396025206,39
Qwen-3-Coder-480B,143,simple,correct,1.8498003992015968,40
Qwen-3-Coder-480B,143,simple,correct,1.193015873015873,41
Qwen-3-Coder-480B,143,simple,correct,1.6940028901734103,42
Qwen-3-Coder-480B,143,simple,correct,1.782258064516129,43
Qwen-3-Coder-480B,143,simple,correct,1.6089799476896252,44
Qwen-3-Coder-480B,143,simple,correct,1.741031941031941,45
Qwen-3-Coder-480B,143,simple,correct,1.7182115270350564,46
Qwen-3-Coder-480B,143,simple,correct,1.8487184083169026,47
Qwen-3-Coder-480B,143,simple,correct,1.8671875,48
Qwen-3-Coder-480B,143,simple,correct,1.8229376257545271,49
Qwen-3-Coder-480B,143,simple,correct,1.7575607337630144,50
Qwen-3-Coder-480B,599,simple,semantic,,1
Qwen-3-Coder-480B,599,simple,semantic,,2
Qwen-3-Coder-480B,599,simple,semantic,,3
Qwen-3-Coder-480B,599,simple,semantic,,4
Qwen-3-Coder-480B,599,simple,semantic,,5
Qwen-3-Coder-480B,599,simple,semantic,,6
Qwen-3-Coder-480B,599,simple,semantic,,7
Qwen-3-Coder-480B,599,simple,semantic,,8
Qwen-3-Coder-480B,599,simple,semantic,,9
Qwen-3-Coder-480B,599,simple,semantic,,10
Qwen-3-Coder-480B,599,simple,semantic,,11
Qwen-3-Coder-480B,599,simple,semantic,,12
Qwen-3-Coder-480B,599,simple,semantic,,13
Qwen-3-Coder-480B,599,simple,semantic,,14
Qwen-3-Coder-480B,599,simple,semantic,,15
Qwen-3-Coder-480B,599,simple,semantic,,16
Qwen-3-Coder-480B,599,simple,semantic,,17
Qwen-3-Coder-480B,599,simple,semantic,,18
Qwen-3-Coder-480B,599,simple,semantic,,19
Qwen-3-Coder-480B,599,simple,semantic,,20
Qwen-3-Coder-480B,599,simple,semantic,,21
Qwen-3-Coder-480B,599,simple,semantic,,22
Qwen-3-Coder-480B,599,simple,semantic,,23
Qwen-3-Coder-480B,599,simple,semantic,,24
Qwen-3-Coder-480B,599,simple,semantic,,25
Qwen-3-Coder-480B,599,simple,semantic,,26
Qwen-3-Coder-480B,599,simple,semantic,,27
Qwen-3-Coder-480B,599,simple,semantic,,28
Qwen-3-Coder-480B,599,simple,semantic,,29
Qwen-3-Coder-480B,599,simple,semantic,,30
Qwen-3-Coder-480B,599,simple,semantic,,31
Qwen-3-Coder-480B,599,simple,semantic,,32
Qwen-3-Coder-480B,599,simple,semantic,,33
Qwen-3-Coder-480B,599,simple,semantic,,34
Qwen-3-Coder-480B,599,simple,semantic,,35
Qwen-3-Coder-480B,599,simple,semantic,,36
Qwen-3-Coder-480B,599,simple,semantic,,37
Qwen-3-Coder-480B,599,simple,semantic,,38
Qwen-3-Coder-480B,599,simple,semantic,,39
Qwen-3-Coder-480B,599,simple,semantic,,40
Qwen-3-Coder-480B,599,simple,semantic,,41
Qwen-3-Coder-480B,599,simple,semantic,,42
Qwen-3-Coder-480B,599,simple,semantic,,43
Qwen-3-Coder-480B,599,simple,semantic,,44
Qwen-3-Coder-480B,599,simple,semantic,,45
Qwen-3-Coder-480B,599,simple,semantic,,46
Qwen-3-Coder-480B,599,simple,semantic,,47
Qwen-3-Coder-480B,599,simple,semantic,,48
Qwen-3-Coder-480B,599,simple,semantic,,49
Qwen-3-Coder-480B,599,simple,semantic,,50
Qwen-3-Coder-480B,225,simple,semantic,,1
Qwen-3-Coder-480B,225,simple,semantic,,2
Qwen-3-Coder-480B,225,simple,semantic,,3
Qwen-3-Coder-480B,225,simple,semantic,,4
Qwen-3-Coder-480B,225,simple,semantic,,5
Qwen-3-Coder-480B,225,simple,semantic,,6
Qwen-3-Coder-480B,225,simple,semantic,,7
Qwen-3-Coder-480B,225,simple,semantic,,8
Qwen-3-Coder-480B,225,simple,semantic,,9
Qwen-3-Coder-480B,225,simple,semantic,,10
Qwen-3-Coder-480B,225,simple,semantic,,11
Qwen-3-Coder-480B,225,simple,semantic,,12
Qwen-3-Coder-480B,225,simple,semantic,,13
Qwen-3-Coder-480B,225,simple,semantic,,14
Qwen-3-Coder-480B,225,simple,semantic,,15
Qwen-3-Coder-480B,225,simple,semantic,,16
Qwen-3-Coder-480B,225,simple,semantic,,17
Qwen-3-Coder-480B,225,simple,semantic,,18
Qwen-3-Coder-480B,225,simple,semantic,,19
Qwen-3-Coder-480B,225,simple,semantic,,20
Qwen-3-Coder-480B,225,simple,semantic,,21
Qwen-3-Coder-480B,225,simple,semantic,,22
Qwen-3-Coder-480B,225,simple,semantic,,23
Qwen-3-Coder-480B,225,simple,semantic,,24
Qwen-3-Coder-480B,225,simple,semantic,,25
Qwen-3-Coder-480B,225,simple,semantic,,26
Qwen-3-Coder-480B,225,simple,semantic,,27
Qwen-3-Coder-480B,225,simple,semantic,,28
Qwen-3-Coder-480B,225,simple,semantic,,29
Qwen-3-Coder-480B,225,simple,semantic,,30
Qwen-3-Coder-480B,225,simple,semantic,,31
Qwen-3-Coder-480B,225,simple,semantic,,32
Qwen-3-Coder-480B,225,simple,semantic,,33
Qwen-3-Coder-480B,225,simple,semantic,,34
Qwen-3-Coder-480B,225,simple,semantic,,35
Qwen-3-Coder-480B,225,simple,semantic,,36
Qwen-3-Coder-480B,225,simple,semantic,,37
Qwen-3-Coder-480B,225,simple,semantic,,38
Qwen-3-Coder-480B,225,simple,semantic,,39
Qwen-3-Coder-480B,225,simple,semantic,,40
Qwen-3-Coder-480B,225,simple,semantic,,41
Qwen-3-Coder-480B,225,simple,semantic,,42
Qwen-3-Coder-480B,225,simple,semantic,,43
Qwen-3-Coder-480B,225,simple,semantic,,44
Qwen-3-Coder-480B,225,simple,semantic,,45
Qwen-3-Coder-480B,225,simple,semantic,,46
Qwen-3-Coder-480B,225,simple,semantic,,47
Qwen-3-Coder-480B,225,simple,semantic,,48
Qwen-3-Coder-480B,225,simple,semantic,,49
Qwen-3-Coder-480B,225,simple,semantic,,50
Qwen-3-Coder-480B,858,simple,correct,9.515390485881456,1
Qwen-3-Coder-480B,858,simple,correct,1.3888735885431012,2
Qwen-3-Coder-480B,858,simple,correct,1.4173457508731082,3
Qwen-3-Coder-480B,858,simple,correct,1.1139339968569932,4
Qwen-3-Coder-480B,858,simple,correct,1.2356828193832599,5
Qwen-3-Coder-480B,858,simple,correct,1.199752628324057,6
Qwen-3-Coder-480B,858,simple,correct,1.2712925170068028,7
Qwen-3-Coder-480B,858,simple,correct,1.2640883977900552,8
Qwen-3-Coder-480B,858,simple,correct,1.1959118662065304,9
Qwen-3-Coder-480B,858,simple,correct,1.3103174603174603,10
Qwen-3-Coder-480B,858,simple,correct,1.3621637257737924,11
Qwen-3-Coder-480B,858,simple,correct,1.1714982389596316,12
Qwen-3-Coder-480B,858,simple,correct,1.2743165924984108,13
Qwen-3-Coder-480B,858,simple,correct,1.3927745664739883,14
Qwen-3-Coder-480B,858,simple,correct,1.3274725274725274,15
Qwen-3-Coder-480B,858,simple,correct,1.3326630278655558,16
Qwen-3-Coder-480B,858,simple,correct,1.2709375,17
Qwen-3-Coder-480B,858,simple,correct,1.2381088825214899,18
Qwen-3-Coder-480B,858,simple,correct,1.1944444444444444,19
Qwen-3-Coder-480B,858,simple,correct,1.1108271375464684,20
Qwen-3-Coder-480B,858,simple,correct,1.4122378626831371,21
Qwen-3-Coder-480B,858,simple,correct,1.3909340659340659,22
Qwen-3-Coder-480B,858,simple,correct,1.298450665941832,23
Qwen-3-Coder-480B,858,simple,correct,1.2314649279629823,24
Qwen-3-Coder-480B,858,simple,correct,1.3456449834619626,25
Qwen-3-Coder-480B,858,simple,correct,1.3005226480836236,26
Qwen-3-Coder-480B,858,simple,correct,1.1020066889632107,27
Qwen-3-Coder-480B,858,simple,correct,1.260561383612135,28
Qwen-3-Coder-480B,858,simple,correct,1.1669705652513676,29
Qwen-3-Coder-480B,858,simple,correct,1.146574361422774,30
Qwen-3-Coder-480B,858,simple,correct,1.216931216931217,31
Qwen-3-Coder-480B,858,simple,correct,1.154423176409726,32
Qwen-3-Coder-480B,858,simple,correct,1.2013867645559295,33
Qwen-3-Coder-480B,858,simple,correct,1.4748221906116643,34
Qwen-3-Coder-480B,858,simple,correct,1.2895493767976989,35
Qwen-3-Coder-480B,858,simple,correct,1.3054272517321017,36
Qwen-3-Coder-480B,858,simple,correct,1.3080540858318637,37
Qwen-3-Coder-480B,858,simple,correct,1.3057731360603424,38
Qwen-3-Coder-480B,858,simple,correct,1.059207564160288,39
Qwen-3-Coder-480B,858,simple,correct,1.190646868066223,40
Qwen-3-Coder-480B,858,simple,correct,1.2253108997805413,41
Qwen-3-Coder-480B,858,simple,correct,1.7550675675675675,42
Qwen-3-Coder-480B,858,simple,correct,1.5618856121537086,43
Qwen-3-Coder-480B,858,simple,correct,1.2027637523252723,44
Qwen-3-Coder-480B,858,simple,correct,1.3266509433962264,45
Qwen-3-Coder-480B,858,simple,correct,1.1583403895004234,46
Qwen-3-Coder-480B,858,simple,correct,1.2927876359473383,47
Qwen-3-Coder-480B,858,simple,correct,1.356986301369863,48
Qwen-3-Coder-480B,858,simple,correct,1.2461318051575931,49
Qwen-3-Coder-480B,858,simple,correct,1.4259419039401784,50
Qwen-3-Coder-480B,809,simple,correct,4.626578073089701,1
Qwen-3-Coder-480B,809,simple,correct,1.5508021390374331,2
Qwen-3-Coder-480B,809,simple,correct,1.6608,3
Qwen-3-Coder-480B,809,simple,correct,1.7735139202407826,4
Qwen-3-Coder-480B,809,simple,correct,1.6984,5
Qwen-3-Coder-480B,809,simple,correct,2.455962587685113,6
Qwen-3-Coder-480B,809,simple,correct,1.643162393162393,7
Qwen-3-Coder-480B,809,simple,correct,1.6797919762258544,8
Qwen-3-Coder-480B,809,simple,correct,1.0654420206659012,9
Qwen-3-Coder-480B,809,simple,correct,1.6911764705882353,10
Qwen-3-Coder-480B,809,simple,correct,1.3795141168745897,11
Qwen-3-Coder-480B,809,simple,correct,1.8898550724637682,12
Qwen-3-Coder-480B,809,simple,correct,1.78203125,13
Qwen-3-Coder-480B,809,simple,correct,1.6386036960985626,14
Qwen-3-Coder-480B,809,simple,correct,1.7674230145867098,15
Qwen-3-Coder-480B,809,simple,correct,1.8472222222222223,16
Qwen-3-Coder-480B,809,simple,correct,1.581039755351682,17
Qwen-3-Coder-480B,809,simple,correct,1.4717109747784594,18
Qwen-3-Coder-480B,809,simple,correct,1.7661843107387662,19
Qwen-3-Coder-480B,809,simple,correct,1.6412451361867704,20
Qwen-3-Coder-480B,809,simple,correct,1.3304232804232805,21
Qwen-3-Coder-480B,809,simple,correct,1.7525057825751735,22
Qwen-3-Coder-480B,809,simple,correct,1.7712,23
Qwen-3-Coder-480B,809,simple,correct,1.4844625573102395,24
Qwen-3-Coder-480B,809,simple,correct,1.8236933797909407,25
Qwen-3-Coder-480B,809,simple,correct,1.5619546247818499,26
Qwen-3-Coder-480B,809,simple,correct,1.7440381558028617,27
Qwen-3-Coder-480B,809,simple,correct,1.3669882839421088,28
Qwen-3-Coder-480B,809,simple,correct,1.5485971943887775,29
Qwen-3-Coder-480B,809,simple,correct,1.7205882352941178,30
Qwen-3-Coder-480B,809,simple,correct,1.5876288659793814,31
Qwen-3-Coder-480B,809,simple,correct,1.7355043685464655,32
Qwen-3-Coder-480B,809,simple,correct,1.7749603803486529,33
Qwen-3-Coder-480B,809,simple,correct,1.796389891696751,34
Qwen-3-Coder-480B,809,simple,correct,1.9125386996904026,35
Qwen-3-Coder-480B,809,simple,correct,1.6199324324324325,36
Qwen-3-Coder-480B,809,simple,correct,1.4675208581644816,37
Qwen-3-Coder-480B,809,simple,correct,1.8028503562945368,38
Qwen-3-Coder-480B,809,simple,correct,1.6173020527859236,39
Qwen-3-Coder-480B,809,simple,correct,1.7537993920972645,40
Qwen-3-Coder-480B,809,simple,correct,1.8193069306930694,41
Qwen-3-Coder-480B,809,simple,correct,1.8345588235294117,42
Qwen-3-Coder-480B,809,simple,correct,1.618815331010453,43
Qwen-3-Coder-480B,809,simple,correct,1.7231139646869984,44
Qwen-3-Coder-480B,809,simple,correct,1.7496025437201908,45
Qwen-3-Coder-480B,809,simple,correct,1.2077769049489395,46
Qwen-3-Coder-480B,809,simple,correct,1.4552678045909357,47
Qwen-3-Coder-480B,809,simple,correct,1.4152928796913364,48
Qwen-3-Coder-480B,809,simple,correct,1.7210332103321033,49
Qwen-3-Coder-480B,809,simple,correct,1.6722488038277512,50
Qwen-3-Coder-480B,742,simple,correct,6.149122807017544,1
Qwen-3-Coder-480B,742,simple,correct,1.6740488358886996,2
Qwen-3-Coder-480B,742,simple,correct,1.4856577645895153,3
Qwen-3-Coder-480B,742,simple,correct,1.477285473920359,4
Qwen-3-Coder-480B,742,simple,correct,1.5286144578313252,5
Qwen-3-Coder-480B,742,simple,correct,1.58347876672484,6
Qwen-3-Coder-480B,742,simple,correct,1.4726952436876102,7
Qwen-3-Coder-480B,742,simple,correct,1.48066935949221,8
Qwen-3-Coder-480B,742,simple,correct,1.4383155397390273,9
Qwen-3-Coder-480B,742,simple,correct,1.4335476956055735,10
Qwen-3-Coder-480B,742,simple,correct,1.9322884012539185,11
Qwen-3-Coder-480B,742,simple,correct,1.575531303848363,12
Qwen-3-Coder-480B,742,simple,correct,1.3882407839477369,13
Qwen-3-Coder-480B,742,simple,correct,1.5033557046979866,14
Qwen-3-Coder-480B,742,simple,correct,1.553704767375072,15
Qwen-3-Coder-480B,742,simple,correct,1.5794663573085848,16
Qwen-3-Coder-480B,742,simple,correct,0.502990242367013,17
Qwen-3-Coder-480B,742,simple,correct,1.589306029579067,18
Qwen-3-Coder-480B,742,simple,correct,1.4939141575912875,19
Qwen-3-Coder-480B,742,simple,correct,1.5759162303664922,20
Qwen-3-Coder-480B,742,simple,correct,1.5853350189633375,21
Qwen-3-Coder-480B,742,simple,correct,1.7887905604719765,22
Qwen-3-Coder-480B,742,simple,correct,1.5428733674048836,23
Qwen-3-Coder-480B,742,simple,correct,1.595707656612529,24
Qwen-3-Coder-480B,742,simple,correct,1.6656976744186047,25
Qwen-3-Coder-480B,742,simple,correct,1.7631862217438106,26
Qwen-3-Coder-480B,742,simple,correct,1.5599104143337066,27
Qwen-3-Coder-480B,742,simple,correct,1.5310895607529948,28
Qwen-3-Coder-480B,742,simple,correct,1.1084286319356205,29
Qwen-3-Coder-480B,742,simple,correct,1.0942430703624733,30
Qwen-3-Coder-480B,742,simple,correct,1.4972850678733032,31
Qwen-3-Coder-480B,742,simple,correct,1.5495078170237406,32
Qwen-3-Coder-480B,742,simple,correct,1.4726339794754846,33
Qwen-3-Coder-480B,742,simple,correct,1.5200698080279231,34
Qwen-3-Coder-480B,742,simple,correct,1.4718054837040868,35
Qwen-3-Coder-480B,742,simple,correct,1.5466200466200466,36
Qwen-3-Coder-480B,742,simple,correct,1.5319784817692768,37
Qwen-3-Coder-480B,742,simple,correct,1.2498810090433128,38
Qwen-3-Coder-480B,742,simple,correct,1.4735062006764374,39
Qwen-3-Coder-480B,742,simple,correct,1.6216511755057408,40
Qwen-3-Coder-480B,742,simple,correct,1.5103001765744555,41
Qwen-3-Coder-480B,742,simple,correct,1.1734301580521145,42
Qwen-3-Coder-480B,742,simple,correct,1.5339805825242718,43
Qwen-3-Coder-480B,742,simple,correct,1.2514646237043714,44
Qwen-3-Coder-480B,742,simple,correct,1.655813953488372,45
Qwen-3-Coder-480B,742,simple,correct,1.5707574867880212,46
Qwen-3-Coder-480B,742,simple,correct,1.6283343212803794,47
Qwen-3-Coder-480B,742,simple,correct,1.0995584102769973,48
Qwen-3-Coder-480B,742,simple,correct,1.4873752201996477,49
Qwen-3-Coder-480B,742,simple,correct,1.5647990945104697,50
Qwen-3-Coder-480B,103,simple,correct,4.802094240837697,1
Qwen-3-Coder-480B,103,simple,correct,1.5309882747068677,2
Qwen-3-Coder-480B,103,simple,correct,1.6174126302881668,3
Qwen-3-Coder-480B,103,simple,correct,1.309995953055443,4
Qwen-3-Coder-480B,103,simple,correct,1.5703749231714812,5
Qwen-3-Coder-480B,103,simple,correct,1.625921375921376,6
Qwen-3-Coder-480B,103,simple,correct,1.6652868125369604,7
Qwen-3-Coder-480B,103,simple,correct,1.6089385474860336,8
Qwen-3-Coder-480B,103,simple,correct,1.620752427184466,9
Qwen-3-Coder-480B,103,simple,correct,1.5797011207970113,10
Qwen-3-Coder-480B,103,simple,correct,1.5880172946263125,11
Qwen-3-Coder-480B,103,simple,correct,1.5385081867798667,12
Qwen-3-Coder-480B,103,simple,correct,1.5544794188861986,13
Qwen-3-Coder-480B,103,simple,correct,1.6930817610062894,14
Qwen-3-Coder-480B,103,simple,correct,1.6403823178016725,15
Qwen-3-Coder-480B,103,simple,correct,1.6084788029925188,16
Qwen-3-Coder-480B,103,simple,correct,1.6784021665538253,17
Qwen-3-Coder-480B,103,simple,correct,1.5894736842105264,18
Qwen-3-Coder-480B,103,simple,correct,1.4714805825242718,19
Qwen-3-Coder-480B,103,simple,correct,1.5870224378411157,20
Qwen-3-Coder-480B,103,simple,correct,1.5610619469026548,21
Qwen-3-Coder-480B,103,simple,correct,1.6109756097560977,22
Qwen-3-Coder-480B,103,simple,correct,1.2893890675241158,23
Qwen-3-Coder-480B,103,simple,correct,1.5552927261975162,24
Qwen-3-Coder-480B,103,simple,correct,1.050750079795723,25
Qwen-3-Coder-480B,103,simple,correct,1.5845201238390092,26
Qwen-3-Coder-480B,103,simple,correct,1.249648711943794,27
Qwen-3-Coder-480B,103,simple,correct,1.6073657927590512,28
Qwen-3-Coder-480B,103,simple,correct,1.5793991416309012,29
Qwen-3-Coder-480B,103,simple,correct,1.5554323725055432,30
Qwen-3-Coder-480B,103,simple,correct,1.6104824300178677,31
Qwen-3-Coder-480B,103,simple,correct,1.4166666666666667,32
Qwen-3-Coder-480B,103,simple,correct,1.5898617511520738,33
Qwen-3-Coder-480B,103,simple,correct,1.6568332329921733,34
Qwen-3-Coder-480B,103,simple,correct,1.7240729101194217,35
Qwen-3-Coder-480B,103,simple,correct,1.5562347188264058,36
Qwen-3-Coder-480B,103,simple,correct,1.5990538143110586,37
Qwen-3-Coder-480B,103,simple,correct,1.601330913490623,38
Qwen-3-Coder-480B,103,simple,correct,1.4525745257452574,39
Qwen-3-Coder-480B,103,simple,correct,1.5858407079646017,40
Qwen-3-Coder-480B,103,simple,correct,1.6662515566625156,41
Qwen-3-Coder-480B,103,simple,correct,1.6097560975609757,42
Qwen-3-Coder-480B,103,simple,correct,1.6602293301146651,43
Qwen-3-Coder-480B,103,simple,correct,1.4766467065868263,44
Qwen-3-Coder-480B,103,simple,correct,1.6575851393188854,45
Qwen-3-Coder-480B,103,simple,correct,1.5818516247700798,46
Qwen-3-Coder-480B,103,simple,correct,1.52692075015124,47
Qwen-3-Coder-480B,103,simple,correct,1.5823777911888957,48
Qwen-3-Coder-480B,103,simple,correct,1.5958862673926195,49
Qwen-3-Coder-480B,103,simple,correct,1.5475324675324675,50
Qwen-3-Coder-480B,878,simple,semantic,,1
Qwen-3-Coder-480B,878,simple,semantic,,2
Qwen-3-Coder-480B,878,simple,semantic,,3
Qwen-3-Coder-480B,878,simple,semantic,,4
Qwen-3-Coder-480B,878,simple,semantic,,5
Qwen-3-Coder-480B,878,simple,semantic,,6
Qwen-3-Coder-480B,878,simple,semantic,,7
Qwen-3-Coder-480B,878,simple,semantic,,8
Qwen-3-Coder-480B,878,simple,semantic,,9
Qwen-3-Coder-480B,878,simple,semantic,,10
Qwen-3-Coder-480B,878,simple,semantic,,11
Qwen-3-Coder-480B,878,simple,semantic,,12
Qwen-3-Coder-480B,878,simple,semantic,,13
Qwen-3-Coder-480B,878,simple,semantic,,14
Qwen-3-Coder-480B,878,simple,semantic,,15
Qwen-3-Coder-480B,878,simple,semantic,,16
Qwen-3-Coder-480B,878,simple,semantic,,17
Qwen-3-Coder-480B,878,simple,semantic,,18
Qwen-3-Coder-480B,878,simple,semantic,,19
Qwen-3-Coder-480B,878,simple,semantic,,20
Qwen-3-Coder-480B,878,simple,semantic,,21
Qwen-3-Coder-480B,878,simple,semantic,,22
Qwen-3-Coder-480B,878,simple,semantic,,23
Qwen-3-Coder-480B,878,simple,semantic,,24
Qwen-3-Coder-480B,878,simple,semantic,,25
Qwen-3-Coder-480B,878,simple,semantic,,26
Qwen-3-Coder-480B,878,simple,semantic,,27
Qwen-3-Coder-480B,878,simple,semantic,,28
Qwen-3-Coder-480B,878,simple,semantic,,29
Qwen-3-Coder-480B,878,simple,semantic,,30
Qwen-3-Coder-480B,878,simple,semantic,,31
Qwen-3-Coder-480B,878,simple,semantic,,32
Qwen-3-Coder-480B,878,simple,semantic,,33
Qwen-3-Coder-480B,878,simple,semantic,,34
Qwen-3-Coder-480B,878,simple,semantic,,35
Qwen-3-Coder-480B,878,simple,semantic,,36
Qwen-3-Coder-480B,878,simple,semantic,,37
Qwen-3-Coder-480B,878,simple,semantic,,38
Qwen-3-Coder-480B,878,simple,semantic,,39
Qwen-3-Coder-480B,878,simple,semantic,,40
Qwen-3-Coder-480B,878,simple,semantic,,41
Qwen-3-Coder-480B,878,simple,semantic,,42
Qwen-3-Coder-480B,878,simple,semantic,,43
Qwen-3-Coder-480B,878,simple,semantic,,44
Qwen-3-Coder-480B,878,simple,semantic,,45
Qwen-3-Coder-480B,878,simple,semantic,,46
Qwen-3-Coder-480B,878,simple,semantic,,47
Qwen-3-Coder-480B,878,simple,semantic,,48
Qwen-3-Coder-480B,878,simple,semantic,,49
Qwen-3-Coder-480B,878,simple,semantic,,50
Qwen-3-Coder-480B,900,simple,correct,10.981017463933181,1
Qwen-3-Coder-480B,900,simple,correct,1.288302834589164,2
Qwen-3-Coder-480B,900,simple,correct,1.1744154797097555,3
Qwen-3-Coder-480B,900,simple,correct,1.1289802498992343,4
Qwen-3-Coder-480B,900,simple,correct,1.4308636149126948,5
Qwen-3-Coder-480B,900,simple,correct,1.4378159757330637,6
Qwen-3-Coder-480B,900,simple,correct,1.1980927611616818,7
Qwen-3-Coder-480B,900,simple,correct,1.298579340235974,8
Qwen-3-Coder-480B,900,simple,correct,1.533532041728763,9
Qwen-3-Coder-480B,900,simple,correct,1.4992533598805375,10
Qwen-3-Coder-480B,900,simple,correct,1.763183125599233,11
Qwen-3-Coder-480B,900,simple,correct,1.0951669157947186,12
Qwen-3-Coder-480B,900,simple,correct,1.4279497098646035,13
Qwen-3-Coder-480B,900,simple,correct,1.3828264758497317,14
Qwen-3-Coder-480B,900,simple,correct,1.4440263405456255,15
Qwen-3-Coder-480B,900,simple,correct,1.539978486912872,16
Qwen-3-Coder-480B,900,simple,correct,1.2647058823529411,17
Qwen-3-Coder-480B,900,simple,correct,1.5571973307912297,18
Qwen-3-Coder-480B,900,simple,correct,1.5338345864661653,19
Qwen-3-Coder-480B,900,simple,correct,1.5309301290609703,20
Qwen-3-Coder-480B,900,simple,correct,1.234097793163133,21
Qwen-3-Coder-480B,900,simple,correct,1.3217665615141956,22
Qwen-3-Coder-480B,900,simple,correct,1.5232903865213083,23
Qwen-3-Coder-480B,900,simple,correct,1.6484641638225257,24
Qwen-3-Coder-480B,900,simple,correct,1.5384252710985384,25
Qwen-3-Coder-480B,900,simple,correct,1.6625641025641025,26
Qwen-3-Coder-480B,900,simple,correct,1.4544534412955465,27
Qwen-3-Coder-480B,900,simple,correct,1.4923305294408709,28
Qwen-3-Coder-480B,900,simple,correct,1.3479609929078014,29
Qwen-3-Coder-480B,900,simple,correct,1.4444444444444444,30
Qwen-3-Coder-480B,900,simple,correct,1.575518262586377,31
Qwen-3-Coder-480B,900,simple,correct,1.5923753665689149,32
Qwen-3-Coder-480B,900,simple,correct,1.5259593679458239,33
Qwen-3-Coder-480B,900,simple,correct,1.441015430562469,34
Qwen-3-Coder-480B,900,simple,correct,1.558027079303675,35
Qwen-3-Coder-480B,900,simple,correct,1.1170133729569094,36
Qwen-3-Coder-480B,900,simple,correct,1.571896955503513,37
Qwen-3-Coder-480B,900,simple,correct,1.5160949868073879,38
Qwen-3-Coder-480B,900,simple,correct,0.9199594731509625,39
Qwen-3-Coder-480B,900,simple,correct,1.378037803780378,40
Qwen-3-Coder-480B,900,simple,correct,1.2923076923076924,41
Qwen-3-Coder-480B,900,simple,correct,1.2383816293056316,42
Qwen-3-Coder-480B,900,simple,correct,1.261378413524057,43
Qwen-3-Coder-480B,900,simple,correct,1.3721577726218097,44
Qwen-3-Coder-480B,900,simple,correct,1.4340974212034383,45
Qwen-3-Coder-480B,900,simple,correct,1.43568665377176,46
Qwen-3-Coder-480B,900,simple,correct,1.5282026768642447,47
Qwen-3-Coder-480B,900,simple,correct,1.4815891472868217,48
Qwen-3-Coder-480B,900,simple,correct,1.682170542635659,49
Qwen-3-Coder-480B,900,simple,correct,1.4904552129221733,50
Qwen-3-Coder-480B,540,simple,correct,9.217392503027737,1
Qwen-3-Coder-480B,540,simple,correct,0.9847875909901553,2
Qwen-3-Coder-480B,540,simple,correct,0.987119648661998,3
Qwen-3-Coder-480B,540,simple,correct,0.9558577851944561,4
Qwen-3-Coder-480B,540,simple,correct,1.0241996044711277,5
Qwen-3-Coder-480B,540,simple,correct,1.00769995080587,6
Qwen-3-Coder-480B,540,simple,correct,1.0317090398220987,7
Qwen-3-Coder-480B,540,simple,correct,1.0128736422330458,8
Qwen-3-Coder-480B,540,simple,correct,1.02070430082108,9
Qwen-3-Coder-480B,540,simple,correct,0.9902333318657169,10
Qwen-3-Coder-480B,540,simple,correct,1.0229641009149608,11
Qwen-3-Coder-480B,540,simple,correct,1.108165914473825,12
Qwen-3-Coder-480B,540,simple,correct,1.0177810545883081,13
Qwen-3-Coder-480B,540,simple,correct,0.9969990528442872,14
Qwen-3-Coder-480B,540,simple,correct,1.006550834122688,15
Qwen-3-Coder-480B,540,simple,correct,0.9932402407659265,16
Qwen-3-Coder-480B,540,simple,correct,1.0133243575756168,17
Qwen-3-Coder-480B,540,simple,correct,1.0000734225739636,18
Qwen-3-Coder-480B,540,simple,correct,1.010754697714386,19
Qwen-3-Coder-480B,540,simple,correct,1.012547302506518,20
Qwen-3-Coder-480B,540,simple,correct,1.0069464718773964,21
Qwen-3-Coder-480B,540,simple,correct,1.016121636063344,22
Qwen-3-Coder-480B,540,simple,correct,1.1143157068397367,23
Qwen-3-Coder-480B,540,simple,correct,1.1847550050346503,24
Qwen-3-Coder-480B,540,simple,correct,1.0681272107845534,25
Qwen-3-Coder-480B,540,simple,correct,1.0061451966776367,26
Qwen-3-Coder-480B,540,simple,correct,0.9686464748106057,27
Qwen-3-Coder-480B,540,simple,correct,1.004186553116409,28
Qwen-3-Coder-480B,540,simple,correct,1.0031764985932092,29
Qwen-3-Coder-480B,540,simple,correct,0.9987370603040115,30
Qwen-3-Coder-480B,540,simple,correct,0.9899807114271814,31
Qwen-3-Coder-480B,540,simple,correct,1.0200046618128968,32
Qwen-3-Coder-480B,540,simple,correct,1.0100440491136977,33
Qwen-3-Coder-480B,540,simple,correct,0.9862243762941386,34
Qwen-3-Coder-480B,540,simple,correct,1.0100102664460568,35
Qwen-3-Coder-480B,540,simple,correct,1.012309735917666,36
Qwen-3-Coder-480B,540,simple,correct,1.0082328618904088,37
Qwen-3-Coder-480B,540,simple,correct,0.99900885244121,38
Qwen-3-Coder-480B,540,simple,correct,1.0861843513902059,39
Qwen-3-Coder-480B,540,simple,correct,1.0192507367424533,40
Qwen-3-Coder-480B,540,simple,correct,1.0061202327133856,41
Qwen-3-Coder-480B,540,simple,correct,1.0362304336419903,42
Qwen-3-Coder-480B,540,simple,correct,0.9872303903564897,43
Qwen-3-Coder-480B,540,simple,correct,0.9692528773566225,44
Qwen-3-Coder-480B,540,simple,correct,0.9984633721677554,45
Qwen-3-Coder-480B,540,simple,correct,1.0089649328461754,46
Qwen-3-Coder-480B,540,simple,correct,0.9817393695937648,47
Qwen-3-Coder-480B,540,simple,correct,0.9689169379084155,48
Qwen-3-Coder-480B,540,simple,correct,1.0071074711046413,49
Qwen-3-Coder-480B,540,simple,correct,0.9784354810546534,50
Qwen-3-Coder-480B,1522,simple,semantic,,1
Qwen-3-Coder-480B,1522,simple,semantic,,2
Qwen-3-Coder-480B,1522,simple,semantic,,3
Qwen-3-Coder-480B,1522,simple,semantic,,4
Qwen-3-Coder-480B,1522,simple,semantic,,5
Qwen-3-Coder-480B,1522,simple,semantic,,6
Qwen-3-Coder-480B,1522,simple,semantic,,7
Qwen-3-Coder-480B,1522,simple,semantic,,8
Qwen-3-Coder-480B,1522,simple,semantic,,9
Qwen-3-Coder-480B,1522,simple,semantic,,10
Qwen-3-Coder-480B,1522,simple,semantic,,11
Qwen-3-Coder-480B,1522,simple,semantic,,12
Qwen-3-Coder-480B,1522,simple,semantic,,13
Qwen-3-Coder-480B,1522,simple,semantic,,14
Qwen-3-Coder-480B,1522,simple,semantic,,15
Qwen-3-Coder-480B,1522,simple,semantic,,16
Qwen-3-Coder-480B,1522,simple,semantic,,17
Qwen-3-Coder-480B,1522,simple,semantic,,18
Qwen-3-Coder-480B,1522,simple,semantic,,19
Qwen-3-Coder-480B,1522,simple,semantic,,20
Qwen-3-Coder-480B,1522,simple,semantic,,21
Qwen-3-Coder-480B,1522,simple,semantic,,22
Qwen-3-Coder-480B,1522,simple,semantic,,23
Qwen-3-Coder-480B,1522,simple,semantic,,24
Qwen-3-Coder-480B,1522,simple,semantic,,25
Qwen-3-Coder-480B,1522,simple,semantic,,26
Qwen-3-Coder-480B,1522,simple,semantic,,27
Qwen-3-Coder-480B,1522,simple,semantic,,28
Qwen-3-Coder-480B,1522,simple,semantic,,29
Qwen-3-Coder-480B,1522,simple,semantic,,30
Qwen-3-Coder-480B,1522,simple,semantic,,31
Qwen-3-Coder-480B,1522,simple,semantic,,32
Qwen-3-Coder-480B,1522,simple,semantic,,33
Qwen-3-Coder-480B,1522,simple,semantic,,34
Qwen-3-Coder-480B,1522,simple,semantic,,35
Qwen-3-Coder-480B,1522,simple,semantic,,36
Qwen-3-Coder-480B,1522,simple,semantic,,37
Qwen-3-Coder-480B,1522,simple,semantic,,38
Qwen-3-Coder-480B,1522,simple,semantic,,39
Qwen-3-Coder-480B,1522,simple,semantic,,40
Qwen-3-Coder-480B,1522,simple,semantic,,41
Qwen-3-Coder-480B,1522,simple,semantic,,42
Qwen-3-Coder-480B,1522,simple,semantic,,43
Qwen-3-Coder-480B,1522,simple,semantic,,44
Qwen-3-Coder-480B,1522,simple,semantic,,45
Qwen-3-Coder-480B,1522,simple,semantic,,46
Qwen-3-Coder-480B,1522,simple,semantic,,47
Qwen-3-Coder-480B,1522,simple,semantic,,48
Qwen-3-Coder-480B,1522,simple,semantic,,49
Qwen-3-Coder-480B,1522,simple,semantic,,50
Qwen-3-Coder-480B,1153,simple,correct,4.854247104247104,1
Qwen-3-Coder-480B,1153,simple,correct,1.6479625918503673,2
Qwen-3-Coder-480B,1153,simple,correct,1.777988614800759,3
Qwen-3-Coder-480B,1153,simple,correct,1.6745718050065876,4
Qwen-3-Coder-480B,1153,simple,correct,1.6148197596795728,5
Qwen-3-Coder-480B,1153,simple,correct,1.680232558139535,6
Qwen-3-Coder-480B,1153,simple,correct,1.3445378151260505,7
Qwen-3-Coder-480B,1153,simple,correct,1.6630434782608696,8
Qwen-3-Coder-480B,1153,simple,correct,1.7635761589403973,9
Qwen-3-Coder-480B,1153,simple,correct,1.5269565217391305,10
Qwen-3-Coder-480B,1153,simple,correct,1.6492488569562378,11
Qwen-3-Coder-480B,1153,simple,correct,1.9113300492610839,12
Qwen-3-Coder-480B,1153,simple,correct,1.6686586985391767,13
Qwen-3-Coder-480B,1153,simple,correct,1.5456204379562044,14
Qwen-3-Coder-480B,1153,simple,correct,1.5901201602136181,15
Qwen-3-Coder-480B,1153,simple,correct,1.1576113558492414,16
Qwen-3-Coder-480B,1153,simple,correct,1.6484529295589203,17
Qwen-3-Coder-480B,1153,simple,correct,1.4986789960369882,18
Qwen-3-Coder-480B,1153,simple,correct,1.4683462532299743,19
Qwen-3-Coder-480B,1153,simple,correct,1.6383399209486167,20
Qwen-3-Coder-480B,1153,simple,correct,1.7027206370272063,21
Qwen-3-Coder-480B,1153,simple,correct,1.220872694556905,22
Qwen-3-Coder-480B,1153,simple,correct,1.4937217478653944,23
Qwen-3-Coder-480B,1153,simple,correct,1.6881720430107527,24
Qwen-3-Coder-480B,1153,simple,correct,1.5417218543046358,25
Qwen-3-Coder-480B,1153,simple,correct,1.6719367588932805,26
Qwen-3-Coder-480B,1153,simple,correct,1.7029900332225913,27
Qwen-3-Coder-480B,1153,simple,correct,1.4748774509803921,28
Qwen-3-Coder-480B,1153,simple,correct,1.7061745919091553,29
Qwen-3-Coder-480B,1153,simple,correct,2.079608938547486,30
Qwen-3-Coder-480B,1153,simple,correct,1.6068090787716955,31
Qwen-3-Coder-480B,1153,simple,correct,1.625,32
Qwen-3-Coder-480B,1153,simple,correct,1.7655502392344498,33
Qwen-3-Coder-480B,1153,simple,correct,1.871559633027523,34
Qwen-3-Coder-480B,1153,simple,correct,1.57640586797066,35
Qwen-3-Coder-480B,1153,simple,correct,1.879224030037547,36
Qwen-3-Coder-480B,1153,simple,correct,1.6351902173913044,37
Qwen-3-Coder-480B,1153,simple,correct,1.7736654804270462,38
Qwen-3-Coder-480B,1153,simple,correct,1.5884223918575064,39
Qwen-3-Coder-480B,1153,simple,correct,1.520718232044199,40
Qwen-3-Coder-480B,1153,simple,correct,1.134096109839817,41
Qwen-3-Coder-480B,1153,simple,correct,1.9268833087149189,42
Qwen-3-Coder-480B,1153,simple,correct,1.668052668052668,43
Qwen-3-Coder-480B,1153,simple,correct,1.5815036593479708,44
Qwen-3-Coder-480B,1153,simple,correct,1.2939110070257611,45
Qwen-3-Coder-480B,1153,simple,correct,1.312460468058191,46
Qwen-3-Coder-480B,1153,simple,correct,1.562578222778473,47
Qwen-3-Coder-480B,1153,simple,correct,1.6875,48
Qwen-3-Coder-480B,1153,simple,correct,1.0891600187705304,49
Qwen-3-Coder-480B,1153,simple,correct,1.5672478206724783,50
Qwen-3-Coder-480B,396,simple,correct,29.200148836402782,1
Qwen-3-Coder-480B,396,simple,correct,1.0703184748169998,2
Qwen-3-Coder-480B,396,simple,correct,1.0941404022835037,3
Qwen-3-Coder-480B,396,simple,correct,1.397818927029203,4
Qwen-3-Coder-480B,396,simple,correct,1.3325237621960608,5
Qwen-3-Coder-480B,396,simple,correct,1.3668316461969843,6
Qwen-3-Coder-480B,396,simple,correct,1.4097674850260928,7
Qwen-3-Coder-480B,396,simple,correct,1.4218342131214108,8
Qwen-3-Coder-480B,396,simple,correct,0.9622423230154082,9
Qwen-3-Coder-480B,396,simple,correct,1.2519939474502928,10
Qwen-3-Coder-480B,396,simple,correct,0.9596708183085193,11
Qwen-3-Coder-480B,396,simple,correct,1.1216646148313114,12
Qwen-3-Coder-480B,396,simple,correct,1.486945029824624,13
Qwen-3-Coder-480B,396,simple,correct,1.4388016154763787,14
Qwen-3-Coder-480B,396,simple,correct,1.1897885960232961,15
Qwen-3-Coder-480B,396,simple,correct,0.9188646209008532,16
Qwen-3-Coder-480B,396,simple,correct,1.2201692574625544,17
Qwen-3-Coder-480B,396,simple,correct,0.9581905267233591,18
Qwen-3-Coder-480B,396,simple,correct,1.3588825418478416,19
Qwen-3-Coder-480B,396,simple,correct,1.388904101691984,20
Qwen-3-Coder-480B,396,simple,correct,0.9654409631563678,21
Qwen-3-Coder-480B,396,simple,correct,0.9613016837592651,22
Qwen-3-Coder-480B,396,simple,correct,1.3090310242243943,23
Qwen-3-Coder-480B,396,simple,correct,0.987399944996888,24
Qwen-3-Coder-480B,396,simple,correct,0.9499678261309658,25
Qwen-3-Coder-480B,396,simple,correct,1.1261014845232855,26
Qwen-3-Coder-480B,396,simple,correct,0.9819960976763437,27
Qwen-3-Coder-480B,396,simple,correct,0.9309713455208675,28
Qwen-3-Coder-480B,396,simple,correct,1.3723496037200598,29
Qwen-3-Coder-480B,396,simple,correct,1.0813322279493927,30
Qwen-3-Coder-480B,396,simple,correct,0.9597629763853168,31
Qwen-3-Coder-480B,396,simple,correct,0.965943308067698,32
Qwen-3-Coder-480B,396,simple,correct,1.2508081628003018,33
Qwen-3-Coder-480B,396,simple,correct,0.961631557328952,34
Qwen-3-Coder-480B,396,simple,correct,0.8653578896782824,35
Qwen-3-Coder-480B,396,simple,correct,0.9856560571975855,36
Qwen-3-Coder-480B,396,simple,correct,0.9234752826607247,37
Qwen-3-Coder-480B,396,simple,correct,0.953256750007345,38
Qwen-3-Coder-480B,396,simple,correct,0.8997361297202702,39
Qwen-3-Coder-480B,396,simple,correct,0.9219901491047011,40
Qwen-3-Coder-480B,396,simple,correct,0.9640300932363403,41
Qwen-3-Coder-480B,396,simple,correct,0.8888034571381788,42
Qwen-3-Coder-480B,396,simple,correct,0.9386204236719186,43
Qwen-3-Coder-480B,396,simple,correct,1.008705405600984,44
Qwen-3-Coder-480B,396,simple,correct,0.9528018321047735,45
Qwen-3-Coder-480B,396,simple,correct,0.98648314514135,46
Qwen-3-Coder-480B,396,simple,correct,0.9392008432349559,47
Qwen-3-Coder-480B,396,simple,correct,0.9478382636093121,48
Qwen-3-Coder-480B,396,simple,correct,0.9482533627785585,49
Qwen-3-Coder-480B,396,simple,correct,0.863920264902413,50
Qwen-3-Coder-480B,1133,simple,semantic,,1
Qwen-3-Coder-480B,1133,simple,semantic,,2
Qwen-3-Coder-480B,1133,simple,semantic,,3
Qwen-3-Coder-480B,1133,simple,semantic,,4
Qwen-3-Coder-480B,1133,simple,semantic,,5
Qwen-3-Coder-480B,1133,simple,semantic,,6
Qwen-3-Coder-480B,1133,simple,semantic,,7
Qwen-3-Coder-480B,1133,simple,semantic,,8
Qwen-3-Coder-480B,1133,simple,semantic,,9
Qwen-3-Coder-480B,1133,simple,semantic,,10
Qwen-3-Coder-480B,1133,simple,semantic,,11
Qwen-3-Coder-480B,1133,simple,semantic,,12
Qwen-3-Coder-480B,1133,simple,semantic,,13
Qwen-3-Coder-480B,1133,simple,semantic,,14
Qwen-3-Coder-480B,1133,simple,semantic,,15
Qwen-3-Coder-480B,1133,simple,semantic,,16
Qwen-3-Coder-480B,1133,simple,semantic,,17
Qwen-3-Coder-480B,1133,simple,semantic,,18
Qwen-3-Coder-480B,1133,simple,semantic,,19
Qwen-3-Coder-480B,1133,simple,semantic,,20
Qwen-3-Coder-480B,1133,simple,semantic,,21
Qwen-3-Coder-480B,1133,simple,semantic,,22
Qwen-3-Coder-480B,1133,simple,semantic,,23
Qwen-3-Coder-480B,1133,simple,semantic,,24
Qwen-3-Coder-480B,1133,simple,semantic,,25
Qwen-3-Coder-480B,1133,simple,semantic,,26
Qwen-3-Coder-480B,1133,simple,semantic,,27
Qwen-3-Coder-480B,1133,simple,semantic,,28
Qwen-3-Coder-480B,1133,simple,semantic,,29
Qwen-3-Coder-480B,1133,simple,semantic,,30
Qwen-3-Coder-480B,1133,simple,semantic,,31
Qwen-3-Coder-480B,1133,simple,semantic,,32
Qwen-3-Coder-480B,1133,simple,semantic,,33
Qwen-3-Coder-480B,1133,simple,semantic,,34
Qwen-3-Coder-480B,1133,simple,semantic,,35
Qwen-3-Coder-480B,1133,simple,semantic,,36
Qwen-3-Coder-480B,1133,simple,semantic,,37
Qwen-3-Coder-480B,1133,simple,semantic,,38
Qwen-3-Coder-480B,1133,simple,semantic,,39
Qwen-3-Coder-480B,1133,simple,semantic,,40
Qwen-3-Coder-480B,1133,simple,semantic,,41
Qwen-3-Coder-480B,1133,simple,semantic,,42
Qwen-3-Coder-480B,1133,simple,semantic,,43
Qwen-3-Coder-480B,1133,simple,semantic,,44
Qwen-3-Coder-480B,1133,simple,semantic,,45
Qwen-3-Coder-480B,1133,simple,semantic,,46
Qwen-3-Coder-480B,1133,simple,semantic,,47
Qwen-3-Coder-480B,1133,simple,semantic,,48
Qwen-3-Coder-480B,1133,simple,semantic,,49
Qwen-3-Coder-480B,1133,simple,semantic,,50
Qwen-3-Coder-480B,88,simple,correct,0.11962265581679708,1
Qwen-3-Coder-480B,88,simple,correct,0.4770216828037638,2
Qwen-3-Coder-480B,88,simple,correct,0.4537584169300536,3
Qwen-3-Coder-480B,88,simple,correct,0.4230809399477807,4
Qwen-3-Coder-480B,88,simple,correct,0.46251503407724176,5
Qwen-3-Coder-480B,88,simple,correct,0.6826125924266189,6
Qwen-3-Coder-480B,88,simple,correct,0.5979319466153661,7
Qwen-3-Coder-480B,88,simple,correct,0.5284810126582279,8
Qwen-3-Coder-480B,88,simple,correct,0.5488415779586725,9
Qwen-3-Coder-480B,88,simple,correct,0.5088751593605962,10
Qwen-3-Coder-480B,88,simple,correct,0.4511689291101056,11
Qwen-3-Coder-480B,88,simple,correct,0.3555369451781228,12
Qwen-3-Coder-480B,88,simple,correct,0.4752843551040847,13
Qwen-3-Coder-480B,88,simple,correct,0.4397267860439358,14
Qwen-3-Coder-480B,88,simple,correct,0.4096963239211508,15
Qwen-3-Coder-480B,88,simple,correct,0.5355747767857143,16
Qwen-3-Coder-480B,88,simple,correct,0.5246091488129705,17
Qwen-3-Coder-480B,88,simple,correct,0.4811152314242549,18
Qwen-3-Coder-480B,88,simple,correct,0.6549549549549549,19
Qwen-3-Coder-480B,88,simple,correct,0.5311971722760105,20
Qwen-3-Coder-480B,88,simple,correct,1.9609002281684298,21
Qwen-3-Coder-480B,88,simple,correct,0.4172064035194916,22
Qwen-3-Coder-480B,88,simple,correct,0.6851560037819099,23
Qwen-3-Coder-480B,88,simple,correct,0.6625328608983884,24
Qwen-3-Coder-480B,88,simple,correct,0.6344069607693482,25
Qwen-3-Coder-480B,88,simple,correct,0.5363861747119731,26
Qwen-3-Coder-480B,88,simple,correct,0.5172511312217195,27
Qwen-3-Coder-480B,88,simple,correct,0.4704418843636757,28
Qwen-3-Coder-480B,88,simple,correct,0.6551560272453667,29
Qwen-3-Coder-480B,88,simple,correct,0.5003610108303249,30
Qwen-3-Coder-480B,88,simple,correct,0.45283852440910094,31
Qwen-3-Coder-480B,88,simple,correct,0.5616022981168209,32
Qwen-3-Coder-480B,88,simple,correct,0.5746150525255432,33
Qwen-3-Coder-480B,88,simple,correct,0.5359063313096271,34
Qwen-3-Coder-480B,88,simple,correct,0.33030974591558004,35
Qwen-3-Coder-480B,88,simple,correct,0.5829787234042553,36
Qwen-3-Coder-480B,88,simple,correct,0.5377939529675252,37
Qwen-3-Coder-480B,88,simple,correct,0.5934779167326263,38
Qwen-3-Coder-480B,88,simple,correct,0.5,39
Qwen-3-Coder-480B,88,simple,correct,0.5606012152222578,40
Qwen-3-Coder-480B,88,simple,correct,0.6577218728162124,41
Qwen-3-Coder-480B,88,simple,correct,0.5502949394597951,42
Qwen-3-Coder-480B,88,simple,correct,0.5353402392262347,43
Qwen-3-Coder-480B,88,simple,correct,0.49074074074074076,44
Qwen-3-Coder-480B,88,simple,correct,0.4919977924944812,45
Qwen-3-Coder-480B,88,simple,correct,0.5921318612968434,46
Qwen-3-Coder-480B,88,simple,correct,0.49332188513642433,47
Qwen-3-Coder-480B,88,simple,correct,0.5830009205277693,48
Qwen-3-Coder-480B,88,simple,correct,0.4436508770087176,49
Qwen-3-Coder-480B,88,simple,correct,0.5138649177309861,50
Qwen-3-Coder-480B,311,simple,semantic,,1
Qwen-3-Coder-480B,311,simple,semantic,,2
Qwen-3-Coder-480B,311,simple,semantic,,3
Qwen-3-Coder-480B,311,simple,semantic,,4
Qwen-3-Coder-480B,311,simple,semantic,,5
Qwen-3-Coder-480B,311,simple,semantic,,6
Qwen-3-Coder-480B,311,simple,semantic,,7
Qwen-3-Coder-480B,311,simple,semantic,,8
Qwen-3-Coder-480B,311,simple,semantic,,9
Qwen-3-Coder-480B,311,simple,semantic,,10
Qwen-3-Coder-480B,311,simple,semantic,,11
Qwen-3-Coder-480B,311,simple,semantic,,12
Qwen-3-Coder-480B,311,simple,semantic,,13
Qwen-3-Coder-480B,311,simple,semantic,,14
Qwen-3-Coder-480B,311,simple,semantic,,15
Qwen-3-Coder-480B,311,simple,semantic,,16
Qwen-3-Coder-480B,311,simple,semantic,,17
Qwen-3-Coder-480B,311,simple,semantic,,18
Qwen-3-Coder-480B,311,simple,semantic,,19
Qwen-3-Coder-480B,311,simple,semantic,,20
Qwen-3-Coder-480B,311,simple,semantic,,21
Qwen-3-Coder-480B,311,simple,semantic,,22
Qwen-3-Coder-480B,311,simple,semantic,,23
Qwen-3-Coder-480B,311,simple,semantic,,24
Qwen-3-Coder-480B,311,simple,semantic,,25
Qwen-3-Coder-480B,311,simple,semantic,,26
Qwen-3-Coder-480B,311,simple,semantic,,27
Qwen-3-Coder-480B,311,simple,semantic,,28
Qwen-3-Coder-480B,311,simple,semantic,,29
Qwen-3-Coder-480B,311,simple,semantic,,30
Qwen-3-Coder-480B,311,simple,semantic,,31
Qwen-3-Coder-480B,311,simple,semantic,,32
Qwen-3-Coder-480B,311,simple,semantic,,33
Qwen-3-Coder-480B,311,simple,semantic,,34
Qwen-3-Coder-480B,311,simple,semantic,,35
Qwen-3-Coder-480B,311,simple,semantic,,36
Qwen-3-Coder-480B,311,simple,semantic,,37
Qwen-3-Coder-480B,311,simple,semantic,,38
Qwen-3-Coder-480B,311,simple,semantic,,39
Qwen-3-Coder-480B,311,simple,semantic,,40
Qwen-3-Coder-480B,311,simple,semantic,,41
Qwen-3-Coder-480B,311,simple,semantic,,42
Qwen-3-Coder-480B,311,simple,semantic,,43
Qwen-3-Coder-480B,311,simple,semantic,,44
Qwen-3-Coder-480B,311,simple,semantic,,45
Qwen-3-Coder-480B,311,simple,semantic,,46
Qwen-3-Coder-480B,311,simple,semantic,,47
Qwen-3-Coder-480B,311,simple,semantic,,48
Qwen-3-Coder-480B,311,simple,semantic,,49
Qwen-3-Coder-480B,311,simple,semantic,,50
Qwen-3-Coder-480B,873,simple,correct,12.816557683325549,1
Qwen-3-Coder-480B,873,simple,correct,1.1577162238552854,2
Qwen-3-Coder-480B,873,simple,correct,1.105903012292314,3
Qwen-3-Coder-480B,873,simple,correct,1.0013475437951733,4
Qwen-3-Coder-480B,873,simple,correct,1.0982666666666667,5
Qwen-3-Coder-480B,873,simple,correct,1.142397087650518,6
Qwen-3-Coder-480B,873,simple,correct,1.073013415892673,7
Qwen-3-Coder-480B,873,simple,correct,1.156631762652705,8
Qwen-3-Coder-480B,873,simple,correct,1.0202925286599025,9
Qwen-3-Coder-480B,873,simple,correct,1.130190366679443,10
Qwen-3-Coder-480B,873,simple,correct,1.088322009998718,11
Qwen-3-Coder-480B,873,simple,correct,1.1419382504288165,12
Qwen-3-Coder-480B,873,simple,correct,1.1743467266085978,13
Qwen-3-Coder-480B,873,simple,correct,1.1514074495308502,14
Qwen-3-Coder-480B,873,simple,correct,1.0935777464427638,15
Qwen-3-Coder-480B,873,simple,correct,1.074234693877551,16
Qwen-3-Coder-480B,873,simple,correct,1.0625688747398065,17
Qwen-3-Coder-480B,873,simple,correct,1.1502354116136395,18
Qwen-3-Coder-480B,873,simple,correct,1.2010551832311422,19
Qwen-3-Coder-480B,873,simple,correct,1.019889224572004,20
Qwen-3-Coder-480B,873,simple,correct,1.5115852860322032,21
Qwen-3-Coder-480B,873,simple,correct,1.0866376737443506,22
Qwen-3-Coder-480B,873,simple,correct,0.918546365914787,23
Qwen-3-Coder-480B,873,simple,correct,1.2669434353918008,24
Qwen-3-Coder-480B,873,simple,correct,1.1055730521703409,25
Qwen-3-Coder-480B,873,simple,correct,1.050674348566191,26
Qwen-3-Coder-480B,873,simple,correct,1.1782564695677318,27
Qwen-3-Coder-480B,873,simple,correct,1.1451428571428572,28
Qwen-3-Coder-480B,873,simple,correct,1.299986553717897,29
Qwen-3-Coder-480B,873,simple,correct,1.0415215644253952,30
Qwen-3-Coder-480B,873,simple,correct,1.162729658792651,31
Qwen-3-Coder-480B,873,simple,correct,1.167030091583079,32
Qwen-3-Coder-480B,873,simple,correct,1.224967110071627,33
Qwen-3-Coder-480B,873,simple,correct,1.1075283697758096,34
Qwen-3-Coder-480B,873,simple,correct,1.135506241331484,35
Qwen-3-Coder-480B,873,simple,correct,1.1696044413601665,36
Qwen-3-Coder-480B,873,simple,correct,1.0387003037907807,37
Qwen-3-Coder-480B,873,simple,correct,1.0135219732064604,38
Qwen-3-Coder-480B,873,simple,correct,1.0468612955769954,39
Qwen-3-Coder-480B,873,simple,correct,1.2386842845094181,40
Qwen-3-Coder-480B,873,simple,correct,1.2016070124178233,41
Qwen-3-Coder-480B,873,simple,correct,1.205308447460914,42
Qwen-3-Coder-480B,873,simple,correct,1.1197310576674424,43
Qwen-3-Coder-480B,873,simple,correct,1.2157198096371207,44
Qwen-3-Coder-480B,873,simple,correct,1.1875084860828242,45
Qwen-3-Coder-480B,873,simple,correct,1.252570354268257,46
Qwen-3-Coder-480B,873,simple,correct,1.0202582932387947,47
Qwen-3-Coder-480B,873,simple,correct,1.167799797483003,48
Qwen-3-Coder-480B,873,simple,correct,0.9664784756527875,49
Qwen-3-Coder-480B,873,simple,correct,1.2211295681063123,50
Qwen-3-Coder-480B,713,simple,correct,12.220794703844481,1
Qwen-3-Coder-480B,713,simple,correct,1.0371112454408997,2
Qwen-3-Coder-480B,713,simple,correct,0.9835663427767073,3
Qwen-3-Coder-480B,713,simple,correct,0.9932416508394216,4
Qwen-3-Coder-480B,713,simple,correct,1.0020210103695464,5
Qwen-3-Coder-480B,713,simple,correct,0.9721703969551619,6
Qwen-3-Coder-480B,713,simple,correct,1.411311053984576,7
Qwen-3-Coder-480B,713,simple,correct,1.4188364382915564,8
Qwen-3-Coder-480B,713,simple,correct,0.9915151350728098,9
Qwen-3-Coder-480B,713,simple,correct,1.1815087447420856,10
Qwen-3-Coder-480B,713,simple,correct,0.9698188605831164,11
Qwen-3-Coder-480B,713,simple,correct,0.9977208879585766,12
Qwen-3-Coder-480B,713,simple,correct,1.042340064424509,13
Qwen-3-Coder-480B,713,simple,correct,1.288179038358397,14
Qwen-3-Coder-480B,713,simple,correct,0.986665245003632,15
Qwen-3-Coder-480B,713,simple,correct,0.9667373905570178,16
Qwen-3-Coder-480B,713,simple,correct,1.4366700435342112,17
Qwen-3-Coder-480B,713,simple,correct,1.0109033516434287,18
Qwen-3-Coder-480B,713,simple,correct,0.9983639996379914,19
Qwen-3-Coder-480B,713,simple,correct,1.1171959519603412,20
Qwen-3-Coder-480B,713,simple,correct,0.9046203631569485,21
Qwen-3-Coder-480B,713,simple,correct,0.9986065712536952,22
Qwen-3-Coder-480B,713,simple,correct,1.0123867356546226,23
Qwen-3-Coder-480B,713,simple,correct,1.0824578495677912,24
Qwen-3-Coder-480B,713,simple,correct,0.9926456370558545,25
Qwen-3-Coder-480B,713,simple,correct,0.9959717539107844,26
Qwen-3-Coder-480B,713,simple,correct,0.9757434008268844,27
Qwen-3-Coder-480B,713,simple,correct,0.9782088548773012,28
Qwen-3-Coder-480B,713,simple,correct,0.9982577206887128,29
Qwen-3-Coder-480B,713,simple,correct,1.023161171879908,30
Qwen-3-Coder-480B,713,simple,correct,1.0194768720603662,31
Qwen-3-Coder-480B,713,simple,correct,1.008777645510933,32
Qwen-3-Coder-480B,713,simple,correct,0.9865203210220737,33
Qwen-3-Coder-480B,713,simple,correct,1.4554766290830115,34
Qwen-3-Coder-480B,713,simple,correct,0.9956545020182882,35
Qwen-3-Coder-480B,713,simple,correct,1.032076857008284,36
Qwen-3-Coder-480B,713,simple,correct,1.357582892971552,37
Qwen-3-Coder-480B,713,simple,correct,1.030171548237184,38
Qwen-3-Coder-480B,713,simple,correct,0.9119203621250764,39
Qwen-3-Coder-480B,713,simple,correct,1.0433951391478256,40
Qwen-3-Coder-480B,713,simple,correct,1.4206399791653817,41
Qwen-3-Coder-480B,713,simple,correct,1.0119307608581158,42
Qwen-3-Coder-480B,713,simple,correct,0.9951921084262445,43
Qwen-3-Coder-480B,713,simple,correct,0.9272337302440938,44
Qwen-3-Coder-480B,713,simple,correct,0.999861829788116,45
Qwen-3-Coder-480B,713,simple,correct,1.0467158931082983,46
Qwen-3-Coder-480B,713,simple,correct,1.1687394451145958,47
Qwen-3-Coder-480B,713,simple,correct,1.097961129840302,48
Qwen-3-Coder-480B,713,simple,correct,0.8805298840428278,49
Qwen-3-Coder-480B,713,simple,correct,0.9414904926360309,50
Qwen-3-Coder-480B,312,simple,correct,0.3124096455213092,1
Qwen-3-Coder-480B,312,simple,semantic,,2
Qwen-3-Coder-480B,312,simple,semantic,,3
Qwen-3-Coder-480B,312,simple,semantic,,4
Qwen-3-Coder-480B,312,simple,semantic,,5
Qwen-3-Coder-480B,312,simple,correct,0.4585647159333618,6
Qwen-3-Coder-480B,312,simple,semantic,,7
Qwen-3-Coder-480B,312,simple,correct,0.45379746835443036,8
Qwen-3-Coder-480B,312,simple,semantic,,9
Qwen-3-Coder-480B,312,simple,correct,0.31256804161122537,10
Qwen-3-Coder-480B,312,simple,semantic,,11
Qwen-3-Coder-480B,312,simple,semantic,,12
Qwen-3-Coder-480B,312,simple,semantic,,13
Qwen-3-Coder-480B,312,simple,correct,0.43385007432575917,14
Qwen-3-Coder-480B,312,simple,semantic,,15
Qwen-3-Coder-480B,312,simple,correct,0.47151898734177217,16
Qwen-3-Coder-480B,312,simple,correct,0.350726106045255,17
Qwen-3-Coder-480B,312,simple,correct,0.47058823529411764,18
Qwen-3-Coder-480B,312,simple,correct,0.4217716115261473,19
Qwen-3-Coder-480B,312,simple,semantic,,20
Qwen-3-Coder-480B,312,simple,correct,0.42562511407191095,21
Qwen-3-Coder-480B,312,simple,semantic,,22
Qwen-3-Coder-480B,312,simple,correct,0.43934169278996865,23
Qwen-3-Coder-480B,312,simple,semantic,,24
Qwen-3-Coder-480B,312,simple,semantic,,25
Qwen-3-Coder-480B,312,simple,semantic,,26
Qwen-3-Coder-480B,312,simple,semantic,,27
Qwen-3-Coder-480B,312,simple,correct,0.31957328385899814,28
Qwen-3-Coder-480B,312,simple,semantic,,29
Qwen-3-Coder-480B,312,simple,semantic,,30
Qwen-3-Coder-480B,312,simple,correct,0.4487369985141159,31
Qwen-3-Coder-480B,312,simple,correct,0.3690396239086635,32
Qwen-3-Coder-480B,312,simple,semantic,,33
Qwen-3-Coder-480B,312,simple,correct,0.39947926352984936,34
Qwen-3-Coder-480B,312,simple,semantic,,35
Qwen-3-Coder-480B,312,simple,correct,0.45331325301204817,36
Qwen-3-Coder-480B,312,simple,semantic,,37
Qwen-3-Coder-480B,312,simple,correct,0.5713106295149639,38
Qwen-3-Coder-480B,312,simple,correct,0.4623502567027952,39
Qwen-3-Coder-480B,312,simple,semantic,,40
Qwen-3-Coder-480B,312,simple,correct,0.33910362817168604,41
Qwen-3-Coder-480B,312,simple,semantic,,42
Qwen-3-Coder-480B,312,simple,semantic,,43
Qwen-3-Coder-480B,312,simple,semantic,,44
Qwen-3-Coder-480B,312,simple,correct,0.47607209446861404,45
Qwen-3-Coder-480B,312,simple,semantic,,46
Qwen-3-Coder-480B,312,simple,correct,1.5402919170857352,47
Qwen-3-Coder-480B,312,simple,semantic,,48
Qwen-3-Coder-480B,312,simple,correct,0.45305017697272537,49
Qwen-3-Coder-480B,312,simple,semantic,,50
Qwen-3-Coder-480B,902,simple,semantic,,1
Qwen-3-Coder-480B,902,simple,semantic,,2
Qwen-3-Coder-480B,902,simple,semantic,,3
Qwen-3-Coder-480B,902,simple,semantic,,4
Qwen-3-Coder-480B,902,simple,semantic,,5
Qwen-3-Coder-480B,902,simple,semantic,,6
Qwen-3-Coder-480B,902,simple,semantic,,7
Qwen-3-Coder-480B,902,simple,semantic,,8
Qwen-3-Coder-480B,902,simple,semantic,,9
Qwen-3-Coder-480B,902,simple,semantic,,10
Qwen-3-Coder-480B,902,simple,semantic,,11
Qwen-3-Coder-480B,902,simple,semantic,,12
Qwen-3-Coder-480B,902,simple,semantic,,13
Qwen-3-Coder-480B,902,simple,semantic,,14
Qwen-3-Coder-480B,902,simple,semantic,,15
Qwen-3-Coder-480B,902,simple,semantic,,16
Qwen-3-Coder-480B,902,simple,semantic,,17
Qwen-3-Coder-480B,902,simple,semantic,,18
Qwen-3-Coder-480B,902,simple,semantic,,19
Qwen-3-Coder-480B,902,simple,semantic,,20
Qwen-3-Coder-480B,902,simple,semantic,,21
Qwen-3-Coder-480B,902,simple,semantic,,22
Qwen-3-Coder-480B,902,simple,semantic,,23
Qwen-3-Coder-480B,902,simple,semantic,,24
Qwen-3-Coder-480B,902,simple,semantic,,25
Qwen-3-Coder-480B,902,simple,semantic,,26
Qwen-3-Coder-480B,902,simple,semantic,,27
Qwen-3-Coder-480B,902,simple,semantic,,28
Qwen-3-Coder-480B,902,simple,semantic,,29
Qwen-3-Coder-480B,902,simple,semantic,,30
Qwen-3-Coder-480B,902,simple,semantic,,31
Qwen-3-Coder-480B,902,simple,semantic,,32
Qwen-3-Coder-480B,902,simple,semantic,,33
Qwen-3-Coder-480B,902,simple,semantic,,34
Qwen-3-Coder-480B,902,simple,semantic,,35
Qwen-3-Coder-480B,902,simple,semantic,,36
Qwen-3-Coder-480B,902,simple,semantic,,37
Qwen-3-Coder-480B,902,simple,semantic,,38
Qwen-3-Coder-480B,902,simple,semantic,,39
Qwen-3-Coder-480B,902,simple,semantic,,40
Qwen-3-Coder-480B,902,simple,semantic,,41
Qwen-3-Coder-480B,902,simple,semantic,,42
Qwen-3-Coder-480B,902,simple,semantic,,43
Qwen-3-Coder-480B,902,simple,semantic,,44
Qwen-3-Coder-480B,902,simple,semantic,,45
Qwen-3-Coder-480B,902,simple,semantic,,46
Qwen-3-Coder-480B,902,simple,semantic,,47
Qwen-3-Coder-480B,902,simple,semantic,,48
Qwen-3-Coder-480B,902,simple,semantic,,49
Qwen-3-Coder-480B,902,simple,semantic,,50
Qwen-3-Coder-480B,442,simple,semantic,,1
Qwen-3-Coder-480B,442,simple,semantic,,2
Qwen-3-Coder-480B,442,simple,semantic,,3
Qwen-3-Coder-480B,442,simple,semantic,,4
Qwen-3-Coder-480B,442,simple,semantic,,5
Qwen-3-Coder-480B,442,simple,semantic,,6
Qwen-3-Coder-480B,442,simple,semantic,,7
Qwen-3-Coder-480B,442,simple,semantic,,8
Qwen-3-Coder-480B,442,simple,semantic,,9
Qwen-3-Coder-480B,442,simple,semantic,,10
Qwen-3-Coder-480B,442,simple,semantic,,11
Qwen-3-Coder-480B,442,simple,semantic,,12
Qwen-3-Coder-480B,442,simple,semantic,,13
Qwen-3-Coder-480B,442,simple,semantic,,14
Qwen-3-Coder-480B,442,simple,semantic,,15
Qwen-3-Coder-480B,442,simple,semantic,,16
Qwen-3-Coder-480B,442,simple,semantic,,17
Qwen-3-Coder-480B,442,simple,semantic,,18
Qwen-3-Coder-480B,442,simple,semantic,,19
Qwen-3-Coder-480B,442,simple,semantic,,20
Qwen-3-Coder-480B,442,simple,semantic,,21
Qwen-3-Coder-480B,442,simple,semantic,,22
Qwen-3-Coder-480B,442,simple,semantic,,23
Qwen-3-Coder-480B,442,simple,semantic,,24
Qwen-3-Coder-480B,442,simple,semantic,,25
Qwen-3-Coder-480B,442,simple,semantic,,26
Qwen-3-Coder-480B,442,simple,semantic,,27
Qwen-3-Coder-480B,442,simple,semantic,,28
Qwen-3-Coder-480B,442,simple,semantic,,29
Qwen-3-Coder-480B,442,simple,semantic,,30
Qwen-3-Coder-480B,442,simple,semantic,,31
Qwen-3-Coder-480B,442,simple,semantic,,32
Qwen-3-Coder-480B,442,simple,semantic,,33
Qwen-3-Coder-480B,442,simple,semantic,,34
Qwen-3-Coder-480B,442,simple,semantic,,35
Qwen-3-Coder-480B,442,simple,semantic,,36
Qwen-3-Coder-480B,442,simple,semantic,,37
Qwen-3-Coder-480B,442,simple,semantic,,38
Qwen-3-Coder-480B,442,simple,semantic,,39
Qwen-3-Coder-480B,442,simple,semantic,,40
Qwen-3-Coder-480B,442,simple,semantic,,41
Qwen-3-Coder-480B,442,simple,semantic,,42
Qwen-3-Coder-480B,442,simple,semantic,,43
Qwen-3-Coder-480B,442,simple,semantic,,44
Qwen-3-Coder-480B,442,simple,semantic,,45
Qwen-3-Coder-480B,442,simple,semantic,,46
Qwen-3-Coder-480B,442,simple,semantic,,47
Qwen-3-Coder-480B,442,simple,semantic,,48
Qwen-3-Coder-480B,442,simple,semantic,,49
Qwen-3-Coder-480B,442,simple,semantic,,50
Qwen-3-Coder-480B,697,simple,correct,8.155562088861123,1
Qwen-3-Coder-480B,697,simple,correct,1.0964317210501322,2
Qwen-3-Coder-480B,697,simple,correct,1.3676395880478456,3
Qwen-3-Coder-480B,697,simple,correct,0.9964293365707348,4
Qwen-3-Coder-480B,697,simple,correct,1.6367882872414594,5
Qwen-3-Coder-480B,697,simple,correct,1.3489634629705254,6
Qwen-3-Coder-480B,697,simple,correct,1.0874132098985223,7
Qwen-3-Coder-480B,697,simple,correct,1.272305041576148,8
Qwen-3-Coder-480B,697,simple,correct,1.4097668997668997,9
Qwen-3-Coder-480B,697,simple,correct,1.4259675290084999,10
Qwen-3-Coder-480B,697,simple,correct,0.9778495781726799,11
Qwen-3-Coder-480B,697,simple,correct,0.9725170651513527,12
Qwen-3-Coder-480B,697,simple,correct,1.3731434623984935,13
Qwen-3-Coder-480B,697,simple,correct,1.181435327418965,14
Qwen-3-Coder-480B,697,simple,correct,1.1409472755205439,15
Qwen-3-Coder-480B,697,simple,correct,1.0743881150023158,16
Qwen-3-Coder-480B,697,simple,correct,1.3214173475801383,17
Qwen-3-Coder-480B,697,simple,correct,0.9945851468521882,18
Qwen-3-Coder-480B,697,simple,correct,1.4141878030585602,19
Qwen-3-Coder-480B,697,simple,correct,1.3030295109391745,20
Qwen-3-Coder-480B,697,simple,correct,0.9811865349840033,21
Qwen-3-Coder-480B,697,simple,correct,0.969794772846869,22
Qwen-3-Coder-480B,697,simple,correct,1.010232075331801,23
Qwen-3-Coder-480B,697,simple,correct,0.970498687664042,24
Qwen-3-Coder-480B,697,simple,correct,1.3253454901305584,25
Qwen-3-Coder-480B,697,simple,correct,1.032322498638097,26
Qwen-3-Coder-480B,697,simple,correct,1.0042536736272236,27
Qwen-3-Coder-480B,697,simple,correct,1.0174867832452217,28
Qwen-3-Coder-480B,697,simple,correct,1.327504816955684,29
Qwen-3-Coder-480B,697,simple,correct,1.4682947329099738,30
Qwen-3-Coder-480B,697,simple,correct,1.0197549939300299,31
Qwen-3-Coder-480B,697,simple,correct,1.4027551718444082,32
Qwen-3-Coder-480B,697,simple,correct,1.4394905936115427,33
Qwen-3-Coder-480B,697,simple,correct,1.0000359182500629,34
Qwen-3-Coder-480B,697,simple,correct,1.508499562353158,35
Qwen-3-Coder-480B,697,simple,correct,1.1877258756375182,36
Qwen-3-Coder-480B,697,simple,correct,1.300323182427284,37
Qwen-3-Coder-480B,697,simple,correct,1.0724027053997116,38
Qwen-3-Coder-480B,697,simple,correct,1.0318756491529673,39
Qwen-3-Coder-480B,697,simple,correct,0.992313414331763,40
Qwen-3-Coder-480B,697,simple,correct,1.3300482390165465,41
Qwen-3-Coder-480B,697,simple,correct,1.34522539343825,42
Qwen-3-Coder-480B,697,simple,correct,1.0412553145492542,43
Qwen-3-Coder-480B,697,simple,correct,1.0016752806986278,44
Qwen-3-Coder-480B,697,simple,correct,1.3115241635687733,45
Qwen-3-Coder-480B,697,simple,correct,0.9916404687053444,46
Qwen-3-Coder-480B,697,simple,correct,2.134907749077491,47
Qwen-3-Coder-480B,697,simple,correct,1.0171170540464856,48
Qwen-3-Coder-480B,697,simple,correct,1.0196329804769055,49
Qwen-3-Coder-480B,697,simple,correct,1.0737354591741926,50
Qwen-3-Coder-480B,161,simple,correct,8.28418744861606,1
Qwen-3-Coder-480B,161,simple,correct,1.4930037313432836,2
Qwen-3-Coder-480B,161,simple,correct,1.4545030331311246,3
Qwen-3-Coder-480B,161,simple,correct,1.6638361638361638,4
Qwen-3-Coder-480B,161,simple,correct,1.1727272727272726,5
Qwen-3-Coder-480B,161,simple,correct,1.4146455223880596,6
Qwen-3-Coder-480B,161,simple,correct,1.648316651501365,7
Qwen-3-Coder-480B,161,simple,correct,1.4569444444444444,8
Qwen-3-Coder-480B,161,simple,correct,1.5506091846298031,9
Qwen-3-Coder-480B,161,simple,correct,1.5966271649954422,10
Qwen-3-Coder-480B,161,simple,correct,1.3986958546809503,11
Qwen-3-Coder-480B,161,simple,correct,1.5963259538389072,12
Qwen-3-Coder-480B,161,simple,correct,1.0850290697674418,13
Qwen-3-Coder-480B,161,simple,correct,1.2964804896710023,14
Qwen-3-Coder-480B,161,simple,correct,1.0238489566081483,15
Qwen-3-Coder-480B,161,simple,correct,1.5244851258581236,16
Qwen-3-Coder-480B,161,simple,correct,1.4405204460966543,17
Qwen-3-Coder-480B,161,simple,correct,1.33578856152513,18
Qwen-3-Coder-480B,161,simple,correct,1.4619188921859545,19
Qwen-3-Coder-480B,161,simple,correct,1.157935285053929,20
Qwen-3-Coder-480B,161,simple,correct,1.378214118747078,21
Qwen-3-Coder-480B,161,simple,correct,1.4670376712328768,22
Qwen-3-Coder-480B,161,simple,correct,1.4513311148086523,23
Qwen-3-Coder-480B,161,simple,correct,1.3079746413079747,24
Qwen-3-Coder-480B,161,simple,correct,1.4059283655825443,25
Qwen-3-Coder-480B,161,simple,correct,1.332238385734397,26
Qwen-3-Coder-480B,161,simple,correct,1.3809967396367024,27
Qwen-3-Coder-480B,161,simple,correct,1.2372417982989063,28
Qwen-3-Coder-480B,161,simple,correct,1.534284399447768,29
Qwen-3-Coder-480B,161,simple,correct,1.2387277175812652,30
Qwen-3-Coder-480B,161,simple,correct,1.1671554252199414,31
Qwen-3-Coder-480B,161,simple,correct,1.295747171283652,32
Qwen-3-Coder-480B,161,simple,correct,1.3817996949669547,33
Qwen-3-Coder-480B,161,simple,correct,1.0162897145934302,34
Qwen-3-Coder-480B,161,simple,correct,1.3897058823529411,35
Qwen-3-Coder-480B,161,simple,correct,1.3057707509881422,36
Qwen-3-Coder-480B,161,simple,correct,1.5788781770376863,37
Qwen-3-Coder-480B,161,simple,correct,1.3793738489871086,38
Qwen-3-Coder-480B,161,simple,correct,1.5473036896877956,39
Qwen-3-Coder-480B,161,simple,correct,1.4385581649371928,40
Qwen-3-Coder-480B,161,simple,correct,1.2107894188710686,41
Qwen-3-Coder-480B,161,simple,correct,1.4033942558746737,42
Qwen-3-Coder-480B,161,simple,correct,1.4802389705882353,43
Qwen-3-Coder-480B,161,simple,correct,1.2166092613853807,44
Qwen-3-Coder-480B,161,simple,correct,1.4992974238875878,45
Qwen-3-Coder-480B,161,simple,correct,1.2946607788036932,46
Qwen-3-Coder-480B,161,simple,correct,1.4845313921747043,47
Qwen-3-Coder-480B,161,simple,correct,1.5447963800904978,48
Qwen-3-Coder-480B,161,simple,correct,1.3776160145586898,49
Qwen-3-Coder-480B,161,simple,correct,1.4601198709082526,50
Qwen-3-Coder-480B,1713,Simple,semantic,,1
Qwen-3-Coder-480B,1713,Simple,semantic,,2
Qwen-3-Coder-480B,1713,Simple,semantic,,3
Qwen-3-Coder-480B,1713,Simple,semantic,,4
Qwen-3-Coder-480B,1713,Simple,semantic,,5
Qwen-3-Coder-480B,1713,Simple,semantic,,6
Qwen-3-Coder-480B,1713,Simple,semantic,,7
Qwen-3-Coder-480B,1713,Simple,semantic,,8
Qwen-3-Coder-480B,1713,Simple,semantic,,9
Qwen-3-Coder-480B,1713,Simple,semantic,,10
Qwen-3-Coder-480B,1713,Simple,semantic,,11
Qwen-3-Coder-480B,1713,Simple,semantic,,12
Qwen-3-Coder-480B,1713,Simple,semantic,,13
Qwen-3-Coder-480B,1713,Simple,semantic,,14
Qwen-3-Coder-480B,1713,Simple,semantic,,15
Qwen-3-Coder-480B,1713,Simple,semantic,,16
Qwen-3-Coder-480B,1713,Simple,semantic,,17
Qwen-3-Coder-480B,1713,Simple,semantic,,18
Qwen-3-Coder-480B,1713,Simple,semantic,,19
Qwen-3-Coder-480B,1713,Simple,semantic,,20
Qwen-3-Coder-480B,1713,Simple,semantic,,21
Qwen-3-Coder-480B,1713,Simple,semantic,,22
Qwen-3-Coder-480B,1713,Simple,semantic,,23
Qwen-3-Coder-480B,1713,Simple,semantic,,24
Qwen-3-Coder-480B,1713,Simple,semantic,,25
Qwen-3-Coder-480B,1713,Simple,semantic,,26
Qwen-3-Coder-480B,1713,Simple,semantic,,27
Qwen-3-Coder-480B,1713,Simple,semantic,,28
Qwen-3-Coder-480B,1713,Simple,semantic,,29
Qwen-3-Coder-480B,1713,Simple,semantic,,30
Qwen-3-Coder-480B,1713,Simple,semantic,,31
Qwen-3-Coder-480B,1713,Simple,semantic,,32
Qwen-3-Coder-480B,1713,Simple,semantic,,33
Qwen-3-Coder-480B,1713,Simple,semantic,,34
Qwen-3-Coder-480B,1713,Simple,semantic,,35
Qwen-3-Coder-480B,1713,Simple,semantic,,36
Qwen-3-Coder-480B,1713,Simple,semantic,,37
Qwen-3-Coder-480B,1713,Simple,semantic,,38
Qwen-3-Coder-480B,1713,Simple,semantic,,39
Qwen-3-Coder-480B,1713,Simple,semantic,,40
Qwen-3-Coder-480B,1713,Simple,semantic,,41
Qwen-3-Coder-480B,1713,Simple,semantic,,42
Qwen-3-Coder-480B,1713,Simple,semantic,,43
Qwen-3-Coder-480B,1713,Simple,semantic,,44
Qwen-3-Coder-480B,1713,Simple,semantic,,45
Qwen-3-Coder-480B,1713,Simple,semantic,,46
Qwen-3-Coder-480B,1713,Simple,semantic,,47
Qwen-3-Coder-480B,1713,Simple,semantic,,48
Qwen-3-Coder-480B,1713,Simple,semantic,,49
Qwen-3-Coder-480B,1713,Simple,semantic,,50
Qwen-3-Coder-480B,564,simple,correct,6.507305824408026,1
Qwen-3-Coder-480B,564,simple,correct,0.9453759037595689,2
Qwen-3-Coder-480B,564,simple,correct,0.9327522474437808,3
Qwen-3-Coder-480B,564,simple,correct,0.9271734677083296,4
Qwen-3-Coder-480B,564,simple,correct,0.9272098582479911,5
Qwen-3-Coder-480B,564,simple,correct,0.9987588434537955,6
Qwen-3-Coder-480B,564,simple,correct,0.9114326705450113,7
Qwen-3-Coder-480B,564,simple,correct,0.9614236486068218,8
Qwen-3-Coder-480B,564,simple,correct,0.9337834605318066,9
Qwen-3-Coder-480B,564,simple,correct,0.9276608163629088,10
Qwen-3-Coder-480B,564,simple,correct,0.8930634150028689,11
Qwen-3-Coder-480B,564,simple,correct,0.9288712512558716,12
Qwen-3-Coder-480B,564,simple,correct,0.9171842330233085,13
Qwen-3-Coder-480B,564,simple,correct,0.9407712192414951,14
Qwen-3-Coder-480B,564,simple,correct,1.0695870979656779,15
Qwen-3-Coder-480B,564,simple,correct,0.9302258494267222,16
Qwen-3-Coder-480B,564,simple,correct,0.9192092282351543,17
Qwen-3-Coder-480B,564,simple,correct,1.0105680063173932,18
Qwen-3-Coder-480B,564,simple,correct,0.9345670502147516,19
Qwen-3-Coder-480B,564,simple,correct,0.9299019804729316,20
Qwen-3-Coder-480B,564,simple,correct,0.9438374379557679,21
Qwen-3-Coder-480B,564,simple,correct,0.9381865348681351,22
Qwen-3-Coder-480B,564,simple,correct,0.8925697563286054,23
Qwen-3-Coder-480B,564,simple,correct,0.9395252386493889,24
Qwen-3-Coder-480B,564,simple,correct,0.9316081914423421,25
Qwen-3-Coder-480B,564,simple,correct,0.9437231921023304,26
Qwen-3-Coder-480B,564,simple,correct,0.9398731599263017,27
Qwen-3-Coder-480B,564,simple,correct,1.0395828264474505,28
Qwen-3-Coder-480B,564,simple,correct,0.9370331460802248,29
Qwen-3-Coder-480B,564,simple,correct,1.0023601695284012,30
Qwen-3-Coder-480B,564,simple,correct,0.9359735433048915,31
Qwen-3-Coder-480B,564,simple,correct,1.0653921135718263,32
Qwen-3-Coder-480B,564,simple,correct,0.9258407588387467,33
Qwen-3-Coder-480B,564,simple,correct,0.9342354340977462,34
Qwen-3-Coder-480B,564,simple,correct,0.9955514164352972,35
Qwen-3-Coder-480B,564,simple,correct,0.9253230036247804,36
Qwen-3-Coder-480B,564,simple,correct,0.9614871049090072,37
Qwen-3-Coder-480B,564,simple,correct,1.0773318398164669,38
Qwen-3-Coder-480B,564,simple,correct,0.9271746471646647,39
Qwen-3-Coder-480B,564,simple,correct,0.9345433804688904,40
Qwen-3-Coder-480B,564,simple,correct,0.9361914274517148,41
Qwen-3-Coder-480B,564,simple,correct,0.9548810084145362,42
Qwen-3-Coder-480B,564,simple,correct,1.1235542073516764,43
Qwen-3-Coder-480B,564,simple,correct,0.992496384295203,44
Qwen-3-Coder-480B,564,simple,correct,1.0608428958534821,45
Qwen-3-Coder-480B,564,simple,correct,0.9269500025434625,46
Qwen-3-Coder-480B,564,simple,correct,0.9111424541607899,47
Qwen-3-Coder-480B,564,simple,correct,1.0256373345397962,48
Qwen-3-Coder-480B,564,simple,correct,0.9082991085731213,49
Qwen-3-Coder-480B,564,simple,correct,1.086087640105014,50
Qwen-3-Coder-480B,841,simple,correct,3.984984984984985,1
Qwen-3-Coder-480B,841,simple,correct,1.7766116941529235,2
Qwen-3-Coder-480B,841,simple,correct,1.4935064935064934,3
Qwen-3-Coder-480B,841,simple,correct,1.721217105263158,4
Qwen-3-Coder-480B,841,simple,correct,1.816535433070866,5
Qwen-3-Coder-480B,841,simple,correct,1.6963873943120675,6
Qwen-3-Coder-480B,841,simple,correct,1.8005071851225698,7
Qwen-3-Coder-480B,841,simple,correct,1.7380100214745884,8
Qwen-3-Coder-480B,841,simple,correct,1.6674329501915708,9
Qwen-3-Coder-480B,841,simple,correct,1.7103658536585367,10
Qwen-3-Coder-480B,841,simple,correct,1.7632890365448506,11
Qwen-3-Coder-480B,841,simple,correct,1.8168238993710693,12
Qwen-3-Coder-480B,841,simple,correct,1.570664629488159,13
Qwen-3-Coder-480B,841,simple,correct,1.6844473007712082,14
Qwen-3-Coder-480B,841,simple,correct,1.8261562998405103,15
Qwen-3-Coder-480B,841,simple,correct,1.9416562107904642,16
Qwen-3-Coder-480B,841,simple,correct,1.7348066298342542,17
Qwen-3-Coder-480B,841,simple,correct,1.4178217821782177,18
Qwen-3-Coder-480B,841,simple,correct,1.6187929717341483,19
Qwen-3-Coder-480B,841,simple,correct,1.8481510621557828,20
Qwen-3-Coder-480B,841,simple,correct,1.6775446775446776,21
Qwen-3-Coder-480B,841,simple,correct,1.6485884101040118,22
Qwen-3-Coder-480B,841,simple,correct,1.6933229813664596,23
Qwen-3-Coder-480B,841,simple,correct,1.6169386169386168,24
Qwen-3-Coder-480B,841,simple,correct,1.7268408551068883,25
Qwen-3-Coder-480B,841,simple,correct,1.723482077542063,26
Qwen-3-Coder-480B,841,simple,correct,1.7320574162679425,27
Qwen-3-Coder-480B,841,simple,correct,1.556338028169014,28
Qwen-3-Coder-480B,841,simple,correct,1.7702702702702702,29
Qwen-3-Coder-480B,841,simple,correct,1.68046875,30
Qwen-3-Coder-480B,841,simple,correct,1.5056433408577878,31
Qwen-3-Coder-480B,841,simple,correct,1.4473186119873818,32
Qwen-3-Coder-480B,841,simple,correct,2.260392156862745,33
Qwen-3-Coder-480B,841,simple,correct,1.1669242658423493,34
Qwen-3-Coder-480B,841,simple,correct,1.747385358004827,35
Qwen-3-Coder-480B,841,simple,correct,1.7133182844243793,36
Qwen-3-Coder-480B,841,simple,correct,1.8679817905918057,37
Qwen-3-Coder-480B,841,simple,correct,1.737082066869301,38
Qwen-3-Coder-480B,841,simple,correct,1.2396396396396396,39
Qwen-3-Coder-480B,841,simple,correct,1.7547746371275783,40
Qwen-3-Coder-480B,841,simple,correct,1.7795334838224228,41
Qwen-3-Coder-480B,841,simple,correct,1.585949177877429,42
Qwen-3-Coder-480B,841,simple,correct,1.6789056875449964,43
Qwen-3-Coder-480B,841,simple,correct,1.7337962962962963,44
Qwen-3-Coder-480B,841,simple,correct,1.5988579586009992,45
Qwen-3-Coder-480B,841,simple,correct,1.6195574589578872,46
Qwen-3-Coder-480B,841,simple,correct,1.7506819421713038,47
Qwen-3-Coder-480B,841,simple,correct,1.3732261116367077,48
Qwen-3-Coder-480B,841,simple,correct,1.7413533834586465,49
Qwen-3-Coder-480B,841,simple,correct,1.72556684910086,50
Qwen-3-Coder-480B,580,simple,correct,11.026239907727797,1
Qwen-3-Coder-480B,580,simple,correct,1.1412444933920705,2
Qwen-3-Coder-480B,580,simple,correct,1.299624188588999,3
Qwen-3-Coder-480B,580,simple,correct,1.2987295825771326,4
Qwen-3-Coder-480B,580,simple,correct,1.3888091822094693,5
Qwen-3-Coder-480B,580,simple,correct,1.3477201531500174,6
Qwen-3-Coder-480B,580,simple,correct,0.8256942876495823,7
Qwen-3-Coder-480B,580,simple,correct,1.4005019720329868,8
Qwen-3-Coder-480B,580,simple,correct,1.4747838616714697,9
Qwen-3-Coder-480B,580,simple,correct,1.3533190578158458,10
Qwen-3-Coder-480B,580,simple,correct,1.3356164383561644,11
Qwen-3-Coder-480B,580,simple,correct,1.349820788530466,12
Qwen-3-Coder-480B,580,simple,correct,1.3974169741697418,13
Qwen-3-Coder-480B,580,simple,correct,1.4267981014968967,14
Qwen-3-Coder-480B,580,simple,correct,1.3817090395480225,15
Qwen-3-Coder-480B,580,simple,correct,1.0177966101694915,16
Qwen-3-Coder-480B,580,simple,correct,1.3725868725868726,17
Qwen-3-Coder-480B,580,simple,correct,1.427069199457259,18
Qwen-3-Coder-480B,580,simple,correct,1.3017462165308498,19
Qwen-3-Coder-480B,580,simple,correct,1.018181818181818,20
Qwen-3-Coder-480B,580,simple,correct,1.3049421661409044,21
Qwen-3-Coder-480B,580,simple,correct,1.3816155988857939,22
Qwen-3-Coder-480B,580,simple,correct,1.310781476121563,23
Qwen-3-Coder-480B,580,simple,correct,1.5184283727399166,24
Qwen-3-Coder-480B,580,simple,correct,1.4874863982589772,25
Qwen-3-Coder-480B,580,simple,correct,1.4806934594168637,26
Qwen-3-Coder-480B,580,simple,correct,1.3732162458836443,27
Qwen-3-Coder-480B,580,simple,correct,1.0543970988213962,28
Qwen-3-Coder-480B,580,simple,correct,1.504129263913824,29
Qwen-3-Coder-480B,580,simple,correct,1.4039971448965025,30
Qwen-3-Coder-480B,580,simple,correct,1.372776769509982,31
Qwen-3-Coder-480B,580,simple,correct,1.0274307441607822,32
Qwen-3-Coder-480B,580,simple,correct,1.7346189164370982,33
Qwen-3-Coder-480B,580,simple,correct,1.3060018903591681,34
Qwen-3-Coder-480B,580,simple,correct,1.427695636494771,35
Qwen-3-Coder-480B,580,simple,correct,1.511372549019608,36
Qwen-3-Coder-480B,580,simple,correct,1.3511308861698184,37
Qwen-3-Coder-480B,580,simple,correct,1.2549273021001615,38
Qwen-3-Coder-480B,580,simple,correct,1.3940480458945859,39
Qwen-3-Coder-480B,580,simple,correct,1.4002153625269202,40
Qwen-3-Coder-480B,580,simple,correct,1.398576512455516,41
Qwen-3-Coder-480B,580,simple,correct,1.317975567190227,42
Qwen-3-Coder-480B,580,simple,correct,1.360828488372093,43
Qwen-3-Coder-480B,580,simple,correct,1.345656855707107,44
Qwen-3-Coder-480B,580,simple,correct,1.1863765373699149,45
Qwen-3-Coder-480B,580,simple,correct,1.3233830845771144,46
Qwen-3-Coder-480B,580,simple,correct,1.5738219895287957,47
Qwen-3-Coder-480B,580,simple,correct,1.2801130342635112,48
Qwen-3-Coder-480B,580,simple,correct,1.3763016157989227,49
Qwen-3-Coder-480B,580,simple,correct,1.3571428571428572,50
Qwen-3-Coder-480B,722,simple,correct,5.6285551763367465,1
Qwen-3-Coder-480B,722,simple,correct,1.5164099129269926,2
Qwen-3-Coder-480B,722,simple,correct,1.20617110799439,3
Qwen-3-Coder-480B,722,simple,correct,1.6104468219005663,4
Qwen-3-Coder-480B,722,simple,correct,1.6862860506180106,5
Qwen-3-Coder-480B,722,simple,correct,1.7039755351681958,6
Qwen-3-Coder-480B,722,simple,correct,1.3534015653220952,7
Qwen-3-Coder-480B,722,simple,correct,1.512770137524558,8
Qwen-3-Coder-480B,722,simple,correct,1.6955974842767296,9
Qwen-3-Coder-480B,722,simple,correct,1.4838917525773196,10
Qwen-3-Coder-480B,722,simple,correct,1.5292269013199247,11
Qwen-3-Coder-480B,722,simple,correct,1.7490062464508802,12
Qwen-3-Coder-480B,722,simple,correct,1.7278958190541467,13
Qwen-3-Coder-480B,722,simple,correct,1.6269329896907216,14
Qwen-3-Coder-480B,722,simple,correct,1.4293103448275861,15
Qwen-3-Coder-480B,722,simple,correct,1.424505928853755,16
Qwen-3-Coder-480B,722,simple,correct,1.396103896103896,17
Qwen-3-Coder-480B,722,simple,correct,1.4595611285266459,18
Qwen-3-Coder-480B,722,simple,correct,1.6479524438573316,19
Qwen-3-Coder-480B,722,simple,correct,1.6958990536277603,20
Qwen-3-Coder-480B,722,simple,correct,1.64505566470203,21
Qwen-3-Coder-480B,722,simple,correct,1.5692711753118844,22
Qwen-3-Coder-480B,722,simple,correct,1.5509660226515656,23
Qwen-3-Coder-480B,722,simple,correct,1.646262886597938,24
Qwen-3-Coder-480B,722,simple,correct,1.4587878787878787,25
Qwen-3-Coder-480B,722,simple,correct,1.092685370741483,26
Qwen-3-Coder-480B,722,simple,correct,1.5598991172761665,27
Qwen-3-Coder-480B,722,simple,correct,1.614914425427873,28
Qwen-3-Coder-480B,722,simple,correct,1.8784104389086596,29
Qwen-3-Coder-480B,722,simple,correct,1.5900131406044677,30
Qwen-3-Coder-480B,722,simple,correct,1.4415584415584415,31
Qwen-3-Coder-480B,722,simple,correct,1.5006321112515804,32
Qwen-3-Coder-480B,722,simple,correct,1.7145432692307692,33
Qwen-3-Coder-480B,722,simple,correct,1.5375647668393781,34
Qwen-3-Coder-480B,722,simple,correct,1.479510377860564,35
Qwen-3-Coder-480B,722,simple,correct,1.4737642585551332,36
Qwen-3-Coder-480B,722,simple,correct,1.7237017310252996,37
Qwen-3-Coder-480B,722,simple,correct,1.6390728476821192,38
Qwen-3-Coder-480B,722,simple,correct,1.456902138690862,39
Qwen-3-Coder-480B,722,simple,correct,1.5579227696404794,40
Qwen-3-Coder-480B,722,simple,correct,1.8070892978868438,41
Qwen-3-Coder-480B,722,simple,correct,1.717684887459807,42
Qwen-3-Coder-480B,722,simple,correct,1.1246624662466247,43
Qwen-3-Coder-480B,722,simple,correct,1.4460625674217906,44
Qwen-3-Coder-480B,722,simple,correct,1.0586206896551724,45
Qwen-3-Coder-480B,722,simple,correct,1.5658338960162053,46
Qwen-3-Coder-480B,722,simple,correct,1.3642857142857143,47
Qwen-3-Coder-480B,722,simple,correct,1.6712328767123288,48
Qwen-3-Coder-480B,722,simple,correct,1.6095936042638241,49
Qwen-3-Coder-480B,722,simple,correct,1.7042349726775956,50
Qwen-3-Coder-480B,10,simple,semantic,,1
Qwen-3-Coder-480B,10,simple,semantic,,2
Qwen-3-Coder-480B,10,simple,semantic,,3
Qwen-3-Coder-480B,10,simple,semantic,,4
Qwen-3-Coder-480B,10,simple,semantic,,5
Qwen-3-Coder-480B,10,simple,semantic,,6
Qwen-3-Coder-480B,10,simple,semantic,,7
Qwen-3-Coder-480B,10,simple,semantic,,8
Qwen-3-Coder-480B,10,simple,semantic,,9
Qwen-3-Coder-480B,10,simple,semantic,,10
Qwen-3-Coder-480B,10,simple,semantic,,11
Qwen-3-Coder-480B,10,simple,semantic,,12
Qwen-3-Coder-480B,10,simple,semantic,,13
Qwen-3-Coder-480B,10,simple,semantic,,14
Qwen-3-Coder-480B,10,simple,semantic,,15
Qwen-3-Coder-480B,10,simple,semantic,,16
Qwen-3-Coder-480B,10,simple,semantic,,17
Qwen-3-Coder-480B,10,simple,semantic,,18
Qwen-3-Coder-480B,10,simple,semantic,,19
Qwen-3-Coder-480B,10,simple,semantic,,20
Qwen-3-Coder-480B,10,simple,semantic,,21
Qwen-3-Coder-480B,10,simple,semantic,,22
Qwen-3-Coder-480B,10,simple,semantic,,23
Qwen-3-Coder-480B,10,simple,semantic,,24
Qwen-3-Coder-480B,10,simple,semantic,,25
Qwen-3-Coder-480B,10,simple,semantic,,26
Qwen-3-Coder-480B,10,simple,semantic,,27
Qwen-3-Coder-480B,10,simple,semantic,,28
Qwen-3-Coder-480B,10,simple,semantic,,29
Qwen-3-Coder-480B,10,simple,semantic,,30
Qwen-3-Coder-480B,10,simple,semantic,,31
Qwen-3-Coder-480B,10,simple,semantic,,32
Qwen-3-Coder-480B,10,simple,semantic,,33
Qwen-3-Coder-480B,10,simple,semantic,,34
Qwen-3-Coder-480B,10,simple,semantic,,35
Qwen-3-Coder-480B,10,simple,semantic,,36
Qwen-3-Coder-480B,10,simple,semantic,,37
Qwen-3-Coder-480B,10,simple,semantic,,38
Qwen-3-Coder-480B,10,simple,semantic,,39
Qwen-3-Coder-480B,10,simple,semantic,,40
Qwen-3-Coder-480B,10,simple,semantic,,41
Qwen-3-Coder-480B,10,simple,semantic,,42
Qwen-3-Coder-480B,10,simple,semantic,,43
Qwen-3-Coder-480B,10,simple,semantic,,44
Qwen-3-Coder-480B,10,simple,semantic,,45
Qwen-3-Coder-480B,10,simple,semantic,,46
Qwen-3-Coder-480B,10,simple,semantic,,47
Qwen-3-Coder-480B,10,simple,semantic,,48
Qwen-3-Coder-480B,10,simple,semantic,,49
Qwen-3-Coder-480B,10,simple,semantic,,50
Qwen-3-Coder-480B,1197,simple,semantic,,1
Qwen-3-Coder-480B,1197,simple,semantic,,2
Qwen-3-Coder-480B,1197,simple,semantic,,3
Qwen-3-Coder-480B,1197,simple,semantic,,4
Qwen-3-Coder-480B,1197,simple,semantic,,5
Qwen-3-Coder-480B,1197,simple,semantic,,6
Qwen-3-Coder-480B,1197,simple,semantic,,7
Qwen-3-Coder-480B,1197,simple,semantic,,8
Qwen-3-Coder-480B,1197,simple,semantic,,9
Qwen-3-Coder-480B,1197,simple,semantic,,10
Qwen-3-Coder-480B,1197,simple,semantic,,11
Qwen-3-Coder-480B,1197,simple,semantic,,12
Qwen-3-Coder-480B,1197,simple,semantic,,13
Qwen-3-Coder-480B,1197,simple,semantic,,14
Qwen-3-Coder-480B,1197,simple,semantic,,15
Qwen-3-Coder-480B,1197,simple,semantic,,16
Qwen-3-Coder-480B,1197,simple,semantic,,17
Qwen-3-Coder-480B,1197,simple,semantic,,18
Qwen-3-Coder-480B,1197,simple,semantic,,19
Qwen-3-Coder-480B,1197,simple,semantic,,20
Qwen-3-Coder-480B,1197,simple,semantic,,21
Qwen-3-Coder-480B,1197,simple,semantic,,22
Qwen-3-Coder-480B,1197,simple,semantic,,23
Qwen-3-Coder-480B,1197,simple,semantic,,24
Qwen-3-Coder-480B,1197,simple,semantic,,25
Qwen-3-Coder-480B,1197,simple,semantic,,26
Qwen-3-Coder-480B,1197,simple,semantic,,27
Qwen-3-Coder-480B,1197,simple,semantic,,28
Qwen-3-Coder-480B,1197,simple,semantic,,29
Qwen-3-Coder-480B,1197,simple,semantic,,30
Qwen-3-Coder-480B,1197,simple,semantic,,31
Qwen-3-Coder-480B,1197,simple,semantic,,32
Qwen-3-Coder-480B,1197,simple,semantic,,33
Qwen-3-Coder-480B,1197,simple,semantic,,34
Qwen-3-Coder-480B,1197,simple,semantic,,35
Qwen-3-Coder-480B,1197,simple,semantic,,36
Qwen-3-Coder-480B,1197,simple,semantic,,37
Qwen-3-Coder-480B,1197,simple,semantic,,38
Qwen-3-Coder-480B,1197,simple,semantic,,39
Qwen-3-Coder-480B,1197,simple,semantic,,40
Qwen-3-Coder-480B,1197,simple,semantic,,41
Qwen-3-Coder-480B,1197,simple,semantic,,42
Qwen-3-Coder-480B,1197,simple,semantic,,43
Qwen-3-Coder-480B,1197,simple,semantic,,44
Qwen-3-Coder-480B,1197,simple,semantic,,45
Qwen-3-Coder-480B,1197,simple,semantic,,46
Qwen-3-Coder-480B,1197,simple,semantic,,47
Qwen-3-Coder-480B,1197,simple,semantic,,48
Qwen-3-Coder-480B,1197,simple,semantic,,49
Qwen-3-Coder-480B,1197,simple,semantic,,50
Qwen-3-Coder-480B,679,simple,semantic,,1
Qwen-3-Coder-480B,679,simple,semantic,,2
Qwen-3-Coder-480B,679,simple,semantic,,3
Qwen-3-Coder-480B,679,simple,semantic,,4
Qwen-3-Coder-480B,679,simple,semantic,,5
Qwen-3-Coder-480B,679,simple,semantic,,6
Qwen-3-Coder-480B,679,simple,semantic,,7
Qwen-3-Coder-480B,679,simple,semantic,,8
Qwen-3-Coder-480B,679,simple,semantic,,9
Qwen-3-Coder-480B,679,simple,semantic,,10
Qwen-3-Coder-480B,679,simple,semantic,,11
Qwen-3-Coder-480B,679,simple,semantic,,12
Qwen-3-Coder-480B,679,simple,semantic,,13
Qwen-3-Coder-480B,679,simple,semantic,,14
Qwen-3-Coder-480B,679,simple,semantic,,15
Qwen-3-Coder-480B,679,simple,semantic,,16
Qwen-3-Coder-480B,679,simple,semantic,,17
Qwen-3-Coder-480B,679,simple,semantic,,18
Qwen-3-Coder-480B,679,simple,semantic,,19
Qwen-3-Coder-480B,679,simple,semantic,,20
Qwen-3-Coder-480B,679,simple,semantic,,21
Qwen-3-Coder-480B,679,simple,semantic,,22
Qwen-3-Coder-480B,679,simple,semantic,,23
Qwen-3-Coder-480B,679,simple,semantic,,24
Qwen-3-Coder-480B,679,simple,semantic,,25
Qwen-3-Coder-480B,679,simple,semantic,,26
Qwen-3-Coder-480B,679,simple,semantic,,27
Qwen-3-Coder-480B,679,simple,semantic,,28
Qwen-3-Coder-480B,679,simple,semantic,,29
Qwen-3-Coder-480B,679,simple,semantic,,30
Qwen-3-Coder-480B,679,simple,semantic,,31
Qwen-3-Coder-480B,679,simple,semantic,,32
Qwen-3-Coder-480B,679,simple,semantic,,33
Qwen-3-Coder-480B,679,simple,semantic,,34
Qwen-3-Coder-480B,679,simple,semantic,,35
Qwen-3-Coder-480B,679,simple,semantic,,36
Qwen-3-Coder-480B,679,simple,semantic,,37
Qwen-3-Coder-480B,679,simple,semantic,,38
Qwen-3-Coder-480B,679,simple,semantic,,39
Qwen-3-Coder-480B,679,simple,semantic,,40
Qwen-3-Coder-480B,679,simple,semantic,,41
Qwen-3-Coder-480B,679,simple,semantic,,42
Qwen-3-Coder-480B,679,simple,semantic,,43
Qwen-3-Coder-480B,679,simple,semantic,,44
Qwen-3-Coder-480B,679,simple,semantic,,45
Qwen-3-Coder-480B,679,simple,semantic,,46
Qwen-3-Coder-480B,679,simple,semantic,,47
Qwen-3-Coder-480B,679,simple,semantic,,48
Qwen-3-Coder-480B,679,simple,semantic,,49
Qwen-3-Coder-480B,679,simple,semantic,,50
Qwen-3-Coder-480B,430,simple,semantic,,1
Qwen-3-Coder-480B,430,simple,semantic,,2
Qwen-3-Coder-480B,430,simple,semantic,,3
Qwen-3-Coder-480B,430,simple,semantic,,4
Qwen-3-Coder-480B,430,simple,semantic,,5
Qwen-3-Coder-480B,430,simple,semantic,,6
Qwen-3-Coder-480B,430,simple,semantic,,7
Qwen-3-Coder-480B,430,simple,semantic,,8
Qwen-3-Coder-480B,430,simple,semantic,,9
Qwen-3-Coder-480B,430,simple,semantic,,10
Qwen-3-Coder-480B,430,simple,semantic,,11
Qwen-3-Coder-480B,430,simple,semantic,,12
Qwen-3-Coder-480B,430,simple,semantic,,13
Qwen-3-Coder-480B,430,simple,semantic,,14
Qwen-3-Coder-480B,430,simple,semantic,,15
Qwen-3-Coder-480B,430,simple,semantic,,16
Qwen-3-Coder-480B,430,simple,semantic,,17
Qwen-3-Coder-480B,430,simple,semantic,,18
Qwen-3-Coder-480B,430,simple,semantic,,19
Qwen-3-Coder-480B,430,simple,semantic,,20
Qwen-3-Coder-480B,430,simple,semantic,,21
Qwen-3-Coder-480B,430,simple,semantic,,22
Qwen-3-Coder-480B,430,simple,semantic,,23
Qwen-3-Coder-480B,430,simple,semantic,,24
Qwen-3-Coder-480B,430,simple,semantic,,25
Qwen-3-Coder-480B,430,simple,semantic,,26
Qwen-3-Coder-480B,430,simple,semantic,,27
Qwen-3-Coder-480B,430,simple,semantic,,28
Qwen-3-Coder-480B,430,simple,semantic,,29
Qwen-3-Coder-480B,430,simple,semantic,,30
Qwen-3-Coder-480B,430,simple,semantic,,31
Qwen-3-Coder-480B,430,simple,semantic,,32
Qwen-3-Coder-480B,430,simple,semantic,,33
Qwen-3-Coder-480B,430,simple,semantic,,34
Qwen-3-Coder-480B,430,simple,semantic,,35
Qwen-3-Coder-480B,430,simple,semantic,,36
Qwen-3-Coder-480B,430,simple,semantic,,37
Qwen-3-Coder-480B,430,simple,semantic,,38
Qwen-3-Coder-480B,430,simple,semantic,,39
Qwen-3-Coder-480B,430,simple,semantic,,40
Qwen-3-Coder-480B,430,simple,semantic,,41
Qwen-3-Coder-480B,430,simple,semantic,,42
Qwen-3-Coder-480B,430,simple,semantic,,43
Qwen-3-Coder-480B,430,simple,semantic,,44
Qwen-3-Coder-480B,430,simple,semantic,,45
Qwen-3-Coder-480B,430,simple,semantic,,46
Qwen-3-Coder-480B,430,simple,semantic,,47
Qwen-3-Coder-480B,430,simple,semantic,,48
Qwen-3-Coder-480B,430,simple,semantic,,49
Qwen-3-Coder-480B,430,simple,semantic,,50
Qwen-3-Coder-480B,1536,Simple,other,,1
Qwen-3-Coder-480B,1536,Simple,other,,2
Qwen-3-Coder-480B,1536,Simple,other,,3
Qwen-3-Coder-480B,1536,Simple,other,,4
Qwen-3-Coder-480B,1536,Simple,other,,5
Qwen-3-Coder-480B,1536,Simple,other,,6
Qwen-3-Coder-480B,1536,Simple,other,,7
Qwen-3-Coder-480B,1536,Simple,other,,8
Qwen-3-Coder-480B,1536,Simple,other,,9
Qwen-3-Coder-480B,1536,Simple,other,,10
Qwen-3-Coder-480B,1536,Simple,other,,11
Qwen-3-Coder-480B,1536,Simple,other,,12
Qwen-3-Coder-480B,1536,Simple,other,,13
Qwen-3-Coder-480B,1536,Simple,other,,14
Qwen-3-Coder-480B,1536,Simple,other,,15
Qwen-3-Coder-480B,1536,Simple,other,,16
Qwen-3-Coder-480B,1536,Simple,other,,17
Qwen-3-Coder-480B,1536,Simple,other,,18
Qwen-3-Coder-480B,1536,Simple,other,,19
Qwen-3-Coder-480B,1536,Simple,other,,20
Qwen-3-Coder-480B,1536,Simple,other,,21
Qwen-3-Coder-480B,1536,Simple,other,,22
Qwen-3-Coder-480B,1536,Simple,other,,23
Qwen-3-Coder-480B,1536,Simple,other,,24
Qwen-3-Coder-480B,1536,Simple,other,,25
Qwen-3-Coder-480B,1536,Simple,other,,26
Qwen-3-Coder-480B,1536,Simple,other,,27
Qwen-3-Coder-480B,1536,Simple,other,,28
Qwen-3-Coder-480B,1536,Simple,other,,29
Qwen-3-Coder-480B,1536,Simple,other,,30
Qwen-3-Coder-480B,1536,Simple,other,,31
Qwen-3-Coder-480B,1536,Simple,other,,32
Qwen-3-Coder-480B,1536,Simple,other,,33
Qwen-3-Coder-480B,1536,Simple,other,,34
Qwen-3-Coder-480B,1536,Simple,other,,35
Qwen-3-Coder-480B,1536,Simple,other,,36
Qwen-3-Coder-480B,1536,Simple,other,,37
Qwen-3-Coder-480B,1536,Simple,other,,38
Qwen-3-Coder-480B,1536,Simple,other,,39
Qwen-3-Coder-480B,1536,Simple,other,,40
Qwen-3-Coder-480B,1536,Simple,other,,41
Qwen-3-Coder-480B,1536,Simple,other,,42
Qwen-3-Coder-480B,1536,Simple,other,,43
Qwen-3-Coder-480B,1536,Simple,other,,44
Qwen-3-Coder-480B,1536,Simple,other,,45
Qwen-3-Coder-480B,1536,Simple,other,,46
Qwen-3-Coder-480B,1536,Simple,other,,47
Qwen-3-Coder-480B,1536,Simple,other,,48
Qwen-3-Coder-480B,1536,Simple,other,,49
Qwen-3-Coder-480B,1536,Simple,other,,50
Qwen-3-Coder-480B,577,simple,correct,5.796270654017717,1
Qwen-3-Coder-480B,577,simple,correct,1.0008238460654628,2
Qwen-3-Coder-480B,577,simple,correct,1.0391297227745935,3
Qwen-3-Coder-480B,577,simple,correct,1.0227369754066513,4
Qwen-3-Coder-480B,577,simple,correct,0.978048051913358,5
Qwen-3-Coder-480B,577,simple,correct,1.1402014752547194,6
Qwen-3-Coder-480B,577,simple,correct,1.0172874743544769,7
Qwen-3-Coder-480B,577,simple,correct,1.1758765984721915,8
Qwen-3-Coder-480B,577,simple,correct,0.9456762146034448,9
Qwen-3-Coder-480B,577,simple,correct,0.923484691142163,10
Qwen-3-Coder-480B,577,simple,correct,0.9856930057694243,11
Qwen-3-Coder-480B,577,simple,correct,1.1454950840534495,12
Qwen-3-Coder-480B,577,simple,correct,1.0441831368224617,13
Qwen-3-Coder-480B,577,simple,correct,1.1594587119096949,14
Qwen-3-Coder-480B,577,simple,correct,0.9419112672995065,15
Qwen-3-Coder-480B,577,simple,correct,0.9828460696792138,16
Qwen-3-Coder-480B,577,simple,correct,0.9902484662024793,17
Qwen-3-Coder-480B,577,simple,correct,1.1339409581346163,18
Qwen-3-Coder-480B,577,simple,correct,1.1826415688745373,19
Qwen-3-Coder-480B,577,simple,correct,1.1622525171059135,20
Qwen-3-Coder-480B,577,simple,correct,0.9348781667130653,21
Qwen-3-Coder-480B,577,simple,correct,1.1200239402534544,22
Qwen-3-Coder-480B,577,simple,correct,0.9941573205937204,23
Qwen-3-Coder-480B,577,simple,correct,1.1929007885719005,24
Qwen-3-Coder-480B,577,simple,correct,0.926610329187148,25
Qwen-3-Coder-480B,577,simple,correct,1.1283169898806353,26
Qwen-3-Coder-480B,577,simple,correct,1.081983931679174,27
Qwen-3-Coder-480B,577,simple,correct,0.9480970224782894,28
Qwen-3-Coder-480B,577,simple,correct,1.1298631818289104,29
Qwen-3-Coder-480B,577,simple,correct,0.9409382265604473,30
Qwen-3-Coder-480B,577,simple,correct,1.0527863002779212,31
Qwen-3-Coder-480B,577,simple,correct,1.1609036422314432,32
Qwen-3-Coder-480B,577,simple,correct,1.009931441529267,33
Qwen-3-Coder-480B,577,simple,correct,1.1126684567838687,34
Qwen-3-Coder-480B,577,simple,correct,0.9931862636220992,35
Qwen-3-Coder-480B,577,simple,correct,0.9473975935527226,36
Qwen-3-Coder-480B,577,simple,correct,0.9672135204018509,37
Qwen-3-Coder-480B,577,simple,correct,1.317745768058038,38
Qwen-3-Coder-480B,577,simple,correct,1.1427662227456141,39
Qwen-3-Coder-480B,577,simple,correct,1.2056782545731903,40
Qwen-3-Coder-480B,577,simple,correct,1.192655982366922,41
Qwen-3-Coder-480B,577,simple,correct,1.165820459312849,42
Qwen-3-Coder-480B,577,simple,correct,1.0996823617339313,43
Qwen-3-Coder-480B,577,simple,correct,1.2191319785758437,44
Qwen-3-Coder-480B,577,simple,correct,1.0821622884608966,45
Qwen-3-Coder-480B,577,simple,correct,1.1474789958446654,46
Qwen-3-Coder-480B,577,simple,correct,1.2120046445331456,47
Qwen-3-Coder-480B,577,simple,correct,0.9819414411781895,48
Qwen-3-Coder-480B,577,simple,correct,1.00211004328825,49
Qwen-3-Coder-480B,577,simple,correct,1.0412787469838356,50
Qwen-3-Coder-480B,323,simple,semantic,,1
Qwen-3-Coder-480B,323,simple,semantic,,2
Qwen-3-Coder-480B,323,simple,semantic,,3
Qwen-3-Coder-480B,323,simple,semantic,,4
Qwen-3-Coder-480B,323,simple,semantic,,5
Qwen-3-Coder-480B,323,simple,semantic,,6
Qwen-3-Coder-480B,323,simple,semantic,,7
Qwen-3-Coder-480B,323,simple,semantic,,8
Qwen-3-Coder-480B,323,simple,semantic,,9
Qwen-3-Coder-480B,323,simple,semantic,,10
Qwen-3-Coder-480B,323,simple,semantic,,11
Qwen-3-Coder-480B,323,simple,semantic,,12
Qwen-3-Coder-480B,323,simple,semantic,,13
Qwen-3-Coder-480B,323,simple,semantic,,14
Qwen-3-Coder-480B,323,simple,semantic,,15
Qwen-3-Coder-480B,323,simple,semantic,,16
Qwen-3-Coder-480B,323,simple,semantic,,17
Qwen-3-Coder-480B,323,simple,semantic,,18
Qwen-3-Coder-480B,323,simple,semantic,,19
Qwen-3-Coder-480B,323,simple,semantic,,20
Qwen-3-Coder-480B,323,simple,semantic,,21
Qwen-3-Coder-480B,323,simple,semantic,,22
Qwen-3-Coder-480B,323,simple,semantic,,23
Qwen-3-Coder-480B,323,simple,semantic,,24
Qwen-3-Coder-480B,323,simple,semantic,,25
Qwen-3-Coder-480B,323,simple,semantic,,26
Qwen-3-Coder-480B,323,simple,semantic,,27
Qwen-3-Coder-480B,323,simple,semantic,,28
Qwen-3-Coder-480B,323,simple,semantic,,29
Qwen-3-Coder-480B,323,simple,semantic,,30
Qwen-3-Coder-480B,323,simple,semantic,,31
Qwen-3-Coder-480B,323,simple,semantic,,32
Qwen-3-Coder-480B,323,simple,semantic,,33
Qwen-3-Coder-480B,323,simple,semantic,,34
Qwen-3-Coder-480B,323,simple,semantic,,35
Qwen-3-Coder-480B,323,simple,semantic,,36
Qwen-3-Coder-480B,323,simple,semantic,,37
Qwen-3-Coder-480B,323,simple,semantic,,38
Qwen-3-Coder-480B,323,simple,semantic,,39
Qwen-3-Coder-480B,323,simple,semantic,,40
Qwen-3-Coder-480B,323,simple,semantic,,41
Qwen-3-Coder-480B,323,simple,semantic,,42
Qwen-3-Coder-480B,323,simple,semantic,,43
Qwen-3-Coder-480B,323,simple,semantic,,44
Qwen-3-Coder-480B,323,simple,semantic,,45
Qwen-3-Coder-480B,323,simple,semantic,,46
Qwen-3-Coder-480B,323,simple,semantic,,47
Qwen-3-Coder-480B,323,simple,semantic,,48
Qwen-3-Coder-480B,323,simple,semantic,,49
Qwen-3-Coder-480B,323,simple,semantic,,50
Qwen-3-Coder-480B,393,simple,semantic,,1
Qwen-3-Coder-480B,393,simple,semantic,,2
Qwen-3-Coder-480B,393,simple,semantic,,3
Qwen-3-Coder-480B,393,simple,semantic,,4
Qwen-3-Coder-480B,393,simple,semantic,,5
Qwen-3-Coder-480B,393,simple,semantic,,6
Qwen-3-Coder-480B,393,simple,semantic,,7
Qwen-3-Coder-480B,393,simple,semantic,,8
Qwen-3-Coder-480B,393,simple,semantic,,9
Qwen-3-Coder-480B,393,simple,semantic,,10
Qwen-3-Coder-480B,393,simple,semantic,,11
Qwen-3-Coder-480B,393,simple,semantic,,12
Qwen-3-Coder-480B,393,simple,semantic,,13
Qwen-3-Coder-480B,393,simple,semantic,,14
Qwen-3-Coder-480B,393,simple,semantic,,15
Qwen-3-Coder-480B,393,simple,semantic,,16
Qwen-3-Coder-480B,393,simple,semantic,,17
Qwen-3-Coder-480B,393,simple,semantic,,18
Qwen-3-Coder-480B,393,simple,semantic,,19
Qwen-3-Coder-480B,393,simple,semantic,,20
Qwen-3-Coder-480B,393,simple,semantic,,21
Qwen-3-Coder-480B,393,simple,semantic,,22
Qwen-3-Coder-480B,393,simple,semantic,,23
Qwen-3-Coder-480B,393,simple,semantic,,24
Qwen-3-Coder-480B,393,simple,semantic,,25
Qwen-3-Coder-480B,393,simple,semantic,,26
Qwen-3-Coder-480B,393,simple,semantic,,27
Qwen-3-Coder-480B,393,simple,semantic,,28
Qwen-3-Coder-480B,393,simple,semantic,,29
Qwen-3-Coder-480B,393,simple,semantic,,30
Qwen-3-Coder-480B,393,simple,semantic,,31
Qwen-3-Coder-480B,393,simple,semantic,,32
Qwen-3-Coder-480B,393,simple,semantic,,33
Qwen-3-Coder-480B,393,simple,semantic,,34
Qwen-3-Coder-480B,393,simple,semantic,,35
Qwen-3-Coder-480B,393,simple,semantic,,36
Qwen-3-Coder-480B,393,simple,semantic,,37
Qwen-3-Coder-480B,393,simple,semantic,,38
Qwen-3-Coder-480B,393,simple,semantic,,39
Qwen-3-Coder-480B,393,simple,semantic,,40
Qwen-3-Coder-480B,393,simple,semantic,,41
Qwen-3-Coder-480B,393,simple,semantic,,42
Qwen-3-Coder-480B,393,simple,semantic,,43
Qwen-3-Coder-480B,393,simple,semantic,,44
Qwen-3-Coder-480B,393,simple,semantic,,45
Qwen-3-Coder-480B,393,simple,semantic,,46
Qwen-3-Coder-480B,393,simple,semantic,,47
Qwen-3-Coder-480B,393,simple,semantic,,48
Qwen-3-Coder-480B,393,simple,semantic,,49
Qwen-3-Coder-480B,393,simple,semantic,,50
Qwen-3-Coder-480B,369,simple,correct,10.94159366806063,1
Qwen-3-Coder-480B,369,simple,correct,1.1534558844197094,2
Qwen-3-Coder-480B,369,simple,correct,0.8470825717480148,3
Qwen-3-Coder-480B,369,simple,correct,1.3413975703457586,4
Qwen-3-Coder-480B,369,simple,correct,1.5534759219314431,5
Qwen-3-Coder-480B,369,simple,correct,1.157212024432741,6
Qwen-3-Coder-480B,369,simple,correct,1.4203957761271244,7
Qwen-3-Coder-480B,369,simple,correct,1.0468567126126596,8
Qwen-3-Coder-480B,369,simple,correct,0.8820632563440183,9
Qwen-3-Coder-480B,369,simple,correct,1.1716012604542716,10
Qwen-3-Coder-480B,369,simple,correct,1.1381979175806498,11
Qwen-3-Coder-480B,369,simple,correct,1.117132697623707,12
Qwen-3-Coder-480B,369,simple,correct,1.1927113881104865,13
Qwen-3-Coder-480B,369,simple,correct,1.0631876718069653,14
Qwen-3-Coder-480B,369,simple,correct,0.7935359466843764,15
Qwen-3-Coder-480B,369,simple,correct,1.0848443308023112,16
Qwen-3-Coder-480B,369,simple,correct,1.1126061308935755,17
Qwen-3-Coder-480B,369,simple,correct,1.0972423599834826,18
Qwen-3-Coder-480B,369,simple,correct,1.1316672424130523,19
Qwen-3-Coder-480B,369,simple,correct,1.137284667201022,20
Qwen-3-Coder-480B,369,simple,correct,1.2199065487408698,21
Qwen-3-Coder-480B,369,simple,correct,0.5347040458950707,22
Qwen-3-Coder-480B,369,simple,correct,0.38258737472845616,23
Qwen-3-Coder-480B,369,simple,correct,1.1836530826566942,24
Qwen-3-Coder-480B,369,simple,correct,1.306541185539692,25
Qwen-3-Coder-480B,369,simple,correct,1.1498720913360672,26
Qwen-3-Coder-480B,369,simple,correct,1.229075608798432,27
Qwen-3-Coder-480B,369,simple,correct,0.9405108584187771,28
Qwen-3-Coder-480B,369,simple,correct,1.009156490198577,29
Qwen-3-Coder-480B,369,simple,correct,1.0881260726550943,30
Qwen-3-Coder-480B,369,simple,correct,0.926054017998769,31
Qwen-3-Coder-480B,369,simple,correct,1.1441469769113288,32
Qwen-3-Coder-480B,369,simple,correct,1.1479059395170064,33
Qwen-3-Coder-480B,369,simple,correct,0.9696454770766157,34
Qwen-3-Coder-480B,369,simple,correct,1.0648724126979743,35
Qwen-3-Coder-480B,369,simple,correct,1.1148494448154802,36
Qwen-3-Coder-480B,369,simple,correct,1.0882034191027934,37
Qwen-3-Coder-480B,369,simple,correct,1.2342301671630724,38
Qwen-3-Coder-480B,369,simple,correct,1.1433451444619873,39
Qwen-3-Coder-480B,369,simple,correct,1.083104726386152,40
Qwen-3-Coder-480B,369,simple,correct,1.202570945804749,41
Qwen-3-Coder-480B,369,simple,correct,1.05234175069528,42
Qwen-3-Coder-480B,369,simple,correct,1.1633491804890381,43
Qwen-3-Coder-480B,369,simple,correct,1.0424420487378525,44
Qwen-3-Coder-480B,369,simple,correct,0.9397086937466221,45
Qwen-3-Coder-480B,369,simple,correct,1.7813008714849592,46
Qwen-3-Coder-480B,369,simple,correct,1.1559964243559127,47
Qwen-3-Coder-480B,369,simple,correct,1.3168855623028763,48
Qwen-3-Coder-480B,369,simple,correct,0.7955641321616836,49
Qwen-3-Coder-480B,369,simple,correct,1.3490268535626468,50
Qwen-3-Coder-480B,725,simple,correct,5.339745023484679,1
Qwen-3-Coder-480B,725,simple,correct,0.8875119161105816,2
Qwen-3-Coder-480B,725,simple,correct,1.5933587370713118,3
Qwen-3-Coder-480B,725,simple,correct,1.3641075477810172,4
Qwen-3-Coder-480B,725,simple,correct,1.3531380753138076,5
Qwen-3-Coder-480B,725,simple,correct,1.521264367816092,6
Qwen-3-Coder-480B,725,simple,correct,1.8943720543387856,7
Qwen-3-Coder-480B,725,simple,correct,0.83729662077597,8
Qwen-3-Coder-480B,725,simple,correct,1.2273009950248757,9
Qwen-3-Coder-480B,725,simple,correct,1.5005931198102016,10
Qwen-3-Coder-480B,725,simple,correct,1.4290984211302937,11
Qwen-3-Coder-480B,725,simple,correct,0.9637257915770059,12
Qwen-3-Coder-480B,725,simple,correct,1.4181412128500257,13
Qwen-3-Coder-480B,725,simple,correct,1.2576219512195121,14
Qwen-3-Coder-480B,725,simple,correct,1.619813717188823,15
Qwen-3-Coder-480B,725,simple,correct,1.0751748251748252,16
Qwen-3-Coder-480B,725,simple,correct,1.357839947950553,17
Qwen-3-Coder-480B,725,simple,correct,1.5699006875477464,18
Qwen-3-Coder-480B,725,simple,correct,1.390048154093098,19
Qwen-3-Coder-480B,725,simple,correct,0.8286914765906362,20
Qwen-3-Coder-480B,725,simple,correct,0.7549039433771486,21
Qwen-3-Coder-480B,725,simple,correct,1.434888768312534,22
Qwen-3-Coder-480B,725,simple,correct,1.436996181586763,23
Qwen-3-Coder-480B,725,simple,correct,1.6679263108171942,24
Qwen-3-Coder-480B,725,simple,correct,1.4230842005676443,25
Qwen-3-Coder-480B,725,simple,correct,1.338375796178344,26
Qwen-3-Coder-480B,725,simple,correct,0.961657692935226,27
Qwen-3-Coder-480B,725,simple,correct,0.9373236598145909,28
Qwen-3-Coder-480B,725,simple,correct,1.793006204173717,29
Qwen-3-Coder-480B,725,simple,correct,1.3895039539899352,30
Qwen-3-Coder-480B,725,simple,correct,0.9688581314878892,31
Qwen-3-Coder-480B,725,simple,correct,1.347442031652558,32
Qwen-3-Coder-480B,725,simple,correct,1.165326808808109,33
Qwen-3-Coder-480B,725,simple,correct,1.4111433852653816,34
Qwen-3-Coder-480B,725,simple,correct,1.3629183903723203,35
Qwen-3-Coder-480B,725,simple,correct,1.230949839914621,36
Qwen-3-Coder-480B,725,simple,correct,1.037050623624358,37
Qwen-3-Coder-480B,725,simple,correct,1.2520017793594307,38
Qwen-3-Coder-480B,725,simple,correct,1.3553398058252428,39
Qwen-3-Coder-480B,725,simple,correct,1.2872606161532056,40
Qwen-3-Coder-480B,725,simple,correct,1.6041884816753926,41
Qwen-3-Coder-480B,725,simple,correct,1.5281366323626013,42
Qwen-3-Coder-480B,725,simple,correct,1.2904132696092212,43
Qwen-3-Coder-480B,725,simple,correct,1.865581675708258,44
Qwen-3-Coder-480B,725,simple,correct,0.7129408458620206,45
Qwen-3-Coder-480B,725,simple,correct,1.5031234983181163,46
Qwen-3-Coder-480B,725,simple,correct,0.967082467082467,47
Qwen-3-Coder-480B,725,simple,correct,1.5716945996275604,48
Qwen-3-Coder-480B,725,simple,correct,1.102439024390244,49
Qwen-3-Coder-480B,725,simple,correct,1.3381430363864493,50
Qwen-3-Coder-480B,1506,moderate,correct,6.677542033626901,1
Qwen-3-Coder-480B,1506,moderate,correct,1.182273226712245,2
Qwen-3-Coder-480B,1506,moderate,correct,1.0489561586638831,3
Qwen-3-Coder-480B,1506,moderate,correct,1.184924211388775,4
Qwen-3-Coder-480B,1506,moderate,correct,1.321526545102469,5
Qwen-3-Coder-480B,1506,moderate,correct,1.2822085889570551,6
Qwen-3-Coder-480B,1506,moderate,correct,1.0591306200724484,7
Qwen-3-Coder-480B,1506,moderate,correct,1.3603622577927548,8
Qwen-3-Coder-480B,1506,moderate,correct,0.9144642857142857,9
Qwen-3-Coder-480B,1506,moderate,correct,1.1957758809367476,10
Qwen-3-Coder-480B,1506,moderate,correct,1.1635827931644078,11
Qwen-3-Coder-480B,1506,moderate,correct,0.8268593797049082,12
Qwen-3-Coder-480B,1506,moderate,correct,1.5751586139580283,13
Qwen-3-Coder-480B,1506,moderate,correct,1.1741791875347802,14
Qwen-3-Coder-480B,1506,moderate,correct,0.9846319986708756,15
Qwen-3-Coder-480B,1506,moderate,correct,1.1594904458598727,16
Qwen-3-Coder-480B,1506,moderate,correct,1.2446745562130177,17
Qwen-3-Coder-480B,1506,moderate,correct,1.2639551192145864,18
Qwen-3-Coder-480B,1506,moderate,correct,0.8762015729682493,19
Qwen-3-Coder-480B,1506,moderate,correct,3.5870767104353836,20
Qwen-3-Coder-480B,1506,moderate,correct,1.2683103698332125,21
Qwen-3-Coder-480B,1506,moderate,correct,1.2482081231749402,22
Qwen-3-Coder-480B,1506,moderate,correct,1.1820308844174077,23
Qwen-3-Coder-480B,1506,moderate,correct,1.1781500707881076,24
Qwen-3-Coder-480B,1506,moderate,correct,1.1537913848344608,25
Qwen-3-Coder-480B,1506,moderate,correct,1.2831589194451205,26
Qwen-3-Coder-480B,1506,moderate,correct,1.1486969851814002,27
Qwen-3-Coder-480B,1506,moderate,correct,1.3393303348325838,28
Qwen-3-Coder-480B,1506,moderate,correct,1.001762114537445,29
Qwen-3-Coder-480B,1506,moderate,correct,1.3942221223021583,30
Qwen-3-Coder-480B,1506,moderate,correct,0.7763962897177817,31
Qwen-3-Coder-480B,1506,moderate,correct,1.4287225601692675,32
Qwen-3-Coder-480B,1506,moderate,correct,1.6144160794732587,33
Qwen-3-Coder-480B,1506,moderate,correct,1.3787961447535915,34
Qwen-3-Coder-480B,1506,moderate,correct,1.1913353115727003,35
Qwen-3-Coder-480B,1506,moderate,correct,1.731042654028436,36
Qwen-3-Coder-480B,1506,moderate,correct,1.2790055248618784,37
Qwen-3-Coder-480B,1506,moderate,correct,0.6579071411736979,38
Qwen-3-Coder-480B,1506,moderate,correct,1.547085201793722,39
Qwen-3-Coder-480B,1506,moderate,correct,1.1904761904761905,40
Qwen-3-Coder-480B,1506,moderate,correct,2.1271177843157147,41
Qwen-3-Coder-480B,1506,moderate,correct,1.6538342129773362,42
Qwen-3-Coder-480B,1506,moderate,correct,0.9311163895486936,43
Qwen-3-Coder-480B,1506,moderate,correct,0.9878769958604376,44
Qwen-3-Coder-480B,1506,moderate,correct,1.5742753623188406,45
Qwen-3-Coder-480B,1506,moderate,correct,1.2089264173703258,46
Qwen-3-Coder-480B,1506,moderate,correct,1.4184417858185001,47
Qwen-3-Coder-480B,1506,moderate,correct,1.4479253112033195,48
Qwen-3-Coder-480B,1506,moderate,correct,1.2072676773521582,49
Qwen-3-Coder-480B,1506,moderate,correct,1.32,50
Qwen-3-Coder-480B,906,moderate,correct,4.223883825565298,1
Qwen-3-Coder-480B,906,moderate,correct,1.7270410238334102,2
Qwen-3-Coder-480B,906,moderate,correct,1.4708272859216256,3
Qwen-3-Coder-480B,906,moderate,correct,1.3579381785951694,4
Qwen-3-Coder-480B,906,moderate,correct,1.298015854619628,5
Qwen-3-Coder-480B,906,moderate,correct,1.0223648126946936,6
Qwen-3-Coder-480B,906,moderate,correct,1.7452641255458157,7
Qwen-3-Coder-480B,906,moderate,correct,1.2663209434558282,8
Qwen-3-Coder-480B,906,moderate,correct,1.4071727149285125,9
Qwen-3-Coder-480B,906,moderate,correct,0.8798848720938888,10
Qwen-3-Coder-480B,906,moderate,correct,1.3848145197997268,11
Qwen-3-Coder-480B,906,moderate,correct,1.0224752430064346,12
Qwen-3-Coder-480B,906,moderate,correct,1.2006330654979303,13
Qwen-3-Coder-480B,906,moderate,correct,1.4305525512533948,14
Qwen-3-Coder-480B,906,moderate,correct,1.0909028224694308,15
Qwen-3-Coder-480B,906,moderate,correct,0.981801074034975,16
Qwen-3-Coder-480B,906,moderate,correct,0.7225364654534508,17
Qwen-3-Coder-480B,906,moderate,correct,0.7809358918866927,18
Qwen-3-Coder-480B,906,moderate,correct,1.220877458396369,19
Qwen-3-Coder-480B,906,moderate,correct,0.9293869977877685,20
Qwen-3-Coder-480B,906,moderate,correct,1.1935913312693498,21
Qwen-3-Coder-480B,906,moderate,correct,0.8517455419611782,22
Qwen-3-Coder-480B,906,moderate,correct,0.7733795312653221,23
Qwen-3-Coder-480B,906,moderate,correct,1.3149504418729554,24
Qwen-3-Coder-480B,906,moderate,correct,1.328699605215935,25
Qwen-3-Coder-480B,906,moderate,correct,1.3239971918952287,26
Qwen-3-Coder-480B,906,moderate,correct,2.1032832157103405,27
Qwen-3-Coder-480B,906,moderate,correct,1.1294023144313077,28
Qwen-3-Coder-480B,906,moderate,correct,1.4977836879432624,29
Qwen-3-Coder-480B,906,moderate,correct,1.3938468252236527,30
Qwen-3-Coder-480B,906,moderate,correct,1.2911695767822813,31
Qwen-3-Coder-480B,906,moderate,correct,1.196210154430854,32
Qwen-3-Coder-480B,906,moderate,correct,1.267690818918592,33
Qwen-3-Coder-480B,906,moderate,correct,1.4224944202359444,34
Qwen-3-Coder-480B,906,moderate,correct,1.0188613911803646,35
Qwen-3-Coder-480B,906,moderate,correct,1.2405963357114076,36
Qwen-3-Coder-480B,906,moderate,correct,1.1234497505345689,37
Qwen-3-Coder-480B,906,moderate,correct,0.9620513712529716,38
Qwen-3-Coder-480B,906,moderate,correct,0.9775856160932052,39
Qwen-3-Coder-480B,906,moderate,correct,1.8154634108487027,40
Qwen-3-Coder-480B,906,moderate,correct,1.5317468815247068,41
Qwen-3-Coder-480B,906,moderate,correct,0.9425965471063014,42
Qwen-3-Coder-480B,906,moderate,correct,1.0971259682022014,43
Qwen-3-Coder-480B,906,moderate,correct,1.2482284071069119,44
Qwen-3-Coder-480B,906,moderate,correct,1.1122768394620068,45
Qwen-3-Coder-480B,906,moderate,correct,1.1303823683966492,46
Qwen-3-Coder-480B,906,moderate,correct,1.161350619473268,47
Qwen-3-Coder-480B,906,moderate,correct,2.2044615268671337,48
Qwen-3-Coder-480B,906,moderate,correct,1.3244327715765667,49
Qwen-3-Coder-480B,906,moderate,correct,1.1962069060849851,50
Qwen-3-Coder-480B,222,moderate,correct,2.8766160127012927,1
Qwen-3-Coder-480B,222,moderate,correct,1.4685851318944845,2
Qwen-3-Coder-480B,222,moderate,correct,1.9479873360470374,3
Qwen-3-Coder-480B,222,moderate,correct,1.639803137496155,4
Qwen-3-Coder-480B,222,moderate,correct,1.0690129227385208,5
Qwen-3-Coder-480B,222,moderate,correct,1.3758659217877094,6
Qwen-3-Coder-480B,222,moderate,correct,1.7811688311688312,7
Qwen-3-Coder-480B,222,moderate,correct,2.1981941309255077,8
Qwen-3-Coder-480B,222,moderate,correct,1.9462759462759462,9
Qwen-3-Coder-480B,222,moderate,correct,1.4213179690313287,10
Qwen-3-Coder-480B,222,moderate,correct,1.8202502844141069,11
Qwen-3-Coder-480B,222,moderate,correct,1.4421402969790067,12
Qwen-3-Coder-480B,222,moderate,correct,1.6034318398474738,13
Qwen-3-Coder-480B,222,moderate,correct,1.1628551628551629,14
Qwen-3-Coder-480B,222,moderate,correct,0.9251548946716233,15
Qwen-3-Coder-480B,222,moderate,correct,1.2674588665447897,16
Qwen-3-Coder-480B,222,moderate,correct,1.6204926811852909,17
Qwen-3-Coder-480B,222,moderate,correct,1.5892323030907278,18
Qwen-3-Coder-480B,222,moderate,correct,1.554714384033035,19
Qwen-3-Coder-480B,222,moderate,correct,1.5199818346957312,20
Qwen-3-Coder-480B,222,moderate,correct,1.4990505127231295,21
Qwen-3-Coder-480B,222,moderate,correct,1.5432793807178045,22
Qwen-3-Coder-480B,222,moderate,correct,0.9840310746655158,23
Qwen-3-Coder-480B,222,moderate,correct,2.4167244487588406,24
Qwen-3-Coder-480B,222,moderate,correct,1.7633451957295374,25
Qwen-3-Coder-480B,222,moderate,correct,1.1329597554763118,26
Qwen-3-Coder-480B,222,moderate,correct,1.5966447848285923,27
Qwen-3-Coder-480B,222,moderate,correct,2.5281293952180026,28
Qwen-3-Coder-480B,222,moderate,correct,1.548569725864124,29
Qwen-3-Coder-480B,222,moderate,correct,0.40873466606088144,30
Qwen-3-Coder-480B,222,moderate,correct,0.7508537973654252,31
Qwen-3-Coder-480B,222,moderate,correct,0.7708624058051912,32
Qwen-3-Coder-480B,222,moderate,correct,0.8722855299935498,33
Qwen-3-Coder-480B,222,moderate,correct,1.2885829030407343,34
Qwen-3-Coder-480B,222,moderate,correct,0.8177364037236649,35
Qwen-3-Coder-480B,222,moderate,correct,1.781434337162372,36
Qwen-3-Coder-480B,222,moderate,correct,1.0006332119677062,37
Qwen-3-Coder-480B,222,moderate,correct,1.3908898305084745,38
Qwen-3-Coder-480B,222,moderate,correct,0.01813776682401103,39
Qwen-3-Coder-480B,222,moderate,correct,1.3559260601667271,40
Qwen-3-Coder-480B,222,moderate,correct,1.6056018168054504,41
Qwen-3-Coder-480B,222,moderate,correct,1.8146603098927294,42
Qwen-3-Coder-480B,222,moderate,correct,1.4159402241594023,43
Qwen-3-Coder-480B,222,moderate,correct,1.3494809688581315,44
Qwen-3-Coder-480B,222,moderate,correct,1.3899745114698385,45
Qwen-3-Coder-480B,222,moderate,correct,1.9655172413793103,46
Qwen-3-Coder-480B,222,moderate,correct,1.3787037037037038,47
Qwen-3-Coder-480B,222,moderate,correct,1.4885866925692084,48
Qwen-3-Coder-480B,222,moderate,correct,1.3338931810547532,49
Qwen-3-Coder-480B,222,moderate,correct,1.509987250318742,50
Qwen-3-Coder-480B,1106,moderate,correct,3.8704355055317516,1
Qwen-3-Coder-480B,1106,moderate,correct,1.0234811857713155,2
Qwen-3-Coder-480B,1106,moderate,correct,0.8262428405585166,3
Qwen-3-Coder-480B,1106,moderate,correct,0.9330025251456544,4
Qwen-3-Coder-480B,1106,moderate,correct,0.8041596132011536,5
Qwen-3-Coder-480B,1106,moderate,correct,0.9987023202369172,6
Qwen-3-Coder-480B,1106,moderate,correct,0.8588361446247296,7
Qwen-3-Coder-480B,1106,moderate,correct,0.8367595538842285,8
Qwen-3-Coder-480B,1106,moderate,correct,0.821045996892498,9
Qwen-3-Coder-480B,1106,moderate,correct,0.8185106382978723,10
Qwen-3-Coder-480B,1106,moderate,correct,0.8583362210494623,11
Qwen-3-Coder-480B,1106,moderate,correct,0.673360482462962,12
Qwen-3-Coder-480B,1106,moderate,correct,1.247728952874989,13
Qwen-3-Coder-480B,1106,moderate,correct,1.0828851924635934,14
Qwen-3-Coder-480B,1106,moderate,correct,0.8984767638225509,15
Qwen-3-Coder-480B,1106,moderate,correct,1.0631050266719941,16
Qwen-3-Coder-480B,1106,moderate,correct,1.1820946049112888,17
Qwen-3-Coder-480B,1106,moderate,correct,0.8915504855903053,18
Qwen-3-Coder-480B,1106,moderate,correct,1.1279441054661565,19
Qwen-3-Coder-480B,1106,moderate,correct,1.1050421468132412,20
Qwen-3-Coder-480B,1106,moderate,correct,1.0946118745456617,21
Qwen-3-Coder-480B,1106,moderate,correct,1.1478875319032251,22
Qwen-3-Coder-480B,1106,moderate,correct,1.0696454726028772,23
Qwen-3-Coder-480B,1106,moderate,correct,0.43067817566374117,24
Qwen-3-Coder-480B,1106,moderate,correct,0.9091915560586648,25
Qwen-3-Coder-480B,1106,moderate,correct,1.0998587531937039,26
Qwen-3-Coder-480B,1106,moderate,correct,1.16809087035861,27
Qwen-3-Coder-480B,1106,moderate,correct,1.0600748705587686,28
Qwen-3-Coder-480B,1106,moderate,correct,1.4939965957238373,29
Qwen-3-Coder-480B,1106,moderate,correct,0.9805089202917606,30
Qwen-3-Coder-480B,1106,moderate,correct,1.1081854585114599,31
Qwen-3-Coder-480B,1106,moderate,correct,1.0474420442767558,32
Qwen-3-Coder-480B,1106,moderate,correct,1.0186251282814294,33
Qwen-3-Coder-480B,1106,moderate,correct,0.4323764707391868,34
Qwen-3-Coder-480B,1106,moderate,correct,0.7861768654249613,35
Qwen-3-Coder-480B,1106,moderate,correct,0.7657298697242915,36
Qwen-3-Coder-480B,1106,moderate,correct,0.9866202068782047,37
Qwen-3-Coder-480B,1106,moderate,correct,1.1452626334146276,38
Qwen-3-Coder-480B,1106,moderate,correct,0.9627148385692619,39
Qwen-3-Coder-480B,1106,moderate,correct,0.6471604056592164,40
Qwen-3-Coder-480B,1106,moderate,correct,0.7617535681463355,41
Qwen-3-Coder-480B,1106,moderate,correct,1.0688789920506923,42
Qwen-3-Coder-480B,1106,moderate,correct,0.9289838013564262,43
Qwen-3-Coder-480B,1106,moderate,correct,0.8765993076561579,44
Qwen-3-Coder-480B,1106,moderate,correct,1.1028735873629374,45
Qwen-3-Coder-480B,1106,moderate,correct,0.8703591471411011,46
Qwen-3-Coder-480B,1106,moderate,correct,0.5989377933342837,47
Qwen-3-Coder-480B,1106,moderate,correct,0.9809219148995503,48
Qwen-3-Coder-480B,1106,moderate,correct,0.9587253508708236,49
Qwen-3-Coder-480B,1106,moderate,correct,0.4473457096806548,50
Qwen-3-Coder-480B,68,moderate,correct,20.58640118155462,1
Qwen-3-Coder-480B,68,moderate,correct,0.9145367640745299,2
Qwen-3-Coder-480B,68,moderate,correct,0.8036773428232503,3
Qwen-3-Coder-480B,68,moderate,correct,0.8210252135861638,4
Qwen-3-Coder-480B,68,moderate,correct,0.8671040711560106,5
Qwen-3-Coder-480B,68,moderate,correct,1.0830243376255646,6
Qwen-3-Coder-480B,68,moderate,correct,1.0539991558510078,7
Qwen-3-Coder-480B,68,moderate,correct,0.8665934970503498,8
Qwen-3-Coder-480B,68,moderate,correct,1.310236554577278,9
Qwen-3-Coder-480B,68,moderate,correct,1.23098295740445,10
Qwen-3-Coder-480B,68,moderate,correct,1.1585681747130543,11
Qwen-3-Coder-480B,68,moderate,correct,1.0694153942689815,12
Qwen-3-Coder-480B,68,moderate,correct,1.1561652749159528,13
Qwen-3-Coder-480B,68,moderate,correct,0.9983359051163354,14
Qwen-3-Coder-480B,68,moderate,correct,1.2100883114583565,15
Qwen-3-Coder-480B,68,moderate,correct,1.2304862675401433,16
Qwen-3-Coder-480B,68,moderate,correct,0.8361292894395908,17
Qwen-3-Coder-480B,68,moderate,correct,1.2299608838143568,18
Qwen-3-Coder-480B,68,moderate,correct,1.0768775434702182,19
Qwen-3-Coder-480B,68,moderate,correct,0.9366707421998822,20
Qwen-3-Coder-480B,68,moderate,correct,1.1789026378384158,21
Qwen-3-Coder-480B,68,moderate,correct,1.0805273566249176,22
Qwen-3-Coder-480B,68,moderate,correct,1.071734381826125,23
Qwen-3-Coder-480B,68,moderate,correct,1.1416359966757688,24
Qwen-3-Coder-480B,68,moderate,correct,1.1529851413449677,25
Qwen-3-Coder-480B,68,moderate,correct,0.8831863979848866,26
Qwen-3-Coder-480B,68,moderate,correct,0.715629362921596,27
Qwen-3-Coder-480B,68,moderate,correct,0.7348236305631604,28
Qwen-3-Coder-480B,68,moderate,correct,0.881827731092437,29
Qwen-3-Coder-480B,68,moderate,correct,0.6029231258808019,30
Qwen-3-Coder-480B,68,moderate,correct,0.860797418760083,31
Qwen-3-Coder-480B,68,moderate,correct,1.1302820215202183,32
Qwen-3-Coder-480B,68,moderate,correct,1.1295761222483691,33
Qwen-3-Coder-480B,68,moderate,correct,1.1631927230401138,34
Qwen-3-Coder-480B,68,moderate,correct,1.2724075010442544,35
Qwen-3-Coder-480B,68,moderate,correct,1.2346812528488638,36
Qwen-3-Coder-480B,68,moderate,correct,1.1979736317775234,37
Qwen-3-Coder-480B,68,moderate,correct,1.1396548771088464,38
Qwen-3-Coder-480B,68,moderate,correct,1.2003587691458535,39
Qwen-3-Coder-480B,68,moderate,correct,1.2065452165375805,40
Qwen-3-Coder-480B,68,moderate,correct,1.235880615170736,41
Qwen-3-Coder-480B,68,moderate,correct,1.2100405417062021,42
Qwen-3-Coder-480B,68,moderate,correct,1.2318358776956388,43
Qwen-3-Coder-480B,68,moderate,correct,1.2675519756177207,44
Qwen-3-Coder-480B,68,moderate,correct,1.1978138528138529,45
Qwen-3-Coder-480B,68,moderate,correct,1.108849643394304,46
Qwen-3-Coder-480B,68,moderate,correct,1.1779764500654164,47
Qwen-3-Coder-480B,68,moderate,correct,1.1909444066457433,48
Qwen-3-Coder-480B,68,moderate,correct,1.1840492131119034,49
Qwen-3-Coder-480B,68,moderate,correct,1.1571143488616613,50
Qwen-3-Coder-480B,1240,moderate,correct,11.222488317757009,1
Qwen-3-Coder-480B,1240,moderate,correct,0.9897130860741777,2
Qwen-3-Coder-480B,1240,moderate,correct,1.1157192075796727,3
Qwen-3-Coder-480B,1240,moderate,correct,1.183223893242957,4
Qwen-3-Coder-480B,1240,moderate,correct,1.063893653516295,5
Qwen-3-Coder-480B,1240,moderate,correct,1.1254568124166988,6
Qwen-3-Coder-480B,1240,moderate,correct,1.1374271475631388,7
Qwen-3-Coder-480B,1240,moderate,correct,1.0670439885138792,8
Qwen-3-Coder-480B,1240,moderate,correct,1.0713105221276855,9
Qwen-3-Coder-480B,1240,moderate,correct,1.2185171724513901,10
Qwen-3-Coder-480B,1240,moderate,correct,1.5674010327022376,11
Qwen-3-Coder-480B,1240,moderate,correct,1.0885332869504718,12
Qwen-3-Coder-480B,1240,moderate,correct,1.1135360369652214,13
Qwen-3-Coder-480B,1240,moderate,correct,1.1241166645252474,14
Qwen-3-Coder-480B,1240,moderate,correct,1.0943555181128897,15
Qwen-3-Coder-480B,1240,moderate,correct,1.1070886716115982,16
Qwen-3-Coder-480B,1240,moderate,correct,0.9616932778746813,17
Qwen-3-Coder-480B,1240,moderate,correct,1.1996064613554203,18
Qwen-3-Coder-480B,1240,moderate,correct,1.0286364830545582,19
Qwen-3-Coder-480B,1240,moderate,correct,1.1293480615118041,20
Qwen-3-Coder-480B,1240,moderate,correct,1.0857663441933105,21
Qwen-3-Coder-480B,1240,moderate,correct,1.183040959364745,22
Qwen-3-Coder-480B,1240,moderate,correct,1.1554666886543536,23
Qwen-3-Coder-480B,1240,moderate,correct,1.112837460835229,24
Qwen-3-Coder-480B,1240,moderate,correct,1.128808499429274,25
Qwen-3-Coder-480B,1240,moderate,correct,1.068893721371397,26
Qwen-3-Coder-480B,1240,moderate,correct,1.0508000167105318,27
Qwen-3-Coder-480B,1240,moderate,correct,1.0889869693148382,28
Qwen-3-Coder-480B,1240,moderate,correct,1.060698092223458,29
Qwen-3-Coder-480B,1240,moderate,correct,1.0802482437615826,30
Qwen-3-Coder-480B,1240,moderate,correct,1.0968751397022665,31
Qwen-3-Coder-480B,1240,moderate,correct,1.0020377666077978,32
Qwen-3-Coder-480B,1240,moderate,correct,1.0571690487103629,33
Qwen-3-Coder-480B,1240,moderate,correct,1.2032665664486246,34
Qwen-3-Coder-480B,1240,moderate,correct,1.1133486277508708,35
Qwen-3-Coder-480B,1240,moderate,correct,1.1258590486457352,36
Qwen-3-Coder-480B,1240,moderate,correct,1.0734785177682113,37
Qwen-3-Coder-480B,1240,moderate,correct,1.1487412298803137,38
Qwen-3-Coder-480B,1240,moderate,correct,1.5418333066709327,39
Qwen-3-Coder-480B,1240,moderate,correct,1.1152615195756062,40
Qwen-3-Coder-480B,1240,moderate,correct,1.1136334596873803,41
Qwen-3-Coder-480B,1240,moderate,correct,1.0973504789850694,42
Qwen-3-Coder-480B,1240,moderate,correct,1.0810945725176984,43
Qwen-3-Coder-480B,1240,moderate,correct,1.066754846443186,44
Qwen-3-Coder-480B,1240,moderate,correct,0.952410511069729,45
Qwen-3-Coder-480B,1240,moderate,correct,1.1059318669101883,46
Qwen-3-Coder-480B,1240,moderate,correct,1.0531749918380673,47
Qwen-3-Coder-480B,1240,moderate,correct,0.9826086956521739,48
Qwen-3-Coder-480B,1240,moderate,correct,1.0580521216171066,49
Qwen-3-Coder-480B,1240,moderate,correct,1.1428026287894848,50
Qwen-3-Coder-480B,970,moderate,semantic,,1
Qwen-3-Coder-480B,970,moderate,semantic,,2
Qwen-3-Coder-480B,970,moderate,semantic,,3
Qwen-3-Coder-480B,970,moderate,semantic,,4
Qwen-3-Coder-480B,970,moderate,semantic,,5
Qwen-3-Coder-480B,970,moderate,semantic,,6
Qwen-3-Coder-480B,970,moderate,semantic,,7
Qwen-3-Coder-480B,970,moderate,semantic,,8
Qwen-3-Coder-480B,970,moderate,semantic,,9
Qwen-3-Coder-480B,970,moderate,semantic,,10
Qwen-3-Coder-480B,970,moderate,semantic,,11
Qwen-3-Coder-480B,970,moderate,semantic,,12
Qwen-3-Coder-480B,970,moderate,semantic,,13
Qwen-3-Coder-480B,970,moderate,semantic,,14
Qwen-3-Coder-480B,970,moderate,semantic,,15
Qwen-3-Coder-480B,970,moderate,semantic,,16
Qwen-3-Coder-480B,970,moderate,semantic,,17
Qwen-3-Coder-480B,970,moderate,semantic,,18
Qwen-3-Coder-480B,970,moderate,semantic,,19
Qwen-3-Coder-480B,970,moderate,semantic,,20
Qwen-3-Coder-480B,970,moderate,semantic,,21
Qwen-3-Coder-480B,970,moderate,semantic,,22
Qwen-3-Coder-480B,970,moderate,semantic,,23
Qwen-3-Coder-480B,970,moderate,semantic,,24
Qwen-3-Coder-480B,970,moderate,semantic,,25
Qwen-3-Coder-480B,970,moderate,semantic,,26
Qwen-3-Coder-480B,970,moderate,semantic,,27
Qwen-3-Coder-480B,970,moderate,semantic,,28
Qwen-3-Coder-480B,970,moderate,semantic,,29
Qwen-3-Coder-480B,970,moderate,semantic,,30
Qwen-3-Coder-480B,970,moderate,semantic,,31
Qwen-3-Coder-480B,970,moderate,semantic,,32
Qwen-3-Coder-480B,970,moderate,semantic,,33
Qwen-3-Coder-480B,970,moderate,semantic,,34
Qwen-3-Coder-480B,970,moderate,semantic,,35
Qwen-3-Coder-480B,970,moderate,semantic,,36
Qwen-3-Coder-480B,970,moderate,semantic,,37
Qwen-3-Coder-480B,970,moderate,semantic,,38
Qwen-3-Coder-480B,970,moderate,semantic,,39
Qwen-3-Coder-480B,970,moderate,semantic,,40
Qwen-3-Coder-480B,970,moderate,semantic,,41
Qwen-3-Coder-480B,970,moderate,semantic,,42
Qwen-3-Coder-480B,970,moderate,semantic,,43
Qwen-3-Coder-480B,970,moderate,semantic,,44
Qwen-3-Coder-480B,970,moderate,semantic,,45
Qwen-3-Coder-480B,970,moderate,semantic,,46
Qwen-3-Coder-480B,970,moderate,semantic,,47
Qwen-3-Coder-480B,970,moderate,semantic,,48
Qwen-3-Coder-480B,970,moderate,semantic,,49
Qwen-3-Coder-480B,970,moderate,semantic,,50
Qwen-3-Coder-480B,360,moderate,semantic,,1
Qwen-3-Coder-480B,360,moderate,semantic,,2
Qwen-3-Coder-480B,360,moderate,semantic,,3
Qwen-3-Coder-480B,360,moderate,semantic,,4
Qwen-3-Coder-480B,360,moderate,semantic,,5
Qwen-3-Coder-480B,360,moderate,semantic,,6
Qwen-3-Coder-480B,360,moderate,semantic,,7
Qwen-3-Coder-480B,360,moderate,semantic,,8
Qwen-3-Coder-480B,360,moderate,semantic,,9
Qwen-3-Coder-480B,360,moderate,semantic,,10
Qwen-3-Coder-480B,360,moderate,semantic,,11
Qwen-3-Coder-480B,360,moderate,semantic,,12
Qwen-3-Coder-480B,360,moderate,semantic,,13
Qwen-3-Coder-480B,360,moderate,semantic,,14
Qwen-3-Coder-480B,360,moderate,semantic,,15
Qwen-3-Coder-480B,360,moderate,semantic,,16
Qwen-3-Coder-480B,360,moderate,semantic,,17
Qwen-3-Coder-480B,360,moderate,semantic,,18
Qwen-3-Coder-480B,360,moderate,semantic,,19
Qwen-3-Coder-480B,360,moderate,semantic,,20
Qwen-3-Coder-480B,360,moderate,semantic,,21
Qwen-3-Coder-480B,360,moderate,semantic,,22
Qwen-3-Coder-480B,360,moderate,semantic,,23
Qwen-3-Coder-480B,360,moderate,semantic,,24
Qwen-3-Coder-480B,360,moderate,semantic,,25
Qwen-3-Coder-480B,360,moderate,semantic,,26
Qwen-3-Coder-480B,360,moderate,semantic,,27
Qwen-3-Coder-480B,360,moderate,semantic,,28
Qwen-3-Coder-480B,360,moderate,semantic,,29
Qwen-3-Coder-480B,360,moderate,semantic,,30
Qwen-3-Coder-480B,360,moderate,semantic,,31
Qwen-3-Coder-480B,360,moderate,semantic,,32
Qwen-3-Coder-480B,360,moderate,semantic,,33
Qwen-3-Coder-480B,360,moderate,semantic,,34
Qwen-3-Coder-480B,360,moderate,semantic,,35
Qwen-3-Coder-480B,360,moderate,semantic,,36
Qwen-3-Coder-480B,360,moderate,semantic,,37
Qwen-3-Coder-480B,360,moderate,semantic,,38
Qwen-3-Coder-480B,360,moderate,semantic,,39
Qwen-3-Coder-480B,360,moderate,semantic,,40
Qwen-3-Coder-480B,360,moderate,semantic,,41
Qwen-3-Coder-480B,360,moderate,semantic,,42
Qwen-3-Coder-480B,360,moderate,semantic,,43
Qwen-3-Coder-480B,360,moderate,semantic,,44
Qwen-3-Coder-480B,360,moderate,semantic,,45
Qwen-3-Coder-480B,360,moderate,semantic,,46
Qwen-3-Coder-480B,360,moderate,semantic,,47
Qwen-3-Coder-480B,360,moderate,semantic,,48
Qwen-3-Coder-480B,360,moderate,semantic,,49
Qwen-3-Coder-480B,360,moderate,semantic,,50
Qwen-3-Coder-480B,761,moderate,correct,7.913445835601524,1
Qwen-3-Coder-480B,761,moderate,correct,2.0764705882352943,2
Qwen-3-Coder-480B,761,moderate,correct,1.3331627430910953,3
Qwen-3-Coder-480B,761,moderate,correct,1.5274971941638609,4
Qwen-3-Coder-480B,761,moderate,correct,1.7017347509792948,5
Qwen-3-Coder-480B,761,moderate,correct,1.5283363802559415,6
Qwen-3-Coder-480B,761,moderate,correct,1.6711560044893379,7
Qwen-3-Coder-480B,761,moderate,correct,1.5366889023650698,8
Qwen-3-Coder-480B,761,moderate,correct,1.2290530490827962,9
Qwen-3-Coder-480B,761,moderate,correct,1.1723446893787575,10
Qwen-3-Coder-480B,761,moderate,correct,1.07343684431389,11
Qwen-3-Coder-480B,761,moderate,correct,1.4688622754491019,12
Qwen-3-Coder-480B,761,moderate,correct,1.4688017669795692,13
Qwen-3-Coder-480B,761,moderate,correct,1.3799342105263157,14
Qwen-3-Coder-480B,761,moderate,correct,1.4497607655502391,15
Qwen-3-Coder-480B,761,moderate,correct,1.449360865290069,16
Qwen-3-Coder-480B,761,moderate,correct,1.5421940928270041,17
Qwen-3-Coder-480B,761,moderate,correct,1.5846238938053097,18
Qwen-3-Coder-480B,761,moderate,correct,0.9857253086419753,19
Qwen-3-Coder-480B,761,moderate,correct,1.5275938189845475,20
Qwen-3-Coder-480B,761,moderate,correct,1.0637130801687764,21
Qwen-3-Coder-480B,761,moderate,correct,1.6953162723322066,22
Qwen-3-Coder-480B,761,moderate,correct,1.5245449531163817,23
Qwen-3-Coder-480B,761,moderate,correct,1.6130653266331658,24
Qwen-3-Coder-480B,761,moderate,correct,1.5839009287925696,25
Qwen-3-Coder-480B,761,moderate,correct,1.5993993993993993,26
Qwen-3-Coder-480B,761,moderate,correct,1.5806902985074627,27
Qwen-3-Coder-480B,761,moderate,correct,1.5186965811965811,28
Qwen-3-Coder-480B,761,moderate,correct,1.6983273596176822,29
Qwen-3-Coder-480B,761,moderate,correct,1.4944237918215613,30
Qwen-3-Coder-480B,761,moderate,correct,1.3261099365750528,31
Qwen-3-Coder-480B,761,moderate,correct,1.8061674008810573,32
Qwen-3-Coder-480B,761,moderate,correct,1.6593560429304712,33
Qwen-3-Coder-480B,761,moderate,correct,1.2185377546943668,34
Qwen-3-Coder-480B,761,moderate,correct,1.5069949636261892,35
Qwen-3-Coder-480B,761,moderate,correct,1.5149802148106275,36
Qwen-3-Coder-480B,761,moderate,correct,1.528588807785888,37
Qwen-3-Coder-480B,761,moderate,correct,1.4342973110096398,38
Qwen-3-Coder-480B,761,moderate,correct,1.5298050139275765,39
Qwen-3-Coder-480B,761,moderate,correct,1.2878787878787878,40
Qwen-3-Coder-480B,761,moderate,correct,1.0701530612244898,41
Qwen-3-Coder-480B,761,moderate,correct,1.4935790061418202,42
Qwen-3-Coder-480B,761,moderate,correct,1.2424242424242424,43
Qwen-3-Coder-480B,761,moderate,correct,1.407881576315263,44
Qwen-3-Coder-480B,761,moderate,correct,1.4003960396039603,45
Qwen-3-Coder-480B,761,moderate,correct,1.5643410852713178,46
Qwen-3-Coder-480B,761,moderate,correct,1.4417259786476868,47
Qwen-3-Coder-480B,761,moderate,correct,0.9317604355716879,48
Qwen-3-Coder-480B,761,moderate,correct,1.0771018984889578,49
Qwen-3-Coder-480B,761,moderate,correct,1.10989898989899,50
Qwen-3-Coder-480B,1182,moderate,correct,2.5678269772203737,1
Qwen-3-Coder-480B,1182,moderate,correct,1.4559946115850921,2
Qwen-3-Coder-480B,1182,moderate,correct,1.5375,3
Qwen-3-Coder-480B,1182,moderate,correct,1.4673068129858253,4
Qwen-3-Coder-480B,1182,moderate,correct,1.3312244897959185,5
Qwen-3-Coder-480B,1182,moderate,correct,1.2667370644139389,6
Qwen-3-Coder-480B,1182,moderate,correct,1.695458593054319,7
Qwen-3-Coder-480B,1182,moderate,correct,1.387418755803157,8
Qwen-3-Coder-480B,1182,moderate,correct,1.3909966024915061,9
Qwen-3-Coder-480B,1182,moderate,correct,1.6678685047720043,10
Qwen-3-Coder-480B,1182,moderate,correct,1.2448555786294129,11
Qwen-3-Coder-480B,1182,moderate,correct,1.335149863760218,12
Qwen-3-Coder-480B,1182,moderate,correct,1.3272399006996163,13
Qwen-3-Coder-480B,1182,moderate,correct,1.2630069643588693,14
Qwen-3-Coder-480B,1182,moderate,correct,1.5060765879385463,15
Qwen-3-Coder-480B,1182,moderate,correct,1.3112301853092208,16
Qwen-3-Coder-480B,1182,moderate,correct,1.5456631482331344,17
Qwen-3-Coder-480B,1182,moderate,correct,1.173913043478261,18
Qwen-3-Coder-480B,1182,moderate,correct,1.3852750470612842,19
Qwen-3-Coder-480B,1182,moderate,correct,1.3929698062190177,20
Qwen-3-Coder-480B,1182,moderate,correct,1.5619982158786798,21
Qwen-3-Coder-480B,1182,moderate,correct,1.4364970197157267,22
Qwen-3-Coder-480B,1182,moderate,correct,1.5919820157362308,23
Qwen-3-Coder-480B,1182,moderate,correct,1.3520035421740093,24
Qwen-3-Coder-480B,1182,moderate,correct,1.255829156679015,25
Qwen-3-Coder-480B,1182,moderate,correct,1.027434312210201,26
Qwen-3-Coder-480B,1182,moderate,correct,1.773989898989899,27
Qwen-3-Coder-480B,1182,moderate,correct,1.2623490669593853,28
Qwen-3-Coder-480B,1182,moderate,correct,1.7034246575342467,29
Qwen-3-Coder-480B,1182,moderate,correct,1.7395228884590588,30
Qwen-3-Coder-480B,1182,moderate,correct,1.1016018306636155,31
Qwen-3-Coder-480B,1182,moderate,correct,1.5820238843494658,32
Qwen-3-Coder-480B,1182,moderate,correct,1.574677320221266,33
Qwen-3-Coder-480B,1182,moderate,correct,1.5836320191158901,34
Qwen-3-Coder-480B,1182,moderate,correct,1.4654434250764525,35
Qwen-3-Coder-480B,1182,moderate,correct,1.120414673046252,36
Qwen-3-Coder-480B,1182,moderate,correct,1.6754135767256133,37
Qwen-3-Coder-480B,1182,moderate,correct,1.5290037831021437,38
Qwen-3-Coder-480B,1182,moderate,correct,1.4762156448202959,39
Qwen-3-Coder-480B,1182,moderate,correct,1.5146600124766063,40
Qwen-3-Coder-480B,1182,moderate,correct,1.6459119496855346,41
Qwen-3-Coder-480B,1182,moderate,correct,1.576049943246311,42
Qwen-3-Coder-480B,1182,moderate,correct,1.6589486858573217,43
Qwen-3-Coder-480B,1182,moderate,correct,2.5303092783505154,44
Qwen-3-Coder-480B,1182,moderate,correct,1.4726490473263676,45
Qwen-3-Coder-480B,1182,moderate,correct,1.5198291641244661,46
Qwen-3-Coder-480B,1182,moderate,correct,1.140008669267447,47
Qwen-3-Coder-480B,1182,moderate,correct,1.62279098110908,48
Qwen-3-Coder-480B,1182,moderate,correct,1.7005044136191678,49
Qwen-3-Coder-480B,1182,moderate,correct,1.5008828722778105,50
Qwen-3-Coder-480B,1375,moderate,correct,4.767066420664206,1
Qwen-3-Coder-480B,1375,moderate,correct,1.7527397260273974,2
Qwen-3-Coder-480B,1375,moderate,correct,1.4093959731543624,3
Qwen-3-Coder-480B,1375,moderate,correct,1.6052104208416833,4
Qwen-3-Coder-480B,1375,moderate,correct,1.3706451612903225,5
Qwen-3-Coder-480B,1375,moderate,correct,1.0047068891741548,6
Qwen-3-Coder-480B,1375,moderate,correct,1.5366459627329192,7
Qwen-3-Coder-480B,1375,moderate,correct,1.4855203619909503,8
Qwen-3-Coder-480B,1375,moderate,correct,1.7133229652669777,9
Qwen-3-Coder-480B,1375,moderate,correct,1.7880085653104925,10
Qwen-3-Coder-480B,1375,moderate,correct,1.477035490605428,11
Qwen-3-Coder-480B,1375,moderate,correct,1.291568535091851,12
Qwen-3-Coder-480B,1375,moderate,correct,1.1175921605226318,13
Qwen-3-Coder-480B,1375,moderate,correct,1.4610900612066453,14
Qwen-3-Coder-480B,1375,moderate,correct,1.5191256830601092,15
Qwen-3-Coder-480B,1375,moderate,correct,1.732905982905983,16
Qwen-3-Coder-480B,1375,moderate,correct,1.2536858159633961,17
Qwen-3-Coder-480B,1375,moderate,correct,1.796776050662061,18
Qwen-3-Coder-480B,1375,moderate,correct,1.672514619883041,19
Qwen-3-Coder-480B,1375,moderate,correct,1.5230007077140835,20
Qwen-3-Coder-480B,1375,moderate,correct,1.5395095367847411,21
Qwen-3-Coder-480B,1375,moderate,correct,1.7841516771998056,22
Qwen-3-Coder-480B,1375,moderate,correct,1.3994612276313259,23
Qwen-3-Coder-480B,1375,moderate,correct,1.3701204819277109,24
Qwen-3-Coder-480B,1375,moderate,correct,1.5176975330711477,25
Qwen-3-Coder-480B,1375,moderate,correct,0.806024315006351,26
Qwen-3-Coder-480B,1375,moderate,correct,1.4702020202020203,27
Qwen-3-Coder-480B,1375,moderate,correct,1.2645107794361525,28
Qwen-3-Coder-480B,1375,moderate,correct,1.4942528735632183,29
Qwen-3-Coder-480B,1375,moderate,correct,2.3382072472981563,30
Qwen-3-Coder-480B,1375,moderate,correct,1.3995314940135346,31
Qwen-3-Coder-480B,1375,moderate,correct,1.8222137983320696,32
Qwen-3-Coder-480B,1375,moderate,correct,1.6828759986106288,33
Qwen-3-Coder-480B,1375,moderate,correct,1.3761375126390294,34
Qwen-3-Coder-480B,1375,moderate,correct,1.5215508352237574,35
Qwen-3-Coder-480B,1375,moderate,correct,1.6640586797066015,36
Qwen-3-Coder-480B,1375,moderate,correct,1.3329677560868611,37
Qwen-3-Coder-480B,1375,moderate,correct,1.3741919443063153,38
Qwen-3-Coder-480B,1375,moderate,correct,1.3363323630590103,39
Qwen-3-Coder-480B,1375,moderate,correct,1.6525785188057387,40
Qwen-3-Coder-480B,1375,moderate,correct,1.4906880496637351,41
Qwen-3-Coder-480B,1375,moderate,correct,1.08864,42
Qwen-3-Coder-480B,1375,moderate,correct,1.5023569023569023,43
Qwen-3-Coder-480B,1375,moderate,correct,1.5677009873060648,44
Qwen-3-Coder-480B,1375,moderate,correct,0.8038324131211432,45
Qwen-3-Coder-480B,1375,moderate,correct,1.8527954706298655,46
Qwen-3-Coder-480B,1375,moderate,correct,2.015582655826558,47
Qwen-3-Coder-480B,1375,moderate,correct,2.9825352112676056,48
Qwen-3-Coder-480B,1375,moderate,correct,1.8957088538837588,49
Qwen-3-Coder-480B,1375,moderate,correct,1.447334535153232,50
Qwen-3-Coder-480B,723,moderate,correct,4.128278135771017,1
Qwen-3-Coder-480B,723,moderate,correct,0.7233508604206501,2
Qwen-3-Coder-480B,723,moderate,correct,1.2262830482115086,3
Qwen-3-Coder-480B,723,moderate,correct,1.187614337014703,4
Qwen-3-Coder-480B,723,moderate,correct,1.072233267064281,5
Qwen-3-Coder-480B,723,moderate,correct,1.1831537708129285,6
Qwen-3-Coder-480B,723,moderate,correct,1.1499634235552305,7
Qwen-3-Coder-480B,723,moderate,correct,1.1166513339466422,8
Qwen-3-Coder-480B,723,moderate,correct,1.2652698161692033,9
Qwen-3-Coder-480B,723,moderate,correct,1.1720536066219944,10
Qwen-3-Coder-480B,723,moderate,correct,0.9931796278449107,11
Qwen-3-Coder-480B,723,moderate,correct,1.4372630780894617,12
Qwen-3-Coder-480B,723,moderate,correct,0.9854242581988547,13
Qwen-3-Coder-480B,723,moderate,correct,1.176262029377005,14
Qwen-3-Coder-480B,723,moderate,correct,1.2454191033138402,15
Qwen-3-Coder-480B,723,moderate,correct,1.0658038147138964,16
Qwen-3-Coder-480B,723,moderate,correct,1.1688669950738917,17
Qwen-3-Coder-480B,723,moderate,correct,1.2012885591565794,18
Qwen-3-Coder-480B,723,moderate,correct,0.7000183250870442,19
Qwen-3-Coder-480B,723,moderate,correct,1.1736125654450262,20
Qwen-3-Coder-480B,723,moderate,correct,1.068733850129199,21
Qwen-3-Coder-480B,723,moderate,correct,1.310210154361168,22
Qwen-3-Coder-480B,723,moderate,correct,1.005319893602128,23
Qwen-3-Coder-480B,723,moderate,correct,1.7912558936990999,24
Qwen-3-Coder-480B,723,moderate,correct,1.2399456982861021,25
Qwen-3-Coder-480B,723,moderate,correct,1.1866019417475728,26
Qwen-3-Coder-480B,723,moderate,correct,1.2129196770080748,27
Qwen-3-Coder-480B,723,moderate,correct,0.9004774694121158,28
Qwen-3-Coder-480B,723,moderate,correct,1.2031219512195122,29
Qwen-3-Coder-480B,723,moderate,correct,1.1577380952380953,30
Qwen-3-Coder-480B,723,moderate,correct,1.161764705882353,31
Qwen-3-Coder-480B,723,moderate,correct,1.1032608695652173,32
Qwen-3-Coder-480B,723,moderate,correct,1.0165558420409826,33
Qwen-3-Coder-480B,723,moderate,correct,1.218381775333857,34
Qwen-3-Coder-480B,723,moderate,correct,1.214705882352941,35
Qwen-3-Coder-480B,723,moderate,correct,1.219607843137255,36
Qwen-3-Coder-480B,723,moderate,correct,1.233883647798742,37
Qwen-3-Coder-480B,723,moderate,correct,1.0782943026913667,38
Qwen-3-Coder-480B,723,moderate,correct,0.9667511555091696,39
Qwen-3-Coder-480B,723,moderate,correct,1.129821260583255,40
Qwen-3-Coder-480B,723,moderate,correct,1.091384722706662,41
Qwen-3-Coder-480B,723,moderate,correct,1.5659320809248556,42
Qwen-3-Coder-480B,723,moderate,correct,1.1732998454404946,43
Qwen-3-Coder-480B,723,moderate,correct,1.1634966378482228,44
Qwen-3-Coder-480B,723,moderate,correct,1.201924965625614,45
Qwen-3-Coder-480B,723,moderate,correct,1.1617448369040726,46
Qwen-3-Coder-480B,723,moderate,correct,1.092790863668808,47
Qwen-3-Coder-480B,723,moderate,correct,1.251790207083414,48
Qwen-3-Coder-480B,723,moderate,correct,1.2213385063045588,49
Qwen-3-Coder-480B,723,moderate,correct,1.2172051381860647,50
Qwen-3-Coder-480B,1158,moderate,semantic,,1
Qwen-3-Coder-480B,1158,moderate,semantic,,2
Qwen-3-Coder-480B,1158,moderate,semantic,,3
Qwen-3-Coder-480B,1158,moderate,semantic,,4
Qwen-3-Coder-480B,1158,moderate,semantic,,5
Qwen-3-Coder-480B,1158,moderate,semantic,,6
Qwen-3-Coder-480B,1158,moderate,semantic,,7
Qwen-3-Coder-480B,1158,moderate,semantic,,8
Qwen-3-Coder-480B,1158,moderate,semantic,,9
Qwen-3-Coder-480B,1158,moderate,semantic,,10
Qwen-3-Coder-480B,1158,moderate,semantic,,11
Qwen-3-Coder-480B,1158,moderate,semantic,,12
Qwen-3-Coder-480B,1158,moderate,semantic,,13
Qwen-3-Coder-480B,1158,moderate,semantic,,14
Qwen-3-Coder-480B,1158,moderate,semantic,,15
Qwen-3-Coder-480B,1158,moderate,semantic,,16
Qwen-3-Coder-480B,1158,moderate,semantic,,17
Qwen-3-Coder-480B,1158,moderate,semantic,,18
Qwen-3-Coder-480B,1158,moderate,semantic,,19
Qwen-3-Coder-480B,1158,moderate,semantic,,20
Qwen-3-Coder-480B,1158,moderate,semantic,,21
Qwen-3-Coder-480B,1158,moderate,semantic,,22
Qwen-3-Coder-480B,1158,moderate,semantic,,23
Qwen-3-Coder-480B,1158,moderate,semantic,,24
Qwen-3-Coder-480B,1158,moderate,semantic,,25
Qwen-3-Coder-480B,1158,moderate,semantic,,26
Qwen-3-Coder-480B,1158,moderate,semantic,,27
Qwen-3-Coder-480B,1158,moderate,semantic,,28
Qwen-3-Coder-480B,1158,moderate,semantic,,29
Qwen-3-Coder-480B,1158,moderate,semantic,,30
Qwen-3-Coder-480B,1158,moderate,semantic,,31
Qwen-3-Coder-480B,1158,moderate,semantic,,32
Qwen-3-Coder-480B,1158,moderate,semantic,,33
Qwen-3-Coder-480B,1158,moderate,semantic,,34
Qwen-3-Coder-480B,1158,moderate,semantic,,35
Qwen-3-Coder-480B,1158,moderate,semantic,,36
Qwen-3-Coder-480B,1158,moderate,semantic,,37
Qwen-3-Coder-480B,1158,moderate,semantic,,38
Qwen-3-Coder-480B,1158,moderate,semantic,,39
Qwen-3-Coder-480B,1158,moderate,semantic,,40
Qwen-3-Coder-480B,1158,moderate,semantic,,41
Qwen-3-Coder-480B,1158,moderate,semantic,,42
Qwen-3-Coder-480B,1158,moderate,semantic,,43
Qwen-3-Coder-480B,1158,moderate,semantic,,44
Qwen-3-Coder-480B,1158,moderate,semantic,,45
Qwen-3-Coder-480B,1158,moderate,semantic,,46
Qwen-3-Coder-480B,1158,moderate,semantic,,47
Qwen-3-Coder-480B,1158,moderate,semantic,,48
Qwen-3-Coder-480B,1158,moderate,semantic,,49
Qwen-3-Coder-480B,1158,moderate,semantic,,50
Qwen-3-Coder-480B,100,moderate,semantic,,1
Qwen-3-Coder-480B,100,moderate,semantic,,2
Qwen-3-Coder-480B,100,moderate,semantic,,3
Qwen-3-Coder-480B,100,moderate,semantic,,4
Qwen-3-Coder-480B,100,moderate,semantic,,5
Qwen-3-Coder-480B,100,moderate,semantic,,6
Qwen-3-Coder-480B,100,moderate,semantic,,7
Qwen-3-Coder-480B,100,moderate,semantic,,8
Qwen-3-Coder-480B,100,moderate,semantic,,9
Qwen-3-Coder-480B,100,moderate,semantic,,10
Qwen-3-Coder-480B,100,moderate,semantic,,11
Qwen-3-Coder-480B,100,moderate,semantic,,12
Qwen-3-Coder-480B,100,moderate,semantic,,13
Qwen-3-Coder-480B,100,moderate,semantic,,14
Qwen-3-Coder-480B,100,moderate,semantic,,15
Qwen-3-Coder-480B,100,moderate,semantic,,16
Qwen-3-Coder-480B,100,moderate,semantic,,17
Qwen-3-Coder-480B,100,moderate,semantic,,18
Qwen-3-Coder-480B,100,moderate,semantic,,19
Qwen-3-Coder-480B,100,moderate,semantic,,20
Qwen-3-Coder-480B,100,moderate,semantic,,21
Qwen-3-Coder-480B,100,moderate,semantic,,22
Qwen-3-Coder-480B,100,moderate,semantic,,23
Qwen-3-Coder-480B,100,moderate,semantic,,24
Qwen-3-Coder-480B,100,moderate,semantic,,25
Qwen-3-Coder-480B,100,moderate,semantic,,26
Qwen-3-Coder-480B,100,moderate,semantic,,27
Qwen-3-Coder-480B,100,moderate,semantic,,28
Qwen-3-Coder-480B,100,moderate,semantic,,29
Qwen-3-Coder-480B,100,moderate,semantic,,30
Qwen-3-Coder-480B,100,moderate,semantic,,31
Qwen-3-Coder-480B,100,moderate,semantic,,32
Qwen-3-Coder-480B,100,moderate,semantic,,33
Qwen-3-Coder-480B,100,moderate,semantic,,34
Qwen-3-Coder-480B,100,moderate,semantic,,35
Qwen-3-Coder-480B,100,moderate,semantic,,36
Qwen-3-Coder-480B,100,moderate,semantic,,37
Qwen-3-Coder-480B,100,moderate,semantic,,38
Qwen-3-Coder-480B,100,moderate,semantic,,39
Qwen-3-Coder-480B,100,moderate,semantic,,40
Qwen-3-Coder-480B,100,moderate,semantic,,41
Qwen-3-Coder-480B,100,moderate,semantic,,42
Qwen-3-Coder-480B,100,moderate,semantic,,43
Qwen-3-Coder-480B,100,moderate,semantic,,44
Qwen-3-Coder-480B,100,moderate,semantic,,45
Qwen-3-Coder-480B,100,moderate,semantic,,46
Qwen-3-Coder-480B,100,moderate,semantic,,47
Qwen-3-Coder-480B,100,moderate,semantic,,48
Qwen-3-Coder-480B,100,moderate,semantic,,49
Qwen-3-Coder-480B,100,moderate,semantic,,50
Qwen-3-Coder-480B,402,moderate,semantic,,1
Qwen-3-Coder-480B,402,moderate,semantic,,2
Qwen-3-Coder-480B,402,moderate,semantic,,3
Qwen-3-Coder-480B,402,moderate,semantic,,4
Qwen-3-Coder-480B,402,moderate,semantic,,5
Qwen-3-Coder-480B,402,moderate,semantic,,6
Qwen-3-Coder-480B,402,moderate,semantic,,7
Qwen-3-Coder-480B,402,moderate,semantic,,8
Qwen-3-Coder-480B,402,moderate,semantic,,9
Qwen-3-Coder-480B,402,moderate,semantic,,10
Qwen-3-Coder-480B,402,moderate,semantic,,11
Qwen-3-Coder-480B,402,moderate,semantic,,12
Qwen-3-Coder-480B,402,moderate,semantic,,13
Qwen-3-Coder-480B,402,moderate,semantic,,14
Qwen-3-Coder-480B,402,moderate,semantic,,15
Qwen-3-Coder-480B,402,moderate,semantic,,16
Qwen-3-Coder-480B,402,moderate,semantic,,17
Qwen-3-Coder-480B,402,moderate,semantic,,18
Qwen-3-Coder-480B,402,moderate,semantic,,19
Qwen-3-Coder-480B,402,moderate,semantic,,20
Qwen-3-Coder-480B,402,moderate,semantic,,21
Qwen-3-Coder-480B,402,moderate,semantic,,22
Qwen-3-Coder-480B,402,moderate,semantic,,23
Qwen-3-Coder-480B,402,moderate,semantic,,24
Qwen-3-Coder-480B,402,moderate,semantic,,25
Qwen-3-Coder-480B,402,moderate,semantic,,26
Qwen-3-Coder-480B,402,moderate,semantic,,27
Qwen-3-Coder-480B,402,moderate,semantic,,28
Qwen-3-Coder-480B,402,moderate,semantic,,29
Qwen-3-Coder-480B,402,moderate,semantic,,30
Qwen-3-Coder-480B,402,moderate,semantic,,31
Qwen-3-Coder-480B,402,moderate,semantic,,32
Qwen-3-Coder-480B,402,moderate,semantic,,33
Qwen-3-Coder-480B,402,moderate,semantic,,34
Qwen-3-Coder-480B,402,moderate,semantic,,35
Qwen-3-Coder-480B,402,moderate,semantic,,36
Qwen-3-Coder-480B,402,moderate,semantic,,37
Qwen-3-Coder-480B,402,moderate,semantic,,38
Qwen-3-Coder-480B,402,moderate,semantic,,39
Qwen-3-Coder-480B,402,moderate,semantic,,40
Qwen-3-Coder-480B,402,moderate,semantic,,41
Qwen-3-Coder-480B,402,moderate,semantic,,42
Qwen-3-Coder-480B,402,moderate,semantic,,43
Qwen-3-Coder-480B,402,moderate,semantic,,44
Qwen-3-Coder-480B,402,moderate,semantic,,45
Qwen-3-Coder-480B,402,moderate,semantic,,46
Qwen-3-Coder-480B,402,moderate,semantic,,47
Qwen-3-Coder-480B,402,moderate,semantic,,48
Qwen-3-Coder-480B,402,moderate,semantic,,49
Qwen-3-Coder-480B,402,moderate,semantic,,50
Qwen-3-Coder-480B,466,moderate,semantic,,1
Qwen-3-Coder-480B,466,moderate,semantic,,2
Qwen-3-Coder-480B,466,moderate,semantic,,3
Qwen-3-Coder-480B,466,moderate,semantic,,4
Qwen-3-Coder-480B,466,moderate,semantic,,5
Qwen-3-Coder-480B,466,moderate,semantic,,6
Qwen-3-Coder-480B,466,moderate,semantic,,7
Qwen-3-Coder-480B,466,moderate,semantic,,8
Qwen-3-Coder-480B,466,moderate,semantic,,9
Qwen-3-Coder-480B,466,moderate,semantic,,10
Qwen-3-Coder-480B,466,moderate,semantic,,11
Qwen-3-Coder-480B,466,moderate,semantic,,12
Qwen-3-Coder-480B,466,moderate,semantic,,13
Qwen-3-Coder-480B,466,moderate,semantic,,14
Qwen-3-Coder-480B,466,moderate,semantic,,15
Qwen-3-Coder-480B,466,moderate,semantic,,16
Qwen-3-Coder-480B,466,moderate,semantic,,17
Qwen-3-Coder-480B,466,moderate,semantic,,18
Qwen-3-Coder-480B,466,moderate,semantic,,19
Qwen-3-Coder-480B,466,moderate,semantic,,20
Qwen-3-Coder-480B,466,moderate,semantic,,21
Qwen-3-Coder-480B,466,moderate,semantic,,22
Qwen-3-Coder-480B,466,moderate,semantic,,23
Qwen-3-Coder-480B,466,moderate,semantic,,24
Qwen-3-Coder-480B,466,moderate,semantic,,25
Qwen-3-Coder-480B,466,moderate,semantic,,26
Qwen-3-Coder-480B,466,moderate,semantic,,27
Qwen-3-Coder-480B,466,moderate,semantic,,28
Qwen-3-Coder-480B,466,moderate,semantic,,29
Qwen-3-Coder-480B,466,moderate,semantic,,30
Qwen-3-Coder-480B,466,moderate,semantic,,31
Qwen-3-Coder-480B,466,moderate,semantic,,32
Qwen-3-Coder-480B,466,moderate,semantic,,33
Qwen-3-Coder-480B,466,moderate,semantic,,34
Qwen-3-Coder-480B,466,moderate,semantic,,35
Qwen-3-Coder-480B,466,moderate,semantic,,36
Qwen-3-Coder-480B,466,moderate,semantic,,37
Qwen-3-Coder-480B,466,moderate,semantic,,38
Qwen-3-Coder-480B,466,moderate,semantic,,39
Qwen-3-Coder-480B,466,moderate,semantic,,40
Qwen-3-Coder-480B,466,moderate,semantic,,41
Qwen-3-Coder-480B,466,moderate,semantic,,42
Qwen-3-Coder-480B,466,moderate,semantic,,43
Qwen-3-Coder-480B,466,moderate,semantic,,44
Qwen-3-Coder-480B,466,moderate,semantic,,45
Qwen-3-Coder-480B,466,moderate,semantic,,46
Qwen-3-Coder-480B,466,moderate,semantic,,47
Qwen-3-Coder-480B,466,moderate,semantic,,48
Qwen-3-Coder-480B,466,moderate,semantic,,49
Qwen-3-Coder-480B,466,moderate,semantic,,50
Qwen-3-Coder-480B,943,moderate,semantic,,1
Qwen-3-Coder-480B,943,moderate,semantic,,2
Qwen-3-Coder-480B,943,moderate,semantic,,3
Qwen-3-Coder-480B,943,moderate,semantic,,4
Qwen-3-Coder-480B,943,moderate,semantic,,5
Qwen-3-Coder-480B,943,moderate,semantic,,6
Qwen-3-Coder-480B,943,moderate,semantic,,7
Qwen-3-Coder-480B,943,moderate,semantic,,8
Qwen-3-Coder-480B,943,moderate,semantic,,9
Qwen-3-Coder-480B,943,moderate,semantic,,10
Qwen-3-Coder-480B,943,moderate,semantic,,11
Qwen-3-Coder-480B,943,moderate,semantic,,12
Qwen-3-Coder-480B,943,moderate,semantic,,13
Qwen-3-Coder-480B,943,moderate,semantic,,14
Qwen-3-Coder-480B,943,moderate,semantic,,15
Qwen-3-Coder-480B,943,moderate,semantic,,16
Qwen-3-Coder-480B,943,moderate,semantic,,17
Qwen-3-Coder-480B,943,moderate,semantic,,18
Qwen-3-Coder-480B,943,moderate,semantic,,19
Qwen-3-Coder-480B,943,moderate,semantic,,20
Qwen-3-Coder-480B,943,moderate,semantic,,21
Qwen-3-Coder-480B,943,moderate,semantic,,22
Qwen-3-Coder-480B,943,moderate,semantic,,23
Qwen-3-Coder-480B,943,moderate,semantic,,24
Qwen-3-Coder-480B,943,moderate,semantic,,25
Qwen-3-Coder-480B,943,moderate,semantic,,26
Qwen-3-Coder-480B,943,moderate,semantic,,27
Qwen-3-Coder-480B,943,moderate,semantic,,28
Qwen-3-Coder-480B,943,moderate,semantic,,29
Qwen-3-Coder-480B,943,moderate,semantic,,30
Qwen-3-Coder-480B,943,moderate,semantic,,31
Qwen-3-Coder-480B,943,moderate,semantic,,32
Qwen-3-Coder-480B,943,moderate,semantic,,33
Qwen-3-Coder-480B,943,moderate,semantic,,34
Qwen-3-Coder-480B,943,moderate,semantic,,35
Qwen-3-Coder-480B,943,moderate,semantic,,36
Qwen-3-Coder-480B,943,moderate,semantic,,37
Qwen-3-Coder-480B,943,moderate,semantic,,38
Qwen-3-Coder-480B,943,moderate,semantic,,39
Qwen-3-Coder-480B,943,moderate,semantic,,40
Qwen-3-Coder-480B,943,moderate,semantic,,41
Qwen-3-Coder-480B,943,moderate,semantic,,42
Qwen-3-Coder-480B,943,moderate,semantic,,43
Qwen-3-Coder-480B,943,moderate,semantic,,44
Qwen-3-Coder-480B,943,moderate,semantic,,45
Qwen-3-Coder-480B,943,moderate,semantic,,46
Qwen-3-Coder-480B,943,moderate,semantic,,47
Qwen-3-Coder-480B,943,moderate,semantic,,48
Qwen-3-Coder-480B,943,moderate,semantic,,49
Qwen-3-Coder-480B,943,moderate,semantic,,50
Qwen-3-Coder-480B,1127,moderate,hallucination,,1
Qwen-3-Coder-480B,1127,moderate,hallucination,,2
Qwen-3-Coder-480B,1127,moderate,hallucination,,3
Qwen-3-Coder-480B,1127,moderate,hallucination,,4
Qwen-3-Coder-480B,1127,moderate,hallucination,,5
Qwen-3-Coder-480B,1127,moderate,hallucination,,6
Qwen-3-Coder-480B,1127,moderate,hallucination,,7
Qwen-3-Coder-480B,1127,moderate,hallucination,,8
Qwen-3-Coder-480B,1127,moderate,hallucination,,9
Qwen-3-Coder-480B,1127,moderate,hallucination,,10
Qwen-3-Coder-480B,1127,moderate,hallucination,,11
Qwen-3-Coder-480B,1127,moderate,hallucination,,12
Qwen-3-Coder-480B,1127,moderate,hallucination,,13
Qwen-3-Coder-480B,1127,moderate,hallucination,,14
Qwen-3-Coder-480B,1127,moderate,hallucination,,15
Qwen-3-Coder-480B,1127,moderate,hallucination,,16
Qwen-3-Coder-480B,1127,moderate,hallucination,,17
Qwen-3-Coder-480B,1127,moderate,hallucination,,18
Qwen-3-Coder-480B,1127,moderate,hallucination,,19
Qwen-3-Coder-480B,1127,moderate,hallucination,,20
Qwen-3-Coder-480B,1127,moderate,hallucination,,21
Qwen-3-Coder-480B,1127,moderate,hallucination,,22
Qwen-3-Coder-480B,1127,moderate,hallucination,,23
Qwen-3-Coder-480B,1127,moderate,hallucination,,24
Qwen-3-Coder-480B,1127,moderate,hallucination,,25
Qwen-3-Coder-480B,1127,moderate,hallucination,,26
Qwen-3-Coder-480B,1127,moderate,hallucination,,27
Qwen-3-Coder-480B,1127,moderate,hallucination,,28
Qwen-3-Coder-480B,1127,moderate,hallucination,,29
Qwen-3-Coder-480B,1127,moderate,hallucination,,30
Qwen-3-Coder-480B,1127,moderate,hallucination,,31
Qwen-3-Coder-480B,1127,moderate,hallucination,,32
Qwen-3-Coder-480B,1127,moderate,hallucination,,33
Qwen-3-Coder-480B,1127,moderate,hallucination,,34
Qwen-3-Coder-480B,1127,moderate,hallucination,,35
Qwen-3-Coder-480B,1127,moderate,hallucination,,36
Qwen-3-Coder-480B,1127,moderate,hallucination,,37
Qwen-3-Coder-480B,1127,moderate,hallucination,,38
Qwen-3-Coder-480B,1127,moderate,hallucination,,39
Qwen-3-Coder-480B,1127,moderate,hallucination,,40
Qwen-3-Coder-480B,1127,moderate,hallucination,,41
Qwen-3-Coder-480B,1127,moderate,hallucination,,42
Qwen-3-Coder-480B,1127,moderate,hallucination,,43
Qwen-3-Coder-480B,1127,moderate,hallucination,,44
Qwen-3-Coder-480B,1127,moderate,hallucination,,45
Qwen-3-Coder-480B,1127,moderate,hallucination,,46
Qwen-3-Coder-480B,1127,moderate,hallucination,,47
Qwen-3-Coder-480B,1127,moderate,hallucination,,48
Qwen-3-Coder-480B,1127,moderate,hallucination,,49
Qwen-3-Coder-480B,1127,moderate,hallucination,,50
Qwen-3-Coder-480B,1501,moderate,semantic,,1
Qwen-3-Coder-480B,1501,moderate,semantic,,2
Qwen-3-Coder-480B,1501,moderate,semantic,,3
Qwen-3-Coder-480B,1501,moderate,semantic,,4
Qwen-3-Coder-480B,1501,moderate,semantic,,5
Qwen-3-Coder-480B,1501,moderate,semantic,,6
Qwen-3-Coder-480B,1501,moderate,semantic,,7
Qwen-3-Coder-480B,1501,moderate,semantic,,8
Qwen-3-Coder-480B,1501,moderate,semantic,,9
Qwen-3-Coder-480B,1501,moderate,semantic,,10
Qwen-3-Coder-480B,1501,moderate,semantic,,11
Qwen-3-Coder-480B,1501,moderate,semantic,,12
Qwen-3-Coder-480B,1501,moderate,semantic,,13
Qwen-3-Coder-480B,1501,moderate,semantic,,14
Qwen-3-Coder-480B,1501,moderate,semantic,,15
Qwen-3-Coder-480B,1501,moderate,semantic,,16
Qwen-3-Coder-480B,1501,moderate,semantic,,17
Qwen-3-Coder-480B,1501,moderate,semantic,,18
Qwen-3-Coder-480B,1501,moderate,semantic,,19
Qwen-3-Coder-480B,1501,moderate,semantic,,20
Qwen-3-Coder-480B,1501,moderate,semantic,,21
Qwen-3-Coder-480B,1501,moderate,semantic,,22
Qwen-3-Coder-480B,1501,moderate,semantic,,23
Qwen-3-Coder-480B,1501,moderate,semantic,,24
Qwen-3-Coder-480B,1501,moderate,semantic,,25
Qwen-3-Coder-480B,1501,moderate,semantic,,26
Qwen-3-Coder-480B,1501,moderate,semantic,,27
Qwen-3-Coder-480B,1501,moderate,semantic,,28
Qwen-3-Coder-480B,1501,moderate,semantic,,29
Qwen-3-Coder-480B,1501,moderate,semantic,,30
Qwen-3-Coder-480B,1501,moderate,semantic,,31
Qwen-3-Coder-480B,1501,moderate,semantic,,32
Qwen-3-Coder-480B,1501,moderate,semantic,,33
Qwen-3-Coder-480B,1501,moderate,semantic,,34
Qwen-3-Coder-480B,1501,moderate,semantic,,35
Qwen-3-Coder-480B,1501,moderate,semantic,,36
Qwen-3-Coder-480B,1501,moderate,semantic,,37
Qwen-3-Coder-480B,1501,moderate,semantic,,38
Qwen-3-Coder-480B,1501,moderate,semantic,,39
Qwen-3-Coder-480B,1501,moderate,semantic,,40
Qwen-3-Coder-480B,1501,moderate,semantic,,41
Qwen-3-Coder-480B,1501,moderate,semantic,,42
Qwen-3-Coder-480B,1501,moderate,semantic,,43
Qwen-3-Coder-480B,1501,moderate,semantic,,44
Qwen-3-Coder-480B,1501,moderate,semantic,,45
Qwen-3-Coder-480B,1501,moderate,semantic,,46
Qwen-3-Coder-480B,1501,moderate,semantic,,47
Qwen-3-Coder-480B,1501,moderate,semantic,,48
Qwen-3-Coder-480B,1501,moderate,semantic,,49
Qwen-3-Coder-480B,1501,moderate,semantic,,50
Qwen-3-Coder-480B,766,moderate,semantic,,1
Qwen-3-Coder-480B,766,moderate,semantic,,2
Qwen-3-Coder-480B,766,moderate,semantic,,3
Qwen-3-Coder-480B,766,moderate,semantic,,4
Qwen-3-Coder-480B,766,moderate,semantic,,5
Qwen-3-Coder-480B,766,moderate,semantic,,6
Qwen-3-Coder-480B,766,moderate,semantic,,7
Qwen-3-Coder-480B,766,moderate,semantic,,8
Qwen-3-Coder-480B,766,moderate,semantic,,9
Qwen-3-Coder-480B,766,moderate,semantic,,10
Qwen-3-Coder-480B,766,moderate,semantic,,11
Qwen-3-Coder-480B,766,moderate,semantic,,12
Qwen-3-Coder-480B,766,moderate,semantic,,13
Qwen-3-Coder-480B,766,moderate,semantic,,14
Qwen-3-Coder-480B,766,moderate,semantic,,15
Qwen-3-Coder-480B,766,moderate,semantic,,16
Qwen-3-Coder-480B,766,moderate,semantic,,17
Qwen-3-Coder-480B,766,moderate,semantic,,18
Qwen-3-Coder-480B,766,moderate,semantic,,19
Qwen-3-Coder-480B,766,moderate,semantic,,20
Qwen-3-Coder-480B,766,moderate,semantic,,21
Qwen-3-Coder-480B,766,moderate,semantic,,22
Qwen-3-Coder-480B,766,moderate,semantic,,23
Qwen-3-Coder-480B,766,moderate,semantic,,24
Qwen-3-Coder-480B,766,moderate,semantic,,25
Qwen-3-Coder-480B,766,moderate,semantic,,26
Qwen-3-Coder-480B,766,moderate,semantic,,27
Qwen-3-Coder-480B,766,moderate,semantic,,28
Qwen-3-Coder-480B,766,moderate,semantic,,29
Qwen-3-Coder-480B,766,moderate,semantic,,30
Qwen-3-Coder-480B,766,moderate,semantic,,31
Qwen-3-Coder-480B,766,moderate,semantic,,32
Qwen-3-Coder-480B,766,moderate,semantic,,33
Qwen-3-Coder-480B,766,moderate,semantic,,34
Qwen-3-Coder-480B,766,moderate,semantic,,35
Qwen-3-Coder-480B,766,moderate,semantic,,36
Qwen-3-Coder-480B,766,moderate,semantic,,37
Qwen-3-Coder-480B,766,moderate,semantic,,38
Qwen-3-Coder-480B,766,moderate,semantic,,39
Qwen-3-Coder-480B,766,moderate,semantic,,40
Qwen-3-Coder-480B,766,moderate,semantic,,41
Qwen-3-Coder-480B,766,moderate,semantic,,42
Qwen-3-Coder-480B,766,moderate,semantic,,43
Qwen-3-Coder-480B,766,moderate,semantic,,44
Qwen-3-Coder-480B,766,moderate,semantic,,45
Qwen-3-Coder-480B,766,moderate,semantic,,46
Qwen-3-Coder-480B,766,moderate,semantic,,47
Qwen-3-Coder-480B,766,moderate,semantic,,48
Qwen-3-Coder-480B,766,moderate,semantic,,49
Qwen-3-Coder-480B,766,moderate,semantic,,50
Qwen-3-Coder-480B,31,moderate,semantic,,1
Qwen-3-Coder-480B,31,moderate,correct,1.213478298386401,2
Qwen-3-Coder-480B,31,moderate,correct,1.1413746172167405,3
Qwen-3-Coder-480B,31,moderate,semantic,,4
Qwen-3-Coder-480B,31,moderate,semantic,,5
Qwen-3-Coder-480B,31,moderate,correct,1.1481181343417972,6
Qwen-3-Coder-480B,31,moderate,semantic,,7
Qwen-3-Coder-480B,31,moderate,correct,1.1791391012973622,8
Qwen-3-Coder-480B,31,moderate,semantic,,9
Qwen-3-Coder-480B,31,moderate,semantic,,10
Qwen-3-Coder-480B,31,moderate,correct,1.1963521310254979,11
Qwen-3-Coder-480B,31,moderate,semantic,,12
Qwen-3-Coder-480B,31,moderate,semantic,,13
Qwen-3-Coder-480B,31,moderate,correct,1.2846490819274863,14
Qwen-3-Coder-480B,31,moderate,correct,1.1946685373553139,15
Qwen-3-Coder-480B,31,moderate,semantic,,16
Qwen-3-Coder-480B,31,moderate,correct,1.2590828429999066,17
Qwen-3-Coder-480B,31,moderate,correct,1.1246414602346806,18
Qwen-3-Coder-480B,31,moderate,semantic,,19
Qwen-3-Coder-480B,31,moderate,semantic,,20
Qwen-3-Coder-480B,31,moderate,semantic,,21
Qwen-3-Coder-480B,31,moderate,semantic,,22
Qwen-3-Coder-480B,31,moderate,semantic,,23
Qwen-3-Coder-480B,31,moderate,semantic,,24
Qwen-3-Coder-480B,31,moderate,semantic,,25
Qwen-3-Coder-480B,31,moderate,semantic,,26
Qwen-3-Coder-480B,31,moderate,semantic,,27
Qwen-3-Coder-480B,31,moderate,semantic,,28
Qwen-3-Coder-480B,31,moderate,correct,1.167922404087642,29
Qwen-3-Coder-480B,31,moderate,correct,1.2316649450652644,30
Qwen-3-Coder-480B,31,moderate,correct,1.2544146500981033,31
Qwen-3-Coder-480B,31,moderate,correct,1.1207796728158719,32
Qwen-3-Coder-480B,31,moderate,correct,1.2710355987055015,33
Qwen-3-Coder-480B,31,moderate,correct,1.1203703703703705,34
Qwen-3-Coder-480B,31,moderate,correct,1.2584809649453448,35
Qwen-3-Coder-480B,31,moderate,correct,1.227211252366784,36
Qwen-3-Coder-480B,31,moderate,correct,1.3238344305167282,37
Qwen-3-Coder-480B,31,moderate,correct,1.02462179685088,38
Qwen-3-Coder-480B,31,moderate,correct,1.1628261454317224,39
Qwen-3-Coder-480B,31,moderate,correct,1.4208544770011458,40
Qwen-3-Coder-480B,31,moderate,correct,1.3622709238617041,41
Qwen-3-Coder-480B,31,moderate,semantic,,42
Qwen-3-Coder-480B,31,moderate,semantic,,43
Qwen-3-Coder-480B,31,moderate,correct,1.2384135874966122,44
Qwen-3-Coder-480B,31,moderate,semantic,,45
Qwen-3-Coder-480B,31,moderate,correct,1.2518019726858878,46
Qwen-3-Coder-480B,31,moderate,semantic,,47
Qwen-3-Coder-480B,31,moderate,semantic,,48
Qwen-3-Coder-480B,31,moderate,semantic,,49
Qwen-3-Coder-480B,31,moderate,semantic,,50
Qwen-3-Coder-480B,615,moderate,correct,8.386687661036358,1
Qwen-3-Coder-480B,615,moderate,correct,1.0023281030743718,2
Qwen-3-Coder-480B,615,moderate,correct,1.1677254990486632,3
Qwen-3-Coder-480B,615,moderate,correct,0.979295406765624,4
Qwen-3-Coder-480B,615,moderate,correct,1.0148748932816707,5
Qwen-3-Coder-480B,615,moderate,correct,1.0169697347116702,6
Qwen-3-Coder-480B,615,moderate,correct,1.0546588407923698,7
Qwen-3-Coder-480B,615,moderate,correct,1.0081539986569885,8
Qwen-3-Coder-480B,615,moderate,correct,1.0699114767430948,9
Qwen-3-Coder-480B,615,moderate,correct,1.1236773128822444,10
Qwen-3-Coder-480B,615,moderate,correct,0.9945722568309381,11
Qwen-3-Coder-480B,615,moderate,correct,1.022297212060048,12
Qwen-3-Coder-480B,615,moderate,correct,1.0123957629028624,13
Qwen-3-Coder-480B,615,moderate,correct,1.0455480360934182,14
Qwen-3-Coder-480B,615,moderate,correct,0.9933082658849022,15
Qwen-3-Coder-480B,615,moderate,correct,1.027942036519592,16
Qwen-3-Coder-480B,615,moderate,correct,1.0055981619907453,17
Qwen-3-Coder-480B,615,moderate,correct,0.9787795116805758,18
Qwen-3-Coder-480B,615,moderate,correct,0.9954785229841748,19
Qwen-3-Coder-480B,615,moderate,correct,0.9934429375639714,20
Qwen-3-Coder-480B,615,moderate,correct,0.989093137254902,21
Qwen-3-Coder-480B,615,moderate,correct,0.9930107023620082,22
Qwen-3-Coder-480B,615,moderate,correct,1.0583065797580828,23
Qwen-3-Coder-480B,615,moderate,correct,1.152675503190967,24
Qwen-3-Coder-480B,615,moderate,correct,1.0178897637795277,25
Qwen-3-Coder-480B,615,moderate,correct,1.0373005743458839,26
Qwen-3-Coder-480B,615,moderate,correct,1.0101897399859452,27
Qwen-3-Coder-480B,615,moderate,correct,0.8561180569788891,28
Qwen-3-Coder-480B,615,moderate,correct,0.9257295743942923,29
Qwen-3-Coder-480B,615,moderate,correct,0.9324807726703631,30
Qwen-3-Coder-480B,615,moderate,correct,0.9712625528958504,31
Qwen-3-Coder-480B,615,moderate,correct,1.0196920873612603,32
Qwen-3-Coder-480B,615,moderate,correct,0.9962884911773032,33
Qwen-3-Coder-480B,615,moderate,correct,1.0693798221332234,34
Qwen-3-Coder-480B,615,moderate,correct,1.0452574260654082,35
Qwen-3-Coder-480B,615,moderate,correct,0.9446414618020076,36
Qwen-3-Coder-480B,615,moderate,correct,1.0115653232523867,37
Qwen-3-Coder-480B,615,moderate,correct,0.9850792858034711,38
Qwen-3-Coder-480B,615,moderate,correct,0.9659707724425888,39
Qwen-3-Coder-480B,615,moderate,correct,0.9521872132150505,40
Qwen-3-Coder-480B,615,moderate,correct,0.9526150276310567,41
Qwen-3-Coder-480B,615,moderate,correct,1.0264725130890053,42
Qwen-3-Coder-480B,615,moderate,correct,1.026028519914768,43
Qwen-3-Coder-480B,615,moderate,correct,0.9735093336555307,44
Qwen-3-Coder-480B,615,moderate,correct,0.9945612648221344,45
Qwen-3-Coder-480B,615,moderate,correct,1.0682883349147474,46
Qwen-3-Coder-480B,615,moderate,correct,1.0386448370886692,47
Qwen-3-Coder-480B,615,moderate,correct,1.0481627636175443,48
Qwen-3-Coder-480B,615,moderate,correct,0.9994872616567858,49
Qwen-3-Coder-480B,615,moderate,correct,1.03668725027243,50
Qwen-3-Coder-480B,397,moderate,correct,1.3036023445485074,1
Qwen-3-Coder-480B,397,moderate,correct,1.0967288587351587,2
Qwen-3-Coder-480B,397,moderate,correct,1.155191112432355,3
Qwen-3-Coder-480B,397,moderate,correct,1.1921421781835988,4
Qwen-3-Coder-480B,397,moderate,correct,1.1335985263705093,5
Qwen-3-Coder-480B,397,moderate,correct,1.1659793265447402,6
Qwen-3-Coder-480B,397,moderate,correct,1.1264028352037803,7
Qwen-3-Coder-480B,397,moderate,correct,1.0683918872767735,8
Qwen-3-Coder-480B,397,moderate,correct,1.1604663847556935,9
Qwen-3-Coder-480B,397,moderate,correct,1.3124038147980754,10
Qwen-3-Coder-480B,397,moderate,correct,1.1512993399613694,11
Qwen-3-Coder-480B,397,moderate,correct,1.180772766361237,12
Qwen-3-Coder-480B,397,moderate,correct,1.0561201251050134,13
Qwen-3-Coder-480B,397,moderate,correct,1.1561448471851736,14
Qwen-3-Coder-480B,397,moderate,correct,1.179003311099381,15
Qwen-3-Coder-480B,397,moderate,correct,1.1152918448389813,16
Qwen-3-Coder-480B,397,moderate,correct,1.1889882090431825,17
Qwen-3-Coder-480B,397,moderate,correct,0.6902752166769809,18
Qwen-3-Coder-480B,397,moderate,correct,0.7554164467191481,19
Qwen-3-Coder-480B,397,moderate,correct,1.0733742951114917,20
Qwen-3-Coder-480B,397,moderate,correct,1.009113667397691,21
Qwen-3-Coder-480B,397,moderate,correct,1.1730438801265568,22
Qwen-3-Coder-480B,397,moderate,correct,1.0894797547501973,23
Qwen-3-Coder-480B,397,moderate,correct,1.0564198019038067,24
Qwen-3-Coder-480B,397,moderate,correct,1.1445819153017853,25
Qwen-3-Coder-480B,397,moderate,correct,1.0434454872204473,26
Qwen-3-Coder-480B,397,moderate,correct,1.1124915339237613,27
Qwen-3-Coder-480B,397,moderate,correct,1.1525725780871772,28
Qwen-3-Coder-480B,397,moderate,correct,1.0385693991810814,29
Qwen-3-Coder-480B,397,moderate,correct,1.1239256611157438,30
Qwen-3-Coder-480B,397,moderate,correct,1.3834274698494682,31
Qwen-3-Coder-480B,397,moderate,correct,1.2380096186816956,32
Qwen-3-Coder-480B,397,moderate,correct,1.0887161384444763,33
Qwen-3-Coder-480B,397,moderate,correct,2.0548572949744255,34
Qwen-3-Coder-480B,397,moderate,correct,1.4783779974000344,35
Qwen-3-Coder-480B,397,moderate,correct,1.1598392814411247,36
Qwen-3-Coder-480B,397,moderate,correct,0.8334245209188939,37
Qwen-3-Coder-480B,397,moderate,correct,1.2388279400345845,38
Qwen-3-Coder-480B,397,moderate,correct,1.175091132204858,39
Qwen-3-Coder-480B,397,moderate,correct,1.177826995552539,40
Qwen-3-Coder-480B,397,moderate,correct,1.357659052781004,41
Qwen-3-Coder-480B,397,moderate,correct,1.4409683700500373,42
Qwen-3-Coder-480B,397,moderate,correct,1.1650352172067027,43
Qwen-3-Coder-480B,397,moderate,correct,1.4665019711513487,44
Qwen-3-Coder-480B,397,moderate,correct,1.1913214057810027,45
Qwen-3-Coder-480B,397,moderate,correct,1.4487532702058203,46
Qwen-3-Coder-480B,397,moderate,correct,1.1527456774231297,47
Qwen-3-Coder-480B,397,moderate,correct,1.2124769221606813,48
Qwen-3-Coder-480B,397,moderate,correct,1.0844433676026013,49
Qwen-3-Coder-480B,397,moderate,correct,1.224840498861851,50
Qwen-3-Coder-480B,1112,moderate,correct,7.3761596851279165,1
Qwen-3-Coder-480B,1112,moderate,correct,1.126843657817109,2
Qwen-3-Coder-480B,1112,moderate,correct,1.173492963663096,3
Qwen-3-Coder-480B,1112,moderate,correct,1.1527206218564243,4
Qwen-3-Coder-480B,1112,moderate,correct,1.2091177137672942,5
Qwen-3-Coder-480B,1112,moderate,correct,1.184820801124385,6
Qwen-3-Coder-480B,1112,moderate,correct,1.2172727272727273,7
Qwen-3-Coder-480B,1112,moderate,correct,1.0248756218905473,8
Qwen-3-Coder-480B,1112,moderate,correct,1.1402704561081825,9
Qwen-3-Coder-480B,1112,moderate,correct,0.9956547501481335,10
Qwen-3-Coder-480B,1112,moderate,correct,1.1783453394455359,11
Qwen-3-Coder-480B,1112,moderate,correct,1.210366565491478,12
Qwen-3-Coder-480B,1112,moderate,correct,1.2548015364916774,13
Qwen-3-Coder-480B,1112,moderate,correct,1.1079105760963026,14
Qwen-3-Coder-480B,1112,moderate,correct,1.315087084370052,15
Qwen-3-Coder-480B,1112,moderate,correct,0.9335336750928054,16
Qwen-3-Coder-480B,1112,moderate,correct,1.2043630892678034,17
Qwen-3-Coder-480B,1112,moderate,correct,1.2473587505741845,18
Qwen-3-Coder-480B,1112,moderate,correct,1.1495754408883083,19
Qwen-3-Coder-480B,1112,moderate,correct,1.130800821355236,20
Qwen-3-Coder-480B,1112,moderate,correct,1.12001586986709,21
Qwen-3-Coder-480B,1112,moderate,correct,1.0067036966098448,22
Qwen-3-Coder-480B,1112,moderate,correct,1.2645228215767634,23
Qwen-3-Coder-480B,1112,moderate,correct,1.016461684011353,24
Qwen-3-Coder-480B,1112,moderate,correct,1.2774914089347078,25
Qwen-3-Coder-480B,1112,moderate,correct,1.2264763140817652,26
Qwen-3-Coder-480B,1112,moderate,correct,1.0300187617260788,27
Qwen-3-Coder-480B,1112,moderate,correct,1.2941982640475103,28
Qwen-3-Coder-480B,1112,moderate,correct,1.2041728763040238,29
Qwen-3-Coder-480B,1112,moderate,correct,1.1775679928073723,30
Qwen-3-Coder-480B,1112,moderate,correct,1.0537131230925738,31
Qwen-3-Coder-480B,1112,moderate,correct,1.103798733755415,32
Qwen-3-Coder-480B,1112,moderate,correct,1.3234460196292257,33
Qwen-3-Coder-480B,1112,moderate,correct,0.999222092570984,34
Qwen-3-Coder-480B,1112,moderate,correct,1.2823399558498896,35
Qwen-3-Coder-480B,1112,moderate,correct,1.2270036429872495,36
Qwen-3-Coder-480B,1112,moderate,correct,1.1282164064218165,37
Qwen-3-Coder-480B,1112,moderate,correct,1.2170380687093778,38
Qwen-3-Coder-480B,1112,moderate,correct,1.1222197259042912,39
Qwen-3-Coder-480B,1112,moderate,correct,1.1119619205298013,40
Qwen-3-Coder-480B,1112,moderate,correct,1.2213305174234423,41
Qwen-3-Coder-480B,1112,moderate,correct,1.2554824561403508,42
Qwen-3-Coder-480B,1112,moderate,correct,1.023842094977526,43
Qwen-3-Coder-480B,1112,moderate,correct,1.3852750470612842,44
Qwen-3-Coder-480B,1112,moderate,correct,1.1796338672768878,45
Qwen-3-Coder-480B,1112,moderate,correct,0.9829059829059829,46
Qwen-3-Coder-480B,1112,moderate,correct,1.2712085050987199,47
Qwen-3-Coder-480B,1112,moderate,correct,1.1001859120016526,48
Qwen-3-Coder-480B,1112,moderate,correct,1.1843359818388195,49
Qwen-3-Coder-480B,1112,moderate,correct,1.0111955217912836,50
Qwen-3-Coder-480B,1560,Moderate,semantic,,1
Qwen-3-Coder-480B,1560,Moderate,semantic,,2
Qwen-3-Coder-480B,1560,Moderate,semantic,,3
Qwen-3-Coder-480B,1560,Moderate,semantic,,4
Qwen-3-Coder-480B,1560,Moderate,semantic,,5
Qwen-3-Coder-480B,1560,Moderate,semantic,,6
Qwen-3-Coder-480B,1560,Moderate,semantic,,7
Qwen-3-Coder-480B,1560,Moderate,semantic,,8
Qwen-3-Coder-480B,1560,Moderate,semantic,,9
Qwen-3-Coder-480B,1560,Moderate,semantic,,10
Qwen-3-Coder-480B,1560,Moderate,semantic,,11
Qwen-3-Coder-480B,1560,Moderate,semantic,,12
Qwen-3-Coder-480B,1560,Moderate,semantic,,13
Qwen-3-Coder-480B,1560,Moderate,semantic,,14
Qwen-3-Coder-480B,1560,Moderate,semantic,,15
Qwen-3-Coder-480B,1560,Moderate,semantic,,16
Qwen-3-Coder-480B,1560,Moderate,semantic,,17
Qwen-3-Coder-480B,1560,Moderate,semantic,,18
Qwen-3-Coder-480B,1560,Moderate,semantic,,19
Qwen-3-Coder-480B,1560,Moderate,semantic,,20
Qwen-3-Coder-480B,1560,Moderate,semantic,,21
Qwen-3-Coder-480B,1560,Moderate,semantic,,22
Qwen-3-Coder-480B,1560,Moderate,semantic,,23
Qwen-3-Coder-480B,1560,Moderate,semantic,,24
Qwen-3-Coder-480B,1560,Moderate,semantic,,25
Qwen-3-Coder-480B,1560,Moderate,semantic,,26
Qwen-3-Coder-480B,1560,Moderate,semantic,,27
Qwen-3-Coder-480B,1560,Moderate,semantic,,28
Qwen-3-Coder-480B,1560,Moderate,semantic,,29
Qwen-3-Coder-480B,1560,Moderate,semantic,,30
Qwen-3-Coder-480B,1560,Moderate,semantic,,31
Qwen-3-Coder-480B,1560,Moderate,semantic,,32
Qwen-3-Coder-480B,1560,Moderate,semantic,,33
Qwen-3-Coder-480B,1560,Moderate,semantic,,34
Qwen-3-Coder-480B,1560,Moderate,semantic,,35
Qwen-3-Coder-480B,1560,Moderate,semantic,,36
Qwen-3-Coder-480B,1560,Moderate,semantic,,37
Qwen-3-Coder-480B,1560,Moderate,semantic,,38
Qwen-3-Coder-480B,1560,Moderate,semantic,,39
Qwen-3-Coder-480B,1560,Moderate,semantic,,40
Qwen-3-Coder-480B,1560,Moderate,semantic,,41
Qwen-3-Coder-480B,1560,Moderate,semantic,,42
Qwen-3-Coder-480B,1560,Moderate,semantic,,43
Qwen-3-Coder-480B,1560,Moderate,semantic,,44
Qwen-3-Coder-480B,1560,Moderate,semantic,,45
Qwen-3-Coder-480B,1560,Moderate,semantic,,46
Qwen-3-Coder-480B,1560,Moderate,semantic,,47
Qwen-3-Coder-480B,1560,Moderate,semantic,,48
Qwen-3-Coder-480B,1560,Moderate,semantic,,49
Qwen-3-Coder-480B,1560,Moderate,semantic,,50
Qwen-3-Coder-480B,1200,moderate,semantic,,1
Qwen-3-Coder-480B,1200,moderate,semantic,,2
Qwen-3-Coder-480B,1200,moderate,semantic,,3
Qwen-3-Coder-480B,1200,moderate,semantic,,4
Qwen-3-Coder-480B,1200,moderate,semantic,,5
Qwen-3-Coder-480B,1200,moderate,semantic,,6
Qwen-3-Coder-480B,1200,moderate,semantic,,7
Qwen-3-Coder-480B,1200,moderate,semantic,,8
Qwen-3-Coder-480B,1200,moderate,semantic,,9
Qwen-3-Coder-480B,1200,moderate,semantic,,10
Qwen-3-Coder-480B,1200,moderate,semantic,,11
Qwen-3-Coder-480B,1200,moderate,semantic,,12
Qwen-3-Coder-480B,1200,moderate,semantic,,13
Qwen-3-Coder-480B,1200,moderate,semantic,,14
Qwen-3-Coder-480B,1200,moderate,semantic,,15
Qwen-3-Coder-480B,1200,moderate,semantic,,16
Qwen-3-Coder-480B,1200,moderate,semantic,,17
Qwen-3-Coder-480B,1200,moderate,semantic,,18
Qwen-3-Coder-480B,1200,moderate,semantic,,19
Qwen-3-Coder-480B,1200,moderate,semantic,,20
Qwen-3-Coder-480B,1200,moderate,semantic,,21
Qwen-3-Coder-480B,1200,moderate,semantic,,22
Qwen-3-Coder-480B,1200,moderate,semantic,,23
Qwen-3-Coder-480B,1200,moderate,semantic,,24
Qwen-3-Coder-480B,1200,moderate,semantic,,25
Qwen-3-Coder-480B,1200,moderate,semantic,,26
Qwen-3-Coder-480B,1200,moderate,semantic,,27
Qwen-3-Coder-480B,1200,moderate,semantic,,28
Qwen-3-Coder-480B,1200,moderate,semantic,,29
Qwen-3-Coder-480B,1200,moderate,semantic,,30
Qwen-3-Coder-480B,1200,moderate,semantic,,31
Qwen-3-Coder-480B,1200,moderate,semantic,,32
Qwen-3-Coder-480B,1200,moderate,semantic,,33
Qwen-3-Coder-480B,1200,moderate,semantic,,34
Qwen-3-Coder-480B,1200,moderate,semantic,,35
Qwen-3-Coder-480B,1200,moderate,semantic,,36
Qwen-3-Coder-480B,1200,moderate,semantic,,37
Qwen-3-Coder-480B,1200,moderate,semantic,,38
Qwen-3-Coder-480B,1200,moderate,semantic,,39
Qwen-3-Coder-480B,1200,moderate,semantic,,40
Qwen-3-Coder-480B,1200,moderate,semantic,,41
Qwen-3-Coder-480B,1200,moderate,semantic,,42
Qwen-3-Coder-480B,1200,moderate,semantic,,43
Qwen-3-Coder-480B,1200,moderate,semantic,,44
Qwen-3-Coder-480B,1200,moderate,semantic,,45
Qwen-3-Coder-480B,1200,moderate,semantic,,46
Qwen-3-Coder-480B,1200,moderate,semantic,,47
Qwen-3-Coder-480B,1200,moderate,semantic,,48
Qwen-3-Coder-480B,1200,moderate,semantic,,49
Qwen-3-Coder-480B,1200,moderate,semantic,,50
Qwen-3-Coder-480B,185,moderate,semantic,,1
Qwen-3-Coder-480B,185,moderate,semantic,,2
Qwen-3-Coder-480B,185,moderate,semantic,,3
Qwen-3-Coder-480B,185,moderate,semantic,,4
Qwen-3-Coder-480B,185,moderate,semantic,,5
Qwen-3-Coder-480B,185,moderate,semantic,,6
Qwen-3-Coder-480B,185,moderate,semantic,,7
Qwen-3-Coder-480B,185,moderate,semantic,,8
Qwen-3-Coder-480B,185,moderate,semantic,,9
Qwen-3-Coder-480B,185,moderate,semantic,,10
Qwen-3-Coder-480B,185,moderate,semantic,,11
Qwen-3-Coder-480B,185,moderate,semantic,,12
Qwen-3-Coder-480B,185,moderate,semantic,,13
Qwen-3-Coder-480B,185,moderate,semantic,,14
Qwen-3-Coder-480B,185,moderate,semantic,,15
Qwen-3-Coder-480B,185,moderate,semantic,,16
Qwen-3-Coder-480B,185,moderate,semantic,,17
Qwen-3-Coder-480B,185,moderate,semantic,,18
Qwen-3-Coder-480B,185,moderate,semantic,,19
Qwen-3-Coder-480B,185,moderate,semantic,,20
Qwen-3-Coder-480B,185,moderate,semantic,,21
Qwen-3-Coder-480B,185,moderate,semantic,,22
Qwen-3-Coder-480B,185,moderate,semantic,,23
Qwen-3-Coder-480B,185,moderate,semantic,,24
Qwen-3-Coder-480B,185,moderate,semantic,,25
Qwen-3-Coder-480B,185,moderate,semantic,,26
Qwen-3-Coder-480B,185,moderate,semantic,,27
Qwen-3-Coder-480B,185,moderate,semantic,,28
Qwen-3-Coder-480B,185,moderate,semantic,,29
Qwen-3-Coder-480B,185,moderate,semantic,,30
Qwen-3-Coder-480B,185,moderate,semantic,,31
Qwen-3-Coder-480B,185,moderate,semantic,,32
Qwen-3-Coder-480B,185,moderate,semantic,,33
Qwen-3-Coder-480B,185,moderate,semantic,,34
Qwen-3-Coder-480B,185,moderate,semantic,,35
Qwen-3-Coder-480B,185,moderate,semantic,,36
Qwen-3-Coder-480B,185,moderate,semantic,,37
Qwen-3-Coder-480B,185,moderate,semantic,,38
Qwen-3-Coder-480B,185,moderate,semantic,,39
Qwen-3-Coder-480B,185,moderate,semantic,,40
Qwen-3-Coder-480B,185,moderate,semantic,,41
Qwen-3-Coder-480B,185,moderate,semantic,,42
Qwen-3-Coder-480B,185,moderate,semantic,,43
Qwen-3-Coder-480B,185,moderate,semantic,,44
Qwen-3-Coder-480B,185,moderate,semantic,,45
Qwen-3-Coder-480B,185,moderate,semantic,,46
Qwen-3-Coder-480B,185,moderate,semantic,,47
Qwen-3-Coder-480B,185,moderate,semantic,,48
Qwen-3-Coder-480B,185,moderate,semantic,,49
Qwen-3-Coder-480B,185,moderate,semantic,,50
Qwen-3-Coder-480B,93,moderate,semantic,,1
Qwen-3-Coder-480B,93,moderate,semantic,,2
Qwen-3-Coder-480B,93,moderate,semantic,,3
Qwen-3-Coder-480B,93,moderate,semantic,,4
Qwen-3-Coder-480B,93,moderate,semantic,,5
Qwen-3-Coder-480B,93,moderate,semantic,,6
Qwen-3-Coder-480B,93,moderate,semantic,,7
Qwen-3-Coder-480B,93,moderate,semantic,,8
Qwen-3-Coder-480B,93,moderate,semantic,,9
Qwen-3-Coder-480B,93,moderate,semantic,,10
Qwen-3-Coder-480B,93,moderate,semantic,,11
Qwen-3-Coder-480B,93,moderate,semantic,,12
Qwen-3-Coder-480B,93,moderate,semantic,,13
Qwen-3-Coder-480B,93,moderate,semantic,,14
Qwen-3-Coder-480B,93,moderate,semantic,,15
Qwen-3-Coder-480B,93,moderate,semantic,,16
Qwen-3-Coder-480B,93,moderate,semantic,,17
Qwen-3-Coder-480B,93,moderate,semantic,,18
Qwen-3-Coder-480B,93,moderate,semantic,,19
Qwen-3-Coder-480B,93,moderate,semantic,,20
Qwen-3-Coder-480B,93,moderate,semantic,,21
Qwen-3-Coder-480B,93,moderate,semantic,,22
Qwen-3-Coder-480B,93,moderate,semantic,,23
Qwen-3-Coder-480B,93,moderate,semantic,,24
Qwen-3-Coder-480B,93,moderate,semantic,,25
Qwen-3-Coder-480B,93,moderate,semantic,,26
Qwen-3-Coder-480B,93,moderate,semantic,,27
Qwen-3-Coder-480B,93,moderate,semantic,,28
Qwen-3-Coder-480B,93,moderate,semantic,,29
Qwen-3-Coder-480B,93,moderate,semantic,,30
Qwen-3-Coder-480B,93,moderate,semantic,,31
Qwen-3-Coder-480B,93,moderate,semantic,,32
Qwen-3-Coder-480B,93,moderate,semantic,,33
Qwen-3-Coder-480B,93,moderate,semantic,,34
Qwen-3-Coder-480B,93,moderate,semantic,,35
Qwen-3-Coder-480B,93,moderate,semantic,,36
Qwen-3-Coder-480B,93,moderate,semantic,,37
Qwen-3-Coder-480B,93,moderate,semantic,,38
Qwen-3-Coder-480B,93,moderate,semantic,,39
Qwen-3-Coder-480B,93,moderate,semantic,,40
Qwen-3-Coder-480B,93,moderate,semantic,,41
Qwen-3-Coder-480B,93,moderate,semantic,,42
Qwen-3-Coder-480B,93,moderate,semantic,,43
Qwen-3-Coder-480B,93,moderate,semantic,,44
Qwen-3-Coder-480B,93,moderate,semantic,,45
Qwen-3-Coder-480B,93,moderate,semantic,,46
Qwen-3-Coder-480B,93,moderate,semantic,,47
Qwen-3-Coder-480B,93,moderate,semantic,,48
Qwen-3-Coder-480B,93,moderate,semantic,,49
Qwen-3-Coder-480B,93,moderate,semantic,,50
Qwen-3-Coder-480B,958,moderate,semantic,,1
Qwen-3-Coder-480B,958,moderate,semantic,,2
Qwen-3-Coder-480B,958,moderate,semantic,,3
Qwen-3-Coder-480B,958,moderate,semantic,,4
Qwen-3-Coder-480B,958,moderate,semantic,,5
Qwen-3-Coder-480B,958,moderate,semantic,,6
Qwen-3-Coder-480B,958,moderate,semantic,,7
Qwen-3-Coder-480B,958,moderate,semantic,,8
Qwen-3-Coder-480B,958,moderate,semantic,,9
Qwen-3-Coder-480B,958,moderate,semantic,,10
Qwen-3-Coder-480B,958,moderate,semantic,,11
Qwen-3-Coder-480B,958,moderate,semantic,,12
Qwen-3-Coder-480B,958,moderate,semantic,,13
Qwen-3-Coder-480B,958,moderate,semantic,,14
Qwen-3-Coder-480B,958,moderate,semantic,,15
Qwen-3-Coder-480B,958,moderate,semantic,,16
Qwen-3-Coder-480B,958,moderate,semantic,,17
Qwen-3-Coder-480B,958,moderate,semantic,,18
Qwen-3-Coder-480B,958,moderate,semantic,,19
Qwen-3-Coder-480B,958,moderate,semantic,,20
Qwen-3-Coder-480B,958,moderate,semantic,,21
Qwen-3-Coder-480B,958,moderate,semantic,,22
Qwen-3-Coder-480B,958,moderate,semantic,,23
Qwen-3-Coder-480B,958,moderate,semantic,,24
Qwen-3-Coder-480B,958,moderate,semantic,,25
Qwen-3-Coder-480B,958,moderate,semantic,,26
Qwen-3-Coder-480B,958,moderate,semantic,,27
Qwen-3-Coder-480B,958,moderate,semantic,,28
Qwen-3-Coder-480B,958,moderate,semantic,,29
Qwen-3-Coder-480B,958,moderate,semantic,,30
Qwen-3-Coder-480B,958,moderate,semantic,,31
Qwen-3-Coder-480B,958,moderate,semantic,,32
Qwen-3-Coder-480B,958,moderate,semantic,,33
Qwen-3-Coder-480B,958,moderate,semantic,,34
Qwen-3-Coder-480B,958,moderate,semantic,,35
Qwen-3-Coder-480B,958,moderate,semantic,,36
Qwen-3-Coder-480B,958,moderate,semantic,,37
Qwen-3-Coder-480B,958,moderate,semantic,,38
Qwen-3-Coder-480B,958,moderate,semantic,,39
Qwen-3-Coder-480B,958,moderate,semantic,,40
Qwen-3-Coder-480B,958,moderate,semantic,,41
Qwen-3-Coder-480B,958,moderate,semantic,,42
Qwen-3-Coder-480B,958,moderate,semantic,,43
Qwen-3-Coder-480B,958,moderate,semantic,,44
Qwen-3-Coder-480B,958,moderate,semantic,,45
Qwen-3-Coder-480B,958,moderate,semantic,,46
Qwen-3-Coder-480B,958,moderate,semantic,,47
Qwen-3-Coder-480B,958,moderate,semantic,,48
Qwen-3-Coder-480B,958,moderate,semantic,,49
Qwen-3-Coder-480B,958,moderate,semantic,,50
Qwen-3-Coder-480B,1316,moderate,correct,5.214223002633889,1
Qwen-3-Coder-480B,1316,moderate,correct,1.3304592936494777,2
Qwen-3-Coder-480B,1316,moderate,correct,1.396446937821412,3
Qwen-3-Coder-480B,1316,moderate,correct,1.386875612144956,4
Qwen-3-Coder-480B,1316,moderate,correct,1.1529497450837582,5
Qwen-3-Coder-480B,1316,moderate,correct,1.400593471810089,6
Qwen-3-Coder-480B,1316,moderate,correct,1.1777777777777778,7
Qwen-3-Coder-480B,1316,moderate,correct,1.3275208491281274,8
Qwen-3-Coder-480B,1316,moderate,correct,1.4863867097369636,9
Qwen-3-Coder-480B,1316,moderate,correct,1.482936918304033,10
Qwen-3-Coder-480B,1316,moderate,correct,1.4391560353287536,11
Qwen-3-Coder-480B,1316,moderate,correct,0.842686827566153,12
Qwen-3-Coder-480B,1316,moderate,correct,1.276208629353665,13
Qwen-3-Coder-480B,1316,moderate,correct,1.4128146453089245,14
Qwen-3-Coder-480B,1316,moderate,correct,1.5037707390648567,15
Qwen-3-Coder-480B,1316,moderate,correct,2.0660334690185436,16
Qwen-3-Coder-480B,1316,moderate,correct,1.4178518881804807,17
Qwen-3-Coder-480B,1316,moderate,correct,1.483477376715811,18
Qwen-3-Coder-480B,1316,moderate,correct,1.452987012987013,19
Qwen-3-Coder-480B,1316,moderate,correct,1.5666957279860505,20
Qwen-3-Coder-480B,1316,moderate,correct,0.8445867287543656,21
Qwen-3-Coder-480B,1316,moderate,correct,1.4925982644206228,22
Qwen-3-Coder-480B,1316,moderate,correct,1.4278403275332652,23
Qwen-3-Coder-480B,1316,moderate,correct,1.3888617489008306,24
Qwen-3-Coder-480B,1316,moderate,correct,1.441972920696325,25
Qwen-3-Coder-480B,1316,moderate,correct,1.516274411617426,26
Qwen-3-Coder-480B,1316,moderate,correct,1.6619024149827502,27
Qwen-3-Coder-480B,1316,moderate,correct,1.3568324480927088,28
Qwen-3-Coder-480B,1316,moderate,correct,1.61010101010101,29
Qwen-3-Coder-480B,1316,moderate,correct,1.4232227488151659,30
Qwen-3-Coder-480B,1316,moderate,correct,1.3669097538742023,31
Qwen-3-Coder-480B,1316,moderate,correct,1.527400703871292,32
Qwen-3-Coder-480B,1316,moderate,correct,1.4508405501782986,33
Qwen-3-Coder-480B,1316,moderate,correct,1.5664335664335665,34
Qwen-3-Coder-480B,1316,moderate,correct,1.4027105517909002,35
Qwen-3-Coder-480B,1316,moderate,correct,1.4855403348554033,36
Qwen-3-Coder-480B,1316,moderate,correct,1.466600692726373,37
Qwen-3-Coder-480B,1316,moderate,correct,0.918608362591765,38
Qwen-3-Coder-480B,1316,moderate,correct,1.5352716873212584,39
Qwen-3-Coder-480B,1316,moderate,correct,1.4372830937035201,40
Qwen-3-Coder-480B,1316,moderate,correct,1.4119980168567179,41
Qwen-3-Coder-480B,1316,moderate,correct,1.67320819112628,42
Qwen-3-Coder-480B,1316,moderate,correct,1.4070711896798853,43
Qwen-3-Coder-480B,1316,moderate,correct,1.3844605475040257,44
Qwen-3-Coder-480B,1316,moderate,correct,1.5075604838709677,45
Qwen-3-Coder-480B,1316,moderate,correct,1.3117977528089888,46
Qwen-3-Coder-480B,1316,moderate,correct,1.4793346774193548,47
Qwen-3-Coder-480B,1316,moderate,correct,1.504040404040404,48
Qwen-3-Coder-480B,1316,moderate,correct,1.2219563266527071,49
Qwen-3-Coder-480B,1316,moderate,correct,1.4600202429149798,50
Qwen-3-Coder-480B,459,moderate,semantic,,1
Qwen-3-Coder-480B,459,moderate,semantic,,2
Qwen-3-Coder-480B,459,moderate,semantic,,3
Qwen-3-Coder-480B,459,moderate,semantic,,4
Qwen-3-Coder-480B,459,moderate,semantic,,5
Qwen-3-Coder-480B,459,moderate,semantic,,6
Qwen-3-Coder-480B,459,moderate,semantic,,7
Qwen-3-Coder-480B,459,moderate,semantic,,8
Qwen-3-Coder-480B,459,moderate,semantic,,9
Qwen-3-Coder-480B,459,moderate,semantic,,10
Qwen-3-Coder-480B,459,moderate,semantic,,11
Qwen-3-Coder-480B,459,moderate,semantic,,12
Qwen-3-Coder-480B,459,moderate,semantic,,13
Qwen-3-Coder-480B,459,moderate,semantic,,14
Qwen-3-Coder-480B,459,moderate,semantic,,15
Qwen-3-Coder-480B,459,moderate,semantic,,16
Qwen-3-Coder-480B,459,moderate,semantic,,17
Qwen-3-Coder-480B,459,moderate,semantic,,18
Qwen-3-Coder-480B,459,moderate,semantic,,19
Qwen-3-Coder-480B,459,moderate,semantic,,20
Qwen-3-Coder-480B,459,moderate,semantic,,21
Qwen-3-Coder-480B,459,moderate,semantic,,22
Qwen-3-Coder-480B,459,moderate,semantic,,23
Qwen-3-Coder-480B,459,moderate,semantic,,24
Qwen-3-Coder-480B,459,moderate,semantic,,25
Qwen-3-Coder-480B,459,moderate,semantic,,26
Qwen-3-Coder-480B,459,moderate,semantic,,27
Qwen-3-Coder-480B,459,moderate,semantic,,28
Qwen-3-Coder-480B,459,moderate,semantic,,29
Qwen-3-Coder-480B,459,moderate,semantic,,30
Qwen-3-Coder-480B,459,moderate,semantic,,31
Qwen-3-Coder-480B,459,moderate,semantic,,32
Qwen-3-Coder-480B,459,moderate,semantic,,33
Qwen-3-Coder-480B,459,moderate,semantic,,34
Qwen-3-Coder-480B,459,moderate,semantic,,35
Qwen-3-Coder-480B,459,moderate,semantic,,36
Qwen-3-Coder-480B,459,moderate,semantic,,37
Qwen-3-Coder-480B,459,moderate,semantic,,38
Qwen-3-Coder-480B,459,moderate,semantic,,39
Qwen-3-Coder-480B,459,moderate,semantic,,40
Qwen-3-Coder-480B,459,moderate,semantic,,41
Qwen-3-Coder-480B,459,moderate,semantic,,42
Qwen-3-Coder-480B,459,moderate,semantic,,43
Qwen-3-Coder-480B,459,moderate,semantic,,44
Qwen-3-Coder-480B,459,moderate,semantic,,45
Qwen-3-Coder-480B,459,moderate,semantic,,46
Qwen-3-Coder-480B,459,moderate,semantic,,47
Qwen-3-Coder-480B,459,moderate,semantic,,48
Qwen-3-Coder-480B,459,moderate,semantic,,49
Qwen-3-Coder-480B,459,moderate,semantic,,50
Qwen-3-Coder-480B,408,moderate,semantic,,1
Qwen-3-Coder-480B,408,moderate,semantic,,2
Qwen-3-Coder-480B,408,moderate,semantic,,3
Qwen-3-Coder-480B,408,moderate,semantic,,4
Qwen-3-Coder-480B,408,moderate,semantic,,5
Qwen-3-Coder-480B,408,moderate,semantic,,6
Qwen-3-Coder-480B,408,moderate,semantic,,7
Qwen-3-Coder-480B,408,moderate,semantic,,8
Qwen-3-Coder-480B,408,moderate,semantic,,9
Qwen-3-Coder-480B,408,moderate,semantic,,10
Qwen-3-Coder-480B,408,moderate,semantic,,11
Qwen-3-Coder-480B,408,moderate,semantic,,12
Qwen-3-Coder-480B,408,moderate,semantic,,13
Qwen-3-Coder-480B,408,moderate,semantic,,14
Qwen-3-Coder-480B,408,moderate,semantic,,15
Qwen-3-Coder-480B,408,moderate,semantic,,16
Qwen-3-Coder-480B,408,moderate,semantic,,17
Qwen-3-Coder-480B,408,moderate,semantic,,18
Qwen-3-Coder-480B,408,moderate,semantic,,19
Qwen-3-Coder-480B,408,moderate,semantic,,20
Qwen-3-Coder-480B,408,moderate,semantic,,21
Qwen-3-Coder-480B,408,moderate,semantic,,22
Qwen-3-Coder-480B,408,moderate,semantic,,23
Qwen-3-Coder-480B,408,moderate,semantic,,24
Qwen-3-Coder-480B,408,moderate,semantic,,25
Qwen-3-Coder-480B,408,moderate,semantic,,26
Qwen-3-Coder-480B,408,moderate,semantic,,27
Qwen-3-Coder-480B,408,moderate,semantic,,28
Qwen-3-Coder-480B,408,moderate,semantic,,29
Qwen-3-Coder-480B,408,moderate,semantic,,30
Qwen-3-Coder-480B,408,moderate,semantic,,31
Qwen-3-Coder-480B,408,moderate,semantic,,32
Qwen-3-Coder-480B,408,moderate,semantic,,33
Qwen-3-Coder-480B,408,moderate,semantic,,34
Qwen-3-Coder-480B,408,moderate,semantic,,35
Qwen-3-Coder-480B,408,moderate,semantic,,36
Qwen-3-Coder-480B,408,moderate,semantic,,37
Qwen-3-Coder-480B,408,moderate,semantic,,38
Qwen-3-Coder-480B,408,moderate,semantic,,39
Qwen-3-Coder-480B,408,moderate,semantic,,40
Qwen-3-Coder-480B,408,moderate,semantic,,41
Qwen-3-Coder-480B,408,moderate,semantic,,42
Qwen-3-Coder-480B,408,moderate,semantic,,43
Qwen-3-Coder-480B,408,moderate,semantic,,44
Qwen-3-Coder-480B,408,moderate,semantic,,45
Qwen-3-Coder-480B,408,moderate,semantic,,46
Qwen-3-Coder-480B,408,moderate,semantic,,47
Qwen-3-Coder-480B,408,moderate,semantic,,48
Qwen-3-Coder-480B,408,moderate,semantic,,49
Qwen-3-Coder-480B,408,moderate,semantic,,50
Qwen-3-Coder-480B,1291,moderate,semantic,,1
Qwen-3-Coder-480B,1291,moderate,semantic,,2
Qwen-3-Coder-480B,1291,moderate,semantic,,3
Qwen-3-Coder-480B,1291,moderate,semantic,,4
Qwen-3-Coder-480B,1291,moderate,semantic,,5
Qwen-3-Coder-480B,1291,moderate,semantic,,6
Qwen-3-Coder-480B,1291,moderate,semantic,,7
Qwen-3-Coder-480B,1291,moderate,semantic,,8
Qwen-3-Coder-480B,1291,moderate,semantic,,9
Qwen-3-Coder-480B,1291,moderate,semantic,,10
Qwen-3-Coder-480B,1291,moderate,semantic,,11
Qwen-3-Coder-480B,1291,moderate,semantic,,12
Qwen-3-Coder-480B,1291,moderate,semantic,,13
Qwen-3-Coder-480B,1291,moderate,semantic,,14
Qwen-3-Coder-480B,1291,moderate,semantic,,15
Qwen-3-Coder-480B,1291,moderate,semantic,,16
Qwen-3-Coder-480B,1291,moderate,semantic,,17
Qwen-3-Coder-480B,1291,moderate,semantic,,18
Qwen-3-Coder-480B,1291,moderate,semantic,,19
Qwen-3-Coder-480B,1291,moderate,semantic,,20
Qwen-3-Coder-480B,1291,moderate,semantic,,21
Qwen-3-Coder-480B,1291,moderate,semantic,,22
Qwen-3-Coder-480B,1291,moderate,semantic,,23
Qwen-3-Coder-480B,1291,moderate,semantic,,24
Qwen-3-Coder-480B,1291,moderate,semantic,,25
Qwen-3-Coder-480B,1291,moderate,semantic,,26
Qwen-3-Coder-480B,1291,moderate,semantic,,27
Qwen-3-Coder-480B,1291,moderate,semantic,,28
Qwen-3-Coder-480B,1291,moderate,semantic,,29
Qwen-3-Coder-480B,1291,moderate,semantic,,30
Qwen-3-Coder-480B,1291,moderate,semantic,,31
Qwen-3-Coder-480B,1291,moderate,semantic,,32
Qwen-3-Coder-480B,1291,moderate,semantic,,33
Qwen-3-Coder-480B,1291,moderate,semantic,,34
Qwen-3-Coder-480B,1291,moderate,semantic,,35
Qwen-3-Coder-480B,1291,moderate,semantic,,36
Qwen-3-Coder-480B,1291,moderate,semantic,,37
Qwen-3-Coder-480B,1291,moderate,semantic,,38
Qwen-3-Coder-480B,1291,moderate,semantic,,39
Qwen-3-Coder-480B,1291,moderate,semantic,,40
Qwen-3-Coder-480B,1291,moderate,semantic,,41
Qwen-3-Coder-480B,1291,moderate,semantic,,42
Qwen-3-Coder-480B,1291,moderate,semantic,,43
Qwen-3-Coder-480B,1291,moderate,semantic,,44
Qwen-3-Coder-480B,1291,moderate,semantic,,45
Qwen-3-Coder-480B,1291,moderate,semantic,,46
Qwen-3-Coder-480B,1291,moderate,semantic,,47
Qwen-3-Coder-480B,1291,moderate,semantic,,48
Qwen-3-Coder-480B,1291,moderate,semantic,,49
Qwen-3-Coder-480B,1291,moderate,semantic,,50
Qwen-3-Coder-480B,1430,moderate,correct,2.7765128819652487,1
Qwen-3-Coder-480B,1430,moderate,correct,1.6781609195402298,2
Qwen-3-Coder-480B,1430,moderate,correct,1.455223880597015,3
Qwen-3-Coder-480B,1430,moderate,correct,1.6235795454545454,4
Qwen-3-Coder-480B,1430,moderate,correct,1.4631782945736433,5
Qwen-3-Coder-480B,1430,moderate,correct,1.3778825995807127,6
Qwen-3-Coder-480B,1430,moderate,correct,1.6294073518379595,7
Qwen-3-Coder-480B,1430,moderate,correct,1.4027777777777777,8
Qwen-3-Coder-480B,1430,moderate,correct,1.4236543390699377,9
Qwen-3-Coder-480B,1430,moderate,correct,1.5316091954022988,10
Qwen-3-Coder-480B,1430,moderate,correct,1.3307510946446615,11
Qwen-3-Coder-480B,1430,moderate,correct,1.3578199052132702,12
Qwen-3-Coder-480B,1430,moderate,correct,1.3362136684996073,13
Qwen-3-Coder-480B,1430,moderate,correct,1.517915309446254,14
Qwen-3-Coder-480B,1430,moderate,correct,1.860655737704918,15
Qwen-3-Coder-480B,1430,moderate,correct,1.7437365783822476,16
Qwen-3-Coder-480B,1430,moderate,correct,1.2803700724054707,17
Qwen-3-Coder-480B,1430,moderate,correct,1.4505566470203013,18
Qwen-3-Coder-480B,1430,moderate,correct,1.3169073916737468,19
Qwen-3-Coder-480B,1430,moderate,correct,1.3266888150609082,20
Qwen-3-Coder-480B,1430,moderate,correct,1.237315875613748,21
Qwen-3-Coder-480B,1430,moderate,correct,1.6836935166994107,22
Qwen-3-Coder-480B,1430,moderate,correct,0.9681378950117524,23
Qwen-3-Coder-480B,1430,moderate,correct,1.4155286773312525,24
Qwen-3-Coder-480B,1430,moderate,correct,1.098122564647538,25
Qwen-3-Coder-480B,1430,moderate,correct,1.6261818181818182,26
Qwen-3-Coder-480B,1430,moderate,correct,1.3164893617021276,27
Qwen-3-Coder-480B,1430,moderate,correct,1.3316624895572264,28
Qwen-3-Coder-480B,1430,moderate,correct,1.1952723535457348,29
Qwen-3-Coder-480B,1430,moderate,correct,1.6584992343032159,30
Qwen-3-Coder-480B,1430,moderate,correct,1.7421289355322338,31
Qwen-3-Coder-480B,1430,moderate,correct,1.9031296572280179,32
Qwen-3-Coder-480B,1430,moderate,correct,1.830849478390462,33
Qwen-3-Coder-480B,1430,moderate,correct,1.6478555304740405,34
Qwen-3-Coder-480B,1430,moderate,correct,1.0549359768690623,35
Qwen-3-Coder-480B,1430,moderate,correct,2.326626712328767,36
Qwen-3-Coder-480B,1430,moderate,correct,1.5740318906605923,37
Qwen-3-Coder-480B,1430,moderate,correct,1.0861833105335157,38
Qwen-3-Coder-480B,1430,moderate,correct,1.4033245844269466,39
Qwen-3-Coder-480B,1430,moderate,correct,1.5856044723969251,40
Qwen-3-Coder-480B,1430,moderate,correct,1.6595499134448932,41
Qwen-3-Coder-480B,1430,moderate,correct,0.38368580060422963,42
Qwen-3-Coder-480B,1430,moderate,correct,1.544157608695652,43
Qwen-3-Coder-480B,1430,moderate,correct,1.5152079453755432,44
Qwen-3-Coder-480B,1430,moderate,correct,1.8577777777777778,45
Qwen-3-Coder-480B,1430,moderate,correct,1.7714285714285714,46
Qwen-3-Coder-480B,1430,moderate,correct,1.3732856290995825,47
Qwen-3-Coder-480B,1430,moderate,correct,5.7199046483909415,48
Qwen-3-Coder-480B,1430,moderate,correct,1.3276785714285715,49
Qwen-3-Coder-480B,1430,moderate,correct,1.4762859051436206,50
Qwen-3-Coder-480B,407,moderate,semantic,,1
Qwen-3-Coder-480B,407,moderate,semantic,,2
Qwen-3-Coder-480B,407,moderate,semantic,,3
Qwen-3-Coder-480B,407,moderate,semantic,,4
Qwen-3-Coder-480B,407,moderate,semantic,,5
Qwen-3-Coder-480B,407,moderate,semantic,,6
Qwen-3-Coder-480B,407,moderate,semantic,,7
Qwen-3-Coder-480B,407,moderate,semantic,,8
Qwen-3-Coder-480B,407,moderate,semantic,,9
Qwen-3-Coder-480B,407,moderate,semantic,,10
Qwen-3-Coder-480B,407,moderate,semantic,,11
Qwen-3-Coder-480B,407,moderate,semantic,,12
Qwen-3-Coder-480B,407,moderate,semantic,,13
Qwen-3-Coder-480B,407,moderate,semantic,,14
Qwen-3-Coder-480B,407,moderate,semantic,,15
Qwen-3-Coder-480B,407,moderate,semantic,,16
Qwen-3-Coder-480B,407,moderate,semantic,,17
Qwen-3-Coder-480B,407,moderate,semantic,,18
Qwen-3-Coder-480B,407,moderate,semantic,,19
Qwen-3-Coder-480B,407,moderate,semantic,,20
Qwen-3-Coder-480B,407,moderate,semantic,,21
Qwen-3-Coder-480B,407,moderate,semantic,,22
Qwen-3-Coder-480B,407,moderate,semantic,,23
Qwen-3-Coder-480B,407,moderate,semantic,,24
Qwen-3-Coder-480B,407,moderate,semantic,,25
Qwen-3-Coder-480B,407,moderate,semantic,,26
Qwen-3-Coder-480B,407,moderate,semantic,,27
Qwen-3-Coder-480B,407,moderate,semantic,,28
Qwen-3-Coder-480B,407,moderate,semantic,,29
Qwen-3-Coder-480B,407,moderate,semantic,,30
Qwen-3-Coder-480B,407,moderate,semantic,,31
Qwen-3-Coder-480B,407,moderate,semantic,,32
Qwen-3-Coder-480B,407,moderate,semantic,,33
Qwen-3-Coder-480B,407,moderate,semantic,,34
Qwen-3-Coder-480B,407,moderate,semantic,,35
Qwen-3-Coder-480B,407,moderate,semantic,,36
Qwen-3-Coder-480B,407,moderate,semantic,,37
Qwen-3-Coder-480B,407,moderate,semantic,,38
Qwen-3-Coder-480B,407,moderate,semantic,,39
Qwen-3-Coder-480B,407,moderate,semantic,,40
Qwen-3-Coder-480B,407,moderate,semantic,,41
Qwen-3-Coder-480B,407,moderate,semantic,,42
Qwen-3-Coder-480B,407,moderate,semantic,,43
Qwen-3-Coder-480B,407,moderate,semantic,,44
Qwen-3-Coder-480B,407,moderate,semantic,,45
Qwen-3-Coder-480B,407,moderate,semantic,,46
Qwen-3-Coder-480B,407,moderate,semantic,,47
Qwen-3-Coder-480B,407,moderate,semantic,,48
Qwen-3-Coder-480B,407,moderate,semantic,,49
Qwen-3-Coder-480B,407,moderate,semantic,,50
Qwen-3-Coder-480B,1602,Moderate,semantic,,1
Qwen-3-Coder-480B,1602,Moderate,semantic,,2
Qwen-3-Coder-480B,1602,Moderate,semantic,,3
Qwen-3-Coder-480B,1602,Moderate,semantic,,4
Qwen-3-Coder-480B,1602,Moderate,semantic,,5
Qwen-3-Coder-480B,1602,Moderate,semantic,,6
Qwen-3-Coder-480B,1602,Moderate,semantic,,7
Qwen-3-Coder-480B,1602,Moderate,semantic,,8
Qwen-3-Coder-480B,1602,Moderate,semantic,,9
Qwen-3-Coder-480B,1602,Moderate,semantic,,10
Qwen-3-Coder-480B,1602,Moderate,semantic,,11
Qwen-3-Coder-480B,1602,Moderate,semantic,,12
Qwen-3-Coder-480B,1602,Moderate,semantic,,13
Qwen-3-Coder-480B,1602,Moderate,semantic,,14
Qwen-3-Coder-480B,1602,Moderate,semantic,,15
Qwen-3-Coder-480B,1602,Moderate,semantic,,16
Qwen-3-Coder-480B,1602,Moderate,semantic,,17
Qwen-3-Coder-480B,1602,Moderate,semantic,,18
Qwen-3-Coder-480B,1602,Moderate,semantic,,19
Qwen-3-Coder-480B,1602,Moderate,semantic,,20
Qwen-3-Coder-480B,1602,Moderate,semantic,,21
Qwen-3-Coder-480B,1602,Moderate,semantic,,22
Qwen-3-Coder-480B,1602,Moderate,semantic,,23
Qwen-3-Coder-480B,1602,Moderate,semantic,,24
Qwen-3-Coder-480B,1602,Moderate,semantic,,25
Qwen-3-Coder-480B,1602,Moderate,semantic,,26
Qwen-3-Coder-480B,1602,Moderate,semantic,,27
Qwen-3-Coder-480B,1602,Moderate,semantic,,28
Qwen-3-Coder-480B,1602,Moderate,semantic,,29
Qwen-3-Coder-480B,1602,Moderate,semantic,,30
Qwen-3-Coder-480B,1602,Moderate,semantic,,31
Qwen-3-Coder-480B,1602,Moderate,semantic,,32
Qwen-3-Coder-480B,1602,Moderate,semantic,,33
Qwen-3-Coder-480B,1602,Moderate,semantic,,34
Qwen-3-Coder-480B,1602,Moderate,semantic,,35
Qwen-3-Coder-480B,1602,Moderate,semantic,,36
Qwen-3-Coder-480B,1602,Moderate,semantic,,37
Qwen-3-Coder-480B,1602,Moderate,semantic,,38
Qwen-3-Coder-480B,1602,Moderate,semantic,,39
Qwen-3-Coder-480B,1602,Moderate,semantic,,40
Qwen-3-Coder-480B,1602,Moderate,semantic,,41
Qwen-3-Coder-480B,1602,Moderate,semantic,,42
Qwen-3-Coder-480B,1602,Moderate,semantic,,43
Qwen-3-Coder-480B,1602,Moderate,semantic,,44
Qwen-3-Coder-480B,1602,Moderate,semantic,,45
Qwen-3-Coder-480B,1602,Moderate,semantic,,46
Qwen-3-Coder-480B,1602,Moderate,semantic,,47
Qwen-3-Coder-480B,1602,Moderate,semantic,,48
Qwen-3-Coder-480B,1602,Moderate,semantic,,49
Qwen-3-Coder-480B,1602,Moderate,semantic,,50
Qwen-3-Coder-480B,40,moderate,semantic,,1
Qwen-3-Coder-480B,40,moderate,semantic,,2
Qwen-3-Coder-480B,40,moderate,semantic,,3
Qwen-3-Coder-480B,40,moderate,semantic,,4
Qwen-3-Coder-480B,40,moderate,semantic,,5
Qwen-3-Coder-480B,40,moderate,semantic,,6
Qwen-3-Coder-480B,40,moderate,semantic,,7
Qwen-3-Coder-480B,40,moderate,semantic,,8
Qwen-3-Coder-480B,40,moderate,semantic,,9
Qwen-3-Coder-480B,40,moderate,semantic,,10
Qwen-3-Coder-480B,40,moderate,semantic,,11
Qwen-3-Coder-480B,40,moderate,semantic,,12
Qwen-3-Coder-480B,40,moderate,semantic,,13
Qwen-3-Coder-480B,40,moderate,semantic,,14
Qwen-3-Coder-480B,40,moderate,semantic,,15
Qwen-3-Coder-480B,40,moderate,semantic,,16
Qwen-3-Coder-480B,40,moderate,semantic,,17
Qwen-3-Coder-480B,40,moderate,semantic,,18
Qwen-3-Coder-480B,40,moderate,semantic,,19
Qwen-3-Coder-480B,40,moderate,semantic,,20
Qwen-3-Coder-480B,40,moderate,semantic,,21
Qwen-3-Coder-480B,40,moderate,semantic,,22
Qwen-3-Coder-480B,40,moderate,semantic,,23
Qwen-3-Coder-480B,40,moderate,semantic,,24
Qwen-3-Coder-480B,40,moderate,semantic,,25
Qwen-3-Coder-480B,40,moderate,semantic,,26
Qwen-3-Coder-480B,40,moderate,semantic,,27
Qwen-3-Coder-480B,40,moderate,semantic,,28
Qwen-3-Coder-480B,40,moderate,semantic,,29
Qwen-3-Coder-480B,40,moderate,semantic,,30
Qwen-3-Coder-480B,40,moderate,semantic,,31
Qwen-3-Coder-480B,40,moderate,semantic,,32
Qwen-3-Coder-480B,40,moderate,semantic,,33
Qwen-3-Coder-480B,40,moderate,semantic,,34
Qwen-3-Coder-480B,40,moderate,semantic,,35
Qwen-3-Coder-480B,40,moderate,semantic,,36
Qwen-3-Coder-480B,40,moderate,semantic,,37
Qwen-3-Coder-480B,40,moderate,semantic,,38
Qwen-3-Coder-480B,40,moderate,semantic,,39
Qwen-3-Coder-480B,40,moderate,semantic,,40
Qwen-3-Coder-480B,40,moderate,semantic,,41
Qwen-3-Coder-480B,40,moderate,semantic,,42
Qwen-3-Coder-480B,40,moderate,semantic,,43
Qwen-3-Coder-480B,40,moderate,semantic,,44
Qwen-3-Coder-480B,40,moderate,semantic,,45
Qwen-3-Coder-480B,40,moderate,semantic,,46
Qwen-3-Coder-480B,40,moderate,semantic,,47
Qwen-3-Coder-480B,40,moderate,semantic,,48
Qwen-3-Coder-480B,40,moderate,semantic,,49
Qwen-3-Coder-480B,40,moderate,semantic,,50
Qwen-3-Coder-480B,1475,moderate,semantic,,1
Qwen-3-Coder-480B,1475,moderate,semantic,,2
Qwen-3-Coder-480B,1475,moderate,semantic,,3
Qwen-3-Coder-480B,1475,moderate,semantic,,4
Qwen-3-Coder-480B,1475,moderate,semantic,,5
Qwen-3-Coder-480B,1475,moderate,semantic,,6
Qwen-3-Coder-480B,1475,moderate,semantic,,7
Qwen-3-Coder-480B,1475,moderate,semantic,,8
Qwen-3-Coder-480B,1475,moderate,semantic,,9
Qwen-3-Coder-480B,1475,moderate,semantic,,10
Qwen-3-Coder-480B,1475,moderate,semantic,,11
Qwen-3-Coder-480B,1475,moderate,semantic,,12
Qwen-3-Coder-480B,1475,moderate,semantic,,13
Qwen-3-Coder-480B,1475,moderate,semantic,,14
Qwen-3-Coder-480B,1475,moderate,semantic,,15
Qwen-3-Coder-480B,1475,moderate,semantic,,16
Qwen-3-Coder-480B,1475,moderate,semantic,,17
Qwen-3-Coder-480B,1475,moderate,semantic,,18
Qwen-3-Coder-480B,1475,moderate,semantic,,19
Qwen-3-Coder-480B,1475,moderate,semantic,,20
Qwen-3-Coder-480B,1475,moderate,semantic,,21
Qwen-3-Coder-480B,1475,moderate,semantic,,22
Qwen-3-Coder-480B,1475,moderate,semantic,,23
Qwen-3-Coder-480B,1475,moderate,semantic,,24
Qwen-3-Coder-480B,1475,moderate,semantic,,25
Qwen-3-Coder-480B,1475,moderate,semantic,,26
Qwen-3-Coder-480B,1475,moderate,semantic,,27
Qwen-3-Coder-480B,1475,moderate,semantic,,28
Qwen-3-Coder-480B,1475,moderate,semantic,,29
Qwen-3-Coder-480B,1475,moderate,semantic,,30
Qwen-3-Coder-480B,1475,moderate,semantic,,31
Qwen-3-Coder-480B,1475,moderate,semantic,,32
Qwen-3-Coder-480B,1475,moderate,semantic,,33
Qwen-3-Coder-480B,1475,moderate,semantic,,34
Qwen-3-Coder-480B,1475,moderate,semantic,,35
Qwen-3-Coder-480B,1475,moderate,semantic,,36
Qwen-3-Coder-480B,1475,moderate,semantic,,37
Qwen-3-Coder-480B,1475,moderate,semantic,,38
Qwen-3-Coder-480B,1475,moderate,semantic,,39
Qwen-3-Coder-480B,1475,moderate,semantic,,40
Qwen-3-Coder-480B,1475,moderate,semantic,,41
Qwen-3-Coder-480B,1475,moderate,semantic,,42
Qwen-3-Coder-480B,1475,moderate,semantic,,43
Qwen-3-Coder-480B,1475,moderate,semantic,,44
Qwen-3-Coder-480B,1475,moderate,semantic,,45
Qwen-3-Coder-480B,1475,moderate,semantic,,46
Qwen-3-Coder-480B,1475,moderate,semantic,,47
Qwen-3-Coder-480B,1475,moderate,semantic,,48
Qwen-3-Coder-480B,1475,moderate,semantic,,49
Qwen-3-Coder-480B,1475,moderate,semantic,,50
Qwen-3-Coder-480B,1327,moderate,correct,5.931818181818182,1
Qwen-3-Coder-480B,1327,moderate,correct,1.7132377459153052,2
Qwen-3-Coder-480B,1327,moderate,correct,1.065436825617821,3
Qwen-3-Coder-480B,1327,moderate,correct,1.1787530104361787,4
Qwen-3-Coder-480B,1327,moderate,correct,1.427592507994518,5
Qwen-3-Coder-480B,1327,moderate,correct,1.5297324083250743,6
Qwen-3-Coder-480B,1327,moderate,correct,1.5314757481940144,7
Qwen-3-Coder-480B,1327,moderate,correct,1.3796430294259527,8
Qwen-3-Coder-480B,1327,moderate,correct,1.2764945652173914,9
Qwen-3-Coder-480B,1327,moderate,correct,1.4767504008551577,10
Qwen-3-Coder-480B,1327,moderate,correct,1.1845664280031822,11
Qwen-3-Coder-480B,1327,moderate,correct,1.4493670886075949,12
Qwen-3-Coder-480B,1327,moderate,correct,1.5165876777251184,13
Qwen-3-Coder-480B,1327,moderate,correct,1.210828547990156,14
Qwen-3-Coder-480B,1327,moderate,correct,1.4636820465966194,15
Qwen-3-Coder-480B,1327,moderate,correct,1.457074340527578,16
Qwen-3-Coder-480B,1327,moderate,correct,1.428709055876686,17
Qwen-3-Coder-480B,1327,moderate,correct,1.2223926380368098,18
Qwen-3-Coder-480B,1327,moderate,correct,1.4457994579945799,19
Qwen-3-Coder-480B,1327,moderate,correct,1.2899484536082475,20
Qwen-3-Coder-480B,1327,moderate,correct,1.820432466311501,21
Qwen-3-Coder-480B,1327,moderate,correct,1.3707018370230806,22
Qwen-3-Coder-480B,1327,moderate,correct,1.4631165429943256,23
Qwen-3-Coder-480B,1327,moderate,correct,1.7884899163797343,24
Qwen-3-Coder-480B,1327,moderate,correct,1.0876380477377983,25
Qwen-3-Coder-480B,1327,moderate,correct,1.437650457390467,26
Qwen-3-Coder-480B,1327,moderate,correct,1.5050021748586342,27
Qwen-3-Coder-480B,1327,moderate,correct,1.2598627787307033,28
Qwen-3-Coder-480B,1327,moderate,correct,1.1518446601941748,29
Qwen-3-Coder-480B,1327,moderate,correct,1.134351145038168,30
Qwen-3-Coder-480B,1327,moderate,correct,1.2831858407079646,31
Qwen-3-Coder-480B,1327,moderate,correct,1.5070242656449553,32
Qwen-3-Coder-480B,1327,moderate,correct,1.3119015047879616,33
Qwen-3-Coder-480B,1327,moderate,correct,1.4278846153846154,34
Qwen-3-Coder-480B,1327,moderate,correct,1.0278655558747487,35
Qwen-3-Coder-480B,1327,moderate,correct,1.361272971761542,36
Qwen-3-Coder-480B,1327,moderate,correct,1.5184834123222748,37
Qwen-3-Coder-480B,1327,moderate,correct,1.4142654700047237,38
Qwen-3-Coder-480B,1327,moderate,correct,1.1214259190493874,39
Qwen-3-Coder-480B,1327,moderate,correct,0.8464294244088847,40
Qwen-3-Coder-480B,1327,moderate,correct,1.5369458128078817,41
Qwen-3-Coder-480B,1327,moderate,correct,1.1475529583637691,42
Qwen-3-Coder-480B,1327,moderate,correct,0.7628602699744619,43
Qwen-3-Coder-480B,1327,moderate,correct,1.7632008709853022,44
Qwen-3-Coder-480B,1327,moderate,correct,1.0343888321416412,45
Qwen-3-Coder-480B,1327,moderate,correct,1.3954854669140384,46
Qwen-3-Coder-480B,1327,moderate,correct,1.5888125613346418,47
Qwen-3-Coder-480B,1327,moderate,correct,0.9482687551525144,48
Qwen-3-Coder-480B,1327,moderate,correct,1.5800279981334577,49
Qwen-3-Coder-480B,1327,moderate,correct,1.3726352837659481,50
Qwen-3-Coder-480B,1225,moderate,semantic,,1
Qwen-3-Coder-480B,1225,moderate,semantic,,2
Qwen-3-Coder-480B,1225,moderate,semantic,,3
Qwen-3-Coder-480B,1225,moderate,semantic,,4
Qwen-3-Coder-480B,1225,moderate,semantic,,5
Qwen-3-Coder-480B,1225,moderate,semantic,,6
Qwen-3-Coder-480B,1225,moderate,semantic,,7
Qwen-3-Coder-480B,1225,moderate,semantic,,8
Qwen-3-Coder-480B,1225,moderate,semantic,,9
Qwen-3-Coder-480B,1225,moderate,semantic,,10
Qwen-3-Coder-480B,1225,moderate,semantic,,11
Qwen-3-Coder-480B,1225,moderate,semantic,,12
Qwen-3-Coder-480B,1225,moderate,semantic,,13
Qwen-3-Coder-480B,1225,moderate,semantic,,14
Qwen-3-Coder-480B,1225,moderate,semantic,,15
Qwen-3-Coder-480B,1225,moderate,semantic,,16
Qwen-3-Coder-480B,1225,moderate,semantic,,17
Qwen-3-Coder-480B,1225,moderate,semantic,,18
Qwen-3-Coder-480B,1225,moderate,semantic,,19
Qwen-3-Coder-480B,1225,moderate,semantic,,20
Qwen-3-Coder-480B,1225,moderate,semantic,,21
Qwen-3-Coder-480B,1225,moderate,semantic,,22
Qwen-3-Coder-480B,1225,moderate,semantic,,23
Qwen-3-Coder-480B,1225,moderate,semantic,,24
Qwen-3-Coder-480B,1225,moderate,semantic,,25
Qwen-3-Coder-480B,1225,moderate,semantic,,26
Qwen-3-Coder-480B,1225,moderate,semantic,,27
Qwen-3-Coder-480B,1225,moderate,semantic,,28
Qwen-3-Coder-480B,1225,moderate,semantic,,29
Qwen-3-Coder-480B,1225,moderate,semantic,,30
Qwen-3-Coder-480B,1225,moderate,semantic,,31
Qwen-3-Coder-480B,1225,moderate,semantic,,32
Qwen-3-Coder-480B,1225,moderate,semantic,,33
Qwen-3-Coder-480B,1225,moderate,semantic,,34
Qwen-3-Coder-480B,1225,moderate,semantic,,35
Qwen-3-Coder-480B,1225,moderate,semantic,,36
Qwen-3-Coder-480B,1225,moderate,semantic,,37
Qwen-3-Coder-480B,1225,moderate,semantic,,38
Qwen-3-Coder-480B,1225,moderate,semantic,,39
Qwen-3-Coder-480B,1225,moderate,semantic,,40
Qwen-3-Coder-480B,1225,moderate,semantic,,41
Qwen-3-Coder-480B,1225,moderate,semantic,,42
Qwen-3-Coder-480B,1225,moderate,semantic,,43
Qwen-3-Coder-480B,1225,moderate,semantic,,44
Qwen-3-Coder-480B,1225,moderate,semantic,,45
Qwen-3-Coder-480B,1225,moderate,semantic,,46
Qwen-3-Coder-480B,1225,moderate,semantic,,47
Qwen-3-Coder-480B,1225,moderate,semantic,,48
Qwen-3-Coder-480B,1225,moderate,semantic,,49
Qwen-3-Coder-480B,1225,moderate,semantic,,50
Qwen-3-Coder-480B,427,moderate,correct,4.7574128663083055,1
Qwen-3-Coder-480B,427,moderate,correct,2.299736081437728,2
Qwen-3-Coder-480B,427,moderate,correct,1.4482955627499523,3
Qwen-3-Coder-480B,427,moderate,correct,1.215848406546081,4
Qwen-3-Coder-480B,427,moderate,correct,1.3719896257873287,5
Qwen-3-Coder-480B,427,moderate,correct,1.7292388971438006,6
Qwen-3-Coder-480B,427,moderate,correct,1.4052148245326337,7
Qwen-3-Coder-480B,427,moderate,correct,1.3854393969450507,8
Qwen-3-Coder-480B,427,moderate,correct,1.310038340885326,9
Qwen-3-Coder-480B,427,moderate,correct,1.4019215372297837,10
Qwen-3-Coder-480B,427,moderate,correct,0.7514619883040936,11
Qwen-3-Coder-480B,427,moderate,correct,1.3874493927125506,12
Qwen-3-Coder-480B,427,moderate,correct,1.8865678346810422,13
Qwen-3-Coder-480B,427,moderate,correct,1.2441169185038394,14
Qwen-3-Coder-480B,427,moderate,correct,1.284400360685302,15
Qwen-3-Coder-480B,427,moderate,correct,0.9890380926281173,16
Qwen-3-Coder-480B,427,moderate,correct,1.3674540682414698,17
Qwen-3-Coder-480B,427,moderate,correct,1.165053322395406,18
Qwen-3-Coder-480B,427,moderate,correct,0.8791489361702127,19
Qwen-3-Coder-480B,427,moderate,correct,1.3834701278870014,20
Qwen-3-Coder-480B,427,moderate,correct,2.9421620750765265,21
Qwen-3-Coder-480B,427,moderate,correct,0.1810901849458721,22
Qwen-3-Coder-480B,427,moderate,correct,0.7596465132557529,23
Qwen-3-Coder-480B,427,moderate,correct,1.395713738997321,24
Qwen-3-Coder-480B,427,moderate,correct,1.1947026837396948,25
Qwen-3-Coder-480B,427,moderate,correct,1.482926221335992,26
Qwen-3-Coder-480B,427,moderate,correct,1.5422875553765607,27
Qwen-3-Coder-480B,427,moderate,correct,0.5511704783107333,28
Qwen-3-Coder-480B,427,moderate,correct,0.9644371495007523,29
Qwen-3-Coder-480B,427,moderate,correct,1.2573160173160174,30
Qwen-3-Coder-480B,427,moderate,correct,1.1388167782483947,31
Qwen-3-Coder-480B,427,moderate,correct,1.3384615384615384,32
Qwen-3-Coder-480B,427,moderate,correct,1.2252449716348632,33
Qwen-3-Coder-480B,427,moderate,correct,0.3067454268292683,34
Qwen-3-Coder-480B,427,moderate,correct,1.2456671714622245,35
Qwen-3-Coder-480B,427,moderate,correct,1.1074827939669059,36
Qwen-3-Coder-480B,427,moderate,correct,1.4644670050761421,37
Qwen-3-Coder-480B,427,moderate,correct,0.8407258064516129,38
Qwen-3-Coder-480B,427,moderate,correct,0.5102932002495322,39
Qwen-3-Coder-480B,427,moderate,correct,1.3455029473283895,40
Qwen-3-Coder-480B,427,moderate,correct,1.536331536889054,41
Qwen-3-Coder-480B,427,moderate,correct,0.6649489279469954,42
Qwen-3-Coder-480B,427,moderate,correct,1.2154037955395485,43
Qwen-3-Coder-480B,427,moderate,correct,1.3951367781155015,44
Qwen-3-Coder-480B,427,moderate,correct,0.39082771799255756,45
Qwen-3-Coder-480B,427,moderate,correct,1.450658902850138,46
Qwen-3-Coder-480B,427,moderate,correct,0.5258679117403419,47
Qwen-3-Coder-480B,427,moderate,correct,0.33236252487095935,48
Qwen-3-Coder-480B,427,moderate,correct,0.3231442313264183,49
Qwen-3-Coder-480B,427,moderate,correct,1.4306245297215952,50
Qwen-3-Coder-480B,732,moderate,syntactic,,1
Qwen-3-Coder-480B,732,moderate,syntactic,,2
Qwen-3-Coder-480B,732,moderate,syntactic,,3
Qwen-3-Coder-480B,732,moderate,syntactic,,4
Qwen-3-Coder-480B,732,moderate,syntactic,,5
Qwen-3-Coder-480B,732,moderate,syntactic,,6
Qwen-3-Coder-480B,732,moderate,syntactic,,7
Qwen-3-Coder-480B,732,moderate,syntactic,,8
Qwen-3-Coder-480B,732,moderate,syntactic,,9
Qwen-3-Coder-480B,732,moderate,syntactic,,10
Qwen-3-Coder-480B,732,moderate,syntactic,,11
Qwen-3-Coder-480B,732,moderate,syntactic,,12
Qwen-3-Coder-480B,732,moderate,syntactic,,13
Qwen-3-Coder-480B,732,moderate,syntactic,,14
Qwen-3-Coder-480B,732,moderate,syntactic,,15
Qwen-3-Coder-480B,732,moderate,syntactic,,16
Qwen-3-Coder-480B,732,moderate,syntactic,,17
Qwen-3-Coder-480B,732,moderate,syntactic,,18
Qwen-3-Coder-480B,732,moderate,syntactic,,19
Qwen-3-Coder-480B,732,moderate,syntactic,,20
Qwen-3-Coder-480B,732,moderate,syntactic,,21
Qwen-3-Coder-480B,732,moderate,syntactic,,22
Qwen-3-Coder-480B,732,moderate,syntactic,,23
Qwen-3-Coder-480B,732,moderate,syntactic,,24
Qwen-3-Coder-480B,732,moderate,syntactic,,25
Qwen-3-Coder-480B,732,moderate,syntactic,,26
Qwen-3-Coder-480B,732,moderate,syntactic,,27
Qwen-3-Coder-480B,732,moderate,syntactic,,28
Qwen-3-Coder-480B,732,moderate,syntactic,,29
Qwen-3-Coder-480B,732,moderate,syntactic,,30
Qwen-3-Coder-480B,732,moderate,syntactic,,31
Qwen-3-Coder-480B,732,moderate,syntactic,,32
Qwen-3-Coder-480B,732,moderate,syntactic,,33
Qwen-3-Coder-480B,732,moderate,syntactic,,34
Qwen-3-Coder-480B,732,moderate,syntactic,,35
Qwen-3-Coder-480B,732,moderate,syntactic,,36
Qwen-3-Coder-480B,732,moderate,syntactic,,37
Qwen-3-Coder-480B,732,moderate,syntactic,,38
Qwen-3-Coder-480B,732,moderate,syntactic,,39
Qwen-3-Coder-480B,732,moderate,syntactic,,40
Qwen-3-Coder-480B,732,moderate,syntactic,,41
Qwen-3-Coder-480B,732,moderate,syntactic,,42
Qwen-3-Coder-480B,732,moderate,syntactic,,43
Qwen-3-Coder-480B,732,moderate,syntactic,,44
Qwen-3-Coder-480B,732,moderate,syntactic,,45
Qwen-3-Coder-480B,732,moderate,syntactic,,46
Qwen-3-Coder-480B,732,moderate,syntactic,,47
Qwen-3-Coder-480B,732,moderate,syntactic,,48
Qwen-3-Coder-480B,732,moderate,syntactic,,49
Qwen-3-Coder-480B,732,moderate,syntactic,,50
Qwen-3-Coder-480B,1098,moderate,correct,15.232250646737569,1
Qwen-3-Coder-480B,1098,moderate,correct,0.9632483698873741,2
Qwen-3-Coder-480B,1098,moderate,correct,0.9853070561323245,3
Qwen-3-Coder-480B,1098,moderate,correct,1.342187826814474,4
Qwen-3-Coder-480B,1098,moderate,correct,1.1110734271663558,5
Qwen-3-Coder-480B,1098,moderate,correct,1.1783588818755635,6
Qwen-3-Coder-480B,1098,moderate,correct,1.6161182641869336,7
Qwen-3-Coder-480B,1098,moderate,correct,0.5820910355794077,8
Qwen-3-Coder-480B,1098,moderate,correct,1.1660149306789904,9
Qwen-3-Coder-480B,1098,moderate,correct,1.543559075480847,10
Qwen-3-Coder-480B,1098,moderate,correct,0.7003535038469536,11
Qwen-3-Coder-480B,1098,moderate,correct,0.7552776388194097,12
Qwen-3-Coder-480B,1098,moderate,correct,1.0747737736148595,13
Qwen-3-Coder-480B,1098,moderate,correct,1.2979614124499455,14
Qwen-3-Coder-480B,1098,moderate,correct,1.0653447498873367,15
Qwen-3-Coder-480B,1098,moderate,correct,1.0195456064149682,16
Qwen-3-Coder-480B,1098,moderate,correct,1.3192049108447823,17
Qwen-3-Coder-480B,1098,moderate,correct,0.34117528778967476,18
Qwen-3-Coder-480B,1098,moderate,correct,1.0903447149158634,19
Qwen-3-Coder-480B,1098,moderate,correct,1.1246091307066917,20
Qwen-3-Coder-480B,1098,moderate,correct,0.9831487722676938,21
Qwen-3-Coder-480B,1098,moderate,correct,1.2070404645254944,22
Qwen-3-Coder-480B,1098,moderate,correct,1.1890538365229835,23
Qwen-3-Coder-480B,1098,moderate,correct,1.1096414897319875,24
Qwen-3-Coder-480B,1098,moderate,correct,2.113084302918963,25
Qwen-3-Coder-480B,1098,moderate,correct,1.176481116878468,26
Qwen-3-Coder-480B,1098,moderate,correct,1.1171717171717173,27
Qwen-3-Coder-480B,1098,moderate,correct,1.213163799551234,28
Qwen-3-Coder-480B,1098,moderate,correct,1.05622555410691,29
Qwen-3-Coder-480B,1098,moderate,correct,1.3369360096071368,30
Qwen-3-Coder-480B,1098,moderate,correct,1.2015344311377245,31
Qwen-3-Coder-480B,1098,moderate,correct,1.024725007300691,32
Qwen-3-Coder-480B,1098,moderate,correct,1.1101321585903083,33
Qwen-3-Coder-480B,1098,moderate,correct,1.092759706190976,34
Qwen-3-Coder-480B,1098,moderate,correct,1.163265306122449,35
Qwen-3-Coder-480B,1098,moderate,correct,0.9273013926600683,36
Qwen-3-Coder-480B,1098,moderate,correct,1.2163318452380953,37
Qwen-3-Coder-480B,1098,moderate,correct,1.0676396906655048,38
Qwen-3-Coder-480B,1098,moderate,correct,0.022604541306565033,39
Qwen-3-Coder-480B,1098,moderate,correct,1.1353581460674158,40
Qwen-3-Coder-480B,1098,moderate,correct,1.1628781098979775,41
Qwen-3-Coder-480B,1098,moderate,correct,1.0167330677290836,42
Qwen-3-Coder-480B,1098,moderate,correct,1.1420579759281233,43
Qwen-3-Coder-480B,1098,moderate,correct,1.128525038454965,44
Qwen-3-Coder-480B,1098,moderate,correct,0.7878016382554793,45
Qwen-3-Coder-480B,1098,moderate,correct,1.1678857540926506,46
Qwen-3-Coder-480B,1098,moderate,correct,1.1957613814756671,47
Qwen-3-Coder-480B,1098,moderate,correct,0.8729019434628975,48
Qwen-3-Coder-480B,1098,moderate,correct,1.1476377952755905,49
Qwen-3-Coder-480B,1098,moderate,correct,1.3140633685380767,50
Qwen-3-Coder-480B,1440,moderate,semantic,,1
Qwen-3-Coder-480B,1440,moderate,semantic,,2
Qwen-3-Coder-480B,1440,moderate,semantic,,3
Qwen-3-Coder-480B,1440,moderate,semantic,,4
Qwen-3-Coder-480B,1440,moderate,semantic,,5
Qwen-3-Coder-480B,1440,moderate,semantic,,6
Qwen-3-Coder-480B,1440,moderate,semantic,,7
Qwen-3-Coder-480B,1440,moderate,semantic,,8
Qwen-3-Coder-480B,1440,moderate,semantic,,9
Qwen-3-Coder-480B,1440,moderate,semantic,,10
Qwen-3-Coder-480B,1440,moderate,semantic,,11
Qwen-3-Coder-480B,1440,moderate,semantic,,12
Qwen-3-Coder-480B,1440,moderate,semantic,,13
Qwen-3-Coder-480B,1440,moderate,semantic,,14
Qwen-3-Coder-480B,1440,moderate,semantic,,15
Qwen-3-Coder-480B,1440,moderate,semantic,,16
Qwen-3-Coder-480B,1440,moderate,semantic,,17
Qwen-3-Coder-480B,1440,moderate,semantic,,18
Qwen-3-Coder-480B,1440,moderate,semantic,,19
Qwen-3-Coder-480B,1440,moderate,semantic,,20
Qwen-3-Coder-480B,1440,moderate,semantic,,21
Qwen-3-Coder-480B,1440,moderate,semantic,,22
Qwen-3-Coder-480B,1440,moderate,semantic,,23
Qwen-3-Coder-480B,1440,moderate,semantic,,24
Qwen-3-Coder-480B,1440,moderate,semantic,,25
Qwen-3-Coder-480B,1440,moderate,semantic,,26
Qwen-3-Coder-480B,1440,moderate,semantic,,27
Qwen-3-Coder-480B,1440,moderate,semantic,,28
Qwen-3-Coder-480B,1440,moderate,semantic,,29
Qwen-3-Coder-480B,1440,moderate,semantic,,30
Qwen-3-Coder-480B,1440,moderate,semantic,,31
Qwen-3-Coder-480B,1440,moderate,semantic,,32
Qwen-3-Coder-480B,1440,moderate,semantic,,33
Qwen-3-Coder-480B,1440,moderate,semantic,,34
Qwen-3-Coder-480B,1440,moderate,semantic,,35
Qwen-3-Coder-480B,1440,moderate,semantic,,36
Qwen-3-Coder-480B,1440,moderate,semantic,,37
Qwen-3-Coder-480B,1440,moderate,semantic,,38
Qwen-3-Coder-480B,1440,moderate,semantic,,39
Qwen-3-Coder-480B,1440,moderate,semantic,,40
Qwen-3-Coder-480B,1440,moderate,semantic,,41
Qwen-3-Coder-480B,1440,moderate,semantic,,42
Qwen-3-Coder-480B,1440,moderate,semantic,,43
Qwen-3-Coder-480B,1440,moderate,semantic,,44
Qwen-3-Coder-480B,1440,moderate,semantic,,45
Qwen-3-Coder-480B,1440,moderate,semantic,,46
Qwen-3-Coder-480B,1440,moderate,semantic,,47
Qwen-3-Coder-480B,1440,moderate,semantic,,48
Qwen-3-Coder-480B,1440,moderate,semantic,,49
Qwen-3-Coder-480B,1440,moderate,semantic,,50
Qwen-3-Coder-480B,1146,moderate,correct,17.740018561842664,1
Qwen-3-Coder-480B,1146,moderate,correct,1.5693060079268533,2
Qwen-3-Coder-480B,1146,moderate,correct,1.061432051931913,3
Qwen-3-Coder-480B,1146,moderate,correct,3.846377247663215,4
Qwen-3-Coder-480B,1146,moderate,correct,1.207412526555581,5
Qwen-3-Coder-480B,1146,moderate,correct,1.088344212370912,6
Qwen-3-Coder-480B,1146,moderate,correct,2.5375140607424074,7
Qwen-3-Coder-480B,1146,moderate,correct,1.0131181589218998,8
Qwen-3-Coder-480B,1146,moderate,correct,0.9489348029399783,9
Qwen-3-Coder-480B,1146,moderate,correct,1.2975551043594171,10
Qwen-3-Coder-480B,1146,moderate,correct,1.6173744440295819,11
Qwen-3-Coder-480B,1146,moderate,correct,1.0146286824739208,12
Qwen-3-Coder-480B,1146,moderate,correct,0.9683617807496041,13
Qwen-3-Coder-480B,1146,moderate,correct,1.1234360280961744,14
Qwen-3-Coder-480B,1146,moderate,correct,1.58032953921987,15
Qwen-3-Coder-480B,1146,moderate,correct,1.7476816166398594,16
Qwen-3-Coder-480B,1146,moderate,correct,1.4299296147827658,17
Qwen-3-Coder-480B,1146,moderate,correct,1.116186982047687,18
Qwen-3-Coder-480B,1146,moderate,correct,0.937012987012987,19
Qwen-3-Coder-480B,1146,moderate,correct,1.6121179629156492,20
Qwen-3-Coder-480B,1146,moderate,correct,2.013690716109096,21
Qwen-3-Coder-480B,1146,moderate,correct,1.4844898090607592,22
Qwen-3-Coder-480B,1146,moderate,correct,2.1963630154529157,23
Qwen-3-Coder-480B,1146,moderate,correct,1.5626933575978161,24
Qwen-3-Coder-480B,1146,moderate,correct,1.4481400997059952,25
Qwen-3-Coder-480B,1146,moderate,correct,0.9946150970247356,26
Qwen-3-Coder-480B,1146,moderate,correct,1.1186740268049016,27
Qwen-3-Coder-480B,1146,moderate,correct,3.7798659324874313,28
Qwen-3-Coder-480B,1146,moderate,correct,1.7507073600966034,29
Qwen-3-Coder-480B,1146,moderate,correct,1.0953997097092354,30
Qwen-3-Coder-480B,1146,moderate,correct,3.3827853049858083,31
Qwen-3-Coder-480B,1146,moderate,correct,1.4726484073697088,32
Qwen-3-Coder-480B,1146,moderate,correct,1.4525152612135737,33
Qwen-3-Coder-480B,1146,moderate,correct,1.526023846317688,34
Qwen-3-Coder-480B,1146,moderate,correct,1.0294923609561033,35
Qwen-3-Coder-480B,1146,moderate,correct,2.007818697645651,36
Qwen-3-Coder-480B,1146,moderate,correct,1.623467262795819,37
Qwen-3-Coder-480B,1146,moderate,correct,1.0395431048265327,38
Qwen-3-Coder-480B,1146,moderate,correct,1.1397086337216553,39
Qwen-3-Coder-480B,1146,moderate,correct,1.3046663706454609,40
Qwen-3-Coder-480B,1146,moderate,correct,0.906137137327412,41
Qwen-3-Coder-480B,1146,moderate,correct,1.4197458344386755,42
Qwen-3-Coder-480B,1146,moderate,correct,0.9557073963249735,43
Qwen-3-Coder-480B,1146,moderate,correct,1.4945179965245443,44
Qwen-3-Coder-480B,1146,moderate,correct,1.4172364051629578,45
Qwen-3-Coder-480B,1146,moderate,correct,1.349291727916611,46
Qwen-3-Coder-480B,1146,moderate,correct,1.071721773083373,47
Qwen-3-Coder-480B,1146,moderate,correct,1.2383979247659944,48
Qwen-3-Coder-480B,1146,moderate,correct,0.6006982430490787,49
Qwen-3-Coder-480B,1146,moderate,correct,0.41801682366378967,50
Qwen-3-Coder-480B,1395,moderate,correct,3.184899845916795,1
Qwen-3-Coder-480B,1395,moderate,correct,1.7214927436074636,2
Qwen-3-Coder-480B,1395,moderate,correct,1.8005801305293692,3
Qwen-3-Coder-480B,1395,moderate,correct,1.665283540802213,4
Qwen-3-Coder-480B,1395,moderate,correct,1.7448641484426772,5
Qwen-3-Coder-480B,1395,moderate,correct,1.6498559077809798,6
Qwen-3-Coder-480B,1395,moderate,correct,1.7079470198675497,7
Qwen-3-Coder-480B,1395,moderate,correct,1.811333794056669,8
Qwen-3-Coder-480B,1395,moderate,correct,1.046339825386165,9
Qwen-3-Coder-480B,1395,moderate,correct,1.8545666084933101,10
Qwen-3-Coder-480B,1395,moderate,correct,1.5893536121673004,11
Qwen-3-Coder-480B,1395,moderate,correct,0.7229444538240757,12
Qwen-3-Coder-480B,1395,moderate,correct,1.8614347026364193,13
Qwen-3-Coder-480B,1395,moderate,correct,0.6627321372363866,14
Qwen-3-Coder-480B,1395,moderate,correct,1.2434343434343433,15
Qwen-3-Coder-480B,1395,moderate,correct,1.6404109589041096,16
Qwen-3-Coder-480B,1395,moderate,correct,1.4930817610062892,17
Qwen-3-Coder-480B,1395,moderate,correct,1.6028858218318696,18
Qwen-3-Coder-480B,1395,moderate,correct,1.634762184380505,19
Qwen-3-Coder-480B,1395,moderate,correct,1.45906432748538,20
Qwen-3-Coder-480B,1395,moderate,correct,1.6924110141034252,21
Qwen-3-Coder-480B,1395,moderate,correct,1.2525476295968099,22
Qwen-3-Coder-480B,1395,moderate,correct,1.6949728260869565,23
Qwen-3-Coder-480B,1395,moderate,correct,0.9230769230769231,24
Qwen-3-Coder-480B,1395,moderate,correct,1.0539894887720975,25
Qwen-3-Coder-480B,1395,moderate,correct,1.7818428184281843,26
Qwen-3-Coder-480B,1395,moderate,correct,1.6639118457300275,27
Qwen-3-Coder-480B,1395,moderate,correct,1.6172185430463577,28
Qwen-3-Coder-480B,1395,moderate,correct,1.3539503386004514,29
Qwen-3-Coder-480B,1395,moderate,correct,1.3899297423887589,30
Qwen-3-Coder-480B,1395,moderate,correct,1.4281542056074767,31
Qwen-3-Coder-480B,1395,moderate,correct,1.8036130536130537,32
Qwen-3-Coder-480B,1395,moderate,correct,1.4366740088105727,33
Qwen-3-Coder-480B,1395,moderate,correct,1.3849111004324843,34
Qwen-3-Coder-480B,1395,moderate,correct,1.155599603567889,35
Qwen-3-Coder-480B,1395,moderate,correct,1.5711237553342816,36
Qwen-3-Coder-480B,1395,moderate,correct,1.3800986104885702,37
Qwen-3-Coder-480B,1395,moderate,correct,1.73431448489543,38
Qwen-3-Coder-480B,1395,moderate,correct,1.3975178638585934,39
Qwen-3-Coder-480B,1395,moderate,correct,1.4447115384615385,40
Qwen-3-Coder-480B,1395,moderate,correct,1.171147880041365,41
Qwen-3-Coder-480B,1395,moderate,correct,1.513117754728493,42
Qwen-3-Coder-480B,1395,moderate,correct,1.4051833122629582,43
Qwen-3-Coder-480B,1395,moderate,correct,1.4487722269263337,44
Qwen-3-Coder-480B,1395,moderate,correct,1.6571428571428573,45
Qwen-3-Coder-480B,1395,moderate,correct,1.744724302246426,46
Qwen-3-Coder-480B,1395,moderate,correct,1.7023060796645701,47
Qwen-3-Coder-480B,1395,moderate,correct,1.5290456431535269,48
Qwen-3-Coder-480B,1395,moderate,correct,1.4635922330097086,49
Qwen-3-Coder-480B,1395,moderate,correct,1.6296048225050235,50
Qwen-3-Coder-480B,1121,moderate,semantic,,1
Qwen-3-Coder-480B,1121,moderate,semantic,,2
Qwen-3-Coder-480B,1121,moderate,semantic,,3
Qwen-3-Coder-480B,1121,moderate,semantic,,4
Qwen-3-Coder-480B,1121,moderate,semantic,,5
Qwen-3-Coder-480B,1121,moderate,semantic,,6
Qwen-3-Coder-480B,1121,moderate,semantic,,7
Qwen-3-Coder-480B,1121,moderate,semantic,,8
Qwen-3-Coder-480B,1121,moderate,semantic,,9
Qwen-3-Coder-480B,1121,moderate,semantic,,10
Qwen-3-Coder-480B,1121,moderate,semantic,,11
Qwen-3-Coder-480B,1121,moderate,semantic,,12
Qwen-3-Coder-480B,1121,moderate,semantic,,13
Qwen-3-Coder-480B,1121,moderate,semantic,,14
Qwen-3-Coder-480B,1121,moderate,semantic,,15
Qwen-3-Coder-480B,1121,moderate,semantic,,16
Qwen-3-Coder-480B,1121,moderate,semantic,,17
Qwen-3-Coder-480B,1121,moderate,semantic,,18
Qwen-3-Coder-480B,1121,moderate,semantic,,19
Qwen-3-Coder-480B,1121,moderate,semantic,,20
Qwen-3-Coder-480B,1121,moderate,semantic,,21
Qwen-3-Coder-480B,1121,moderate,semantic,,22
Qwen-3-Coder-480B,1121,moderate,semantic,,23
Qwen-3-Coder-480B,1121,moderate,semantic,,24
Qwen-3-Coder-480B,1121,moderate,semantic,,25
Qwen-3-Coder-480B,1121,moderate,semantic,,26
Qwen-3-Coder-480B,1121,moderate,semantic,,27
Qwen-3-Coder-480B,1121,moderate,semantic,,28
Qwen-3-Coder-480B,1121,moderate,semantic,,29
Qwen-3-Coder-480B,1121,moderate,semantic,,30
Qwen-3-Coder-480B,1121,moderate,semantic,,31
Qwen-3-Coder-480B,1121,moderate,semantic,,32
Qwen-3-Coder-480B,1121,moderate,semantic,,33
Qwen-3-Coder-480B,1121,moderate,semantic,,34
Qwen-3-Coder-480B,1121,moderate,semantic,,35
Qwen-3-Coder-480B,1121,moderate,semantic,,36
Qwen-3-Coder-480B,1121,moderate,semantic,,37
Qwen-3-Coder-480B,1121,moderate,semantic,,38
Qwen-3-Coder-480B,1121,moderate,semantic,,39
Qwen-3-Coder-480B,1121,moderate,semantic,,40
Qwen-3-Coder-480B,1121,moderate,semantic,,41
Qwen-3-Coder-480B,1121,moderate,semantic,,42
Qwen-3-Coder-480B,1121,moderate,semantic,,43
Qwen-3-Coder-480B,1121,moderate,semantic,,44
Qwen-3-Coder-480B,1121,moderate,semantic,,45
Qwen-3-Coder-480B,1121,moderate,semantic,,46
Qwen-3-Coder-480B,1121,moderate,semantic,,47
Qwen-3-Coder-480B,1121,moderate,semantic,,48
Qwen-3-Coder-480B,1121,moderate,semantic,,49
Qwen-3-Coder-480B,1121,moderate,semantic,,50
Qwen-3-Coder-480B,1548,Moderate,semantic,,1
Qwen-3-Coder-480B,1548,Moderate,semantic,,2
Qwen-3-Coder-480B,1548,Moderate,semantic,,3
Qwen-3-Coder-480B,1548,Moderate,semantic,,4
Qwen-3-Coder-480B,1548,Moderate,semantic,,5
Qwen-3-Coder-480B,1548,Moderate,semantic,,6
Qwen-3-Coder-480B,1548,Moderate,semantic,,7
Qwen-3-Coder-480B,1548,Moderate,semantic,,8
Qwen-3-Coder-480B,1548,Moderate,semantic,,9
Qwen-3-Coder-480B,1548,Moderate,semantic,,10
Qwen-3-Coder-480B,1548,Moderate,semantic,,11
Qwen-3-Coder-480B,1548,Moderate,semantic,,12
Qwen-3-Coder-480B,1548,Moderate,semantic,,13
Qwen-3-Coder-480B,1548,Moderate,semantic,,14
Qwen-3-Coder-480B,1548,Moderate,semantic,,15
Qwen-3-Coder-480B,1548,Moderate,semantic,,16
Qwen-3-Coder-480B,1548,Moderate,semantic,,17
Qwen-3-Coder-480B,1548,Moderate,semantic,,18
Qwen-3-Coder-480B,1548,Moderate,semantic,,19
Qwen-3-Coder-480B,1548,Moderate,semantic,,20
Qwen-3-Coder-480B,1548,Moderate,semantic,,21
Qwen-3-Coder-480B,1548,Moderate,semantic,,22
Qwen-3-Coder-480B,1548,Moderate,semantic,,23
Qwen-3-Coder-480B,1548,Moderate,semantic,,24
Qwen-3-Coder-480B,1548,Moderate,semantic,,25
Qwen-3-Coder-480B,1548,Moderate,semantic,,26
Qwen-3-Coder-480B,1548,Moderate,semantic,,27
Qwen-3-Coder-480B,1548,Moderate,semantic,,28
Qwen-3-Coder-480B,1548,Moderate,semantic,,29
Qwen-3-Coder-480B,1548,Moderate,semantic,,30
Qwen-3-Coder-480B,1548,Moderate,semantic,,31
Qwen-3-Coder-480B,1548,Moderate,semantic,,32
Qwen-3-Coder-480B,1548,Moderate,semantic,,33
Qwen-3-Coder-480B,1548,Moderate,semantic,,34
Qwen-3-Coder-480B,1548,Moderate,semantic,,35
Qwen-3-Coder-480B,1548,Moderate,semantic,,36
Qwen-3-Coder-480B,1548,Moderate,semantic,,37
Qwen-3-Coder-480B,1548,Moderate,semantic,,38
Qwen-3-Coder-480B,1548,Moderate,semantic,,39
Qwen-3-Coder-480B,1548,Moderate,semantic,,40
Qwen-3-Coder-480B,1548,Moderate,semantic,,41
Qwen-3-Coder-480B,1548,Moderate,semantic,,42
Qwen-3-Coder-480B,1548,Moderate,semantic,,43
Qwen-3-Coder-480B,1548,Moderate,semantic,,44
Qwen-3-Coder-480B,1548,Moderate,semantic,,45
Qwen-3-Coder-480B,1548,Moderate,semantic,,46
Qwen-3-Coder-480B,1548,Moderate,semantic,,47
Qwen-3-Coder-480B,1548,Moderate,semantic,,48
Qwen-3-Coder-480B,1548,Moderate,semantic,,49
Qwen-3-Coder-480B,1548,Moderate,semantic,,50
Qwen-3-Coder-480B,1529,moderate,semantic,,1
Qwen-3-Coder-480B,1529,moderate,semantic,,2
Qwen-3-Coder-480B,1529,moderate,semantic,,3
Qwen-3-Coder-480B,1529,moderate,semantic,,4
Qwen-3-Coder-480B,1529,moderate,semantic,,5
Qwen-3-Coder-480B,1529,moderate,semantic,,6
Qwen-3-Coder-480B,1529,moderate,semantic,,7
Qwen-3-Coder-480B,1529,moderate,semantic,,8
Qwen-3-Coder-480B,1529,moderate,semantic,,9
Qwen-3-Coder-480B,1529,moderate,semantic,,10
Qwen-3-Coder-480B,1529,moderate,semantic,,11
Qwen-3-Coder-480B,1529,moderate,semantic,,12
Qwen-3-Coder-480B,1529,moderate,semantic,,13
Qwen-3-Coder-480B,1529,moderate,semantic,,14
Qwen-3-Coder-480B,1529,moderate,semantic,,15
Qwen-3-Coder-480B,1529,moderate,semantic,,16
Qwen-3-Coder-480B,1529,moderate,semantic,,17
Qwen-3-Coder-480B,1529,moderate,semantic,,18
Qwen-3-Coder-480B,1529,moderate,semantic,,19
Qwen-3-Coder-480B,1529,moderate,semantic,,20
Qwen-3-Coder-480B,1529,moderate,semantic,,21
Qwen-3-Coder-480B,1529,moderate,semantic,,22
Qwen-3-Coder-480B,1529,moderate,semantic,,23
Qwen-3-Coder-480B,1529,moderate,semantic,,24
Qwen-3-Coder-480B,1529,moderate,semantic,,25
Qwen-3-Coder-480B,1529,moderate,semantic,,26
Qwen-3-Coder-480B,1529,moderate,semantic,,27
Qwen-3-Coder-480B,1529,moderate,semantic,,28
Qwen-3-Coder-480B,1529,moderate,semantic,,29
Qwen-3-Coder-480B,1529,moderate,semantic,,30
Qwen-3-Coder-480B,1529,moderate,semantic,,31
Qwen-3-Coder-480B,1529,moderate,semantic,,32
Qwen-3-Coder-480B,1529,moderate,semantic,,33
Qwen-3-Coder-480B,1529,moderate,semantic,,34
Qwen-3-Coder-480B,1529,moderate,semantic,,35
Qwen-3-Coder-480B,1529,moderate,semantic,,36
Qwen-3-Coder-480B,1529,moderate,semantic,,37
Qwen-3-Coder-480B,1529,moderate,semantic,,38
Qwen-3-Coder-480B,1529,moderate,semantic,,39
Qwen-3-Coder-480B,1529,moderate,semantic,,40
Qwen-3-Coder-480B,1529,moderate,semantic,,41
Qwen-3-Coder-480B,1529,moderate,semantic,,42
Qwen-3-Coder-480B,1529,moderate,semantic,,43
Qwen-3-Coder-480B,1529,moderate,semantic,,44
Qwen-3-Coder-480B,1529,moderate,semantic,,45
Qwen-3-Coder-480B,1529,moderate,semantic,,46
Qwen-3-Coder-480B,1529,moderate,semantic,,47
Qwen-3-Coder-480B,1529,moderate,semantic,,48
Qwen-3-Coder-480B,1529,moderate,semantic,,49
Qwen-3-Coder-480B,1529,moderate,semantic,,50
Qwen-3-Coder-480B,701,challenging,correct,4.568010024657424,1
Qwen-3-Coder-480B,701,challenging,correct,0.5383197183342873,2
Qwen-3-Coder-480B,701,challenging,correct,0.7036920127736638,3
Qwen-3-Coder-480B,701,challenging,correct,0.5191640515351742,4
Qwen-3-Coder-480B,701,challenging,correct,1.0560519588949442,5
Qwen-3-Coder-480B,701,challenging,correct,0.5965373661416584,6
Qwen-3-Coder-480B,701,challenging,correct,0.5445076031337631,7
Qwen-3-Coder-480B,701,challenging,correct,0.571734046811469,8
Qwen-3-Coder-480B,701,challenging,correct,0.5155950910139198,9
Qwen-3-Coder-480B,701,challenging,correct,0.6281540885006445,10
Qwen-3-Coder-480B,701,challenging,correct,0.9232839173959735,11
Qwen-3-Coder-480B,701,challenging,correct,0.5904341702258122,12
Qwen-3-Coder-480B,701,challenging,correct,0.5287913166124977,13
Qwen-3-Coder-480B,701,challenging,correct,0.5993083616351421,14
Qwen-3-Coder-480B,701,challenging,correct,0.570578132164479,15
Qwen-3-Coder-480B,701,challenging,correct,0.5994203178417657,16
Qwen-3-Coder-480B,701,challenging,correct,0.5420763815753007,17
Qwen-3-Coder-480B,701,challenging,correct,0.6020063070900391,18
Qwen-3-Coder-480B,701,challenging,correct,0.5067609302588248,19
Qwen-3-Coder-480B,701,challenging,correct,0.5299120250230461,20
Qwen-3-Coder-480B,701,challenging,correct,0.628880072016804,21
Qwen-3-Coder-480B,701,challenging,correct,0.5267824538365368,22
Qwen-3-Coder-480B,701,challenging,correct,0.5425150394383587,23
Qwen-3-Coder-480B,701,challenging,correct,0.6036923309390566,24
Qwen-3-Coder-480B,701,challenging,correct,0.5791658384503671,25
Qwen-3-Coder-480B,701,challenging,correct,0.5450491669179603,26
Qwen-3-Coder-480B,701,challenging,correct,0.6599951395000313,27
Qwen-3-Coder-480B,701,challenging,correct,0.5307615708452971,28
Qwen-3-Coder-480B,701,challenging,correct,0.5764658926623325,29
Qwen-3-Coder-480B,701,challenging,correct,0.5826427819971465,30
Qwen-3-Coder-480B,701,challenging,correct,0.5531078184368091,31
Qwen-3-Coder-480B,701,challenging,correct,0.563615150901357,32
Qwen-3-Coder-480B,701,challenging,correct,0.6840233729661471,33
Qwen-3-Coder-480B,701,challenging,correct,0.4858388414967139,34
Qwen-3-Coder-480B,701,challenging,correct,1.1576900439093756,35
Qwen-3-Coder-480B,701,challenging,correct,0.5185814043247415,36
Qwen-3-Coder-480B,701,challenging,correct,0.5603321771611526,37
Qwen-3-Coder-480B,701,challenging,correct,0.5513568316774219,38
Qwen-3-Coder-480B,701,challenging,correct,0.6710820639301363,39
Qwen-3-Coder-480B,701,challenging,correct,0.6387326666229001,40
Qwen-3-Coder-480B,701,challenging,correct,0.5456766245872646,41
Qwen-3-Coder-480B,701,challenging,correct,0.48896456167384816,42
Qwen-3-Coder-480B,701,challenging,correct,0.5313430663670795,43
Qwen-3-Coder-480B,701,challenging,correct,0.5428048628095042,44
Qwen-3-Coder-480B,701,challenging,correct,0.5391389134888048,45
Qwen-3-Coder-480B,701,challenging,correct,0.6012394048364823,46
Qwen-3-Coder-480B,701,challenging,correct,0.5813343999181798,47
Qwen-3-Coder-480B,701,challenging,correct,0.6663145708671142,48
Qwen-3-Coder-480B,701,challenging,correct,0.5814756001267571,49
Qwen-3-Coder-480B,701,challenging,correct,0.48512636855377866,50
Qwen-3-Coder-480B,270,moderate,semantic,,1
Qwen-3-Coder-480B,270,moderate,semantic,,2
Qwen-3-Coder-480B,270,moderate,semantic,,3
Qwen-3-Coder-480B,270,moderate,semantic,,4
Qwen-3-Coder-480B,270,moderate,semantic,,5
Qwen-3-Coder-480B,270,moderate,semantic,,6
Qwen-3-Coder-480B,270,moderate,semantic,,7
Qwen-3-Coder-480B,270,moderate,semantic,,8
Qwen-3-Coder-480B,270,moderate,semantic,,9
Qwen-3-Coder-480B,270,moderate,semantic,,10
Qwen-3-Coder-480B,270,moderate,semantic,,11
Qwen-3-Coder-480B,270,moderate,semantic,,12
Qwen-3-Coder-480B,270,moderate,semantic,,13
Qwen-3-Coder-480B,270,moderate,semantic,,14
Qwen-3-Coder-480B,270,moderate,semantic,,15
Qwen-3-Coder-480B,270,moderate,semantic,,16
Qwen-3-Coder-480B,270,moderate,semantic,,17
Qwen-3-Coder-480B,270,moderate,semantic,,18
Qwen-3-Coder-480B,270,moderate,semantic,,19
Qwen-3-Coder-480B,270,moderate,semantic,,20
Qwen-3-Coder-480B,270,moderate,semantic,,21
Qwen-3-Coder-480B,270,moderate,semantic,,22
Qwen-3-Coder-480B,270,moderate,semantic,,23
Qwen-3-Coder-480B,270,moderate,semantic,,24
Qwen-3-Coder-480B,270,moderate,semantic,,25
Qwen-3-Coder-480B,270,moderate,semantic,,26
Qwen-3-Coder-480B,270,moderate,semantic,,27
Qwen-3-Coder-480B,270,moderate,semantic,,28
Qwen-3-Coder-480B,270,moderate,semantic,,29
Qwen-3-Coder-480B,270,moderate,semantic,,30
Qwen-3-Coder-480B,270,moderate,semantic,,31
Qwen-3-Coder-480B,270,moderate,semantic,,32
Qwen-3-Coder-480B,270,moderate,semantic,,33
Qwen-3-Coder-480B,270,moderate,semantic,,34
Qwen-3-Coder-480B,270,moderate,semantic,,35
Qwen-3-Coder-480B,270,moderate,semantic,,36
Qwen-3-Coder-480B,270,moderate,semantic,,37
Qwen-3-Coder-480B,270,moderate,semantic,,38
Qwen-3-Coder-480B,270,moderate,semantic,,39
Qwen-3-Coder-480B,270,moderate,semantic,,40
Qwen-3-Coder-480B,270,moderate,semantic,,41
Qwen-3-Coder-480B,270,moderate,semantic,,42
Qwen-3-Coder-480B,270,moderate,semantic,,43
Qwen-3-Coder-480B,270,moderate,semantic,,44
Qwen-3-Coder-480B,270,moderate,semantic,,45
Qwen-3-Coder-480B,270,moderate,semantic,,46
Qwen-3-Coder-480B,270,moderate,semantic,,47
Qwen-3-Coder-480B,270,moderate,semantic,,48
Qwen-3-Coder-480B,270,moderate,semantic,,49
Qwen-3-Coder-480B,270,moderate,semantic,,50
Qwen-3-Coder-480B,1164,moderate,correct,9.820469139038133,1
Qwen-3-Coder-480B,1164,moderate,correct,0.9974279835390947,2
Qwen-3-Coder-480B,1164,moderate,correct,0.9158609339642049,3
Qwen-3-Coder-480B,1164,moderate,correct,1.7299532542250988,4
Qwen-3-Coder-480B,1164,moderate,correct,1.216579020204816,5
Qwen-3-Coder-480B,1164,moderate,correct,1.0742659758203799,6
Qwen-3-Coder-480B,1164,moderate,correct,1.1668261181535518,7
Qwen-3-Coder-480B,1164,moderate,correct,0.9816027088036118,8
Qwen-3-Coder-480B,1164,moderate,correct,0.8052417931521355,9
Qwen-3-Coder-480B,1164,moderate,correct,1.0458358662613982,10
Qwen-3-Coder-480B,1164,moderate,correct,1.0805898491083676,11
Qwen-3-Coder-480B,1164,moderate,correct,1.4207571382739814,12
Qwen-3-Coder-480B,1164,moderate,correct,1.1582246740220663,13
Qwen-3-Coder-480B,1164,moderate,correct,0.6443011166730843,14
Qwen-3-Coder-480B,1164,moderate,correct,0.9959203857089876,15
Qwen-3-Coder-480B,1164,moderate,correct,1.1316907391673747,16
Qwen-3-Coder-480B,1164,moderate,correct,1.2669602087410308,17
Qwen-3-Coder-480B,1164,moderate,correct,1.309915014164306,18
Qwen-3-Coder-480B,1164,moderate,correct,1.3209657618333106,19
Qwen-3-Coder-480B,1164,moderate,correct,1.4296582688949864,20
Qwen-3-Coder-480B,1164,moderate,correct,0.8824409902130109,21
Qwen-3-Coder-480B,1164,moderate,correct,1.0422600439967582,22
Qwen-3-Coder-480B,1164,moderate,correct,1.0801296379079124,23
Qwen-3-Coder-480B,1164,moderate,correct,0.7719205577857595,24
Qwen-3-Coder-480B,1164,moderate,correct,0.9416752843846949,25
Qwen-3-Coder-480B,1164,moderate,correct,1.0162684869169512,26
Qwen-3-Coder-480B,1164,moderate,correct,1.1042368801155513,27
Qwen-3-Coder-480B,1164,moderate,correct,0.9991101223581758,28
Qwen-3-Coder-480B,1164,moderate,correct,1.1271056661562022,29
Qwen-3-Coder-480B,1164,moderate,correct,1.0860700769136857,30
Qwen-3-Coder-480B,1164,moderate,correct,1.1068731117824773,31
Qwen-3-Coder-480B,1164,moderate,correct,0.8470951054516515,32
Qwen-3-Coder-480B,1164,moderate,correct,1.050382958353279,33
Qwen-3-Coder-480B,1164,moderate,correct,1.1355102040816327,34
Qwen-3-Coder-480B,1164,moderate,correct,1.112449320295731,35
Qwen-3-Coder-480B,1164,moderate,correct,1.0656455142231946,36
Qwen-3-Coder-480B,1164,moderate,correct,1.3703102160142926,37
Qwen-3-Coder-480B,1164,moderate,correct,1.9778230368861733,38
Qwen-3-Coder-480B,1164,moderate,correct,0.6517520215633423,39
Qwen-3-Coder-480B,1164,moderate,correct,0.9758740087121636,40
Qwen-3-Coder-480B,1164,moderate,correct,1.2136450122315847,41
Qwen-3-Coder-480B,1164,moderate,correct,1.1359076282415295,42
Qwen-3-Coder-480B,1164,moderate,correct,1.162581598719054,43
Qwen-3-Coder-480B,1164,moderate,correct,1.1118241235888295,44
Qwen-3-Coder-480B,1164,moderate,correct,0.916350200143693,45
Qwen-3-Coder-480B,1164,moderate,correct,1.0707557748374075,46
Qwen-3-Coder-480B,1164,moderate,correct,1.0440230274297324,47
Qwen-3-Coder-480B,1164,moderate,correct,1.1311334641805693,48
Qwen-3-Coder-480B,1164,moderate,correct,0.8166931999090289,49
Qwen-3-Coder-480B,1164,moderate,correct,1.0593739170613377,50
Qwen-3-Coder-480B,1101,moderate,correct,10.696297266124256,1
Qwen-3-Coder-480B,1101,moderate,correct,1.226198413982845,2
Qwen-3-Coder-480B,1101,moderate,correct,1.0245549121228632,3
Qwen-3-Coder-480B,1101,moderate,correct,0.9542794431420389,4
Qwen-3-Coder-480B,1101,moderate,correct,1.0010168314642003,5
Qwen-3-Coder-480B,1101,moderate,correct,1.0396108479708648,6
Qwen-3-Coder-480B,1101,moderate,correct,0.9687041312316986,7
Qwen-3-Coder-480B,1101,moderate,correct,1.0040887937131242,8
Qwen-3-Coder-480B,1101,moderate,correct,0.9205112496489484,9
Qwen-3-Coder-480B,1101,moderate,correct,0.8958253506911021,10
Qwen-3-Coder-480B,1101,moderate,correct,1.007499137128573,11
Qwen-3-Coder-480B,1101,moderate,correct,1.0395354958087748,12
Qwen-3-Coder-480B,1101,moderate,correct,1.0684519477999321,13
Qwen-3-Coder-480B,1101,moderate,correct,1.0330054982944012,14
Qwen-3-Coder-480B,1101,moderate,correct,0.8070348317951771,15
Qwen-3-Coder-480B,1101,moderate,correct,0.9842347663042206,16
Qwen-3-Coder-480B,1101,moderate,correct,1.017237783334037,17
Qwen-3-Coder-480B,1101,moderate,correct,1.0147382038181605,18
Qwen-3-Coder-480B,1101,moderate,correct,1.1184396852681502,19
Qwen-3-Coder-480B,1101,moderate,correct,1.1112727952366968,20
Qwen-3-Coder-480B,1101,moderate,correct,1.0062524935168562,21
Qwen-3-Coder-480B,1101,moderate,correct,1.0477084505960408,22
Qwen-3-Coder-480B,1101,moderate,correct,1.0790287038521822,23
Qwen-3-Coder-480B,1101,moderate,correct,0.991335542894028,24
Qwen-3-Coder-480B,1101,moderate,correct,0.8314740491360145,25
Qwen-3-Coder-480B,1101,moderate,correct,0.9600038897262605,26
Qwen-3-Coder-480B,1101,moderate,correct,1.2032045264745677,27
Qwen-3-Coder-480B,1101,moderate,correct,0.9672388922508328,28
Qwen-3-Coder-480B,1101,moderate,correct,0.9877647812618932,29
Qwen-3-Coder-480B,1101,moderate,correct,1.0584533158124168,30
Qwen-3-Coder-480B,1101,moderate,correct,0.952912974164205,31
Qwen-3-Coder-480B,1101,moderate,correct,0.9720118810032049,32
Qwen-3-Coder-480B,1101,moderate,correct,1.0081009216347563,33
Qwen-3-Coder-480B,1101,moderate,correct,1.0126695360710531,34
Qwen-3-Coder-480B,1101,moderate,correct,1.175721593860639,35
Qwen-3-Coder-480B,1101,moderate,correct,1.0045527375792356,36
Qwen-3-Coder-480B,1101,moderate,correct,1.0308229501607717,37
Qwen-3-Coder-480B,1101,moderate,correct,0.9830769138825085,38
Qwen-3-Coder-480B,1101,moderate,correct,1.0354353881555045,39
Qwen-3-Coder-480B,1101,moderate,correct,1.0858582576843447,40
Qwen-3-Coder-480B,1101,moderate,correct,1.0001249849836003,41
Qwen-3-Coder-480B,1101,moderate,correct,1.0303680270199973,42
Qwen-3-Coder-480B,1101,moderate,correct,0.9655066555476227,43
Qwen-3-Coder-480B,1101,moderate,correct,1.014233842045305,44
Qwen-3-Coder-480B,1101,moderate,correct,1.0285879375862332,45
Qwen-3-Coder-480B,1101,moderate,correct,0.9394192078687966,46
Qwen-3-Coder-480B,1101,moderate,correct,0.9939597800025396,47
Qwen-3-Coder-480B,1101,moderate,correct,1.0381722040313994,48
Qwen-3-Coder-480B,1101,moderate,correct,0.8945306341603162,49
Qwen-3-Coder-480B,1101,moderate,correct,0.9853820112521007,50
Qwen-3-Coder-480B,508,moderate,correct,13.854983706997617,1
Qwen-3-Coder-480B,508,moderate,correct,1.0149733630873807,2
Qwen-3-Coder-480B,508,moderate,correct,1.084059667494503,3
Qwen-3-Coder-480B,508,moderate,correct,0.9913522886718026,4
Qwen-3-Coder-480B,508,moderate,correct,0.9644903714301208,5
Qwen-3-Coder-480B,508,moderate,correct,0.9753372442149791,6
Qwen-3-Coder-480B,508,moderate,correct,1.0130719405868622,7
Qwen-3-Coder-480B,508,moderate,correct,1.0411334296825363,8
Qwen-3-Coder-480B,508,moderate,correct,1.0335019503140848,9
Qwen-3-Coder-480B,508,moderate,correct,1.053548286553257,10
Qwen-3-Coder-480B,508,moderate,correct,1.0088245058672922,11
Qwen-3-Coder-480B,508,moderate,correct,0.9672837721348643,12
Qwen-3-Coder-480B,508,moderate,correct,0.9077177716952841,13
Qwen-3-Coder-480B,508,moderate,correct,1.030524692363668,14
Qwen-3-Coder-480B,508,moderate,correct,1.6248753221462262,15
Qwen-3-Coder-480B,508,moderate,correct,0.9734555277703946,16
Qwen-3-Coder-480B,508,moderate,correct,0.8716461138724135,17
Qwen-3-Coder-480B,508,moderate,correct,0.9167787031564084,18
Qwen-3-Coder-480B,508,moderate,correct,1.086179677793636,19
Qwen-3-Coder-480B,508,moderate,correct,0.9086389623302374,20
Qwen-3-Coder-480B,508,moderate,correct,1.1045757862037608,21
Qwen-3-Coder-480B,508,moderate,correct,0.9666422011322224,22
Qwen-3-Coder-480B,508,moderate,correct,1.0822815409953344,23
Qwen-3-Coder-480B,508,moderate,correct,1.0302648050992422,24
Qwen-3-Coder-480B,508,moderate,correct,0.9604758633545875,25
Qwen-3-Coder-480B,508,moderate,correct,1.0901799370280618,26
Qwen-3-Coder-480B,508,moderate,correct,1.03306537832228,27
Qwen-3-Coder-480B,508,moderate,correct,1.050328403707411,28
Qwen-3-Coder-480B,508,moderate,correct,1.0347879153744053,29
Qwen-3-Coder-480B,508,moderate,correct,0.9354884461803662,30
Qwen-3-Coder-480B,508,moderate,correct,1.0991466267865824,31
Qwen-3-Coder-480B,508,moderate,correct,1.0301597063526486,32
Qwen-3-Coder-480B,508,moderate,correct,0.9913998851581939,33
Qwen-3-Coder-480B,508,moderate,correct,1.133454198854888,34
Qwen-3-Coder-480B,508,moderate,correct,0.955408684876336,35
Qwen-3-Coder-480B,508,moderate,correct,0.9355771498230092,36
Qwen-3-Coder-480B,508,moderate,correct,0.9976890739415959,37
Qwen-3-Coder-480B,508,moderate,correct,1.0018538939360218,38
Qwen-3-Coder-480B,508,moderate,correct,0.9218035150342038,39
Qwen-3-Coder-480B,508,moderate,correct,0.9460838945056541,40
Qwen-3-Coder-480B,508,moderate,correct,0.9605195427910618,41
Qwen-3-Coder-480B,508,moderate,correct,0.9674828767555586,42
Qwen-3-Coder-480B,508,moderate,correct,0.9744428356855793,43
Qwen-3-Coder-480B,508,moderate,correct,0.9599794627532103,44
Qwen-3-Coder-480B,508,moderate,correct,0.9986941746055688,45
Qwen-3-Coder-480B,508,moderate,correct,0.9989051129338254,46
Qwen-3-Coder-480B,508,moderate,correct,0.996456856179159,47
Qwen-3-Coder-480B,508,moderate,correct,0.9226063096699827,48
Qwen-3-Coder-480B,508,moderate,correct,0.9602016385374157,49
Qwen-3-Coder-480B,508,moderate,correct,0.9467833246434897,50
Qwen-3-Coder-480B,522,moderate,semantic,,1
Qwen-3-Coder-480B,522,moderate,semantic,,2
Qwen-3-Coder-480B,522,moderate,semantic,,3
Qwen-3-Coder-480B,522,moderate,semantic,,4
Qwen-3-Coder-480B,522,moderate,semantic,,5
Qwen-3-Coder-480B,522,moderate,semantic,,6
Qwen-3-Coder-480B,522,moderate,semantic,,7
Qwen-3-Coder-480B,522,moderate,semantic,,8
Qwen-3-Coder-480B,522,moderate,semantic,,9
Qwen-3-Coder-480B,522,moderate,semantic,,10
Qwen-3-Coder-480B,522,moderate,semantic,,11
Qwen-3-Coder-480B,522,moderate,semantic,,12
Qwen-3-Coder-480B,522,moderate,semantic,,13
Qwen-3-Coder-480B,522,moderate,semantic,,14
Qwen-3-Coder-480B,522,moderate,semantic,,15
Qwen-3-Coder-480B,522,moderate,semantic,,16
Qwen-3-Coder-480B,522,moderate,semantic,,17
Qwen-3-Coder-480B,522,moderate,semantic,,18
Qwen-3-Coder-480B,522,moderate,semantic,,19
Qwen-3-Coder-480B,522,moderate,semantic,,20
Qwen-3-Coder-480B,522,moderate,semantic,,21
Qwen-3-Coder-480B,522,moderate,semantic,,22
Qwen-3-Coder-480B,522,moderate,semantic,,23
Qwen-3-Coder-480B,522,moderate,semantic,,24
Qwen-3-Coder-480B,522,moderate,semantic,,25
Qwen-3-Coder-480B,522,moderate,semantic,,26
Qwen-3-Coder-480B,522,moderate,semantic,,27
Qwen-3-Coder-480B,522,moderate,semantic,,28
Qwen-3-Coder-480B,522,moderate,semantic,,29
Qwen-3-Coder-480B,522,moderate,semantic,,30
Qwen-3-Coder-480B,522,moderate,semantic,,31
Qwen-3-Coder-480B,522,moderate,semantic,,32
Qwen-3-Coder-480B,522,moderate,semantic,,33
Qwen-3-Coder-480B,522,moderate,semantic,,34
Qwen-3-Coder-480B,522,moderate,semantic,,35
Qwen-3-Coder-480B,522,moderate,semantic,,36
Qwen-3-Coder-480B,522,moderate,semantic,,37
Qwen-3-Coder-480B,522,moderate,semantic,,38
Qwen-3-Coder-480B,522,moderate,semantic,,39
Qwen-3-Coder-480B,522,moderate,semantic,,40
Qwen-3-Coder-480B,522,moderate,semantic,,41
Qwen-3-Coder-480B,522,moderate,semantic,,42
Qwen-3-Coder-480B,522,moderate,semantic,,43
Qwen-3-Coder-480B,522,moderate,semantic,,44
Qwen-3-Coder-480B,522,moderate,semantic,,45
Qwen-3-Coder-480B,522,moderate,semantic,,46
Qwen-3-Coder-480B,522,moderate,semantic,,47
Qwen-3-Coder-480B,522,moderate,semantic,,48
Qwen-3-Coder-480B,522,moderate,semantic,,49
Qwen-3-Coder-480B,522,moderate,semantic,,50
Qwen-3-Coder-480B,822,moderate,correct,8.58289514382926,1
Qwen-3-Coder-480B,822,moderate,correct,2.3083956774729844,2
Qwen-3-Coder-480B,822,moderate,correct,1.3363005431502715,3
Qwen-3-Coder-480B,822,moderate,correct,1.336433611289288,4
Qwen-3-Coder-480B,822,moderate,correct,1.2742324385147084,5
Qwen-3-Coder-480B,822,moderate,correct,0.8507598784194529,6
Qwen-3-Coder-480B,822,moderate,correct,1.158264199106573,7
Qwen-3-Coder-480B,822,moderate,correct,1.2576648133439237,8
Qwen-3-Coder-480B,822,moderate,correct,1.1983354271356783,9
Qwen-3-Coder-480B,822,moderate,correct,1.8697256167857967,10
Qwen-3-Coder-480B,822,moderate,correct,1.0408921933085502,11
Qwen-3-Coder-480B,822,moderate,correct,1.3670822942643392,12
Qwen-3-Coder-480B,822,moderate,correct,1.3453016335112404,13
Qwen-3-Coder-480B,822,moderate,correct,1.0281522128116427,14
Qwen-3-Coder-480B,822,moderate,correct,1.1893314616599404,15
Qwen-3-Coder-480B,822,moderate,correct,1.56187624750499,16
Qwen-3-Coder-480B,822,moderate,correct,0.962117410938284,17
Qwen-3-Coder-480B,822,moderate,correct,1.9978698224852072,18
Qwen-3-Coder-480B,822,moderate,correct,0.9284680919466324,19
Qwen-3-Coder-480B,822,moderate,correct,1.498989558773998,20
Qwen-3-Coder-480B,822,moderate,correct,1.0949628406275804,21
Qwen-3-Coder-480B,822,moderate,correct,1.1141759297378895,22
Qwen-3-Coder-480B,822,moderate,correct,1.4350556153570146,23
Qwen-3-Coder-480B,822,moderate,correct,1.8954280155642023,24
Qwen-3-Coder-480B,822,moderate,correct,1.7748730964467005,25
Qwen-3-Coder-480B,822,moderate,correct,1.2242432657595113,26
Qwen-3-Coder-480B,822,moderate,correct,1.3305673485140872,27
Qwen-3-Coder-480B,822,moderate,correct,1.206824062095731,28
Qwen-3-Coder-480B,822,moderate,correct,1.0760508308895407,29
Qwen-3-Coder-480B,822,moderate,correct,1.6011940298507463,30
Qwen-3-Coder-480B,822,moderate,correct,1.2790846535445672,31
Qwen-3-Coder-480B,822,moderate,correct,1.1012722646310433,32
Qwen-3-Coder-480B,822,moderate,correct,1.7462175278332857,33
Qwen-3-Coder-480B,822,moderate,correct,1.3366659177712874,34
Qwen-3-Coder-480B,822,moderate,correct,1.3447316753926701,35
Qwen-3-Coder-480B,822,moderate,correct,1.2696102215752871,36
Qwen-3-Coder-480B,822,moderate,correct,1.6603282626100881,37
Qwen-3-Coder-480B,822,moderate,correct,1.3140794223826715,38
Qwen-3-Coder-480B,822,moderate,correct,1.5937688139674895,39
Qwen-3-Coder-480B,822,moderate,correct,1.2654811051127342,40
Qwen-3-Coder-480B,822,moderate,correct,1.225137614678899,41
Qwen-3-Coder-480B,822,moderate,correct,0.8704148646484062,42
Qwen-3-Coder-480B,822,moderate,correct,1.3496677740863787,43
Qwen-3-Coder-480B,822,moderate,correct,1.4178558360775704,44
Qwen-3-Coder-480B,822,moderate,correct,0.8785635359116022,45
Qwen-3-Coder-480B,822,moderate,correct,1.190339892665474,46
Qwen-3-Coder-480B,822,moderate,correct,1.2797534376481745,47
Qwen-3-Coder-480B,822,moderate,correct,1.19573727707699,48
Qwen-3-Coder-480B,822,moderate,correct,1.3314708299096139,49
Qwen-3-Coder-480B,822,moderate,correct,1.3550995024875623,50
Qwen-3-Coder-480B,1474,moderate,correct,7.608365525509525,1
Qwen-3-Coder-480B,1474,moderate,correct,1.3375399928901528,2
Qwen-3-Coder-480B,1474,moderate,correct,1.1922029281579842,3
Qwen-3-Coder-480B,1474,moderate,correct,1.5590964098426785,4
Qwen-3-Coder-480B,1474,moderate,correct,1.2928367622766181,5
Qwen-3-Coder-480B,1474,moderate,correct,1.186224967246865,6
Qwen-3-Coder-480B,1474,moderate,correct,1.4234584711145692,7
Qwen-3-Coder-480B,1474,moderate,correct,1.3405785259029253,8
Qwen-3-Coder-480B,1474,moderate,correct,1.1975598310652276,9
Qwen-3-Coder-480B,1474,moderate,correct,1.245644004099761,10
Qwen-3-Coder-480B,1474,moderate,correct,1.2880597014925372,11
Qwen-3-Coder-480B,1474,moderate,correct,1.2640135478408128,12
Qwen-3-Coder-480B,1474,moderate,correct,1.376645080426154,13
Qwen-3-Coder-480B,1474,moderate,correct,1.1979855209316965,14
Qwen-3-Coder-480B,1474,moderate,correct,1.3109303148213654,15
Qwen-3-Coder-480B,1474,moderate,correct,1.2228173540439207,16
Qwen-3-Coder-480B,1474,moderate,correct,0.9054104246626222,17
Qwen-3-Coder-480B,1474,moderate,correct,1.3511623841985667,18
Qwen-3-Coder-480B,1474,moderate,correct,1.2497168030207677,19
Qwen-3-Coder-480B,1474,moderate,correct,1.3506493506493507,20
Qwen-3-Coder-480B,1474,moderate,correct,1.2365644576327068,21
Qwen-3-Coder-480B,1474,moderate,correct,1.2492547201059954,22
Qwen-3-Coder-480B,1474,moderate,correct,1.1744891443167305,23
Qwen-3-Coder-480B,1474,moderate,correct,1.15959627818956,24
Qwen-3-Coder-480B,1474,moderate,correct,1.1579905903779026,25
Qwen-3-Coder-480B,1474,moderate,correct,1.204841149773071,26
Qwen-3-Coder-480B,1474,moderate,correct,1.1253260302556076,27
Qwen-3-Coder-480B,1474,moderate,correct,1.7052558462607086,28
Qwen-3-Coder-480B,1474,moderate,correct,1.0051124744376279,29
Qwen-3-Coder-480B,1474,moderate,correct,1.3368314150304672,30
Qwen-3-Coder-480B,1474,moderate,correct,1.2920455853574306,31
Qwen-3-Coder-480B,1474,moderate,correct,1.1450950570342204,32
Qwen-3-Coder-480B,1474,moderate,correct,1.351010101010101,33
Qwen-3-Coder-480B,1474,moderate,correct,1.4250181554103123,34
Qwen-3-Coder-480B,1474,moderate,correct,1.306368635799184,35
Qwen-3-Coder-480B,1474,moderate,correct,1.5758977149075082,36
Qwen-3-Coder-480B,1474,moderate,correct,1.227088948787062,37
Qwen-3-Coder-480B,1474,moderate,correct,1.3017349311393311,38
Qwen-3-Coder-480B,1474,moderate,correct,1.0562686999324389,39
Qwen-3-Coder-480B,1474,moderate,correct,1.1778262223606353,40
Qwen-3-Coder-480B,1474,moderate,correct,1.400939439691327,41
Qwen-3-Coder-480B,1474,moderate,correct,0.6450329928590798,42
Qwen-3-Coder-480B,1474,moderate,correct,1.1784153005464482,43
Qwen-3-Coder-480B,1474,moderate,correct,1.247164083719444,44
Qwen-3-Coder-480B,1474,moderate,correct,0.937260723494023,45
Qwen-3-Coder-480B,1474,moderate,correct,0.45230535615681944,46
Qwen-3-Coder-480B,1474,moderate,correct,1.1188539741219963,47
Qwen-3-Coder-480B,1474,moderate,correct,1.1162862430598397,48
Qwen-3-Coder-480B,1474,moderate,correct,0.93727499307671,49
Qwen-3-Coder-480B,1474,moderate,correct,1.2110399512046355,50
Qwen-3-Coder-480B,1229,moderate,correct,6.119943299531131,1
Qwen-3-Coder-480B,1229,moderate,correct,1.0747671704944493,2
Qwen-3-Coder-480B,1229,moderate,correct,1.0334546029737426,3
Qwen-3-Coder-480B,1229,moderate,correct,0.9672743545343113,4
Qwen-3-Coder-480B,1229,moderate,correct,0.9131723189556662,5
Qwen-3-Coder-480B,1229,moderate,correct,1.026872017005575,6
Qwen-3-Coder-480B,1229,moderate,correct,1.023832328581892,7
Qwen-3-Coder-480B,1229,moderate,correct,1.210548738922972,8
Qwen-3-Coder-480B,1229,moderate,correct,0.9651382167172504,9
Qwen-3-Coder-480B,1229,moderate,correct,0.9287192683131485,10
Qwen-3-Coder-480B,1229,moderate,correct,1.0869008935824533,11
Qwen-3-Coder-480B,1229,moderate,correct,1.0504343062837467,12
Qwen-3-Coder-480B,1229,moderate,correct,1.0565915515075377,13
Qwen-3-Coder-480B,1229,moderate,correct,0.9480298105129629,14
Qwen-3-Coder-480B,1229,moderate,correct,0.8202072448319849,15
Qwen-3-Coder-480B,1229,moderate,correct,1.0403884969723616,16
Qwen-3-Coder-480B,1229,moderate,correct,0.8674252763750512,17
Qwen-3-Coder-480B,1229,moderate,correct,0.8810931115002919,18
Qwen-3-Coder-480B,1229,moderate,correct,0.832909506146844,19
Qwen-3-Coder-480B,1229,moderate,correct,0.9027390213104276,20
Qwen-3-Coder-480B,1229,moderate,correct,1.2332068241276393,21
Qwen-3-Coder-480B,1229,moderate,correct,1.1941558032621702,22
Qwen-3-Coder-480B,1229,moderate,correct,1.0970451189814194,23
Qwen-3-Coder-480B,1229,moderate,correct,1.063077914487389,24
Qwen-3-Coder-480B,1229,moderate,correct,1.077090474906598,25
Qwen-3-Coder-480B,1229,moderate,correct,1.019354577479046,26
Qwen-3-Coder-480B,1229,moderate,correct,0.992086038961039,27
Qwen-3-Coder-480B,1229,moderate,correct,1.1804410430391732,28
Qwen-3-Coder-480B,1229,moderate,correct,0.9668365780261623,29
Qwen-3-Coder-480B,1229,moderate,correct,0.919695644105093,30
Qwen-3-Coder-480B,1229,moderate,correct,0.6684850296418074,31
Qwen-3-Coder-480B,1229,moderate,correct,1.011450895864206,32
Qwen-3-Coder-480B,1229,moderate,correct,1.16552047182064,33
Qwen-3-Coder-480B,1229,moderate,correct,0.9771443290117627,34
Qwen-3-Coder-480B,1229,moderate,correct,1.1099793027880362,35
Qwen-3-Coder-480B,1229,moderate,correct,1.1409749097708397,36
Qwen-3-Coder-480B,1229,moderate,correct,0.9686391445169914,37
Qwen-3-Coder-480B,1229,moderate,correct,1.053638966086466,38
Qwen-3-Coder-480B,1229,moderate,correct,0.8626297895800791,39
Qwen-3-Coder-480B,1229,moderate,correct,1.1510153371604832,40
Qwen-3-Coder-480B,1229,moderate,correct,0.9060036385688296,41
Qwen-3-Coder-480B,1229,moderate,correct,0.9870428079383303,42
Qwen-3-Coder-480B,1229,moderate,correct,1.022609015038668,43
Qwen-3-Coder-480B,1229,moderate,correct,1.096651528649964,44
Qwen-3-Coder-480B,1229,moderate,correct,1.0547762445681177,45
Qwen-3-Coder-480B,1229,moderate,correct,1.2666822030606697,46
Qwen-3-Coder-480B,1229,moderate,correct,0.9360953602913786,47
Qwen-3-Coder-480B,1229,moderate,correct,1.2648898336262928,48
Qwen-3-Coder-480B,1229,moderate,correct,0.9205291631678207,49
Qwen-3-Coder-480B,1229,moderate,correct,1.155721709386717,50
Qwen-3-Coder-480B,1162,moderate,correct,0.808599720874593,1
Qwen-3-Coder-480B,1162,moderate,correct,1.1707433594496466,2
Qwen-3-Coder-480B,1162,moderate,correct,1.452232776503985,3
Qwen-3-Coder-480B,1162,moderate,correct,1.2059090085191226,4
Qwen-3-Coder-480B,1162,moderate,correct,0.809265944645006,5
Qwen-3-Coder-480B,1162,moderate,correct,0.902834008097166,6
Qwen-3-Coder-480B,1162,moderate,correct,0.9689564068692206,7
Qwen-3-Coder-480B,1162,moderate,correct,1.2331833644244485,8
Qwen-3-Coder-480B,1162,moderate,correct,1.1805475337876863,9
Qwen-3-Coder-480B,1162,moderate,correct,0.9466582711163084,10
Qwen-3-Coder-480B,1162,moderate,correct,0.9222088215024121,11
Qwen-3-Coder-480B,1162,moderate,correct,1.0298522364217253,12
Qwen-3-Coder-480B,1162,moderate,correct,1.214939541191095,13
Qwen-3-Coder-480B,1162,moderate,correct,1.4854749358194839,14
Qwen-3-Coder-480B,1162,moderate,correct,0.8397380452242679,15
Qwen-3-Coder-480B,1162,moderate,correct,1.2438625204582652,16
Qwen-3-Coder-480B,1162,moderate,correct,1.1953553381356843,17
Qwen-3-Coder-480B,1162,moderate,correct,0.9303142004563806,18
Qwen-3-Coder-480B,1162,moderate,correct,1.2216154721274175,19
Qwen-3-Coder-480B,1162,moderate,correct,0.8551620315347437,20
Qwen-3-Coder-480B,1162,moderate,correct,1.21569942972157,21
Qwen-3-Coder-480B,1162,moderate,correct,1.2115406545786294,22
Qwen-3-Coder-480B,1162,moderate,correct,1.191217745586238,23
Qwen-3-Coder-480B,1162,moderate,correct,0.9879542463812127,24
Qwen-3-Coder-480B,1162,moderate,correct,1.5589451438022603,25
Qwen-3-Coder-480B,1162,moderate,correct,0.4710371460095623,26
Qwen-3-Coder-480B,1162,moderate,correct,1.1060916442048518,27
Qwen-3-Coder-480B,1162,moderate,correct,1.1608334308790822,28
Qwen-3-Coder-480B,1162,moderate,correct,1.2807528840315725,29
Qwen-3-Coder-480B,1162,moderate,correct,1.723431734317343,30
Qwen-3-Coder-480B,1162,moderate,correct,1.7119367588932806,31
Qwen-3-Coder-480B,1162,moderate,correct,1.333149900946511,32
Qwen-3-Coder-480B,1162,moderate,correct,1.2367144307796458,33
Qwen-3-Coder-480B,1162,moderate,correct,1.1657542322917545,34
Qwen-3-Coder-480B,1162,moderate,correct,1.0910418187506519,35
Qwen-3-Coder-480B,1162,moderate,correct,1.212033387433341,36
Qwen-3-Coder-480B,1162,moderate,correct,1.1409031953779036,37
Qwen-3-Coder-480B,1162,moderate,correct,1.343540085492454,38
Qwen-3-Coder-480B,1162,moderate,correct,1.2958857599360896,39
Qwen-3-Coder-480B,1162,moderate,correct,0.8776497221650545,40
Qwen-3-Coder-480B,1162,moderate,correct,1.3125,41
Qwen-3-Coder-480B,1162,moderate,correct,1.203008356545961,42
Qwen-3-Coder-480B,1162,moderate,correct,1.0672410378292732,43
Qwen-3-Coder-480B,1162,moderate,correct,1.0337137472515967,44
Qwen-3-Coder-480B,1162,moderate,correct,1.661278100530437,45
Qwen-3-Coder-480B,1162,moderate,correct,1.3928266438941077,46
Qwen-3-Coder-480B,1162,moderate,correct,1.5296416938110748,47
Qwen-3-Coder-480B,1162,moderate,correct,1.2256832797427653,48
Qwen-3-Coder-480B,1162,moderate,correct,1.2957820277705003,49
Qwen-3-Coder-480B,1162,moderate,correct,1.2152395915161036,50
Qwen-3-Coder-480B,213,moderate,correct,7.955195563339171,1
Qwen-3-Coder-480B,213,moderate,correct,1.463922638234565,2
Qwen-3-Coder-480B,213,moderate,correct,1.4304255961364323,3
Qwen-3-Coder-480B,213,moderate,correct,1.5979334447652334,4
Qwen-3-Coder-480B,213,moderate,correct,1.3730167789065175,5
Qwen-3-Coder-480B,213,moderate,correct,1.7261280167890871,6
Qwen-3-Coder-480B,213,moderate,correct,1.4201801064265247,7
Qwen-3-Coder-480B,213,moderate,correct,1.0757627699691463,8
Qwen-3-Coder-480B,213,moderate,correct,1.1896978702327885,9
Qwen-3-Coder-480B,213,moderate,correct,1.28014440433213,10
Qwen-3-Coder-480B,213,moderate,correct,1.4514256876103961,11
Qwen-3-Coder-480B,213,moderate,correct,1.618591279348347,12
Qwen-3-Coder-480B,213,moderate,correct,1.291619691845171,13
Qwen-3-Coder-480B,213,moderate,correct,1.3064128943758573,14
Qwen-3-Coder-480B,213,moderate,correct,1.6821192052980132,15
Qwen-3-Coder-480B,213,moderate,correct,1.2942124542124542,16
Qwen-3-Coder-480B,213,moderate,correct,1.1471215351812367,17
Qwen-3-Coder-480B,213,moderate,correct,1.5419617943764756,18
Qwen-3-Coder-480B,213,moderate,correct,1.5897064153678868,19
Qwen-3-Coder-480B,213,moderate,correct,2.6002560819462226,20
Qwen-3-Coder-480B,213,moderate,correct,0.838909701588942,21
Qwen-3-Coder-480B,213,moderate,correct,1.986545853926414,22
Qwen-3-Coder-480B,213,moderate,correct,1.3338002801681008,23
Qwen-3-Coder-480B,213,moderate,correct,1.1356219814645607,24
Qwen-3-Coder-480B,213,moderate,correct,1.3523809523809525,25
Qwen-3-Coder-480B,213,moderate,correct,1.4115559061329126,26
Qwen-3-Coder-480B,213,moderate,correct,1.6737745098039216,27
Qwen-3-Coder-480B,213,moderate,correct,1.2007101792357118,28
Qwen-3-Coder-480B,213,moderate,correct,1.4597795018374846,29
Qwen-3-Coder-480B,213,moderate,correct,1.4670152855993563,30
Qwen-3-Coder-480B,213,moderate,correct,1.2971830985915493,31
Qwen-3-Coder-480B,213,moderate,correct,1.2375,32
Qwen-3-Coder-480B,213,moderate,correct,1.1235756385068763,33
Qwen-3-Coder-480B,213,moderate,correct,1.3193329215565164,34
Qwen-3-Coder-480B,213,moderate,correct,1.4642289348171702,35
Qwen-3-Coder-480B,213,moderate,correct,1.3401647194024133,36
Qwen-3-Coder-480B,213,moderate,correct,2.3851397409679618,37
Qwen-3-Coder-480B,213,moderate,correct,1.2870662460567823,38
Qwen-3-Coder-480B,213,moderate,correct,1.6058657062001545,39
Qwen-3-Coder-480B,213,moderate,correct,0.6576627011896431,40
Qwen-3-Coder-480B,213,moderate,correct,0.4960414808206958,41
Qwen-3-Coder-480B,213,moderate,correct,1.2417391304347827,42
Qwen-3-Coder-480B,213,moderate,correct,1.4140610195186658,43
Qwen-3-Coder-480B,213,moderate,correct,0.9889544560447874,44
Qwen-3-Coder-480B,213,moderate,correct,1.4213185147764587,45
Qwen-3-Coder-480B,213,moderate,correct,1.003627569528416,46
Qwen-3-Coder-480B,213,moderate,correct,1.3476923076923077,47
Qwen-3-Coder-480B,213,moderate,correct,1.161847540368006,48
Qwen-3-Coder-480B,213,moderate,correct,1.309570838570659,49
Qwen-3-Coder-480B,213,moderate,correct,1.2401145106459117,50
Qwen-3-Coder-480B,1103,moderate,correct,1.1527354451841945,1
Qwen-3-Coder-480B,1103,moderate,correct,0.9127543291787338,2
Qwen-3-Coder-480B,1103,moderate,correct,0.9034535043647183,3
Qwen-3-Coder-480B,1103,moderate,correct,0.9569785360637311,4
Qwen-3-Coder-480B,1103,moderate,correct,0.8385008403045163,5
Qwen-3-Coder-480B,1103,moderate,correct,0.9585963670521619,6
Qwen-3-Coder-480B,1103,moderate,correct,0.8830733101560875,7
Qwen-3-Coder-480B,1103,moderate,correct,0.9159961894493532,8
Qwen-3-Coder-480B,1103,moderate,correct,0.9117060748955632,9
Qwen-3-Coder-480B,1103,moderate,correct,0.9641533080189297,10
Qwen-3-Coder-480B,1103,moderate,correct,0.9796575459354913,11
Qwen-3-Coder-480B,1103,moderate,correct,0.9579216590081643,12
Qwen-3-Coder-480B,1103,moderate,correct,0.8887339671635369,13
Qwen-3-Coder-480B,1103,moderate,correct,0.9265311224382694,14
Qwen-3-Coder-480B,1103,moderate,correct,0.9789430429569237,15
Qwen-3-Coder-480B,1103,moderate,correct,1.0395606598991973,16
Qwen-3-Coder-480B,1103,moderate,correct,0.9782318275555824,17
Qwen-3-Coder-480B,1103,moderate,correct,0.94801600652534,18
Qwen-3-Coder-480B,1103,moderate,correct,0.9967788483827598,19
Qwen-3-Coder-480B,1103,moderate,correct,0.8344039669672494,20
Qwen-3-Coder-480B,1103,moderate,correct,0.881300928284999,21
Qwen-3-Coder-480B,1103,moderate,correct,0.9625856687795618,22
Qwen-3-Coder-480B,1103,moderate,correct,1.004727955457245,23
Qwen-3-Coder-480B,1103,moderate,correct,0.9841162359489779,24
Qwen-3-Coder-480B,1103,moderate,correct,0.8781009947222536,25
Qwen-3-Coder-480B,1103,moderate,correct,0.9590691722233448,26
Qwen-3-Coder-480B,1103,moderate,correct,0.9023889094734312,27
Qwen-3-Coder-480B,1103,moderate,correct,0.9385746222470313,28
Qwen-3-Coder-480B,1103,moderate,correct,1.0041830133035738,29
Qwen-3-Coder-480B,1103,moderate,correct,0.9509598560393758,30
Qwen-3-Coder-480B,1103,moderate,correct,0.989369871703909,31
Qwen-3-Coder-480B,1103,moderate,correct,0.9480146723113648,32
Qwen-3-Coder-480B,1103,moderate,correct,0.9393997811510866,33
Qwen-3-Coder-480B,1103,moderate,correct,1.0151093216913876,34
Qwen-3-Coder-480B,1103,moderate,correct,1.0054325246626878,35
Qwen-3-Coder-480B,1103,moderate,correct,0.9320384313516821,36
Qwen-3-Coder-480B,1103,moderate,correct,0.9900434630435768,37
Qwen-3-Coder-480B,1103,moderate,correct,0.9583663325902956,38
Qwen-3-Coder-480B,1103,moderate,correct,1.0950288375525723,39
Qwen-3-Coder-480B,1103,moderate,correct,0.9089590587651101,40
Qwen-3-Coder-480B,1103,moderate,correct,0.955371683043306,41
Qwen-3-Coder-480B,1103,moderate,correct,0.9863332305156689,42
Qwen-3-Coder-480B,1103,moderate,correct,0.8905511566205124,43
Qwen-3-Coder-480B,1103,moderate,correct,0.9634807919183584,44
Qwen-3-Coder-480B,1103,moderate,correct,1.086621924884617,45
Qwen-3-Coder-480B,1103,moderate,correct,0.9159527138227508,46
Qwen-3-Coder-480B,1103,moderate,correct,0.9636874773742006,47
Qwen-3-Coder-480B,1103,moderate,correct,0.9279415633220593,48
Qwen-3-Coder-480B,1103,moderate,correct,0.8752166865428355,49
Qwen-3-Coder-480B,1103,moderate,correct,0.9234021053996684,50
Qwen-3-Coder-480B,236,moderate,correct,8.472893946578157,1
Qwen-3-Coder-480B,236,moderate,correct,0.993411373376831,2
Qwen-3-Coder-480B,236,moderate,correct,1.1264201206612865,3
Qwen-3-Coder-480B,236,moderate,correct,0.9946899623158616,4
Qwen-3-Coder-480B,236,moderate,correct,1.069502310431028,5
Qwen-3-Coder-480B,236,moderate,correct,1.250851101953055,6
Qwen-3-Coder-480B,236,moderate,correct,1.4610904384403818,7
Qwen-3-Coder-480B,236,moderate,correct,0.9673567496316973,8
Qwen-3-Coder-480B,236,moderate,correct,1.0241113506009571,9
Qwen-3-Coder-480B,236,moderate,correct,1.3695441319107662,10
Qwen-3-Coder-480B,236,moderate,correct,0.9928858967240421,11
Qwen-3-Coder-480B,236,moderate,correct,1.0962324103495233,12
Qwen-3-Coder-480B,236,moderate,correct,0.9751445086705203,13
Qwen-3-Coder-480B,236,moderate,correct,1.0937376920047264,14
Qwen-3-Coder-480B,236,moderate,correct,1.0047063325043046,15
Qwen-3-Coder-480B,236,moderate,correct,0.9786337209302326,16
Qwen-3-Coder-480B,236,moderate,correct,1.145475937452558,17
Qwen-3-Coder-480B,236,moderate,correct,1.0531665645388026,18
Qwen-3-Coder-480B,236,moderate,correct,1.0385088078656288,19
Qwen-3-Coder-480B,236,moderate,correct,1.2266490659626386,20
Qwen-3-Coder-480B,236,moderate,correct,1.0414482923988628,21
Qwen-3-Coder-480B,236,moderate,correct,1.1678706679820514,22
Qwen-3-Coder-480B,236,moderate,correct,1.1267628001524583,23
Qwen-3-Coder-480B,236,moderate,correct,1.4099888703394547,24
Qwen-3-Coder-480B,236,moderate,correct,1.1319396584730836,25
Qwen-3-Coder-480B,236,moderate,correct,1.2204282066391672,26
Qwen-3-Coder-480B,236,moderate,correct,1.2033314721756934,27
Qwen-3-Coder-480B,236,moderate,correct,1.107753158480857,28
Qwen-3-Coder-480B,236,moderate,correct,1.0291394993157852,29
Qwen-3-Coder-480B,236,moderate,correct,0.9952849698072628,30
Qwen-3-Coder-480B,236,moderate,correct,1.2298721596601612,31
Qwen-3-Coder-480B,236,moderate,correct,0.8743328481319748,32
Qwen-3-Coder-480B,236,moderate,correct,1.385930216132222,33
Qwen-3-Coder-480B,236,moderate,correct,1.0871615514598971,34
Qwen-3-Coder-480B,236,moderate,correct,1.1335546749491272,35
Qwen-3-Coder-480B,236,moderate,correct,1.1894113149847094,36
Qwen-3-Coder-480B,236,moderate,correct,1.0122552994324105,37
Qwen-3-Coder-480B,236,moderate,correct,1.132242241756107,38
Qwen-3-Coder-480B,236,moderate,correct,1.0447209275451639,39
Qwen-3-Coder-480B,236,moderate,correct,1.058519600134786,40
Qwen-3-Coder-480B,236,moderate,correct,1.2523211601379431,41
Qwen-3-Coder-480B,236,moderate,correct,0.6874844116326633,42
Qwen-3-Coder-480B,236,moderate,correct,1.003534942910672,43
Qwen-3-Coder-480B,236,moderate,correct,1.1919883524180537,44
Qwen-3-Coder-480B,236,moderate,correct,1.1174857228734596,45
Qwen-3-Coder-480B,236,moderate,correct,1.6005298671192616,46
Qwen-3-Coder-480B,236,moderate,correct,1.0196948906287835,47
Qwen-3-Coder-480B,236,moderate,correct,1.3727569331158238,48
Qwen-3-Coder-480B,236,moderate,correct,1.2492634814909696,49
Qwen-3-Coder-480B,236,moderate,correct,1.253843624105895,50
Qwen-3-Coder-480B,814,moderate,correct,1.1945858686203898,1
Qwen-3-Coder-480B,814,moderate,correct,1.1692004726270184,2
Qwen-3-Coder-480B,814,moderate,correct,1.2111922141119222,3
Qwen-3-Coder-480B,814,moderate,correct,1.1271907216494845,4
Qwen-3-Coder-480B,814,moderate,correct,1.3097322674787464,5
Qwen-3-Coder-480B,814,moderate,correct,1.2796245600312868,6
Qwen-3-Coder-480B,814,moderate,correct,0.9378354978354978,7
Qwen-3-Coder-480B,814,moderate,correct,1.3038401348260502,8
Qwen-3-Coder-480B,814,moderate,correct,1.1833272749303283,9
Qwen-3-Coder-480B,814,moderate,correct,1.1005751717526762,10
Qwen-3-Coder-480B,814,moderate,correct,1.1946697566628042,11
Qwen-3-Coder-480B,814,moderate,correct,5.327573412488074,12
Qwen-3-Coder-480B,814,moderate,correct,1.1856529426622884,13
Qwen-3-Coder-480B,814,moderate,correct,1.1235081131822449,14
Qwen-3-Coder-480B,814,moderate,correct,1.1646564721085506,15
Qwen-3-Coder-480B,814,moderate,correct,1.1723684210526315,16
Qwen-3-Coder-480B,814,moderate,correct,0.7695897547210766,17
Qwen-3-Coder-480B,814,moderate,correct,1.2898513251454429,18
Qwen-3-Coder-480B,814,moderate,correct,1.2660594903594613,19
Qwen-3-Coder-480B,814,moderate,correct,1.1392298435619734,20
Qwen-3-Coder-480B,814,moderate,correct,1.662965019433648,21
Qwen-3-Coder-480B,814,moderate,correct,1.27000452079566,22
Qwen-3-Coder-480B,814,moderate,correct,0.9975436010808155,23
Qwen-3-Coder-480B,814,moderate,correct,1.3414235412474849,24
Qwen-3-Coder-480B,814,moderate,correct,1.3735543102420413,25
Qwen-3-Coder-480B,814,moderate,correct,1.2469548922500335,26
Qwen-3-Coder-480B,814,moderate,correct,1.396297527990245,27
Qwen-3-Coder-480B,814,moderate,correct,0.8851421970405413,28
Qwen-3-Coder-480B,814,moderate,correct,1.2338872104733132,29
Qwen-3-Coder-480B,814,moderate,correct,1.5147119767923747,30
Qwen-3-Coder-480B,814,moderate,correct,1.340397750100442,31
Qwen-3-Coder-480B,814,moderate,correct,0.684584255936474,32
Qwen-3-Coder-480B,814,moderate,correct,1.1341366525423728,33
Qwen-3-Coder-480B,814,moderate,correct,1.3445727482678984,34
Qwen-3-Coder-480B,814,moderate,correct,1.3351043151483737,35
Qwen-3-Coder-480B,814,moderate,correct,1.144717607973422,36
Qwen-3-Coder-480B,814,moderate,correct,1.2385378721266174,37
Qwen-3-Coder-480B,814,moderate,correct,0.906276150627615,38
Qwen-3-Coder-480B,814,moderate,correct,1.3585834524376688,39
Qwen-3-Coder-480B,814,moderate,correct,1.7162618083670715,40
Qwen-3-Coder-480B,814,moderate,correct,1.1978131212723657,41
Qwen-3-Coder-480B,814,moderate,correct,1.2727272727272727,42
Qwen-3-Coder-480B,814,moderate,correct,1.1378892523930693,43
Qwen-3-Coder-480B,814,moderate,correct,1.4203055292686224,44
Qwen-3-Coder-480B,814,moderate,correct,1.0115147198480532,45
Qwen-3-Coder-480B,814,moderate,correct,1.036192714453584,46
Qwen-3-Coder-480B,814,moderate,correct,1.7634252539912918,47
Qwen-3-Coder-480B,814,moderate,correct,1.9210550416704826,48
Qwen-3-Coder-480B,814,moderate,correct,1.172438306083071,49
Qwen-3-Coder-480B,814,moderate,correct,1.3614642364833818,50
Qwen-3-Coder-480B,1684,Moderate,hallucination,,1
Qwen-3-Coder-480B,1684,Moderate,hallucination,,2
Qwen-3-Coder-480B,1684,Moderate,hallucination,,3
Qwen-3-Coder-480B,1684,Moderate,hallucination,,4
Qwen-3-Coder-480B,1684,Moderate,hallucination,,5
Qwen-3-Coder-480B,1684,Moderate,hallucination,,6
Qwen-3-Coder-480B,1684,Moderate,hallucination,,7
Qwen-3-Coder-480B,1684,Moderate,hallucination,,8
Qwen-3-Coder-480B,1684,Moderate,hallucination,,9
Qwen-3-Coder-480B,1684,Moderate,hallucination,,10
Qwen-3-Coder-480B,1684,Moderate,hallucination,,11
Qwen-3-Coder-480B,1684,Moderate,hallucination,,12
Qwen-3-Coder-480B,1684,Moderate,hallucination,,13
Qwen-3-Coder-480B,1684,Moderate,hallucination,,14
Qwen-3-Coder-480B,1684,Moderate,hallucination,,15
Qwen-3-Coder-480B,1684,Moderate,hallucination,,16
Qwen-3-Coder-480B,1684,Moderate,hallucination,,17
Qwen-3-Coder-480B,1684,Moderate,hallucination,,18
Qwen-3-Coder-480B,1684,Moderate,hallucination,,19
Qwen-3-Coder-480B,1684,Moderate,hallucination,,20
Qwen-3-Coder-480B,1684,Moderate,hallucination,,21
Qwen-3-Coder-480B,1684,Moderate,hallucination,,22
Qwen-3-Coder-480B,1684,Moderate,hallucination,,23
Qwen-3-Coder-480B,1684,Moderate,hallucination,,24
Qwen-3-Coder-480B,1684,Moderate,hallucination,,25
Qwen-3-Coder-480B,1684,Moderate,hallucination,,26
Qwen-3-Coder-480B,1684,Moderate,hallucination,,27
Qwen-3-Coder-480B,1684,Moderate,hallucination,,28
Qwen-3-Coder-480B,1684,Moderate,hallucination,,29
Qwen-3-Coder-480B,1684,Moderate,hallucination,,30
Qwen-3-Coder-480B,1684,Moderate,hallucination,,31
Qwen-3-Coder-480B,1684,Moderate,hallucination,,32
Qwen-3-Coder-480B,1684,Moderate,hallucination,,33
Qwen-3-Coder-480B,1684,Moderate,hallucination,,34
Qwen-3-Coder-480B,1684,Moderate,hallucination,,35
Qwen-3-Coder-480B,1684,Moderate,hallucination,,36
Qwen-3-Coder-480B,1684,Moderate,hallucination,,37
Qwen-3-Coder-480B,1684,Moderate,hallucination,,38
Qwen-3-Coder-480B,1684,Moderate,hallucination,,39
Qwen-3-Coder-480B,1684,Moderate,hallucination,,40
Qwen-3-Coder-480B,1684,Moderate,hallucination,,41
Qwen-3-Coder-480B,1684,Moderate,hallucination,,42
Qwen-3-Coder-480B,1684,Moderate,hallucination,,43
Qwen-3-Coder-480B,1684,Moderate,hallucination,,44
Qwen-3-Coder-480B,1684,Moderate,hallucination,,45
Qwen-3-Coder-480B,1684,Moderate,hallucination,,46
Qwen-3-Coder-480B,1684,Moderate,hallucination,,47
Qwen-3-Coder-480B,1684,Moderate,hallucination,,48
Qwen-3-Coder-480B,1684,Moderate,hallucination,,49
Qwen-3-Coder-480B,1684,Moderate,hallucination,,50
Qwen-3-Coder-480B,255,moderate,correct,3.9480110627280216,1
Qwen-3-Coder-480B,255,moderate,semantic,,2
Qwen-3-Coder-480B,255,moderate,semantic,,3
Qwen-3-Coder-480B,255,moderate,semantic,,4
Qwen-3-Coder-480B,255,moderate,semantic,,5
Qwen-3-Coder-480B,255,moderate,semantic,,6
Qwen-3-Coder-480B,255,moderate,semantic,,7
Qwen-3-Coder-480B,255,moderate,semantic,,8
Qwen-3-Coder-480B,255,moderate,semantic,,9
Qwen-3-Coder-480B,255,moderate,semantic,,10
Qwen-3-Coder-480B,255,moderate,semantic,,11
Qwen-3-Coder-480B,255,moderate,semantic,,12
Qwen-3-Coder-480B,255,moderate,correct,0.9507184384131097,13
Qwen-3-Coder-480B,255,moderate,correct,0.9777092867594409,14
Qwen-3-Coder-480B,255,moderate,semantic,,15
Qwen-3-Coder-480B,255,moderate,semantic,,16
Qwen-3-Coder-480B,255,moderate,correct,0.9766440913981898,17
Qwen-3-Coder-480B,255,moderate,semantic,,18
Qwen-3-Coder-480B,255,moderate,semantic,,19
Qwen-3-Coder-480B,255,moderate,semantic,,20
Qwen-3-Coder-480B,255,moderate,correct,0.8973258399209486,21
Qwen-3-Coder-480B,255,moderate,correct,1.094533741947589,22
Qwen-3-Coder-480B,255,moderate,correct,0.9949065119277886,23
Qwen-3-Coder-480B,255,moderate,correct,0.9005245237876138,24
Qwen-3-Coder-480B,255,moderate,semantic,,25
Qwen-3-Coder-480B,255,moderate,correct,0.9225859955289536,26
Qwen-3-Coder-480B,255,moderate,semantic,,27
Qwen-3-Coder-480B,255,moderate,semantic,,28
Qwen-3-Coder-480B,255,moderate,correct,1.1194252538029905,29
Qwen-3-Coder-480B,255,moderate,correct,0.9809812655988374,30
Qwen-3-Coder-480B,255,moderate,semantic,,31
Qwen-3-Coder-480B,255,moderate,semantic,,32
Qwen-3-Coder-480B,255,moderate,semantic,,33
Qwen-3-Coder-480B,255,moderate,semantic,,34
Qwen-3-Coder-480B,255,moderate,semantic,,35
Qwen-3-Coder-480B,255,moderate,semantic,,36
Qwen-3-Coder-480B,255,moderate,semantic,,37
Qwen-3-Coder-480B,255,moderate,semantic,,38
Qwen-3-Coder-480B,255,moderate,semantic,,39
Qwen-3-Coder-480B,255,moderate,semantic,,40
Qwen-3-Coder-480B,255,moderate,semantic,,41
Qwen-3-Coder-480B,255,moderate,semantic,,42
Qwen-3-Coder-480B,255,moderate,semantic,,43
Qwen-3-Coder-480B,255,moderate,semantic,,44
Qwen-3-Coder-480B,255,moderate,semantic,,45
Qwen-3-Coder-480B,255,moderate,semantic,,46
Qwen-3-Coder-480B,255,moderate,semantic,,47
Qwen-3-Coder-480B,255,moderate,semantic,,48
Qwen-3-Coder-480B,255,moderate,semantic,,49
Qwen-3-Coder-480B,255,moderate,semantic,,50
Qwen-3-Coder-480B,683,moderate,semantic,,1
Qwen-3-Coder-480B,683,moderate,semantic,,2
Qwen-3-Coder-480B,683,moderate,semantic,,3
Qwen-3-Coder-480B,683,moderate,semantic,,4
Qwen-3-Coder-480B,683,moderate,semantic,,5
Qwen-3-Coder-480B,683,moderate,semantic,,6
Qwen-3-Coder-480B,683,moderate,semantic,,7
Qwen-3-Coder-480B,683,moderate,semantic,,8
Qwen-3-Coder-480B,683,moderate,semantic,,9
Qwen-3-Coder-480B,683,moderate,semantic,,10
Qwen-3-Coder-480B,683,moderate,semantic,,11
Qwen-3-Coder-480B,683,moderate,semantic,,12
Qwen-3-Coder-480B,683,moderate,semantic,,13
Qwen-3-Coder-480B,683,moderate,semantic,,14
Qwen-3-Coder-480B,683,moderate,semantic,,15
Qwen-3-Coder-480B,683,moderate,semantic,,16
Qwen-3-Coder-480B,683,moderate,semantic,,17
Qwen-3-Coder-480B,683,moderate,semantic,,18
Qwen-3-Coder-480B,683,moderate,semantic,,19
Qwen-3-Coder-480B,683,moderate,semantic,,20
Qwen-3-Coder-480B,683,moderate,semantic,,21
Qwen-3-Coder-480B,683,moderate,semantic,,22
Qwen-3-Coder-480B,683,moderate,semantic,,23
Qwen-3-Coder-480B,683,moderate,semantic,,24
Qwen-3-Coder-480B,683,moderate,semantic,,25
Qwen-3-Coder-480B,683,moderate,semantic,,26
Qwen-3-Coder-480B,683,moderate,semantic,,27
Qwen-3-Coder-480B,683,moderate,semantic,,28
Qwen-3-Coder-480B,683,moderate,semantic,,29
Qwen-3-Coder-480B,683,moderate,semantic,,30
Qwen-3-Coder-480B,683,moderate,semantic,,31
Qwen-3-Coder-480B,683,moderate,semantic,,32
Qwen-3-Coder-480B,683,moderate,semantic,,33
Qwen-3-Coder-480B,683,moderate,semantic,,34
Qwen-3-Coder-480B,683,moderate,semantic,,35
Qwen-3-Coder-480B,683,moderate,semantic,,36
Qwen-3-Coder-480B,683,moderate,semantic,,37
Qwen-3-Coder-480B,683,moderate,semantic,,38
Qwen-3-Coder-480B,683,moderate,semantic,,39
Qwen-3-Coder-480B,683,moderate,semantic,,40
Qwen-3-Coder-480B,683,moderate,semantic,,41
Qwen-3-Coder-480B,683,moderate,semantic,,42
Qwen-3-Coder-480B,683,moderate,semantic,,43
Qwen-3-Coder-480B,683,moderate,semantic,,44
Qwen-3-Coder-480B,683,moderate,semantic,,45
Qwen-3-Coder-480B,683,moderate,semantic,,46
Qwen-3-Coder-480B,683,moderate,semantic,,47
Qwen-3-Coder-480B,683,moderate,semantic,,48
Qwen-3-Coder-480B,683,moderate,semantic,,49
Qwen-3-Coder-480B,683,moderate,semantic,,50
Qwen-3-Coder-480B,1104,moderate,correct,0.8272774129643775,1
Qwen-3-Coder-480B,1104,moderate,correct,0.9517452424919458,2
Qwen-3-Coder-480B,1104,moderate,correct,0.8323931830456325,3
Qwen-3-Coder-480B,1104,moderate,correct,0.925971555710671,4
Qwen-3-Coder-480B,1104,moderate,correct,0.9230542853651694,5
Qwen-3-Coder-480B,1104,moderate,correct,1.025961536100523,6
Qwen-3-Coder-480B,1104,moderate,correct,1.0926663222451836,7
Qwen-3-Coder-480B,1104,moderate,correct,0.9175690760643941,8
Qwen-3-Coder-480B,1104,moderate,correct,0.849476907397063,9
Qwen-3-Coder-480B,1104,moderate,correct,0.8940699239446248,10
Qwen-3-Coder-480B,1104,moderate,correct,0.9254992634183445,11
Qwen-3-Coder-480B,1104,moderate,correct,0.8183130968641154,12
Qwen-3-Coder-480B,1104,moderate,correct,0.9809037836321836,13
Qwen-3-Coder-480B,1104,moderate,correct,0.8931525010690446,14
Qwen-3-Coder-480B,1104,moderate,correct,0.9396554703629931,15
Qwen-3-Coder-480B,1104,moderate,correct,0.9577761578443981,16
Qwen-3-Coder-480B,1104,moderate,correct,1.019891207573811,17
Qwen-3-Coder-480B,1104,moderate,correct,0.8180904295937338,18
Qwen-3-Coder-480B,1104,moderate,correct,0.9640115473376191,19
Qwen-3-Coder-480B,1104,moderate,correct,0.9544809411661289,20
Qwen-3-Coder-480B,1104,moderate,correct,0.7876657103012943,21
Qwen-3-Coder-480B,1104,moderate,correct,0.9175858988467256,22
Qwen-3-Coder-480B,1104,moderate,correct,0.925457332044283,23
Qwen-3-Coder-480B,1104,moderate,correct,0.898630312044628,24
Qwen-3-Coder-480B,1104,moderate,correct,0.9424164766311688,25
Qwen-3-Coder-480B,1104,moderate,correct,0.8655678914867752,26
Qwen-3-Coder-480B,1104,moderate,correct,0.9674985610315127,27
Qwen-3-Coder-480B,1104,moderate,correct,0.9388158564989654,28
Qwen-3-Coder-480B,1104,moderate,correct,0.9424792451122459,29
Qwen-3-Coder-480B,1104,moderate,correct,0.8389828255215906,30
Qwen-3-Coder-480B,1104,moderate,correct,0.9519712454006106,31
Qwen-3-Coder-480B,1104,moderate,correct,0.9028507689812594,32
Qwen-3-Coder-480B,1104,moderate,correct,0.8998258123390284,33
Qwen-3-Coder-480B,1104,moderate,correct,0.9077011598785555,34
Qwen-3-Coder-480B,1104,moderate,correct,0.8746999701823489,35
Qwen-3-Coder-480B,1104,moderate,correct,0.9441688022838041,36
Qwen-3-Coder-480B,1104,moderate,correct,0.9208613090485376,37
Qwen-3-Coder-480B,1104,moderate,correct,1.321965825274474,38
Qwen-3-Coder-480B,1104,moderate,correct,0.9481129466935553,39
Qwen-3-Coder-480B,1104,moderate,correct,0.9509610350390865,40
Qwen-3-Coder-480B,1104,moderate,correct,0.9898324954776729,41
Qwen-3-Coder-480B,1104,moderate,correct,0.9049561903987456,42
Qwen-3-Coder-480B,1104,moderate,correct,1.066721767002601,43
Qwen-3-Coder-480B,1104,moderate,correct,0.9638191952832913,44
Qwen-3-Coder-480B,1104,moderate,correct,0.9106808509106097,45
Qwen-3-Coder-480B,1104,moderate,correct,0.9778921146500896,46
Qwen-3-Coder-480B,1104,moderate,correct,0.8954838238413879,47
Qwen-3-Coder-480B,1104,moderate,correct,0.841232643573666,48
Qwen-3-Coder-480B,1104,moderate,correct,0.8673802905443972,49
Qwen-3-Coder-480B,1104,moderate,correct,0.9312221636525462,50
Qwen-3-Coder-480B,1691,Moderate,hallucination,,1
Qwen-3-Coder-480B,1691,Moderate,hallucination,,2
Qwen-3-Coder-480B,1691,Moderate,hallucination,,3
Qwen-3-Coder-480B,1691,Moderate,hallucination,,4
Qwen-3-Coder-480B,1691,Moderate,hallucination,,5
Qwen-3-Coder-480B,1691,Moderate,hallucination,,6
Qwen-3-Coder-480B,1691,Moderate,hallucination,,7
Qwen-3-Coder-480B,1691,Moderate,hallucination,,8
Qwen-3-Coder-480B,1691,Moderate,hallucination,,9
Qwen-3-Coder-480B,1691,Moderate,hallucination,,10
Qwen-3-Coder-480B,1691,Moderate,hallucination,,11
Qwen-3-Coder-480B,1691,Moderate,hallucination,,12
Qwen-3-Coder-480B,1691,Moderate,hallucination,,13
Qwen-3-Coder-480B,1691,Moderate,hallucination,,14
Qwen-3-Coder-480B,1691,Moderate,hallucination,,15
Qwen-3-Coder-480B,1691,Moderate,hallucination,,16
Qwen-3-Coder-480B,1691,Moderate,hallucination,,17
Qwen-3-Coder-480B,1691,Moderate,hallucination,,18
Qwen-3-Coder-480B,1691,Moderate,hallucination,,19
Qwen-3-Coder-480B,1691,Moderate,hallucination,,20
Qwen-3-Coder-480B,1691,Moderate,hallucination,,21
Qwen-3-Coder-480B,1691,Moderate,hallucination,,22
Qwen-3-Coder-480B,1691,Moderate,hallucination,,23
Qwen-3-Coder-480B,1691,Moderate,hallucination,,24
Qwen-3-Coder-480B,1691,Moderate,hallucination,,25
Qwen-3-Coder-480B,1691,Moderate,hallucination,,26
Qwen-3-Coder-480B,1691,Moderate,hallucination,,27
Qwen-3-Coder-480B,1691,Moderate,hallucination,,28
Qwen-3-Coder-480B,1691,Moderate,hallucination,,29
Qwen-3-Coder-480B,1691,Moderate,hallucination,,30
Qwen-3-Coder-480B,1691,Moderate,hallucination,,31
Qwen-3-Coder-480B,1691,Moderate,hallucination,,32
Qwen-3-Coder-480B,1691,Moderate,hallucination,,33
Qwen-3-Coder-480B,1691,Moderate,hallucination,,34
Qwen-3-Coder-480B,1691,Moderate,hallucination,,35
Qwen-3-Coder-480B,1691,Moderate,hallucination,,36
Qwen-3-Coder-480B,1691,Moderate,hallucination,,37
Qwen-3-Coder-480B,1691,Moderate,hallucination,,38
Qwen-3-Coder-480B,1691,Moderate,hallucination,,39
Qwen-3-Coder-480B,1691,Moderate,hallucination,,40
Qwen-3-Coder-480B,1691,Moderate,hallucination,,41
Qwen-3-Coder-480B,1691,Moderate,hallucination,,42
Qwen-3-Coder-480B,1691,Moderate,hallucination,,43
Qwen-3-Coder-480B,1691,Moderate,hallucination,,44
Qwen-3-Coder-480B,1691,Moderate,hallucination,,45
Qwen-3-Coder-480B,1691,Moderate,hallucination,,46
Qwen-3-Coder-480B,1691,Moderate,hallucination,,47
Qwen-3-Coder-480B,1691,Moderate,hallucination,,48
Qwen-3-Coder-480B,1691,Moderate,hallucination,,49
Qwen-3-Coder-480B,1691,Moderate,hallucination,,50
Qwen-3-Coder-480B,894,moderate,semantic,,1
Qwen-3-Coder-480B,894,moderate,semantic,,2
Qwen-3-Coder-480B,894,moderate,semantic,,3
Qwen-3-Coder-480B,894,moderate,semantic,,4
Qwen-3-Coder-480B,894,moderate,semantic,,5
Qwen-3-Coder-480B,894,moderate,semantic,,6
Qwen-3-Coder-480B,894,moderate,semantic,,7
Qwen-3-Coder-480B,894,moderate,semantic,,8
Qwen-3-Coder-480B,894,moderate,semantic,,9
Qwen-3-Coder-480B,894,moderate,semantic,,10
Qwen-3-Coder-480B,894,moderate,semantic,,11
Qwen-3-Coder-480B,894,moderate,semantic,,12
Qwen-3-Coder-480B,894,moderate,semantic,,13
Qwen-3-Coder-480B,894,moderate,semantic,,14
Qwen-3-Coder-480B,894,moderate,semantic,,15
Qwen-3-Coder-480B,894,moderate,semantic,,16
Qwen-3-Coder-480B,894,moderate,semantic,,17
Qwen-3-Coder-480B,894,moderate,semantic,,18
Qwen-3-Coder-480B,894,moderate,semantic,,19
Qwen-3-Coder-480B,894,moderate,semantic,,20
Qwen-3-Coder-480B,894,moderate,semantic,,21
Qwen-3-Coder-480B,894,moderate,semantic,,22
Qwen-3-Coder-480B,894,moderate,semantic,,23
Qwen-3-Coder-480B,894,moderate,semantic,,24
Qwen-3-Coder-480B,894,moderate,semantic,,25
Qwen-3-Coder-480B,894,moderate,semantic,,26
Qwen-3-Coder-480B,894,moderate,semantic,,27
Qwen-3-Coder-480B,894,moderate,semantic,,28
Qwen-3-Coder-480B,894,moderate,semantic,,29
Qwen-3-Coder-480B,894,moderate,semantic,,30
Qwen-3-Coder-480B,894,moderate,semantic,,31
Qwen-3-Coder-480B,894,moderate,semantic,,32
Qwen-3-Coder-480B,894,moderate,semantic,,33
Qwen-3-Coder-480B,894,moderate,semantic,,34
Qwen-3-Coder-480B,894,moderate,semantic,,35
Qwen-3-Coder-480B,894,moderate,semantic,,36
Qwen-3-Coder-480B,894,moderate,semantic,,37
Qwen-3-Coder-480B,894,moderate,semantic,,38
Qwen-3-Coder-480B,894,moderate,semantic,,39
Qwen-3-Coder-480B,894,moderate,semantic,,40
Qwen-3-Coder-480B,894,moderate,semantic,,41
Qwen-3-Coder-480B,894,moderate,semantic,,42
Qwen-3-Coder-480B,894,moderate,semantic,,43
Qwen-3-Coder-480B,894,moderate,semantic,,44
Qwen-3-Coder-480B,894,moderate,semantic,,45
Qwen-3-Coder-480B,894,moderate,semantic,,46
Qwen-3-Coder-480B,894,moderate,semantic,,47
Qwen-3-Coder-480B,894,moderate,semantic,,48
Qwen-3-Coder-480B,894,moderate,semantic,,49
Qwen-3-Coder-480B,894,moderate,semantic,,50
Qwen-3-Coder-480B,35,moderate,correct,7.321842890288366,1
Qwen-3-Coder-480B,35,moderate,correct,0.9267954995919319,2
Qwen-3-Coder-480B,35,moderate,correct,1.0303899754069563,3
Qwen-3-Coder-480B,35,moderate,correct,1.1148448185165702,4
Qwen-3-Coder-480B,35,moderate,correct,0.8756631416224572,5
Qwen-3-Coder-480B,35,moderate,correct,0.9884802549416476,6
Qwen-3-Coder-480B,35,moderate,correct,1.0419895242630188,7
Qwen-3-Coder-480B,35,moderate,correct,1.0970207371185365,8
Qwen-3-Coder-480B,35,moderate,correct,1.050932881949067,9
Qwen-3-Coder-480B,35,moderate,correct,0.8652672323954146,10
Qwen-3-Coder-480B,35,moderate,correct,1.034604201646259,11
Qwen-3-Coder-480B,35,moderate,correct,0.9888721237268955,12
Qwen-3-Coder-480B,35,moderate,correct,1.0628928082117304,13
Qwen-3-Coder-480B,35,moderate,correct,1.0147414692627046,14
Qwen-3-Coder-480B,35,moderate,correct,1.1785050375232369,15
Qwen-3-Coder-480B,35,moderate,correct,0.9980307950141406,16
Qwen-3-Coder-480B,35,moderate,correct,1.240402783538412,17
Qwen-3-Coder-480B,35,moderate,correct,1.0600353012216082,18
Qwen-3-Coder-480B,35,moderate,correct,1.0508975232901614,19
Qwen-3-Coder-480B,35,moderate,correct,1.0137928406774495,20
Qwen-3-Coder-480B,35,moderate,correct,1.1229609266034646,21
Qwen-3-Coder-480B,35,moderate,correct,0.9268306474413345,22
Qwen-3-Coder-480B,35,moderate,correct,1.325313032154663,23
Qwen-3-Coder-480B,35,moderate,correct,1.192971291189365,24
Qwen-3-Coder-480B,35,moderate,correct,0.8841005166744951,25
Qwen-3-Coder-480B,35,moderate,correct,0.881726373659207,26
Qwen-3-Coder-480B,35,moderate,correct,0.9806114543395776,27
Qwen-3-Coder-480B,35,moderate,correct,0.9747440883286398,28
Qwen-3-Coder-480B,35,moderate,correct,1.068346957311535,29
Qwen-3-Coder-480B,35,moderate,correct,1.2237968646155049,30
Qwen-3-Coder-480B,35,moderate,correct,0.8283362940941884,31
Qwen-3-Coder-480B,35,moderate,correct,1.1051251439048309,32
Qwen-3-Coder-480B,35,moderate,correct,0.889606688200646,33
Qwen-3-Coder-480B,35,moderate,correct,1.1685066144959941,34
Qwen-3-Coder-480B,35,moderate,correct,1.0554814108674928,35
Qwen-3-Coder-480B,35,moderate,correct,0.9909370072205163,36
Qwen-3-Coder-480B,35,moderate,correct,0.8470410584597685,37
Qwen-3-Coder-480B,35,moderate,correct,1.2419395785732419,38
Qwen-3-Coder-480B,35,moderate,correct,1.106205973289134,39
Qwen-3-Coder-480B,35,moderate,correct,0.7191770810494774,40
Qwen-3-Coder-480B,35,moderate,correct,1.0872255141164169,41
Qwen-3-Coder-480B,35,moderate,correct,1.1383579757182354,42
Qwen-3-Coder-480B,35,moderate,correct,0.7547012931873264,43
Qwen-3-Coder-480B,35,moderate,correct,0.9749754451893923,44
Qwen-3-Coder-480B,35,moderate,correct,1.1003126919425987,45
Qwen-3-Coder-480B,35,moderate,correct,1.0594810826977719,46
Qwen-3-Coder-480B,35,moderate,correct,0.9452007507928631,47
Qwen-3-Coder-480B,35,moderate,correct,0.911688679579335,48
Qwen-3-Coder-480B,35,moderate,correct,1.0323913596929284,49
Qwen-3-Coder-480B,35,moderate,correct,0.8218349785205435,50
Qwen-3-Coder-480B,1454,moderate,semantic,,1
Qwen-3-Coder-480B,1454,moderate,semantic,,2
Qwen-3-Coder-480B,1454,moderate,semantic,,3
Qwen-3-Coder-480B,1454,moderate,semantic,,4
Qwen-3-Coder-480B,1454,moderate,semantic,,5
Qwen-3-Coder-480B,1454,moderate,semantic,,6
Qwen-3-Coder-480B,1454,moderate,semantic,,7
Qwen-3-Coder-480B,1454,moderate,semantic,,8
Qwen-3-Coder-480B,1454,moderate,semantic,,9
Qwen-3-Coder-480B,1454,moderate,semantic,,10
Qwen-3-Coder-480B,1454,moderate,semantic,,11
Qwen-3-Coder-480B,1454,moderate,semantic,,12
Qwen-3-Coder-480B,1454,moderate,semantic,,13
Qwen-3-Coder-480B,1454,moderate,semantic,,14
Qwen-3-Coder-480B,1454,moderate,semantic,,15
Qwen-3-Coder-480B,1454,moderate,semantic,,16
Qwen-3-Coder-480B,1454,moderate,semantic,,17
Qwen-3-Coder-480B,1454,moderate,semantic,,18
Qwen-3-Coder-480B,1454,moderate,semantic,,19
Qwen-3-Coder-480B,1454,moderate,semantic,,20
Qwen-3-Coder-480B,1454,moderate,semantic,,21
Qwen-3-Coder-480B,1454,moderate,semantic,,22
Qwen-3-Coder-480B,1454,moderate,semantic,,23
Qwen-3-Coder-480B,1454,moderate,semantic,,24
Qwen-3-Coder-480B,1454,moderate,semantic,,25
Qwen-3-Coder-480B,1454,moderate,semantic,,26
Qwen-3-Coder-480B,1454,moderate,semantic,,27
Qwen-3-Coder-480B,1454,moderate,semantic,,28
Qwen-3-Coder-480B,1454,moderate,semantic,,29
Qwen-3-Coder-480B,1454,moderate,semantic,,30
Qwen-3-Coder-480B,1454,moderate,semantic,,31
Qwen-3-Coder-480B,1454,moderate,semantic,,32
Qwen-3-Coder-480B,1454,moderate,semantic,,33
Qwen-3-Coder-480B,1454,moderate,semantic,,34
Qwen-3-Coder-480B,1454,moderate,semantic,,35
Qwen-3-Coder-480B,1454,moderate,semantic,,36
Qwen-3-Coder-480B,1454,moderate,semantic,,37
Qwen-3-Coder-480B,1454,moderate,semantic,,38
Qwen-3-Coder-480B,1454,moderate,semantic,,39
Qwen-3-Coder-480B,1454,moderate,semantic,,40
Qwen-3-Coder-480B,1454,moderate,semantic,,41
Qwen-3-Coder-480B,1454,moderate,semantic,,42
Qwen-3-Coder-480B,1454,moderate,semantic,,43
Qwen-3-Coder-480B,1454,moderate,semantic,,44
Qwen-3-Coder-480B,1454,moderate,semantic,,45
Qwen-3-Coder-480B,1454,moderate,semantic,,46
Qwen-3-Coder-480B,1454,moderate,semantic,,47
Qwen-3-Coder-480B,1454,moderate,semantic,,48
Qwen-3-Coder-480B,1454,moderate,semantic,,49
Qwen-3-Coder-480B,1454,moderate,semantic,,50
Qwen-3-Coder-480B,1152,moderate,semantic,,1
Qwen-3-Coder-480B,1152,moderate,semantic,,2
Qwen-3-Coder-480B,1152,moderate,semantic,,3
Qwen-3-Coder-480B,1152,moderate,semantic,,4
Qwen-3-Coder-480B,1152,moderate,semantic,,5
Qwen-3-Coder-480B,1152,moderate,semantic,,6
Qwen-3-Coder-480B,1152,moderate,semantic,,7
Qwen-3-Coder-480B,1152,moderate,semantic,,8
Qwen-3-Coder-480B,1152,moderate,semantic,,9
Qwen-3-Coder-480B,1152,moderate,semantic,,10
Qwen-3-Coder-480B,1152,moderate,semantic,,11
Qwen-3-Coder-480B,1152,moderate,semantic,,12
Qwen-3-Coder-480B,1152,moderate,semantic,,13
Qwen-3-Coder-480B,1152,moderate,semantic,,14
Qwen-3-Coder-480B,1152,moderate,semantic,,15
Qwen-3-Coder-480B,1152,moderate,semantic,,16
Qwen-3-Coder-480B,1152,moderate,semantic,,17
Qwen-3-Coder-480B,1152,moderate,semantic,,18
Qwen-3-Coder-480B,1152,moderate,semantic,,19
Qwen-3-Coder-480B,1152,moderate,semantic,,20
Qwen-3-Coder-480B,1152,moderate,semantic,,21
Qwen-3-Coder-480B,1152,moderate,semantic,,22
Qwen-3-Coder-480B,1152,moderate,semantic,,23
Qwen-3-Coder-480B,1152,moderate,semantic,,24
Qwen-3-Coder-480B,1152,moderate,semantic,,25
Qwen-3-Coder-480B,1152,moderate,semantic,,26
Qwen-3-Coder-480B,1152,moderate,semantic,,27
Qwen-3-Coder-480B,1152,moderate,semantic,,28
Qwen-3-Coder-480B,1152,moderate,semantic,,29
Qwen-3-Coder-480B,1152,moderate,semantic,,30
Qwen-3-Coder-480B,1152,moderate,semantic,,31
Qwen-3-Coder-480B,1152,moderate,semantic,,32
Qwen-3-Coder-480B,1152,moderate,semantic,,33
Qwen-3-Coder-480B,1152,moderate,semantic,,34
Qwen-3-Coder-480B,1152,moderate,semantic,,35
Qwen-3-Coder-480B,1152,moderate,semantic,,36
Qwen-3-Coder-480B,1152,moderate,semantic,,37
Qwen-3-Coder-480B,1152,moderate,semantic,,38
Qwen-3-Coder-480B,1152,moderate,semantic,,39
Qwen-3-Coder-480B,1152,moderate,semantic,,40
Qwen-3-Coder-480B,1152,moderate,semantic,,41
Qwen-3-Coder-480B,1152,moderate,semantic,,42
Qwen-3-Coder-480B,1152,moderate,semantic,,43
Qwen-3-Coder-480B,1152,moderate,semantic,,44
Qwen-3-Coder-480B,1152,moderate,semantic,,45
Qwen-3-Coder-480B,1152,moderate,semantic,,46
Qwen-3-Coder-480B,1152,moderate,semantic,,47
Qwen-3-Coder-480B,1152,moderate,semantic,,48
Qwen-3-Coder-480B,1152,moderate,semantic,,49
Qwen-3-Coder-480B,1152,moderate,semantic,,50
Qwen-3-Coder-480B,152,moderate,semantic,,1
Qwen-3-Coder-480B,152,moderate,semantic,,2
Qwen-3-Coder-480B,152,moderate,semantic,,3
Qwen-3-Coder-480B,152,moderate,semantic,,4
Qwen-3-Coder-480B,152,moderate,semantic,,5
Qwen-3-Coder-480B,152,moderate,semantic,,6
Qwen-3-Coder-480B,152,moderate,semantic,,7
Qwen-3-Coder-480B,152,moderate,semantic,,8
Qwen-3-Coder-480B,152,moderate,semantic,,9
Qwen-3-Coder-480B,152,moderate,semantic,,10
Qwen-3-Coder-480B,152,moderate,semantic,,11
Qwen-3-Coder-480B,152,moderate,semantic,,12
Qwen-3-Coder-480B,152,moderate,semantic,,13
Qwen-3-Coder-480B,152,moderate,semantic,,14
Qwen-3-Coder-480B,152,moderate,semantic,,15
Qwen-3-Coder-480B,152,moderate,semantic,,16
Qwen-3-Coder-480B,152,moderate,semantic,,17
Qwen-3-Coder-480B,152,moderate,semantic,,18
Qwen-3-Coder-480B,152,moderate,semantic,,19
Qwen-3-Coder-480B,152,moderate,semantic,,20
Qwen-3-Coder-480B,152,moderate,semantic,,21
Qwen-3-Coder-480B,152,moderate,semantic,,22
Qwen-3-Coder-480B,152,moderate,semantic,,23
Qwen-3-Coder-480B,152,moderate,semantic,,24
Qwen-3-Coder-480B,152,moderate,semantic,,25
Qwen-3-Coder-480B,152,moderate,semantic,,26
Qwen-3-Coder-480B,152,moderate,semantic,,27
Qwen-3-Coder-480B,152,moderate,semantic,,28
Qwen-3-Coder-480B,152,moderate,semantic,,29
Qwen-3-Coder-480B,152,moderate,semantic,,30
Qwen-3-Coder-480B,152,moderate,semantic,,31
Qwen-3-Coder-480B,152,moderate,semantic,,32
Qwen-3-Coder-480B,152,moderate,semantic,,33
Qwen-3-Coder-480B,152,moderate,semantic,,34
Qwen-3-Coder-480B,152,moderate,semantic,,35
Qwen-3-Coder-480B,152,moderate,semantic,,36
Qwen-3-Coder-480B,152,moderate,semantic,,37
Qwen-3-Coder-480B,152,moderate,semantic,,38
Qwen-3-Coder-480B,152,moderate,semantic,,39
Qwen-3-Coder-480B,152,moderate,semantic,,40
Qwen-3-Coder-480B,152,moderate,semantic,,41
Qwen-3-Coder-480B,152,moderate,semantic,,42
Qwen-3-Coder-480B,152,moderate,semantic,,43
Qwen-3-Coder-480B,152,moderate,semantic,,44
Qwen-3-Coder-480B,152,moderate,semantic,,45
Qwen-3-Coder-480B,152,moderate,semantic,,46
Qwen-3-Coder-480B,152,moderate,semantic,,47
Qwen-3-Coder-480B,152,moderate,semantic,,48
Qwen-3-Coder-480B,152,moderate,semantic,,49
Qwen-3-Coder-480B,152,moderate,semantic,,50
Qwen-3-Coder-480B,298,moderate,semantic,,1
Qwen-3-Coder-480B,298,moderate,semantic,,2
Qwen-3-Coder-480B,298,moderate,semantic,,3
Qwen-3-Coder-480B,298,moderate,semantic,,4
Qwen-3-Coder-480B,298,moderate,semantic,,5
Qwen-3-Coder-480B,298,moderate,semantic,,6
Qwen-3-Coder-480B,298,moderate,semantic,,7
Qwen-3-Coder-480B,298,moderate,semantic,,8
Qwen-3-Coder-480B,298,moderate,semantic,,9
Qwen-3-Coder-480B,298,moderate,semantic,,10
Qwen-3-Coder-480B,298,moderate,semantic,,11
Qwen-3-Coder-480B,298,moderate,semantic,,12
Qwen-3-Coder-480B,298,moderate,semantic,,13
Qwen-3-Coder-480B,298,moderate,semantic,,14
Qwen-3-Coder-480B,298,moderate,semantic,,15
Qwen-3-Coder-480B,298,moderate,semantic,,16
Qwen-3-Coder-480B,298,moderate,semantic,,17
Qwen-3-Coder-480B,298,moderate,semantic,,18
Qwen-3-Coder-480B,298,moderate,semantic,,19
Qwen-3-Coder-480B,298,moderate,semantic,,20
Qwen-3-Coder-480B,298,moderate,semantic,,21
Qwen-3-Coder-480B,298,moderate,semantic,,22
Qwen-3-Coder-480B,298,moderate,semantic,,23
Qwen-3-Coder-480B,298,moderate,semantic,,24
Qwen-3-Coder-480B,298,moderate,semantic,,25
Qwen-3-Coder-480B,298,moderate,semantic,,26
Qwen-3-Coder-480B,298,moderate,semantic,,27
Qwen-3-Coder-480B,298,moderate,semantic,,28
Qwen-3-Coder-480B,298,moderate,semantic,,29
Qwen-3-Coder-480B,298,moderate,semantic,,30
Qwen-3-Coder-480B,298,moderate,semantic,,31
Qwen-3-Coder-480B,298,moderate,semantic,,32
Qwen-3-Coder-480B,298,moderate,semantic,,33
Qwen-3-Coder-480B,298,moderate,semantic,,34
Qwen-3-Coder-480B,298,moderate,semantic,,35
Qwen-3-Coder-480B,298,moderate,semantic,,36
Qwen-3-Coder-480B,298,moderate,semantic,,37
Qwen-3-Coder-480B,298,moderate,semantic,,38
Qwen-3-Coder-480B,298,moderate,semantic,,39
Qwen-3-Coder-480B,298,moderate,semantic,,40
Qwen-3-Coder-480B,298,moderate,semantic,,41
Qwen-3-Coder-480B,298,moderate,semantic,,42
Qwen-3-Coder-480B,298,moderate,semantic,,43
Qwen-3-Coder-480B,298,moderate,semantic,,44
Qwen-3-Coder-480B,298,moderate,semantic,,45
Qwen-3-Coder-480B,298,moderate,semantic,,46
Qwen-3-Coder-480B,298,moderate,semantic,,47
Qwen-3-Coder-480B,298,moderate,semantic,,48
Qwen-3-Coder-480B,298,moderate,semantic,,49
Qwen-3-Coder-480B,298,moderate,semantic,,50
Qwen-3-Coder-480B,511,moderate,correct,1.0088435111220275,1
Qwen-3-Coder-480B,511,moderate,semantic,,2
Qwen-3-Coder-480B,511,moderate,semantic,,3
Qwen-3-Coder-480B,511,moderate,semantic,,4
Qwen-3-Coder-480B,511,moderate,correct,0.9629727537313626,5
Qwen-3-Coder-480B,511,moderate,semantic,,6
Qwen-3-Coder-480B,511,moderate,semantic,,7
Qwen-3-Coder-480B,511,moderate,semantic,,8
Qwen-3-Coder-480B,511,moderate,semantic,,9
Qwen-3-Coder-480B,511,moderate,semantic,,10
Qwen-3-Coder-480B,511,moderate,semantic,,11
Qwen-3-Coder-480B,511,moderate,semantic,,12
Qwen-3-Coder-480B,511,moderate,semantic,,13
Qwen-3-Coder-480B,511,moderate,semantic,,14
Qwen-3-Coder-480B,511,moderate,semantic,,15
Qwen-3-Coder-480B,511,moderate,semantic,,16
Qwen-3-Coder-480B,511,moderate,semantic,,17
Qwen-3-Coder-480B,511,moderate,semantic,,18
Qwen-3-Coder-480B,511,moderate,semantic,,19
Qwen-3-Coder-480B,511,moderate,semantic,,20
Qwen-3-Coder-480B,511,moderate,semantic,,21
Qwen-3-Coder-480B,511,moderate,semantic,,22
Qwen-3-Coder-480B,511,moderate,semantic,,23
Qwen-3-Coder-480B,511,moderate,semantic,,24
Qwen-3-Coder-480B,511,moderate,semantic,,25
Qwen-3-Coder-480B,511,moderate,semantic,,26
Qwen-3-Coder-480B,511,moderate,semantic,,27
Qwen-3-Coder-480B,511,moderate,semantic,,28
Qwen-3-Coder-480B,511,moderate,semantic,,29
Qwen-3-Coder-480B,511,moderate,semantic,,30
Qwen-3-Coder-480B,511,moderate,semantic,,31
Qwen-3-Coder-480B,511,moderate,semantic,,32
Qwen-3-Coder-480B,511,moderate,semantic,,33
Qwen-3-Coder-480B,511,moderate,semantic,,34
Qwen-3-Coder-480B,511,moderate,semantic,,35
Qwen-3-Coder-480B,511,moderate,semantic,,36
Qwen-3-Coder-480B,511,moderate,semantic,,37
Qwen-3-Coder-480B,511,moderate,semantic,,38
Qwen-3-Coder-480B,511,moderate,semantic,,39
Qwen-3-Coder-480B,511,moderate,semantic,,40
Qwen-3-Coder-480B,511,moderate,semantic,,41
Qwen-3-Coder-480B,511,moderate,semantic,,42
Qwen-3-Coder-480B,511,moderate,semantic,,43
Qwen-3-Coder-480B,511,moderate,semantic,,44
Qwen-3-Coder-480B,511,moderate,semantic,,45
Qwen-3-Coder-480B,511,moderate,semantic,,46
Qwen-3-Coder-480B,511,moderate,semantic,,47
Qwen-3-Coder-480B,511,moderate,semantic,,48
Qwen-3-Coder-480B,511,moderate,semantic,,49
Qwen-3-Coder-480B,511,moderate,semantic,,50
Qwen-3-Coder-480B,1289,moderate,semantic,,1
Qwen-3-Coder-480B,1289,moderate,semantic,,2
Qwen-3-Coder-480B,1289,moderate,semantic,,3
Qwen-3-Coder-480B,1289,moderate,semantic,,4
Qwen-3-Coder-480B,1289,moderate,semantic,,5
Qwen-3-Coder-480B,1289,moderate,semantic,,6
Qwen-3-Coder-480B,1289,moderate,semantic,,7
Qwen-3-Coder-480B,1289,moderate,semantic,,8
Qwen-3-Coder-480B,1289,moderate,semantic,,9
Qwen-3-Coder-480B,1289,moderate,semantic,,10
Qwen-3-Coder-480B,1289,moderate,semantic,,11
Qwen-3-Coder-480B,1289,moderate,semantic,,12
Qwen-3-Coder-480B,1289,moderate,semantic,,13
Qwen-3-Coder-480B,1289,moderate,semantic,,14
Qwen-3-Coder-480B,1289,moderate,semantic,,15
Qwen-3-Coder-480B,1289,moderate,semantic,,16
Qwen-3-Coder-480B,1289,moderate,semantic,,17
Qwen-3-Coder-480B,1289,moderate,semantic,,18
Qwen-3-Coder-480B,1289,moderate,semantic,,19
Qwen-3-Coder-480B,1289,moderate,semantic,,20
Qwen-3-Coder-480B,1289,moderate,semantic,,21
Qwen-3-Coder-480B,1289,moderate,semantic,,22
Qwen-3-Coder-480B,1289,moderate,semantic,,23
Qwen-3-Coder-480B,1289,moderate,semantic,,24
Qwen-3-Coder-480B,1289,moderate,semantic,,25
Qwen-3-Coder-480B,1289,moderate,semantic,,26
Qwen-3-Coder-480B,1289,moderate,semantic,,27
Qwen-3-Coder-480B,1289,moderate,semantic,,28
Qwen-3-Coder-480B,1289,moderate,semantic,,29
Qwen-3-Coder-480B,1289,moderate,semantic,,30
Qwen-3-Coder-480B,1289,moderate,semantic,,31
Qwen-3-Coder-480B,1289,moderate,semantic,,32
Qwen-3-Coder-480B,1289,moderate,semantic,,33
Qwen-3-Coder-480B,1289,moderate,semantic,,34
Qwen-3-Coder-480B,1289,moderate,semantic,,35
Qwen-3-Coder-480B,1289,moderate,semantic,,36
Qwen-3-Coder-480B,1289,moderate,semantic,,37
Qwen-3-Coder-480B,1289,moderate,semantic,,38
Qwen-3-Coder-480B,1289,moderate,semantic,,39
Qwen-3-Coder-480B,1289,moderate,semantic,,40
Qwen-3-Coder-480B,1289,moderate,semantic,,41
Qwen-3-Coder-480B,1289,moderate,semantic,,42
Qwen-3-Coder-480B,1289,moderate,semantic,,43
Qwen-3-Coder-480B,1289,moderate,semantic,,44
Qwen-3-Coder-480B,1289,moderate,semantic,,45
Qwen-3-Coder-480B,1289,moderate,semantic,,46
Qwen-3-Coder-480B,1289,moderate,semantic,,47
Qwen-3-Coder-480B,1289,moderate,semantic,,48
Qwen-3-Coder-480B,1289,moderate,semantic,,49
Qwen-3-Coder-480B,1289,moderate,semantic,,50
Qwen-3-Coder-480B,450,moderate,correct,0.9961031328416184,1
Qwen-3-Coder-480B,450,moderate,correct,1.0386515228803326,2
Qwen-3-Coder-480B,450,moderate,correct,1.0684673471400015,3
Qwen-3-Coder-480B,450,moderate,correct,0.8712628938297077,4
Qwen-3-Coder-480B,450,moderate,correct,0.847951786493838,5
Qwen-3-Coder-480B,450,moderate,correct,0.9827036313258024,6
Qwen-3-Coder-480B,450,moderate,correct,1.1045025973845104,7
Qwen-3-Coder-480B,450,moderate,correct,1.076575644873211,8
Qwen-3-Coder-480B,450,moderate,correct,0.957240480579747,9
Qwen-3-Coder-480B,450,moderate,correct,1.0608020206577105,10
Qwen-3-Coder-480B,450,moderate,correct,1.0182781376763335,11
Qwen-3-Coder-480B,450,moderate,correct,1.1082452602593642,12
Qwen-3-Coder-480B,450,moderate,correct,1.0098450542503645,13
Qwen-3-Coder-480B,450,moderate,correct,1.035418692851814,14
Qwen-3-Coder-480B,450,moderate,correct,1.0184313035950983,15
Qwen-3-Coder-480B,450,moderate,correct,1.064146186120723,16
Qwen-3-Coder-480B,450,moderate,correct,0.9632388038579347,17
Qwen-3-Coder-480B,450,moderate,correct,0.9527560289263074,18
Qwen-3-Coder-480B,450,moderate,correct,1.0865323512131955,19
Qwen-3-Coder-480B,450,moderate,correct,0.8347678288795065,20
Qwen-3-Coder-480B,450,moderate,correct,1.0116211461532811,21
Qwen-3-Coder-480B,450,moderate,correct,1.070579381225085,22
Qwen-3-Coder-480B,450,moderate,correct,0.9552073637957531,23
Qwen-3-Coder-480B,450,moderate,correct,0.9657519326436944,24
Qwen-3-Coder-480B,450,moderate,correct,0.9643362994012136,25
Qwen-3-Coder-480B,450,moderate,correct,1.0783932788609645,26
Qwen-3-Coder-480B,450,moderate,correct,1.1236559779955466,27
Qwen-3-Coder-480B,450,moderate,correct,1.1226999501603427,28
Qwen-3-Coder-480B,450,moderate,correct,1.0505553458936918,29
Qwen-3-Coder-480B,450,moderate,correct,0.9562782790669353,30
Qwen-3-Coder-480B,450,moderate,correct,1.0487330922252172,31
Qwen-3-Coder-480B,450,moderate,correct,0.9495907805886303,32
Qwen-3-Coder-480B,450,moderate,correct,0.9963895159582676,33
Qwen-3-Coder-480B,450,moderate,correct,0.9938792895063747,34
Qwen-3-Coder-480B,450,moderate,correct,1.0145072733583667,35
Qwen-3-Coder-480B,450,moderate,correct,0.9092863298625563,36
Qwen-3-Coder-480B,450,moderate,correct,1.0104754722195037,37
Qwen-3-Coder-480B,450,moderate,correct,0.9831834772088827,38
Qwen-3-Coder-480B,450,moderate,correct,1.1218126938900863,39
Qwen-3-Coder-480B,450,moderate,correct,0.9031107952957311,40
Qwen-3-Coder-480B,450,moderate,correct,0.8888510522372812,41
Qwen-3-Coder-480B,450,moderate,correct,0.8490382014642442,42
Qwen-3-Coder-480B,450,moderate,correct,1.0470705356311376,43
Qwen-3-Coder-480B,450,moderate,correct,0.925465295706845,44
Qwen-3-Coder-480B,450,moderate,correct,1.0268069756719373,45
Qwen-3-Coder-480B,450,moderate,correct,0.9441194792372699,46
Qwen-3-Coder-480B,450,moderate,correct,1.0833113940636583,47
Qwen-3-Coder-480B,450,moderate,correct,1.005877642473659,48
Qwen-3-Coder-480B,450,moderate,correct,1.062320188272253,49
Qwen-3-Coder-480B,450,moderate,correct,1.0109159312916791,50
Qwen-3-Coder-480B,188,moderate,correct,7.381721113512139,1
Qwen-3-Coder-480B,188,moderate,correct,1.1348949074558192,2
Qwen-3-Coder-480B,188,moderate,correct,1.1133481152993348,3
Qwen-3-Coder-480B,188,moderate,correct,1.2306064133770769,4
Qwen-3-Coder-480B,188,moderate,correct,1.230543710021322,5
Qwen-3-Coder-480B,188,moderate,correct,1.24366373902133,6
Qwen-3-Coder-480B,188,moderate,correct,0.7570480928689884,7
Qwen-3-Coder-480B,188,moderate,correct,1.1063078612898165,8
Qwen-3-Coder-480B,188,moderate,correct,0.9491744579271931,9
Qwen-3-Coder-480B,188,moderate,correct,0.9420139646519747,10
Qwen-3-Coder-480B,188,moderate,correct,1.0285472018089317,11
Qwen-3-Coder-480B,188,moderate,correct,1.11655370712672,12
Qwen-3-Coder-480B,188,moderate,correct,1.2340531561461794,13
Qwen-3-Coder-480B,188,moderate,correct,0.9525216059512088,14
Qwen-3-Coder-480B,188,moderate,correct,1.0216545779459687,15
Qwen-3-Coder-480B,188,moderate,correct,1.0552288954220916,16
Qwen-3-Coder-480B,188,moderate,correct,1.4686408504176158,17
Qwen-3-Coder-480B,188,moderate,correct,1.1408466435831566,18
Qwen-3-Coder-480B,188,moderate,correct,0.7750062988158226,19
Qwen-3-Coder-480B,188,moderate,correct,1.302758620689655,20
Qwen-3-Coder-480B,188,moderate,correct,1.513183965858863,21
Qwen-3-Coder-480B,188,moderate,correct,1.024179469273743,22
Qwen-3-Coder-480B,188,moderate,correct,1.1465996578272026,23
Qwen-3-Coder-480B,188,moderate,correct,1.0845070422535212,24
Qwen-3-Coder-480B,188,moderate,correct,1.063157894736842,25
Qwen-3-Coder-480B,188,moderate,correct,1.221545489151123,26
Qwen-3-Coder-480B,188,moderate,correct,1.3617053103964099,27
Qwen-3-Coder-480B,188,moderate,correct,1.3618733991950238,28
Qwen-3-Coder-480B,188,moderate,correct,0.7546365539934191,29
Qwen-3-Coder-480B,188,moderate,correct,1.1994868505452212,30
Qwen-3-Coder-480B,188,moderate,correct,1.0533694285990525,31
Qwen-3-Coder-480B,188,moderate,correct,0.9879532586435369,32
Qwen-3-Coder-480B,188,moderate,correct,1.1515798942988869,33
Qwen-3-Coder-480B,188,moderate,correct,0.9509425642156323,34
Qwen-3-Coder-480B,188,moderate,correct,0.6554830692761727,35
Qwen-3-Coder-480B,188,moderate,correct,1.010427833544489,36
Qwen-3-Coder-480B,188,moderate,correct,1.1818394024276377,37
Qwen-3-Coder-480B,188,moderate,correct,1.1980405878236529,38
Qwen-3-Coder-480B,188,moderate,correct,1.0396109223016523,39
Qwen-3-Coder-480B,188,moderate,correct,0.9465209329559872,40
Qwen-3-Coder-480B,188,moderate,correct,1.4185806451612903,41
Qwen-3-Coder-480B,188,moderate,correct,0.8784999494592136,42
Qwen-3-Coder-480B,188,moderate,correct,1.069327731092437,43
Qwen-3-Coder-480B,188,moderate,correct,1.583374648818377,44
Qwen-3-Coder-480B,188,moderate,correct,1.0917932320810018,45
Qwen-3-Coder-480B,188,moderate,correct,1.8952074891714406,46
Qwen-3-Coder-480B,188,moderate,correct,1.1326077298978232,47
Qwen-3-Coder-480B,188,moderate,correct,1.4922842123113447,48
Qwen-3-Coder-480B,188,moderate,correct,1.2353006557741468,49
Qwen-3-Coder-480B,188,moderate,correct,1.0364178564973794,50
Qwen-3-Coder-480B,1252,moderate,semantic,,1
Qwen-3-Coder-480B,1252,moderate,semantic,,2
Qwen-3-Coder-480B,1252,moderate,semantic,,3
Qwen-3-Coder-480B,1252,moderate,semantic,,4
Qwen-3-Coder-480B,1252,moderate,semantic,,5
Qwen-3-Coder-480B,1252,moderate,semantic,,6
Qwen-3-Coder-480B,1252,moderate,semantic,,7
Qwen-3-Coder-480B,1252,moderate,semantic,,8
Qwen-3-Coder-480B,1252,moderate,semantic,,9
Qwen-3-Coder-480B,1252,moderate,semantic,,10
Qwen-3-Coder-480B,1252,moderate,semantic,,11
Qwen-3-Coder-480B,1252,moderate,semantic,,12
Qwen-3-Coder-480B,1252,moderate,semantic,,13
Qwen-3-Coder-480B,1252,moderate,semantic,,14
Qwen-3-Coder-480B,1252,moderate,semantic,,15
Qwen-3-Coder-480B,1252,moderate,semantic,,16
Qwen-3-Coder-480B,1252,moderate,semantic,,17
Qwen-3-Coder-480B,1252,moderate,semantic,,18
Qwen-3-Coder-480B,1252,moderate,semantic,,19
Qwen-3-Coder-480B,1252,moderate,semantic,,20
Qwen-3-Coder-480B,1252,moderate,semantic,,21
Qwen-3-Coder-480B,1252,moderate,semantic,,22
Qwen-3-Coder-480B,1252,moderate,semantic,,23
Qwen-3-Coder-480B,1252,moderate,semantic,,24
Qwen-3-Coder-480B,1252,moderate,semantic,,25
Qwen-3-Coder-480B,1252,moderate,semantic,,26
Qwen-3-Coder-480B,1252,moderate,semantic,,27
Qwen-3-Coder-480B,1252,moderate,semantic,,28
Qwen-3-Coder-480B,1252,moderate,semantic,,29
Qwen-3-Coder-480B,1252,moderate,semantic,,30
Qwen-3-Coder-480B,1252,moderate,semantic,,31
Qwen-3-Coder-480B,1252,moderate,semantic,,32
Qwen-3-Coder-480B,1252,moderate,semantic,,33
Qwen-3-Coder-480B,1252,moderate,semantic,,34
Qwen-3-Coder-480B,1252,moderate,semantic,,35
Qwen-3-Coder-480B,1252,moderate,semantic,,36
Qwen-3-Coder-480B,1252,moderate,semantic,,37
Qwen-3-Coder-480B,1252,moderate,semantic,,38
Qwen-3-Coder-480B,1252,moderate,semantic,,39
Qwen-3-Coder-480B,1252,moderate,semantic,,40
Qwen-3-Coder-480B,1252,moderate,semantic,,41
Qwen-3-Coder-480B,1252,moderate,semantic,,42
Qwen-3-Coder-480B,1252,moderate,semantic,,43
Qwen-3-Coder-480B,1252,moderate,semantic,,44
Qwen-3-Coder-480B,1252,moderate,semantic,,45
Qwen-3-Coder-480B,1252,moderate,semantic,,46
Qwen-3-Coder-480B,1252,moderate,semantic,,47
Qwen-3-Coder-480B,1252,moderate,semantic,,48
Qwen-3-Coder-480B,1252,moderate,semantic,,49
Qwen-3-Coder-480B,1252,moderate,semantic,,50
Qwen-3-Coder-480B,1264,moderate,semantic,,1
Qwen-3-Coder-480B,1264,moderate,correct,0.9560593900481541,2
Qwen-3-Coder-480B,1264,moderate,correct,1.1762635506124173,3
Qwen-3-Coder-480B,1264,moderate,correct,1.295187295429749,4
Qwen-3-Coder-480B,1264,moderate,correct,1.2996967859308672,5
Qwen-3-Coder-480B,1264,moderate,correct,1.2635967162647512,6
Qwen-3-Coder-480B,1264,moderate,correct,1.2430434198144913,7
Qwen-3-Coder-480B,1264,moderate,correct,1.108593672023156,8
Qwen-3-Coder-480B,1264,moderate,correct,1.2818111852231915,9
Qwen-3-Coder-480B,1264,moderate,correct,1.6550682362746119,10
Qwen-3-Coder-480B,1264,moderate,correct,1.006010303377218,11
Qwen-3-Coder-480B,1264,moderate,correct,1.1466944540928563,12
Qwen-3-Coder-480B,1264,moderate,correct,1.6058590941768511,13
Qwen-3-Coder-480B,1264,moderate,correct,1.3591861402095085,14
Qwen-3-Coder-480B,1264,moderate,correct,1.3132995735607675,15
Qwen-3-Coder-480B,1264,moderate,correct,1.3032717409730463,16
Qwen-3-Coder-480B,1264,moderate,correct,0.8808846069629954,17
Qwen-3-Coder-480B,1264,moderate,correct,0.8490095482399886,18
Qwen-3-Coder-480B,1264,moderate,correct,1.9681848626925653,19
Qwen-3-Coder-480B,1264,moderate,correct,0.9336166595835104,20
Qwen-3-Coder-480B,1264,moderate,correct,0.9424349995202916,21
Qwen-3-Coder-480B,1264,moderate,correct,1.906657309003409,22
Qwen-3-Coder-480B,1264,moderate,correct,1.101415956946549,23
Qwen-3-Coder-480B,1264,moderate,correct,0.951188986232791,24
Qwen-3-Coder-480B,1264,moderate,correct,1.7255429162357807,25
Qwen-3-Coder-480B,1264,moderate,correct,1.0243778567800914,26
Qwen-3-Coder-480B,1264,moderate,correct,1.2140421770425558,27
Qwen-3-Coder-480B,1264,moderate,correct,1.0180864282755764,28
Qwen-3-Coder-480B,1264,moderate,correct,1.1801234250449988,29
Qwen-3-Coder-480B,1264,moderate,correct,1.2463804607830795,30
Qwen-3-Coder-480B,1264,moderate,correct,1.6529121421520236,31
Qwen-3-Coder-480B,1264,moderate,correct,1.156170703575548,32
Qwen-3-Coder-480B,1264,moderate,correct,1.771144278606965,33
Qwen-3-Coder-480B,1264,moderate,correct,1.2642386671832624,34
Qwen-3-Coder-480B,1264,moderate,correct,1.7483376698467765,35
Qwen-3-Coder-480B,1264,moderate,correct,1.1618159343746488,36
Qwen-3-Coder-480B,1264,moderate,correct,1.0437520008536976,37
Qwen-3-Coder-480B,1264,moderate,correct,1.264582303509639,38
Qwen-3-Coder-480B,1264,moderate,correct,1.1661988110964332,39
Qwen-3-Coder-480B,1264,moderate,correct,1.0985895221646518,40
Qwen-3-Coder-480B,1264,moderate,correct,1.61553574127248,41
Qwen-3-Coder-480B,1264,moderate,correct,1.3964332892998679,42
Qwen-3-Coder-480B,1264,moderate,correct,1.0448100588550027,43
Qwen-3-Coder-480B,1264,moderate,correct,1.0184684154805317,44
Qwen-3-Coder-480B,1264,moderate,correct,1.345406572319501,45
Qwen-3-Coder-480B,1264,moderate,correct,1.4200979743148419,46
Qwen-3-Coder-480B,1264,moderate,correct,1.1865251853745844,47
Qwen-3-Coder-480B,1264,moderate,correct,1.138797091870456,48
Qwen-3-Coder-480B,1264,moderate,correct,1.5687022900763359,49
Qwen-3-Coder-480B,1264,moderate,correct,1.2319351888148438,50
Qwen-3-Coder-480B,446,moderate,semantic,,1
Qwen-3-Coder-480B,446,moderate,semantic,,2
Qwen-3-Coder-480B,446,moderate,semantic,,3
Qwen-3-Coder-480B,446,moderate,semantic,,4
Qwen-3-Coder-480B,446,moderate,semantic,,5
Qwen-3-Coder-480B,446,moderate,semantic,,6
Qwen-3-Coder-480B,446,moderate,semantic,,7
Qwen-3-Coder-480B,446,moderate,semantic,,8
Qwen-3-Coder-480B,446,moderate,semantic,,9
Qwen-3-Coder-480B,446,moderate,semantic,,10
Qwen-3-Coder-480B,446,moderate,semantic,,11
Qwen-3-Coder-480B,446,moderate,semantic,,12
Qwen-3-Coder-480B,446,moderate,semantic,,13
Qwen-3-Coder-480B,446,moderate,semantic,,14
Qwen-3-Coder-480B,446,moderate,semantic,,15
Qwen-3-Coder-480B,446,moderate,semantic,,16
Qwen-3-Coder-480B,446,moderate,semantic,,17
Qwen-3-Coder-480B,446,moderate,semantic,,18
Qwen-3-Coder-480B,446,moderate,semantic,,19
Qwen-3-Coder-480B,446,moderate,semantic,,20
Qwen-3-Coder-480B,446,moderate,semantic,,21
Qwen-3-Coder-480B,446,moderate,semantic,,22
Qwen-3-Coder-480B,446,moderate,semantic,,23
Qwen-3-Coder-480B,446,moderate,semantic,,24
Qwen-3-Coder-480B,446,moderate,semantic,,25
Qwen-3-Coder-480B,446,moderate,semantic,,26
Qwen-3-Coder-480B,446,moderate,semantic,,27
Qwen-3-Coder-480B,446,moderate,semantic,,28
Qwen-3-Coder-480B,446,moderate,semantic,,29
Qwen-3-Coder-480B,446,moderate,semantic,,30
Qwen-3-Coder-480B,446,moderate,semantic,,31
Qwen-3-Coder-480B,446,moderate,semantic,,32
Qwen-3-Coder-480B,446,moderate,semantic,,33
Qwen-3-Coder-480B,446,moderate,semantic,,34
Qwen-3-Coder-480B,446,moderate,semantic,,35
Qwen-3-Coder-480B,446,moderate,semantic,,36
Qwen-3-Coder-480B,446,moderate,semantic,,37
Qwen-3-Coder-480B,446,moderate,semantic,,38
Qwen-3-Coder-480B,446,moderate,semantic,,39
Qwen-3-Coder-480B,446,moderate,semantic,,40
Qwen-3-Coder-480B,446,moderate,semantic,,41
Qwen-3-Coder-480B,446,moderate,semantic,,42
Qwen-3-Coder-480B,446,moderate,semantic,,43
Qwen-3-Coder-480B,446,moderate,semantic,,44
Qwen-3-Coder-480B,446,moderate,semantic,,45
Qwen-3-Coder-480B,446,moderate,semantic,,46
Qwen-3-Coder-480B,446,moderate,semantic,,47
Qwen-3-Coder-480B,446,moderate,semantic,,48
Qwen-3-Coder-480B,446,moderate,semantic,,49
Qwen-3-Coder-480B,446,moderate,semantic,,50
Qwen-3-Coder-480B,391,moderate,correct,5.711695490245071,1
Qwen-3-Coder-480B,391,moderate,correct,0.9895328384579145,2
Qwen-3-Coder-480B,391,moderate,correct,1.0964794764404289,3
Qwen-3-Coder-480B,391,moderate,correct,0.9959285961005652,4
Qwen-3-Coder-480B,391,moderate,correct,1.102862469271939,5
Qwen-3-Coder-480B,391,moderate,correct,1.1909826160503698,6
Qwen-3-Coder-480B,391,moderate,correct,1.0021633268242083,7
Qwen-3-Coder-480B,391,moderate,correct,1.1038341497263198,8
Qwen-3-Coder-480B,391,moderate,correct,1.0547430553947463,9
Qwen-3-Coder-480B,391,moderate,correct,0.9278175507817522,10
Qwen-3-Coder-480B,391,moderate,correct,1.0131470777739033,11
Qwen-3-Coder-480B,391,moderate,correct,1.045052777645396,12
Qwen-3-Coder-480B,391,moderate,correct,1.0140820415300484,13
Qwen-3-Coder-480B,391,moderate,correct,0.8857603566198045,14
Qwen-3-Coder-480B,391,moderate,correct,1.0557297173267148,15
Qwen-3-Coder-480B,391,moderate,correct,1.0119664808350013,16
Qwen-3-Coder-480B,391,moderate,correct,0.8498663200034285,17
Qwen-3-Coder-480B,391,moderate,correct,0.9828947211996085,18
Qwen-3-Coder-480B,391,moderate,correct,1.0139059741553984,19
Qwen-3-Coder-480B,391,moderate,correct,0.9292813147749935,20
Qwen-3-Coder-480B,391,moderate,correct,1.0123975467626112,21
Qwen-3-Coder-480B,391,moderate,correct,0.8650402977143483,22
Qwen-3-Coder-480B,391,moderate,correct,0.9098283475787732,23
Qwen-3-Coder-480B,391,moderate,correct,0.9762188419045729,24
Qwen-3-Coder-480B,391,moderate,correct,0.9688907780495792,25
Qwen-3-Coder-480B,391,moderate,correct,1.0505490222547238,26
Qwen-3-Coder-480B,391,moderate,correct,0.7852598286908355,27
Qwen-3-Coder-480B,391,moderate,correct,1.0569533960549944,28
Qwen-3-Coder-480B,391,moderate,correct,0.9821457449806946,29
Qwen-3-Coder-480B,391,moderate,correct,1.0098812556039174,30
Qwen-3-Coder-480B,391,moderate,correct,0.9687550223489059,31
Qwen-3-Coder-480B,391,moderate,correct,1.037332220355935,32
Qwen-3-Coder-480B,391,moderate,correct,0.9937476965366971,33
Qwen-3-Coder-480B,391,moderate,correct,1.0605194617738063,34
Qwen-3-Coder-480B,391,moderate,correct,1.1170311947684695,35
Qwen-3-Coder-480B,391,moderate,correct,0.9987948782069658,36
Qwen-3-Coder-480B,391,moderate,correct,1.0216279535091437,37
Qwen-3-Coder-480B,391,moderate,correct,0.8704305791403429,38
Qwen-3-Coder-480B,391,moderate,correct,0.9804009901973353,39
Qwen-3-Coder-480B,391,moderate,correct,0.9163658705902419,40
Qwen-3-Coder-480B,391,moderate,correct,0.9591033680119558,41
Qwen-3-Coder-480B,391,moderate,correct,0.9562058539018915,42
Qwen-3-Coder-480B,391,moderate,correct,0.8685563511940456,43
Qwen-3-Coder-480B,391,moderate,correct,1.0584957790864757,44
Qwen-3-Coder-480B,391,moderate,correct,0.9065304329094235,45
Qwen-3-Coder-480B,391,moderate,correct,1.1881441563905881,46
Qwen-3-Coder-480B,391,moderate,correct,0.9765303794085946,47
Qwen-3-Coder-480B,391,moderate,correct,1.0032220217853258,48
Qwen-3-Coder-480B,391,moderate,correct,1.0017327573846564,49
Qwen-3-Coder-480B,391,moderate,correct,0.9013300884251394,50
Qwen-3-Coder-480B,135,moderate,semantic,,1
Qwen-3-Coder-480B,135,moderate,semantic,,2
Qwen-3-Coder-480B,135,moderate,semantic,,3
Qwen-3-Coder-480B,135,moderate,semantic,,4
Qwen-3-Coder-480B,135,moderate,semantic,,5
Qwen-3-Coder-480B,135,moderate,semantic,,6
Qwen-3-Coder-480B,135,moderate,semantic,,7
Qwen-3-Coder-480B,135,moderate,semantic,,8
Qwen-3-Coder-480B,135,moderate,semantic,,9
Qwen-3-Coder-480B,135,moderate,semantic,,10
Qwen-3-Coder-480B,135,moderate,semantic,,11
Qwen-3-Coder-480B,135,moderate,semantic,,12
Qwen-3-Coder-480B,135,moderate,semantic,,13
Qwen-3-Coder-480B,135,moderate,semantic,,14
Qwen-3-Coder-480B,135,moderate,semantic,,15
Qwen-3-Coder-480B,135,moderate,semantic,,16
Qwen-3-Coder-480B,135,moderate,semantic,,17
Qwen-3-Coder-480B,135,moderate,semantic,,18
Qwen-3-Coder-480B,135,moderate,semantic,,19
Qwen-3-Coder-480B,135,moderate,semantic,,20
Qwen-3-Coder-480B,135,moderate,semantic,,21
Qwen-3-Coder-480B,135,moderate,semantic,,22
Qwen-3-Coder-480B,135,moderate,semantic,,23
Qwen-3-Coder-480B,135,moderate,semantic,,24
Qwen-3-Coder-480B,135,moderate,semantic,,25
Qwen-3-Coder-480B,135,moderate,semantic,,26
Qwen-3-Coder-480B,135,moderate,semantic,,27
Qwen-3-Coder-480B,135,moderate,semantic,,28
Qwen-3-Coder-480B,135,moderate,semantic,,29
Qwen-3-Coder-480B,135,moderate,semantic,,30
Qwen-3-Coder-480B,135,moderate,semantic,,31
Qwen-3-Coder-480B,135,moderate,semantic,,32
Qwen-3-Coder-480B,135,moderate,semantic,,33
Qwen-3-Coder-480B,135,moderate,semantic,,34
Qwen-3-Coder-480B,135,moderate,semantic,,35
Qwen-3-Coder-480B,135,moderate,semantic,,36
Qwen-3-Coder-480B,135,moderate,semantic,,37
Qwen-3-Coder-480B,135,moderate,semantic,,38
Qwen-3-Coder-480B,135,moderate,semantic,,39
Qwen-3-Coder-480B,135,moderate,semantic,,40
Qwen-3-Coder-480B,135,moderate,semantic,,41
Qwen-3-Coder-480B,135,moderate,semantic,,42
Qwen-3-Coder-480B,135,moderate,semantic,,43
Qwen-3-Coder-480B,135,moderate,semantic,,44
Qwen-3-Coder-480B,135,moderate,semantic,,45
Qwen-3-Coder-480B,135,moderate,semantic,,46
Qwen-3-Coder-480B,135,moderate,semantic,,47
Qwen-3-Coder-480B,135,moderate,semantic,,48
Qwen-3-Coder-480B,135,moderate,semantic,,49
Qwen-3-Coder-480B,135,moderate,semantic,,50
Qwen-3-Coder-480B,175,moderate,correct,323.3190125040077,1
Qwen-3-Coder-480B,175,moderate,correct,447.5301254697153,2
Qwen-3-Coder-480B,175,moderate,correct,253.7631882941856,3
Qwen-3-Coder-480B,175,moderate,correct,264.80220440881766,4
Qwen-3-Coder-480B,175,moderate,correct,365.19121210735676,5
Qwen-3-Coder-480B,175,moderate,correct,200.91506623004986,6
Qwen-3-Coder-480B,175,moderate,correct,345.76957223567393,7
Qwen-3-Coder-480B,175,moderate,correct,259.1408231066513,8
Qwen-3-Coder-480B,175,moderate,correct,286.3619358538845,9
Qwen-3-Coder-480B,175,moderate,correct,236.7704348923815,10
Qwen-3-Coder-480B,175,moderate,correct,335.976638816145,11
Qwen-3-Coder-480B,175,moderate,correct,335.383896797153,12
Qwen-3-Coder-480B,175,moderate,correct,263.03312410452344,13
Qwen-3-Coder-480B,175,moderate,correct,288.2897239717631,14
Qwen-3-Coder-480B,175,moderate,correct,299.7665247696122,15
Qwen-3-Coder-480B,175,moderate,correct,306.2257996522106,16
Qwen-3-Coder-480B,175,moderate,correct,304.1296121097446,17
Qwen-3-Coder-480B,175,moderate,correct,201.90756129184348,18
Qwen-3-Coder-480B,175,moderate,correct,316.6970237536382,19
Qwen-3-Coder-480B,175,moderate,correct,289.2660678499857,20
Qwen-3-Coder-480B,175,moderate,correct,241.21928110599077,21
Qwen-3-Coder-480B,175,moderate,correct,280.76571406413586,22
Qwen-3-Coder-480B,175,moderate,correct,213.78573145088615,23
Qwen-3-Coder-480B,175,moderate,correct,192.29158556253824,24
Qwen-3-Coder-480B,175,moderate,correct,204.17087958494207,25
Qwen-3-Coder-480B,175,moderate,correct,235.6145999155323,26
Qwen-3-Coder-480B,175,moderate,correct,273.38527574445254,27
Qwen-3-Coder-480B,175,moderate,correct,275.1372886542728,28
Qwen-3-Coder-480B,175,moderate,correct,262.24201319398117,29
Qwen-3-Coder-480B,175,moderate,correct,233.76007734154814,30
Qwen-3-Coder-480B,175,moderate,correct,330.88194713922303,31
Qwen-3-Coder-480B,175,moderate,correct,242.7836559283073,32
Qwen-3-Coder-480B,175,moderate,correct,244.3328079756625,33
Qwen-3-Coder-480B,175,moderate,correct,284.48883608321376,34
Qwen-3-Coder-480B,175,moderate,correct,260.7864728898826,35
Qwen-3-Coder-480B,175,moderate,correct,267.5248837609781,36
Qwen-3-Coder-480B,175,moderate,correct,215.0439819174986,37
Qwen-3-Coder-480B,175,moderate,correct,354.9353778751369,38
Qwen-3-Coder-480B,175,moderate,correct,314.4353049502346,39
Qwen-3-Coder-480B,175,moderate,correct,355.2958221331268,40
Qwen-3-Coder-480B,175,moderate,correct,183.53364649951894,41
Qwen-3-Coder-480B,175,moderate,correct,528.8103156025506,42
Qwen-3-Coder-480B,175,moderate,correct,278.1751346499102,43
Qwen-3-Coder-480B,175,moderate,correct,304.48130642340595,44
Qwen-3-Coder-480B,175,moderate,correct,315.04578442791865,45
Qwen-3-Coder-480B,175,moderate,correct,262.2458451311092,46
Qwen-3-Coder-480B,175,moderate,correct,329.24925935224707,47
Qwen-3-Coder-480B,175,moderate,correct,265.6697802197802,48
Qwen-3-Coder-480B,175,moderate,correct,290.10566675331427,49
Qwen-3-Coder-480B,175,moderate,correct,319.32249200229677,50
Qwen-3-Coder-480B,1170,moderate,semantic,,1
Qwen-3-Coder-480B,1170,moderate,semantic,,2
Qwen-3-Coder-480B,1170,moderate,semantic,,3
Qwen-3-Coder-480B,1170,moderate,semantic,,4
Qwen-3-Coder-480B,1170,moderate,semantic,,5
Qwen-3-Coder-480B,1170,moderate,semantic,,6
Qwen-3-Coder-480B,1170,moderate,semantic,,7
Qwen-3-Coder-480B,1170,moderate,semantic,,8
Qwen-3-Coder-480B,1170,moderate,semantic,,9
Qwen-3-Coder-480B,1170,moderate,semantic,,10
Qwen-3-Coder-480B,1170,moderate,semantic,,11
Qwen-3-Coder-480B,1170,moderate,semantic,,12
Qwen-3-Coder-480B,1170,moderate,semantic,,13
Qwen-3-Coder-480B,1170,moderate,semantic,,14
Qwen-3-Coder-480B,1170,moderate,semantic,,15
Qwen-3-Coder-480B,1170,moderate,semantic,,16
Qwen-3-Coder-480B,1170,moderate,semantic,,17
Qwen-3-Coder-480B,1170,moderate,semantic,,18
Qwen-3-Coder-480B,1170,moderate,semantic,,19
Qwen-3-Coder-480B,1170,moderate,semantic,,20
Qwen-3-Coder-480B,1170,moderate,semantic,,21
Qwen-3-Coder-480B,1170,moderate,semantic,,22
Qwen-3-Coder-480B,1170,moderate,semantic,,23
Qwen-3-Coder-480B,1170,moderate,semantic,,24
Qwen-3-Coder-480B,1170,moderate,semantic,,25
Qwen-3-Coder-480B,1170,moderate,semantic,,26
Qwen-3-Coder-480B,1170,moderate,semantic,,27
Qwen-3-Coder-480B,1170,moderate,semantic,,28
Qwen-3-Coder-480B,1170,moderate,semantic,,29
Qwen-3-Coder-480B,1170,moderate,semantic,,30
Qwen-3-Coder-480B,1170,moderate,semantic,,31
Qwen-3-Coder-480B,1170,moderate,semantic,,32
Qwen-3-Coder-480B,1170,moderate,semantic,,33
Qwen-3-Coder-480B,1170,moderate,semantic,,34
Qwen-3-Coder-480B,1170,moderate,semantic,,35
Qwen-3-Coder-480B,1170,moderate,semantic,,36
Qwen-3-Coder-480B,1170,moderate,semantic,,37
Qwen-3-Coder-480B,1170,moderate,semantic,,38
Qwen-3-Coder-480B,1170,moderate,semantic,,39
Qwen-3-Coder-480B,1170,moderate,semantic,,40
Qwen-3-Coder-480B,1170,moderate,semantic,,41
Qwen-3-Coder-480B,1170,moderate,semantic,,42
Qwen-3-Coder-480B,1170,moderate,semantic,,43
Qwen-3-Coder-480B,1170,moderate,semantic,,44
Qwen-3-Coder-480B,1170,moderate,semantic,,45
Qwen-3-Coder-480B,1170,moderate,semantic,,46
Qwen-3-Coder-480B,1170,moderate,semantic,,47
Qwen-3-Coder-480B,1170,moderate,semantic,,48
Qwen-3-Coder-480B,1170,moderate,semantic,,49
Qwen-3-Coder-480B,1170,moderate,semantic,,50
Qwen-3-Coder-480B,637,moderate,semantic,,1
Qwen-3-Coder-480B,637,moderate,semantic,,2
Qwen-3-Coder-480B,637,moderate,semantic,,3
Qwen-3-Coder-480B,637,moderate,semantic,,4
Qwen-3-Coder-480B,637,moderate,semantic,,5
Qwen-3-Coder-480B,637,moderate,semantic,,6
Qwen-3-Coder-480B,637,moderate,semantic,,7
Qwen-3-Coder-480B,637,moderate,semantic,,8
Qwen-3-Coder-480B,637,moderate,semantic,,9
Qwen-3-Coder-480B,637,moderate,semantic,,10
Qwen-3-Coder-480B,637,moderate,semantic,,11
Qwen-3-Coder-480B,637,moderate,semantic,,12
Qwen-3-Coder-480B,637,moderate,semantic,,13
Qwen-3-Coder-480B,637,moderate,semantic,,14
Qwen-3-Coder-480B,637,moderate,semantic,,15
Qwen-3-Coder-480B,637,moderate,semantic,,16
Qwen-3-Coder-480B,637,moderate,semantic,,17
Qwen-3-Coder-480B,637,moderate,semantic,,18
Qwen-3-Coder-480B,637,moderate,semantic,,19
Qwen-3-Coder-480B,637,moderate,semantic,,20
Qwen-3-Coder-480B,637,moderate,semantic,,21
Qwen-3-Coder-480B,637,moderate,semantic,,22
Qwen-3-Coder-480B,637,moderate,semantic,,23
Qwen-3-Coder-480B,637,moderate,semantic,,24
Qwen-3-Coder-480B,637,moderate,semantic,,25
Qwen-3-Coder-480B,637,moderate,semantic,,26
Qwen-3-Coder-480B,637,moderate,semantic,,27
Qwen-3-Coder-480B,637,moderate,semantic,,28
Qwen-3-Coder-480B,637,moderate,semantic,,29
Qwen-3-Coder-480B,637,moderate,semantic,,30
Qwen-3-Coder-480B,637,moderate,semantic,,31
Qwen-3-Coder-480B,637,moderate,semantic,,32
Qwen-3-Coder-480B,637,moderate,semantic,,33
Qwen-3-Coder-480B,637,moderate,semantic,,34
Qwen-3-Coder-480B,637,moderate,semantic,,35
Qwen-3-Coder-480B,637,moderate,semantic,,36
Qwen-3-Coder-480B,637,moderate,semantic,,37
Qwen-3-Coder-480B,637,moderate,semantic,,38
Qwen-3-Coder-480B,637,moderate,semantic,,39
Qwen-3-Coder-480B,637,moderate,semantic,,40
Qwen-3-Coder-480B,637,moderate,semantic,,41
Qwen-3-Coder-480B,637,moderate,semantic,,42
Qwen-3-Coder-480B,637,moderate,semantic,,43
Qwen-3-Coder-480B,637,moderate,semantic,,44
Qwen-3-Coder-480B,637,moderate,semantic,,45
Qwen-3-Coder-480B,637,moderate,semantic,,46
Qwen-3-Coder-480B,637,moderate,semantic,,47
Qwen-3-Coder-480B,637,moderate,semantic,,48
Qwen-3-Coder-480B,637,moderate,semantic,,49
Qwen-3-Coder-480B,637,moderate,semantic,,50
Qwen-3-Coder-480B,1095,moderate,correct,4.0321501652762475,1
Qwen-3-Coder-480B,1095,moderate,correct,0.5299006875477463,2
Qwen-3-Coder-480B,1095,moderate,correct,1.3330164606994546,3
Qwen-3-Coder-480B,1095,moderate,correct,1.1241520810652375,4
Qwen-3-Coder-480B,1095,moderate,correct,1.425915369436527,5
Qwen-3-Coder-480B,1095,moderate,correct,1.6873751135331516,6
Qwen-3-Coder-480B,1095,moderate,correct,1.210047791117846,7
Qwen-3-Coder-480B,1095,moderate,correct,1.1142462137874694,8
Qwen-3-Coder-480B,1095,moderate,correct,1.1245326430831177,9
Qwen-3-Coder-480B,1095,moderate,correct,0.509206279342723,10
Qwen-3-Coder-480B,1095,moderate,correct,1.2002467546400601,11
Qwen-3-Coder-480B,1095,moderate,correct,1.36350437632223,12
Qwen-3-Coder-480B,1095,moderate,correct,1.1328850033624749,13
Qwen-3-Coder-480B,1095,moderate,correct,0.9468232398338546,14
Qwen-3-Coder-480B,1095,moderate,correct,0.8598079810711198,15
Qwen-3-Coder-480B,1095,moderate,correct,0.9578125748216253,16
Qwen-3-Coder-480B,1095,moderate,correct,1.4692192641340114,17
Qwen-3-Coder-480B,1095,moderate,correct,1.1095352839931154,18
Qwen-3-Coder-480B,1095,moderate,correct,0.8660559434339841,19
Qwen-3-Coder-480B,1095,moderate,correct,1.2117356279751006,20
Qwen-3-Coder-480B,1095,moderate,correct,1.2434057228073445,21
Qwen-3-Coder-480B,1095,moderate,correct,1.0392998494899381,22
Qwen-3-Coder-480B,1095,moderate,correct,1.5977276297188334,23
Qwen-3-Coder-480B,1095,moderate,correct,1.159108497136666,24
Qwen-3-Coder-480B,1095,moderate,correct,0.9711186043102185,25
Qwen-3-Coder-480B,1095,moderate,correct,1.0465196756970536,26
Qwen-3-Coder-480B,1095,moderate,correct,0.8861302968079149,27
Qwen-3-Coder-480B,1095,moderate,correct,1.0242569284405838,28
Qwen-3-Coder-480B,1095,moderate,correct,1.136533761075466,29
Qwen-3-Coder-480B,1095,moderate,correct,0.9246070133010883,30
Qwen-3-Coder-480B,1095,moderate,correct,1.050201298167776,31
Qwen-3-Coder-480B,1095,moderate,correct,1.2854633091580703,32
Qwen-3-Coder-480B,1095,moderate,correct,1.3838879963277484,33
Qwen-3-Coder-480B,1095,moderate,correct,1.157152711908252,34
Qwen-3-Coder-480B,1095,moderate,correct,0.9191266772799637,35
Qwen-3-Coder-480B,1095,moderate,correct,1.1020726543347448,36
Qwen-3-Coder-480B,1095,moderate,correct,0.9190780036602859,37
Qwen-3-Coder-480B,1095,moderate,correct,1.190051353468535,38
Qwen-3-Coder-480B,1095,moderate,correct,0.6352983418200809,39
Qwen-3-Coder-480B,1095,moderate,correct,1.075287356321839,40
Qwen-3-Coder-480B,1095,moderate,correct,1.7166190580824727,41
Qwen-3-Coder-480B,1095,moderate,correct,1.0934854037659547,42
Qwen-3-Coder-480B,1095,moderate,correct,1.0006880362635584,43
Qwen-3-Coder-480B,1095,moderate,correct,0.7027108775379032,44
Qwen-3-Coder-480B,1095,moderate,correct,1.2942347417840376,45
Qwen-3-Coder-480B,1095,moderate,correct,1.1158112885529685,46
Qwen-3-Coder-480B,1095,moderate,correct,0.9380212644044057,47
Qwen-3-Coder-480B,1095,moderate,correct,1.4349613926074838,48
Qwen-3-Coder-480B,1095,moderate,correct,1.3843630399125204,49
Qwen-3-Coder-480B,1095,moderate,correct,1.0671832681312068,50
Qwen-3-Coder-480B,899,moderate,correct,3.7810602994738973,1
Qwen-3-Coder-480B,899,moderate,correct,1.0831435079726652,2
Qwen-3-Coder-480B,899,moderate,correct,0.8013403880070546,3
Qwen-3-Coder-480B,899,moderate,correct,0.9916990328230904,4
Qwen-3-Coder-480B,899,moderate,correct,0.9382759593679458,5
Qwen-3-Coder-480B,899,moderate,correct,2.254925071560869,6
Qwen-3-Coder-480B,899,moderate,correct,0.9953573610262676,7
Qwen-3-Coder-480B,899,moderate,correct,0.7248645394340758,8
Qwen-3-Coder-480B,899,moderate,correct,1.0785714285714285,9
Qwen-3-Coder-480B,899,moderate,correct,1.0768935615071753,10
Qwen-3-Coder-480B,899,moderate,correct,0.8998357033595831,11
Qwen-3-Coder-480B,899,moderate,correct,0.7593966961934403,12
Qwen-3-Coder-480B,899,moderate,correct,1.1610333172380491,13
Qwen-3-Coder-480B,899,moderate,correct,1.1102518780380026,14
Qwen-3-Coder-480B,899,moderate,correct,1.0798614045466068,15
Qwen-3-Coder-480B,899,moderate,correct,1.2023052464228934,16
Qwen-3-Coder-480B,899,moderate,correct,0.9222823195602057,17
Qwen-3-Coder-480B,899,moderate,correct,0.9200185285262101,18
Qwen-3-Coder-480B,899,moderate,correct,0.9425203725261933,19
Qwen-3-Coder-480B,899,moderate,correct,0.4029082591291561,20
Qwen-3-Coder-480B,899,moderate,correct,1.0106409304627568,21
Qwen-3-Coder-480B,899,moderate,correct,1.1428571428571428,22
Qwen-3-Coder-480B,899,moderate,correct,0.6937250996015937,23
Qwen-3-Coder-480B,899,moderate,correct,1.0841317124225103,24
Qwen-3-Coder-480B,899,moderate,correct,0.9427480916030534,25
Qwen-3-Coder-480B,899,moderate,correct,1.2038753159224937,26
Qwen-3-Coder-480B,899,moderate,correct,1.1367156630314526,27
Qwen-3-Coder-480B,899,moderate,correct,0.7811208584064381,28
Qwen-3-Coder-480B,899,moderate,correct,1.0610420754305647,29
Qwen-3-Coder-480B,899,moderate,correct,1.0448187607880484,30
Qwen-3-Coder-480B,899,moderate,correct,0.8469552534250143,31
Qwen-3-Coder-480B,899,moderate,correct,0.8806296666191088,32
Qwen-3-Coder-480B,899,moderate,correct,0.9865164552470504,33
Qwen-3-Coder-480B,899,moderate,correct,0.8904814836482771,34
Qwen-3-Coder-480B,899,moderate,correct,0.8130484988452656,35
Qwen-3-Coder-480B,899,moderate,correct,1.021072088724584,36
Qwen-3-Coder-480B,899,moderate,correct,0.8426386806596702,37
Qwen-3-Coder-480B,899,moderate,correct,0.8680450143941376,38
Qwen-3-Coder-480B,899,moderate,correct,1.7159880834160874,39
Qwen-3-Coder-480B,899,moderate,correct,0.7163670179789212,40
Qwen-3-Coder-480B,899,moderate,correct,1.0756280587275693,41
Qwen-3-Coder-480B,899,moderate,correct,1.462955077709176,42
Qwen-3-Coder-480B,899,moderate,correct,1.1422214149486878,43
Qwen-3-Coder-480B,899,moderate,correct,0.4891188213462295,44
Qwen-3-Coder-480B,899,moderate,correct,0.8918355529820498,45
Qwen-3-Coder-480B,899,moderate,correct,1.083392393101819,46
Qwen-3-Coder-480B,899,moderate,correct,0.9865055703750196,47
Qwen-3-Coder-480B,899,moderate,correct,0.9304146129312845,48
Qwen-3-Coder-480B,899,moderate,correct,0.8766823362740679,49
Qwen-3-Coder-480B,899,moderate,correct,0.9141240430489294,50
Qwen-3-Coder-480B,1274,moderate,hallucination,,1
Qwen-3-Coder-480B,1274,moderate,semantic,,2
Qwen-3-Coder-480B,1274,moderate,semantic,,3
Qwen-3-Coder-480B,1274,moderate,semantic,,4
Qwen-3-Coder-480B,1274,moderate,semantic,,5
Qwen-3-Coder-480B,1274,moderate,semantic,,6
Qwen-3-Coder-480B,1274,moderate,semantic,,7
Qwen-3-Coder-480B,1274,moderate,semantic,,8
Qwen-3-Coder-480B,1274,moderate,semantic,,9
Qwen-3-Coder-480B,1274,moderate,semantic,,10
Qwen-3-Coder-480B,1274,moderate,semantic,,11
Qwen-3-Coder-480B,1274,moderate,semantic,,12
Qwen-3-Coder-480B,1274,moderate,semantic,,13
Qwen-3-Coder-480B,1274,moderate,semantic,,14
Qwen-3-Coder-480B,1274,moderate,semantic,,15
Qwen-3-Coder-480B,1274,moderate,semantic,,16
Qwen-3-Coder-480B,1274,moderate,semantic,,17
Qwen-3-Coder-480B,1274,moderate,semantic,,18
Qwen-3-Coder-480B,1274,moderate,semantic,,19
Qwen-3-Coder-480B,1274,moderate,semantic,,20
Qwen-3-Coder-480B,1274,moderate,semantic,,21
Qwen-3-Coder-480B,1274,moderate,semantic,,22
Qwen-3-Coder-480B,1274,moderate,semantic,,23
Qwen-3-Coder-480B,1274,moderate,semantic,,24
Qwen-3-Coder-480B,1274,moderate,semantic,,25
Qwen-3-Coder-480B,1274,moderate,semantic,,26
Qwen-3-Coder-480B,1274,moderate,semantic,,27
Qwen-3-Coder-480B,1274,moderate,semantic,,28
Qwen-3-Coder-480B,1274,moderate,semantic,,29
Qwen-3-Coder-480B,1274,moderate,semantic,,30
Qwen-3-Coder-480B,1274,moderate,semantic,,31
Qwen-3-Coder-480B,1274,moderate,semantic,,32
Qwen-3-Coder-480B,1274,moderate,semantic,,33
Qwen-3-Coder-480B,1274,moderate,semantic,,34
Qwen-3-Coder-480B,1274,moderate,semantic,,35
Qwen-3-Coder-480B,1274,moderate,semantic,,36
Qwen-3-Coder-480B,1274,moderate,semantic,,37
Qwen-3-Coder-480B,1274,moderate,semantic,,38
Qwen-3-Coder-480B,1274,moderate,semantic,,39
Qwen-3-Coder-480B,1274,moderate,semantic,,40
Qwen-3-Coder-480B,1274,moderate,semantic,,41
Qwen-3-Coder-480B,1274,moderate,semantic,,42
Qwen-3-Coder-480B,1274,moderate,semantic,,43
Qwen-3-Coder-480B,1274,moderate,semantic,,44
Qwen-3-Coder-480B,1274,moderate,semantic,,45
Qwen-3-Coder-480B,1274,moderate,semantic,,46
Qwen-3-Coder-480B,1274,moderate,semantic,,47
Qwen-3-Coder-480B,1274,moderate,semantic,,48
Qwen-3-Coder-480B,1274,moderate,semantic,,49
Qwen-3-Coder-480B,1274,moderate,semantic,,50
Qwen-3-Coder-480B,327,moderate,correct,3.7526102088167055,1
Qwen-3-Coder-480B,327,moderate,correct,1.0854301434195077,2
Qwen-3-Coder-480B,327,moderate,correct,1.5614388794567062,3
Qwen-3-Coder-480B,327,moderate,correct,1.0934051263794944,4
Qwen-3-Coder-480B,327,moderate,correct,0.9406644574017367,5
Qwen-3-Coder-480B,327,moderate,correct,1.1494796594134342,6
Qwen-3-Coder-480B,327,moderate,correct,1.1917352257740375,7
Qwen-3-Coder-480B,327,moderate,correct,1.0200572488308337,8
Qwen-3-Coder-480B,327,moderate,correct,1.0930774895671385,9
Qwen-3-Coder-480B,327,moderate,correct,1.1426789723122974,10
Qwen-3-Coder-480B,327,moderate,correct,1.0973677434688744,11
Qwen-3-Coder-480B,327,moderate,correct,1.1807091200844086,12
Qwen-3-Coder-480B,327,moderate,correct,1.0625876577840112,13
Qwen-3-Coder-480B,327,moderate,correct,1.2355469196479598,14
Qwen-3-Coder-480B,327,moderate,correct,1.0757735955452175,15
Qwen-3-Coder-480B,327,moderate,correct,1.5424716855429714,16
Qwen-3-Coder-480B,327,moderate,correct,1.2576061350308254,17
Qwen-3-Coder-480B,327,moderate,correct,1.4658791458427987,18
Qwen-3-Coder-480B,327,moderate,correct,1.0983820570988314,19
Qwen-3-Coder-480B,327,moderate,correct,1.100805209662516,20
Qwen-3-Coder-480B,327,moderate,correct,1.2530029432821574,21
Qwen-3-Coder-480B,327,moderate,correct,1.0897064227675473,22
Qwen-3-Coder-480B,327,moderate,correct,1.0691388930139805,23
Qwen-3-Coder-480B,327,moderate,correct,1.0510625128945739,24
Qwen-3-Coder-480B,327,moderate,correct,1.1487184562097972,25
Qwen-3-Coder-480B,327,moderate,correct,1.174161593681133,26
Qwen-3-Coder-480B,327,moderate,correct,1.5426600508289967,27
Qwen-3-Coder-480B,327,moderate,correct,1.0222804031941353,28
Qwen-3-Coder-480B,327,moderate,correct,1.0708193018894558,29
Qwen-3-Coder-480B,327,moderate,correct,0.995964299573147,30
Qwen-3-Coder-480B,327,moderate,correct,2.1747788574665563,31
Qwen-3-Coder-480B,327,moderate,correct,1.2138406323623312,32
Qwen-3-Coder-480B,327,moderate,correct,1.0124850494156157,33
Qwen-3-Coder-480B,327,moderate,correct,0.8381143829910537,34
Qwen-3-Coder-480B,327,moderate,correct,0.9288070433565105,35
Qwen-3-Coder-480B,327,moderate,correct,1.0886644875087554,36
Qwen-3-Coder-480B,327,moderate,correct,1.3002708531875407,37
Qwen-3-Coder-480B,327,moderate,correct,1.2330791650719817,38
Qwen-3-Coder-480B,327,moderate,correct,1.3528410132816389,39
Qwen-3-Coder-480B,327,moderate,correct,1.825960740945535,40
Qwen-3-Coder-480B,327,moderate,correct,1.0422697230820714,41
Qwen-3-Coder-480B,327,moderate,correct,1.0437155416480406,42
Qwen-3-Coder-480B,327,moderate,correct,1.1341135674035543,43
Qwen-3-Coder-480B,327,moderate,correct,1.0578313253012048,44
Qwen-3-Coder-480B,327,moderate,correct,1.1016174480264471,45
Qwen-3-Coder-480B,327,moderate,correct,1.0611449973247726,46
Qwen-3-Coder-480B,327,moderate,correct,1.1264191004419795,47
Qwen-3-Coder-480B,327,moderate,correct,0.9748117305369214,48
Qwen-3-Coder-480B,327,moderate,correct,1.6710389669029666,49
Qwen-3-Coder-480B,327,moderate,correct,1.2160932186437288,50
Qwen-3-Coder-480B,1439,moderate,correct,1.346419644169975,1
Qwen-3-Coder-480B,1439,moderate,correct,1.324925816023739,2
Qwen-3-Coder-480B,1439,moderate,correct,1.5312834633623986,3
Qwen-3-Coder-480B,1439,moderate,correct,1.5363993025283347,4
Qwen-3-Coder-480B,1439,moderate,correct,1.648871069845959,5
Qwen-3-Coder-480B,1439,moderate,correct,1.4997346072186837,6
Qwen-3-Coder-480B,1439,moderate,correct,1.0093803672876205,7
Qwen-3-Coder-480B,1439,moderate,correct,1.4148450244698205,8
Qwen-3-Coder-480B,1439,moderate,correct,1.5521254242767093,9
Qwen-3-Coder-480B,1439,moderate,correct,1.7545441735944765,10
Qwen-3-Coder-480B,1439,moderate,correct,1.3724513618677043,11
Qwen-3-Coder-480B,1439,moderate,correct,1.4729962160302719,12
Qwen-3-Coder-480B,1439,moderate,correct,1.3838259441707716,13
Qwen-3-Coder-480B,1439,moderate,correct,1.6342948717948718,14
Qwen-3-Coder-480B,1439,moderate,correct,1.4538809144072302,15
Qwen-3-Coder-480B,1439,moderate,correct,1.1063222706112028,16
Qwen-3-Coder-480B,1439,moderate,correct,1.3289602746444336,17
Qwen-3-Coder-480B,1439,moderate,correct,2.4937363834422657,18
Qwen-3-Coder-480B,1439,moderate,correct,1.306276150627615,19
Qwen-3-Coder-480B,1439,moderate,correct,1.4516736704825388,20
Qwen-3-Coder-480B,1439,moderate,correct,1.0914467199649545,21
Qwen-3-Coder-480B,1439,moderate,correct,1.4501533742331287,22
Qwen-3-Coder-480B,1439,moderate,correct,1.3483612863517465,23
Qwen-3-Coder-480B,1439,moderate,correct,1.2445084078169975,24
Qwen-3-Coder-480B,1439,moderate,correct,1.0308769040757513,25
Qwen-3-Coder-480B,1439,moderate,correct,1.379315731916888,26
Qwen-3-Coder-480B,1439,moderate,correct,1.8884633796074677,27
Qwen-3-Coder-480B,1439,moderate,correct,1.4130888491353608,28
Qwen-3-Coder-480B,1439,moderate,correct,1.1018450184501845,29
Qwen-3-Coder-480B,1439,moderate,correct,1.279793581680374,30
Qwen-3-Coder-480B,1439,moderate,correct,1.6567441860465115,31
Qwen-3-Coder-480B,1439,moderate,correct,1.3678796593297202,32
Qwen-3-Coder-480B,1439,moderate,correct,1.6769259818731117,33
Qwen-3-Coder-480B,1439,moderate,correct,1.3150576710380786,34
Qwen-3-Coder-480B,1439,moderate,correct,1.3498987381212026,35
Qwen-3-Coder-480B,1439,moderate,correct,1.33027803238619,36
Qwen-3-Coder-480B,1439,moderate,correct,1.356757797458606,37
Qwen-3-Coder-480B,1439,moderate,correct,1.5544845613461853,38
Qwen-3-Coder-480B,1439,moderate,correct,1.1306646525679758,39
Qwen-3-Coder-480B,1439,moderate,correct,1.512603675394373,40
Qwen-3-Coder-480B,1439,moderate,correct,1.6053518334985133,41
Qwen-3-Coder-480B,1439,moderate,correct,1.5182704019488429,42
Qwen-3-Coder-480B,1439,moderate,correct,1.0886729426055268,43
Qwen-3-Coder-480B,1439,moderate,correct,1.302796833773087,44
Qwen-3-Coder-480B,1439,moderate,correct,1.3626686941646076,45
Qwen-3-Coder-480B,1439,moderate,correct,1.5633206886489641,46
Qwen-3-Coder-480B,1439,moderate,correct,0.9952840300107181,47
Qwen-3-Coder-480B,1439,moderate,correct,1.1476244931905604,48
Qwen-3-Coder-480B,1439,moderate,correct,1.802439024390244,49
Qwen-3-Coder-480B,1439,moderate,correct,1.4082066372404773,50
Qwen-3-Coder-480B,753,moderate,correct,5.315611741276301,1
Qwen-3-Coder-480B,753,moderate,correct,1.5048808498420903,2
Qwen-3-Coder-480B,753,moderate,correct,1.2165727305432306,3
Qwen-3-Coder-480B,753,moderate,correct,2.4155807365439093,4
Qwen-3-Coder-480B,753,moderate,correct,1.360139501487332,5
Qwen-3-Coder-480B,753,moderate,correct,1.076670317634173,6
Qwen-3-Coder-480B,753,moderate,correct,1.9286023366508005,7
Qwen-3-Coder-480B,753,moderate,correct,1.4496392062537582,8
Qwen-3-Coder-480B,753,moderate,correct,1.0621779457231193,9
Qwen-3-Coder-480B,753,moderate,correct,1.2933862433862433,10
Qwen-3-Coder-480B,753,moderate,correct,1.2145254074784275,11
Qwen-3-Coder-480B,753,moderate,correct,1.3492027846395689,12
Qwen-3-Coder-480B,753,moderate,correct,1.3275668073136428,13
Qwen-3-Coder-480B,753,moderate,correct,1.223948220064725,14
Qwen-3-Coder-480B,753,moderate,correct,2.1626036079960995,15
Qwen-3-Coder-480B,753,moderate,correct,1.3849667232154508,16
Qwen-3-Coder-480B,753,moderate,correct,1.539320667818077,17
Qwen-3-Coder-480B,753,moderate,correct,1.4036638483218038,18
Qwen-3-Coder-480B,753,moderate,correct,1.578747860112497,19
Qwen-3-Coder-480B,753,moderate,correct,0.9707662149492884,20
Qwen-3-Coder-480B,753,moderate,correct,1.2340453413707246,21
Qwen-3-Coder-480B,753,moderate,correct,1.2887550200803213,22
Qwen-3-Coder-480B,753,moderate,correct,1.2910655076619768,23
Qwen-3-Coder-480B,753,moderate,correct,1.0921702774610413,24
Qwen-3-Coder-480B,753,moderate,correct,2.2065633178981274,25
Qwen-3-Coder-480B,753,moderate,correct,1.4702789412708315,26
Qwen-3-Coder-480B,753,moderate,correct,1.3804470854555744,27
Qwen-3-Coder-480B,753,moderate,correct,1.3347994825355758,28
Qwen-3-Coder-480B,753,moderate,correct,1.2875112309074572,29
Qwen-3-Coder-480B,753,moderate,correct,1.3796026121995275,30
Qwen-3-Coder-480B,753,moderate,correct,1.1084726129405924,31
Qwen-3-Coder-480B,753,moderate,correct,1.3214005748628168,32
Qwen-3-Coder-480B,753,moderate,correct,1.3317911434236616,33
Qwen-3-Coder-480B,753,moderate,correct,1.3918230758038703,34
Qwen-3-Coder-480B,753,moderate,correct,1.559628770301624,35
Qwen-3-Coder-480B,753,moderate,correct,1.0917399748657604,36
Qwen-3-Coder-480B,753,moderate,correct,1.325805041527029,37
Qwen-3-Coder-480B,753,moderate,correct,2.1990712074303405,38
Qwen-3-Coder-480B,753,moderate,correct,1.320298195134711,39
Qwen-3-Coder-480B,753,moderate,correct,0.9234840746587427,40
Qwen-3-Coder-480B,753,moderate,correct,1.3050798258345429,41
Qwen-3-Coder-480B,753,moderate,correct,1.5088075880758807,42
Qwen-3-Coder-480B,753,moderate,correct,1.4387371586068654,43
Qwen-3-Coder-480B,753,moderate,correct,1.3334225672600724,44
Qwen-3-Coder-480B,753,moderate,correct,1.4077726218097448,45
Qwen-3-Coder-480B,753,moderate,correct,1.4443530701754386,46
Qwen-3-Coder-480B,753,moderate,correct,1.299081515499426,47
Qwen-3-Coder-480B,753,moderate,correct,1.2129823825503356,48
Qwen-3-Coder-480B,753,moderate,correct,1.3617541337167505,49
Qwen-3-Coder-480B,753,moderate,correct,1.362536023054755,50
Qwen-3-Coder-480B,1125,moderate,correct,1.9864036981940911,1
Qwen-3-Coder-480B,1125,moderate,correct,0.7857688214470137,2
Qwen-3-Coder-480B,1125,moderate,correct,0.9017248048703775,3
Qwen-3-Coder-480B,1125,moderate,correct,0.8884744144758999,4
Qwen-3-Coder-480B,1125,moderate,correct,1.0065828000046293,5
Qwen-3-Coder-480B,1125,moderate,correct,1.3940019955492222,6
Qwen-3-Coder-480B,1125,moderate,correct,1.268174156269552,7
Qwen-3-Coder-480B,1125,moderate,correct,1.5209303594526844,8
Qwen-3-Coder-480B,1125,moderate,correct,1.0649867886248128,9
Qwen-3-Coder-480B,1125,moderate,correct,1.006014150460279,10
Qwen-3-Coder-480B,1125,moderate,correct,0.8748376532031267,11
Qwen-3-Coder-480B,1125,moderate,correct,1.1597196244488461,12
Qwen-3-Coder-480B,1125,moderate,correct,1.3200636418657026,13
Qwen-3-Coder-480B,1125,moderate,correct,1.2762624367174151,14
Qwen-3-Coder-480B,1125,moderate,correct,1.2823153065149473,15
Qwen-3-Coder-480B,1125,moderate,correct,0.7455255173926522,16
Qwen-3-Coder-480B,1125,moderate,correct,0.9827186362181124,17
Qwen-3-Coder-480B,1125,moderate,correct,0.9534182034182034,18
Qwen-3-Coder-480B,1125,moderate,correct,1.1321995107035159,19
Qwen-3-Coder-480B,1125,moderate,correct,1.06334411749602,20
Qwen-3-Coder-480B,1125,moderate,correct,1.0423685060118446,21
Qwen-3-Coder-480B,1125,moderate,correct,1.0334675278711734,22
Qwen-3-Coder-480B,1125,moderate,correct,1.1984849369578252,23
Qwen-3-Coder-480B,1125,moderate,correct,0.884049530329334,24
Qwen-3-Coder-480B,1125,moderate,correct,1.012035603086334,25
Qwen-3-Coder-480B,1125,moderate,correct,1.1882818178859318,26
Qwen-3-Coder-480B,1125,moderate,correct,1.0421815347626786,27
Qwen-3-Coder-480B,1125,moderate,correct,0.9841734157843246,28
Qwen-3-Coder-480B,1125,moderate,correct,0.8086663296945067,29
Qwen-3-Coder-480B,1125,moderate,correct,1.258341779491106,30
Qwen-3-Coder-480B,1125,moderate,correct,1.1150662232630613,31
Qwen-3-Coder-480B,1125,moderate,correct,1.279665719469673,32
Qwen-3-Coder-480B,1125,moderate,correct,1.0582057884386387,33
Qwen-3-Coder-480B,1125,moderate,correct,1.0851165328223793,34
Qwen-3-Coder-480B,1125,moderate,correct,0.8288313941263055,35
Qwen-3-Coder-480B,1125,moderate,correct,0.950976542617396,36
Qwen-3-Coder-480B,1125,moderate,correct,1.2965384499960442,37
Qwen-3-Coder-480B,1125,moderate,correct,1.0451273452965095,38
Qwen-3-Coder-480B,1125,moderate,correct,1.0829762601626016,39
Qwen-3-Coder-480B,1125,moderate,correct,0.9654611956004636,40
Qwen-3-Coder-480B,1125,moderate,correct,1.0381708341234794,41
Qwen-3-Coder-480B,1125,moderate,correct,1.015854667096006,42
Qwen-3-Coder-480B,1125,moderate,correct,1.0474713727956397,43
Qwen-3-Coder-480B,1125,moderate,correct,1.2332761506450791,44
Qwen-3-Coder-480B,1125,moderate,correct,1.1056582028364874,45
Qwen-3-Coder-480B,1125,moderate,correct,0.9572624509027133,46
Qwen-3-Coder-480B,1125,moderate,correct,0.8694343955222773,47
Qwen-3-Coder-480B,1125,moderate,correct,0.752150673742435,48
Qwen-3-Coder-480B,1125,moderate,correct,1.121800261360033,49
Qwen-3-Coder-480B,1125,moderate,correct,1.3258118801141046,50
Qwen-3-Coder-480B,1388,moderate,semantic,,1
Qwen-3-Coder-480B,1388,moderate,semantic,,2
Qwen-3-Coder-480B,1388,moderate,semantic,,3
Qwen-3-Coder-480B,1388,moderate,semantic,,4
Qwen-3-Coder-480B,1388,moderate,semantic,,5
Qwen-3-Coder-480B,1388,moderate,semantic,,6
Qwen-3-Coder-480B,1388,moderate,semantic,,7
Qwen-3-Coder-480B,1388,moderate,semantic,,8
Qwen-3-Coder-480B,1388,moderate,semantic,,9
Qwen-3-Coder-480B,1388,moderate,semantic,,10
Qwen-3-Coder-480B,1388,moderate,semantic,,11
Qwen-3-Coder-480B,1388,moderate,semantic,,12
Qwen-3-Coder-480B,1388,moderate,semantic,,13
Qwen-3-Coder-480B,1388,moderate,semantic,,14
Qwen-3-Coder-480B,1388,moderate,semantic,,15
Qwen-3-Coder-480B,1388,moderate,semantic,,16
Qwen-3-Coder-480B,1388,moderate,semantic,,17
Qwen-3-Coder-480B,1388,moderate,semantic,,18
Qwen-3-Coder-480B,1388,moderate,semantic,,19
Qwen-3-Coder-480B,1388,moderate,semantic,,20
Qwen-3-Coder-480B,1388,moderate,semantic,,21
Qwen-3-Coder-480B,1388,moderate,semantic,,22
Qwen-3-Coder-480B,1388,moderate,semantic,,23
Qwen-3-Coder-480B,1388,moderate,semantic,,24
Qwen-3-Coder-480B,1388,moderate,semantic,,25
Qwen-3-Coder-480B,1388,moderate,semantic,,26
Qwen-3-Coder-480B,1388,moderate,semantic,,27
Qwen-3-Coder-480B,1388,moderate,semantic,,28
Qwen-3-Coder-480B,1388,moderate,semantic,,29
Qwen-3-Coder-480B,1388,moderate,semantic,,30
Qwen-3-Coder-480B,1388,moderate,semantic,,31
Qwen-3-Coder-480B,1388,moderate,semantic,,32
Qwen-3-Coder-480B,1388,moderate,semantic,,33
Qwen-3-Coder-480B,1388,moderate,semantic,,34
Qwen-3-Coder-480B,1388,moderate,semantic,,35
Qwen-3-Coder-480B,1388,moderate,semantic,,36
Qwen-3-Coder-480B,1388,moderate,semantic,,37
Qwen-3-Coder-480B,1388,moderate,semantic,,38
Qwen-3-Coder-480B,1388,moderate,semantic,,39
Qwen-3-Coder-480B,1388,moderate,semantic,,40
Qwen-3-Coder-480B,1388,moderate,semantic,,41
Qwen-3-Coder-480B,1388,moderate,semantic,,42
Qwen-3-Coder-480B,1388,moderate,semantic,,43
Qwen-3-Coder-480B,1388,moderate,semantic,,44
Qwen-3-Coder-480B,1388,moderate,semantic,,45
Qwen-3-Coder-480B,1388,moderate,semantic,,46
Qwen-3-Coder-480B,1388,moderate,semantic,,47
Qwen-3-Coder-480B,1388,moderate,semantic,,48
Qwen-3-Coder-480B,1388,moderate,semantic,,49
Qwen-3-Coder-480B,1388,moderate,semantic,,50
Qwen-3-Coder-480B,1047,moderate,correct,1.0676885737573532,1
Qwen-3-Coder-480B,1047,moderate,correct,0.9839694854135381,2
Qwen-3-Coder-480B,1047,moderate,correct,1.0527655279843788,3
Qwen-3-Coder-480B,1047,moderate,correct,0.8416931847534488,4
Qwen-3-Coder-480B,1047,moderate,correct,1.1007101859290047,5
Qwen-3-Coder-480B,1047,moderate,correct,1.138664676282597,6
Qwen-3-Coder-480B,1047,moderate,correct,0.8675880404279113,7
Qwen-3-Coder-480B,1047,moderate,correct,0.7628482855268932,8
Qwen-3-Coder-480B,1047,moderate,correct,0.8815750747238691,9
Qwen-3-Coder-480B,1047,moderate,correct,0.7747346477300883,10
Qwen-3-Coder-480B,1047,moderate,correct,1.1881685348234794,11
Qwen-3-Coder-480B,1047,moderate,correct,0.9426919806460746,12
Qwen-3-Coder-480B,1047,moderate,correct,0.8983970496571785,13
Qwen-3-Coder-480B,1047,moderate,correct,1.202225955030388,14
Qwen-3-Coder-480B,1047,moderate,correct,0.7308933196818387,15
Qwen-3-Coder-480B,1047,moderate,correct,1.1698769039077102,16
Qwen-3-Coder-480B,1047,moderate,correct,0.8653846875128929,17
Qwen-3-Coder-480B,1047,moderate,correct,0.9040307659833849,18
Qwen-3-Coder-480B,1047,moderate,correct,0.6902969548619028,19
Qwen-3-Coder-480B,1047,moderate,correct,0.7740592625790771,20
Qwen-3-Coder-480B,1047,moderate,correct,0.9245799280810723,21
Qwen-3-Coder-480B,1047,moderate,correct,0.9343584914931375,22
Qwen-3-Coder-480B,1047,moderate,correct,1.2247397031753335,23
Qwen-3-Coder-480B,1047,moderate,correct,1.1595502145884582,24
Qwen-3-Coder-480B,1047,moderate,correct,1.2870746327719829,25
Qwen-3-Coder-480B,1047,moderate,correct,0.8633864187991164,26
Qwen-3-Coder-480B,1047,moderate,correct,0.878078380810633,27
Qwen-3-Coder-480B,1047,moderate,correct,1.0693321709596584,28
Qwen-3-Coder-480B,1047,moderate,correct,0.8499944135435137,29
Qwen-3-Coder-480B,1047,moderate,correct,0.9178757487598076,30
Qwen-3-Coder-480B,1047,moderate,correct,0.9179221303338899,31
Qwen-3-Coder-480B,1047,moderate,correct,1.0511154314419537,32
Qwen-3-Coder-480B,1047,moderate,correct,0.788788477256135,33
Qwen-3-Coder-480B,1047,moderate,correct,0.7845778844840656,34
Qwen-3-Coder-480B,1047,moderate,correct,1.18468907680078,35
Qwen-3-Coder-480B,1047,moderate,correct,0.900507303460124,36
Qwen-3-Coder-480B,1047,moderate,correct,1.0688880434704586,37
Qwen-3-Coder-480B,1047,moderate,correct,0.8640305166079328,38
Qwen-3-Coder-480B,1047,moderate,correct,0.8325253197256764,39
Qwen-3-Coder-480B,1047,moderate,correct,1.3812329165925374,40
Qwen-3-Coder-480B,1047,moderate,correct,1.1540402112709336,41
Qwen-3-Coder-480B,1047,moderate,correct,0.9398198872290959,42
Qwen-3-Coder-480B,1047,moderate,correct,1.3077691918670096,43
Qwen-3-Coder-480B,1047,moderate,correct,1.0904237221597006,44
Qwen-3-Coder-480B,1047,moderate,correct,0.9794245151250659,45
Qwen-3-Coder-480B,1047,moderate,correct,0.9222154458624032,46
Qwen-3-Coder-480B,1047,moderate,correct,1.407364534705335,47
Qwen-3-Coder-480B,1047,moderate,correct,0.9038015748960392,48
Qwen-3-Coder-480B,1047,moderate,correct,0.9867329864393195,49
Qwen-3-Coder-480B,1047,moderate,correct,0.7725555320384451,50
Qwen-3-Coder-480B,1093,moderate,semantic,,1
Qwen-3-Coder-480B,1093,moderate,semantic,,2
Qwen-3-Coder-480B,1093,moderate,semantic,,3
Qwen-3-Coder-480B,1093,moderate,semantic,,4
Qwen-3-Coder-480B,1093,moderate,semantic,,5
Qwen-3-Coder-480B,1093,moderate,semantic,,6
Qwen-3-Coder-480B,1093,moderate,semantic,,7
Qwen-3-Coder-480B,1093,moderate,semantic,,8
Qwen-3-Coder-480B,1093,moderate,semantic,,9
Qwen-3-Coder-480B,1093,moderate,semantic,,10
Qwen-3-Coder-480B,1093,moderate,semantic,,11
Qwen-3-Coder-480B,1093,moderate,semantic,,12
Qwen-3-Coder-480B,1093,moderate,semantic,,13
Qwen-3-Coder-480B,1093,moderate,semantic,,14
Qwen-3-Coder-480B,1093,moderate,semantic,,15
Qwen-3-Coder-480B,1093,moderate,semantic,,16
Qwen-3-Coder-480B,1093,moderate,semantic,,17
Qwen-3-Coder-480B,1093,moderate,semantic,,18
Qwen-3-Coder-480B,1093,moderate,semantic,,19
Qwen-3-Coder-480B,1093,moderate,semantic,,20
Qwen-3-Coder-480B,1093,moderate,semantic,,21
Qwen-3-Coder-480B,1093,moderate,semantic,,22
Qwen-3-Coder-480B,1093,moderate,semantic,,23
Qwen-3-Coder-480B,1093,moderate,semantic,,24
Qwen-3-Coder-480B,1093,moderate,semantic,,25
Qwen-3-Coder-480B,1093,moderate,semantic,,26
Qwen-3-Coder-480B,1093,moderate,semantic,,27
Qwen-3-Coder-480B,1093,moderate,semantic,,28
Qwen-3-Coder-480B,1093,moderate,semantic,,29
Qwen-3-Coder-480B,1093,moderate,semantic,,30
Qwen-3-Coder-480B,1093,moderate,semantic,,31
Qwen-3-Coder-480B,1093,moderate,semantic,,32
Qwen-3-Coder-480B,1093,moderate,semantic,,33
Qwen-3-Coder-480B,1093,moderate,semantic,,34
Qwen-3-Coder-480B,1093,moderate,semantic,,35
Qwen-3-Coder-480B,1093,moderate,semantic,,36
Qwen-3-Coder-480B,1093,moderate,semantic,,37
Qwen-3-Coder-480B,1093,moderate,semantic,,38
Qwen-3-Coder-480B,1093,moderate,semantic,,39
Qwen-3-Coder-480B,1093,moderate,semantic,,40
Qwen-3-Coder-480B,1093,moderate,semantic,,41
Qwen-3-Coder-480B,1093,moderate,semantic,,42
Qwen-3-Coder-480B,1093,moderate,semantic,,43
Qwen-3-Coder-480B,1093,moderate,semantic,,44
Qwen-3-Coder-480B,1093,moderate,semantic,,45
Qwen-3-Coder-480B,1093,moderate,semantic,,46
Qwen-3-Coder-480B,1093,moderate,semantic,,47
Qwen-3-Coder-480B,1093,moderate,semantic,,48
Qwen-3-Coder-480B,1093,moderate,semantic,,49
Qwen-3-Coder-480B,1093,moderate,semantic,,50
Qwen-3-Coder-480B,657,moderate,correct,4.66916805632759,1
Qwen-3-Coder-480B,657,moderate,correct,0.8381006734391051,2
Qwen-3-Coder-480B,657,moderate,correct,1.1438782669707068,3
Qwen-3-Coder-480B,657,moderate,correct,1.2391304347826086,4
Qwen-3-Coder-480B,657,moderate,correct,1.0480431617710029,5
Qwen-3-Coder-480B,657,moderate,correct,1.7820420292931438,6
Qwen-3-Coder-480B,657,moderate,correct,1.5428848015488867,7
Qwen-3-Coder-480B,657,moderate,correct,1.447771721705675,8
Qwen-3-Coder-480B,657,moderate,correct,1.2435265286840473,9
Qwen-3-Coder-480B,657,moderate,correct,1.1678256022063787,10
Qwen-3-Coder-480B,657,moderate,correct,1.1816680660509375,11
Qwen-3-Coder-480B,657,moderate,correct,1.263473442006676,12
Qwen-3-Coder-480B,657,moderate,correct,1.226540843409024,13
Qwen-3-Coder-480B,657,moderate,correct,1.1096255169678773,14
Qwen-3-Coder-480B,657,moderate,correct,1.7897806700409737,15
Qwen-3-Coder-480B,657,moderate,correct,2.111737283134663,16
Qwen-3-Coder-480B,657,moderate,correct,1.0081123698078758,17
Qwen-3-Coder-480B,657,moderate,correct,1.8110073340437536,18
Qwen-3-Coder-480B,657,moderate,correct,1.1444746774335117,19
Qwen-3-Coder-480B,657,moderate,correct,1.5179061280986537,20
Qwen-3-Coder-480B,657,moderate,correct,1.3732275037902435,21
Qwen-3-Coder-480B,657,moderate,correct,0.9224664496856748,22
Qwen-3-Coder-480B,657,moderate,correct,1.2992963838745026,23
Qwen-3-Coder-480B,657,moderate,correct,1.2162624996177487,24
Qwen-3-Coder-480B,657,moderate,correct,1.0743269862114249,25
Qwen-3-Coder-480B,657,moderate,correct,1.1088696189177367,26
Qwen-3-Coder-480B,657,moderate,correct,1.2243713733075434,27
Qwen-3-Coder-480B,657,moderate,correct,1.4327156181945186,28
Qwen-3-Coder-480B,657,moderate,correct,1.226325411334552,29
Qwen-3-Coder-480B,657,moderate,correct,1.3314629968696474,30
Qwen-3-Coder-480B,657,moderate,correct,1.3998420174950996,31
Qwen-3-Coder-480B,657,moderate,correct,1.123994946014243,32
Qwen-3-Coder-480B,657,moderate,correct,1.5001622849724117,33
Qwen-3-Coder-480B,657,moderate,correct,1.5994784177045505,34
Qwen-3-Coder-480B,657,moderate,correct,1.1794297278739474,35
Qwen-3-Coder-480B,657,moderate,correct,1.289294610851206,36
Qwen-3-Coder-480B,657,moderate,correct,1.0912426963089639,37
Qwen-3-Coder-480B,657,moderate,correct,1.5169538309556323,38
Qwen-3-Coder-480B,657,moderate,correct,1.1080959468346543,39
Qwen-3-Coder-480B,657,moderate,correct,1.3653755473223308,40
Qwen-3-Coder-480B,657,moderate,correct,1.2828028791952129,41
Qwen-3-Coder-480B,657,moderate,correct,1.1482414242292662,42
Qwen-3-Coder-480B,657,moderate,correct,1.3906808004081401,43
Qwen-3-Coder-480B,657,moderate,correct,1.5931377327224876,44
Qwen-3-Coder-480B,657,moderate,correct,1.3102350717814395,45
Qwen-3-Coder-480B,657,moderate,correct,1.303842658704401,46
Qwen-3-Coder-480B,657,moderate,correct,0.9495578947368422,47
Qwen-3-Coder-480B,657,moderate,correct,1.386759477788068,48
Qwen-3-Coder-480B,657,moderate,correct,1.191068034967693,49
Qwen-3-Coder-480B,657,moderate,correct,1.3022478736330498,50
Qwen-3-Coder-480B,272,moderate,correct,5.762884829774462,1
Qwen-3-Coder-480B,272,moderate,correct,0.8471474703982778,2
Qwen-3-Coder-480B,272,moderate,correct,0.8096513239204525,3
Qwen-3-Coder-480B,272,moderate,correct,1.073818293431553,4
Qwen-3-Coder-480B,272,moderate,correct,1.0288284185358079,5
Qwen-3-Coder-480B,272,moderate,correct,1.2658055030455786,6
Qwen-3-Coder-480B,272,moderate,correct,0.9461039101084823,7
Qwen-3-Coder-480B,272,moderate,correct,1.0056798095731894,8
Qwen-3-Coder-480B,272,moderate,correct,1.0518487132598904,9
Qwen-3-Coder-480B,272,moderate,correct,0.9363096547173961,10
Qwen-3-Coder-480B,272,moderate,correct,0.7622641509433963,11
Qwen-3-Coder-480B,272,moderate,correct,1.7753020684005734,12
Qwen-3-Coder-480B,272,moderate,correct,1.0618781961878196,13
Qwen-3-Coder-480B,272,moderate,correct,1.494798678252356,14
Qwen-3-Coder-480B,272,moderate,correct,1.1166602708184858,15
Qwen-3-Coder-480B,272,moderate,correct,0.9855331673081277,16
Qwen-3-Coder-480B,272,moderate,correct,0.913130955802693,17
Qwen-3-Coder-480B,272,moderate,correct,0.8380899033748774,18
Qwen-3-Coder-480B,272,moderate,correct,0.9212685250529288,19
Qwen-3-Coder-480B,272,moderate,correct,1.1269210245464247,20
Qwen-3-Coder-480B,272,moderate,correct,1.0323066392881588,21
Qwen-3-Coder-480B,272,moderate,correct,0.8721306619840481,22
Qwen-3-Coder-480B,272,moderate,correct,1.4239242523671136,23
Qwen-3-Coder-480B,272,moderate,correct,0.9762237132435718,24
Qwen-3-Coder-480B,272,moderate,correct,1.080741542370489,25
Qwen-3-Coder-480B,272,moderate,correct,0.9568419132734486,26
Qwen-3-Coder-480B,272,moderate,correct,1.0430677003515731,27
Qwen-3-Coder-480B,272,moderate,correct,1.0337657977409531,28
Qwen-3-Coder-480B,272,moderate,correct,1.3131348164296686,29
Qwen-3-Coder-480B,272,moderate,correct,0.9722765196662694,30
Qwen-3-Coder-480B,272,moderate,correct,1.0361823554623175,31
Qwen-3-Coder-480B,272,moderate,correct,0.9668432258399543,32
Qwen-3-Coder-480B,272,moderate,correct,1.0238507938709007,33
Qwen-3-Coder-480B,272,moderate,correct,0.8802535921474555,34
Qwen-3-Coder-480B,272,moderate,correct,1.891220002873976,35
Qwen-3-Coder-480B,272,moderate,correct,0.9803984649677138,36
Qwen-3-Coder-480B,272,moderate,correct,1.0034107368125964,37
Qwen-3-Coder-480B,272,moderate,correct,0.9111534052814845,38
Qwen-3-Coder-480B,272,moderate,correct,0.9483399536928862,39
Qwen-3-Coder-480B,272,moderate,correct,0.9273593856881219,40
Qwen-3-Coder-480B,272,moderate,correct,0.9796258611812587,41
Qwen-3-Coder-480B,272,moderate,correct,2.2076390283075686,42
Qwen-3-Coder-480B,272,moderate,correct,0.8880677152422463,43
Qwen-3-Coder-480B,272,moderate,correct,1.0382558806655193,44
Qwen-3-Coder-480B,272,moderate,correct,1.6351400216963317,45
Qwen-3-Coder-480B,272,moderate,correct,0.7150003305493731,46
Qwen-3-Coder-480B,272,moderate,correct,0.7390173144225456,47
Qwen-3-Coder-480B,272,moderate,correct,0.9914773390618068,48
Qwen-3-Coder-480B,272,moderate,correct,0.9979526437600142,49
Qwen-3-Coder-480B,272,moderate,correct,2.212457337883959,50
Qwen-3-Coder-480B,1401,moderate,correct,1.9660364145658262,1
Qwen-3-Coder-480B,1401,moderate,correct,1.459288800265869,2
Qwen-3-Coder-480B,1401,moderate,correct,1.2132580198230842,3
Qwen-3-Coder-480B,1401,moderate,correct,1.6035981094679066,4
Qwen-3-Coder-480B,1401,moderate,correct,1.280523611450942,5
Qwen-3-Coder-480B,1401,moderate,correct,1.53515406162465,6
Qwen-3-Coder-480B,1401,moderate,correct,1.343252879868349,7
Qwen-3-Coder-480B,1401,moderate,correct,1.0885883988373561,8
Qwen-3-Coder-480B,1401,moderate,correct,1.202484206017775,9
Qwen-3-Coder-480B,1401,moderate,correct,1.4080652904464714,10
Qwen-3-Coder-480B,1401,moderate,correct,1.4980322003577817,11
Qwen-3-Coder-480B,1401,moderate,correct,1.0072346080023624,12
Qwen-3-Coder-480B,1401,moderate,correct,1.1001164144353899,13
Qwen-3-Coder-480B,1401,moderate,correct,1.1592401500938085,14
Qwen-3-Coder-480B,1401,moderate,correct,1.36001865381626,15
Qwen-3-Coder-480B,1401,moderate,correct,1.4692202462380302,16
Qwen-3-Coder-480B,1401,moderate,correct,1.2623665286554806,17
Qwen-3-Coder-480B,1401,moderate,correct,0.8098951331002958,18
Qwen-3-Coder-480B,1401,moderate,correct,1.5563802455038538,19
Qwen-3-Coder-480B,1401,moderate,correct,1.523124516627997,20
Qwen-3-Coder-480B,1401,moderate,correct,1.2524824573017344,21
Qwen-3-Coder-480B,1401,moderate,correct,1.8699063528220703,22
Qwen-3-Coder-480B,1401,moderate,correct,1.6790686509841575,23
Qwen-3-Coder-480B,1401,moderate,correct,1.3802226398727773,24
Qwen-3-Coder-480B,1401,moderate,correct,1.3988307892172784,25
Qwen-3-Coder-480B,1401,moderate,correct,0.827466766523123,26
Qwen-3-Coder-480B,1401,moderate,correct,1.639050604567846,27
Qwen-3-Coder-480B,1401,moderate,correct,1.43175,28
Qwen-3-Coder-480B,1401,moderate,correct,1.345125786163522,29
Qwen-3-Coder-480B,1401,moderate,correct,1.4786729857819905,30
Qwen-3-Coder-480B,1401,moderate,correct,1.386090057958092,31
Qwen-3-Coder-480B,1401,moderate,correct,1.3586270586424503,32
Qwen-3-Coder-480B,1401,moderate,correct,1.1492583918813426,33
Qwen-3-Coder-480B,1401,moderate,correct,1.3631929767517477,34
Qwen-3-Coder-480B,1401,moderate,correct,1.3173284087411512,35
Qwen-3-Coder-480B,1401,moderate,correct,1.2576450542552238,36
Qwen-3-Coder-480B,1401,moderate,correct,1.3079775146513575,37
Qwen-3-Coder-480B,1401,moderate,correct,1.3388484447385838,38
Qwen-3-Coder-480B,1401,moderate,correct,1.5558424790187217,39
Qwen-3-Coder-480B,1401,moderate,correct,2.36779324055666,40
Qwen-3-Coder-480B,1401,moderate,correct,1.152832674571805,41
Qwen-3-Coder-480B,1401,moderate,correct,1.777605633802817,42
Qwen-3-Coder-480B,1401,moderate,correct,1.4938574938574938,43
Qwen-3-Coder-480B,1401,moderate,correct,1.6461405030355594,44
Qwen-3-Coder-480B,1401,moderate,correct,1.3943506391036768,45
Qwen-3-Coder-480B,1401,moderate,correct,1.49664198381264,46
Qwen-3-Coder-480B,1401,moderate,correct,1.4202527595584706,47
Qwen-3-Coder-480B,1401,moderate,correct,1.4057628719886632,48
Qwen-3-Coder-480B,1401,moderate,correct,1.5186961869618696,49
Qwen-3-Coder-480B,1401,moderate,correct,1.7015911137796458,50
Qwen-3-Coder-480B,81,moderate,semantic,,1
Qwen-3-Coder-480B,81,moderate,semantic,,2
Qwen-3-Coder-480B,81,moderate,semantic,,3
Qwen-3-Coder-480B,81,moderate,semantic,,4
Qwen-3-Coder-480B,81,moderate,semantic,,5
Qwen-3-Coder-480B,81,moderate,semantic,,6
Qwen-3-Coder-480B,81,moderate,semantic,,7
Qwen-3-Coder-480B,81,moderate,semantic,,8
Qwen-3-Coder-480B,81,moderate,semantic,,9
Qwen-3-Coder-480B,81,moderate,semantic,,10
Qwen-3-Coder-480B,81,moderate,semantic,,11
Qwen-3-Coder-480B,81,moderate,semantic,,12
Qwen-3-Coder-480B,81,moderate,semantic,,13
Qwen-3-Coder-480B,81,moderate,semantic,,14
Qwen-3-Coder-480B,81,moderate,semantic,,15
Qwen-3-Coder-480B,81,moderate,semantic,,16
Qwen-3-Coder-480B,81,moderate,semantic,,17
Qwen-3-Coder-480B,81,moderate,semantic,,18
Qwen-3-Coder-480B,81,moderate,semantic,,19
Qwen-3-Coder-480B,81,moderate,semantic,,20
Qwen-3-Coder-480B,81,moderate,semantic,,21
Qwen-3-Coder-480B,81,moderate,semantic,,22
Qwen-3-Coder-480B,81,moderate,semantic,,23
Qwen-3-Coder-480B,81,moderate,semantic,,24
Qwen-3-Coder-480B,81,moderate,semantic,,25
Qwen-3-Coder-480B,81,moderate,semantic,,26
Qwen-3-Coder-480B,81,moderate,semantic,,27
Qwen-3-Coder-480B,81,moderate,semantic,,28
Qwen-3-Coder-480B,81,moderate,semantic,,29
Qwen-3-Coder-480B,81,moderate,semantic,,30
Qwen-3-Coder-480B,81,moderate,semantic,,31
Qwen-3-Coder-480B,81,moderate,semantic,,32
Qwen-3-Coder-480B,81,moderate,semantic,,33
Qwen-3-Coder-480B,81,moderate,semantic,,34
Qwen-3-Coder-480B,81,moderate,semantic,,35
Qwen-3-Coder-480B,81,moderate,semantic,,36
Qwen-3-Coder-480B,81,moderate,semantic,,37
Qwen-3-Coder-480B,81,moderate,semantic,,38
Qwen-3-Coder-480B,81,moderate,semantic,,39
Qwen-3-Coder-480B,81,moderate,semantic,,40
Qwen-3-Coder-480B,81,moderate,semantic,,41
Qwen-3-Coder-480B,81,moderate,semantic,,42
Qwen-3-Coder-480B,81,moderate,semantic,,43
Qwen-3-Coder-480B,81,moderate,semantic,,44
Qwen-3-Coder-480B,81,moderate,semantic,,45
Qwen-3-Coder-480B,81,moderate,semantic,,46
Qwen-3-Coder-480B,81,moderate,semantic,,47
Qwen-3-Coder-480B,81,moderate,semantic,,48
Qwen-3-Coder-480B,81,moderate,semantic,,49
Qwen-3-Coder-480B,81,moderate,semantic,,50
Qwen-3-Coder-480B,1167,moderate,semantic,,1
Qwen-3-Coder-480B,1167,moderate,semantic,,2
Qwen-3-Coder-480B,1167,moderate,semantic,,3
Qwen-3-Coder-480B,1167,moderate,semantic,,4
Qwen-3-Coder-480B,1167,moderate,semantic,,5
Qwen-3-Coder-480B,1167,moderate,semantic,,6
Qwen-3-Coder-480B,1167,moderate,semantic,,7
Qwen-3-Coder-480B,1167,moderate,semantic,,8
Qwen-3-Coder-480B,1167,moderate,semantic,,9
Qwen-3-Coder-480B,1167,moderate,semantic,,10
Qwen-3-Coder-480B,1167,moderate,semantic,,11
Qwen-3-Coder-480B,1167,moderate,semantic,,12
Qwen-3-Coder-480B,1167,moderate,semantic,,13
Qwen-3-Coder-480B,1167,moderate,semantic,,14
Qwen-3-Coder-480B,1167,moderate,semantic,,15
Qwen-3-Coder-480B,1167,moderate,semantic,,16
Qwen-3-Coder-480B,1167,moderate,semantic,,17
Qwen-3-Coder-480B,1167,moderate,semantic,,18
Qwen-3-Coder-480B,1167,moderate,semantic,,19
Qwen-3-Coder-480B,1167,moderate,semantic,,20
Qwen-3-Coder-480B,1167,moderate,semantic,,21
Qwen-3-Coder-480B,1167,moderate,semantic,,22
Qwen-3-Coder-480B,1167,moderate,semantic,,23
Qwen-3-Coder-480B,1167,moderate,semantic,,24
Qwen-3-Coder-480B,1167,moderate,semantic,,25
Qwen-3-Coder-480B,1167,moderate,semantic,,26
Qwen-3-Coder-480B,1167,moderate,semantic,,27
Qwen-3-Coder-480B,1167,moderate,semantic,,28
Qwen-3-Coder-480B,1167,moderate,semantic,,29
Qwen-3-Coder-480B,1167,moderate,semantic,,30
Qwen-3-Coder-480B,1167,moderate,semantic,,31
Qwen-3-Coder-480B,1167,moderate,semantic,,32
Qwen-3-Coder-480B,1167,moderate,semantic,,33
Qwen-3-Coder-480B,1167,moderate,semantic,,34
Qwen-3-Coder-480B,1167,moderate,semantic,,35
Qwen-3-Coder-480B,1167,moderate,semantic,,36
Qwen-3-Coder-480B,1167,moderate,semantic,,37
Qwen-3-Coder-480B,1167,moderate,semantic,,38
Qwen-3-Coder-480B,1167,moderate,semantic,,39
Qwen-3-Coder-480B,1167,moderate,semantic,,40
Qwen-3-Coder-480B,1167,moderate,semantic,,41
Qwen-3-Coder-480B,1167,moderate,semantic,,42
Qwen-3-Coder-480B,1167,moderate,semantic,,43
Qwen-3-Coder-480B,1167,moderate,semantic,,44
Qwen-3-Coder-480B,1167,moderate,semantic,,45
Qwen-3-Coder-480B,1167,moderate,semantic,,46
Qwen-3-Coder-480B,1167,moderate,semantic,,47
Qwen-3-Coder-480B,1167,moderate,semantic,,48
Qwen-3-Coder-480B,1167,moderate,semantic,,49
Qwen-3-Coder-480B,1167,moderate,semantic,,50
Qwen-3-Coder-480B,773,challenging,correct,1.239497827136649,1
Qwen-3-Coder-480B,773,challenging,correct,1.2675973027327576,2
Qwen-3-Coder-480B,773,challenging,correct,1.2710266387309188,3
Qwen-3-Coder-480B,773,challenging,correct,1.3012820512820513,4
Qwen-3-Coder-480B,773,challenging,correct,1.487525720164609,5
Qwen-3-Coder-480B,773,challenging,correct,1.3033383389164839,6
Qwen-3-Coder-480B,773,challenging,correct,1.1373322809786899,7
Qwen-3-Coder-480B,773,challenging,correct,1.3773490353294913,8
Qwen-3-Coder-480B,773,challenging,correct,1.5433194154488519,9
Qwen-3-Coder-480B,773,challenging,correct,1.3749026732416298,10
Qwen-3-Coder-480B,773,challenging,correct,1.3599423253375278,11
Qwen-3-Coder-480B,773,challenging,correct,1.187736900780379,12
Qwen-3-Coder-480B,773,challenging,correct,1.7062096876185657,13
Qwen-3-Coder-480B,773,challenging,correct,1.3185966675039773,14
Qwen-3-Coder-480B,773,challenging,correct,1.3040150564617314,15
Qwen-3-Coder-480B,773,challenging,correct,1.505999127399651,16
Qwen-3-Coder-480B,773,challenging,correct,2.9724993259638715,17
Qwen-3-Coder-480B,773,challenging,correct,1.2864858518257603,18
Qwen-3-Coder-480B,773,challenging,correct,1.3533492079925458,19
Qwen-3-Coder-480B,773,challenging,correct,1.033254381809569,20
Qwen-3-Coder-480B,773,challenging,correct,1.1422764227642277,21
Qwen-3-Coder-480B,773,challenging,correct,1.4653782157941893,22
Qwen-3-Coder-480B,773,challenging,correct,1.4691671115856915,23
Qwen-3-Coder-480B,773,challenging,correct,1.3996119016817594,24
Qwen-3-Coder-480B,773,challenging,correct,1.4285133486922348,25
Qwen-3-Coder-480B,773,challenging,correct,1.454012112036336,26
Qwen-3-Coder-480B,773,challenging,correct,1.3344952233410792,27
Qwen-3-Coder-480B,773,challenging,correct,1.1834498094027954,28
Qwen-3-Coder-480B,773,challenging,correct,1.284256559766764,29
Qwen-3-Coder-480B,773,challenging,correct,1.341726618705036,30
Qwen-3-Coder-480B,773,challenging,correct,1.3696487621771383,31
Qwen-3-Coder-480B,773,challenging,correct,1.4021711036443525,32
Qwen-3-Coder-480B,773,challenging,correct,1.4563735120767365,33
Qwen-3-Coder-480B,773,challenging,correct,1.4411956663620937,34
Qwen-3-Coder-480B,773,challenging,correct,1.1733351792883844,35
Qwen-3-Coder-480B,773,challenging,correct,1.2201104404777192,36
Qwen-3-Coder-480B,773,challenging,correct,2.4857410004675082,37
Qwen-3-Coder-480B,773,challenging,correct,1.2886948083454635,38
Qwen-3-Coder-480B,773,challenging,correct,1.0837076969152442,39
Qwen-3-Coder-480B,773,challenging,correct,1.310919017288444,40
Qwen-3-Coder-480B,773,challenging,correct,1.2294718153573014,41
Qwen-3-Coder-480B,773,challenging,correct,1.0964851826326671,42
Qwen-3-Coder-480B,773,challenging,correct,1.2201230228471003,43
Qwen-3-Coder-480B,773,challenging,correct,2.162586773839971,44
Qwen-3-Coder-480B,773,challenging,correct,0.8810244660829719,45
Qwen-3-Coder-480B,773,challenging,correct,1.2853274249138356,46
Qwen-3-Coder-480B,773,challenging,correct,1.2319949459497403,47
Qwen-3-Coder-480B,773,challenging,correct,1.3160405485986881,48
Qwen-3-Coder-480B,773,challenging,correct,2.901980198019802,49
Qwen-3-Coder-480B,773,challenging,correct,1.3540306304167162,50
Qwen-3-Coder-480B,173,challenging,semantic,,1
Qwen-3-Coder-480B,173,challenging,semantic,,2
Qwen-3-Coder-480B,173,challenging,semantic,,3
Qwen-3-Coder-480B,173,challenging,semantic,,4
Qwen-3-Coder-480B,173,challenging,semantic,,5
Qwen-3-Coder-480B,173,challenging,semantic,,6
Qwen-3-Coder-480B,173,challenging,semantic,,7
Qwen-3-Coder-480B,173,challenging,semantic,,8
Qwen-3-Coder-480B,173,challenging,semantic,,9
Qwen-3-Coder-480B,173,challenging,semantic,,10
Qwen-3-Coder-480B,173,challenging,semantic,,11
Qwen-3-Coder-480B,173,challenging,semantic,,12
Qwen-3-Coder-480B,173,challenging,semantic,,13
Qwen-3-Coder-480B,173,challenging,semantic,,14
Qwen-3-Coder-480B,173,challenging,semantic,,15
Qwen-3-Coder-480B,173,challenging,semantic,,16
Qwen-3-Coder-480B,173,challenging,semantic,,17
Qwen-3-Coder-480B,173,challenging,semantic,,18
Qwen-3-Coder-480B,173,challenging,semantic,,19
Qwen-3-Coder-480B,173,challenging,semantic,,20
Qwen-3-Coder-480B,173,challenging,semantic,,21
Qwen-3-Coder-480B,173,challenging,semantic,,22
Qwen-3-Coder-480B,173,challenging,semantic,,23
Qwen-3-Coder-480B,173,challenging,semantic,,24
Qwen-3-Coder-480B,173,challenging,semantic,,25
Qwen-3-Coder-480B,173,challenging,semantic,,26
Qwen-3-Coder-480B,173,challenging,semantic,,27
Qwen-3-Coder-480B,173,challenging,semantic,,28
Qwen-3-Coder-480B,173,challenging,semantic,,29
Qwen-3-Coder-480B,173,challenging,semantic,,30
Qwen-3-Coder-480B,173,challenging,semantic,,31
Qwen-3-Coder-480B,173,challenging,semantic,,32
Qwen-3-Coder-480B,173,challenging,semantic,,33
Qwen-3-Coder-480B,173,challenging,semantic,,34
Qwen-3-Coder-480B,173,challenging,semantic,,35
Qwen-3-Coder-480B,173,challenging,semantic,,36
Qwen-3-Coder-480B,173,challenging,semantic,,37
Qwen-3-Coder-480B,173,challenging,semantic,,38
Qwen-3-Coder-480B,173,challenging,semantic,,39
Qwen-3-Coder-480B,173,challenging,semantic,,40
Qwen-3-Coder-480B,173,challenging,semantic,,41
Qwen-3-Coder-480B,173,challenging,semantic,,42
Qwen-3-Coder-480B,173,challenging,semantic,,43
Qwen-3-Coder-480B,173,challenging,semantic,,44
Qwen-3-Coder-480B,173,challenging,semantic,,45
Qwen-3-Coder-480B,173,challenging,semantic,,46
Qwen-3-Coder-480B,173,challenging,semantic,,47
Qwen-3-Coder-480B,173,challenging,semantic,,48
Qwen-3-Coder-480B,173,challenging,semantic,,49
Qwen-3-Coder-480B,173,challenging,semantic,,50
Qwen-3-Coder-480B,1242,challenging,semantic,,1
Qwen-3-Coder-480B,1242,challenging,semantic,,2
Qwen-3-Coder-480B,1242,challenging,semantic,,3
Qwen-3-Coder-480B,1242,challenging,semantic,,4
Qwen-3-Coder-480B,1242,challenging,semantic,,5
Qwen-3-Coder-480B,1242,challenging,semantic,,6
Qwen-3-Coder-480B,1242,challenging,semantic,,7
Qwen-3-Coder-480B,1242,challenging,semantic,,8
Qwen-3-Coder-480B,1242,challenging,semantic,,9
Qwen-3-Coder-480B,1242,challenging,semantic,,10
Qwen-3-Coder-480B,1242,challenging,semantic,,11
Qwen-3-Coder-480B,1242,challenging,semantic,,12
Qwen-3-Coder-480B,1242,challenging,semantic,,13
Qwen-3-Coder-480B,1242,challenging,semantic,,14
Qwen-3-Coder-480B,1242,challenging,semantic,,15
Qwen-3-Coder-480B,1242,challenging,semantic,,16
Qwen-3-Coder-480B,1242,challenging,semantic,,17
Qwen-3-Coder-480B,1242,challenging,semantic,,18
Qwen-3-Coder-480B,1242,challenging,semantic,,19
Qwen-3-Coder-480B,1242,challenging,semantic,,20
Qwen-3-Coder-480B,1242,challenging,semantic,,21
Qwen-3-Coder-480B,1242,challenging,semantic,,22
Qwen-3-Coder-480B,1242,challenging,semantic,,23
Qwen-3-Coder-480B,1242,challenging,semantic,,24
Qwen-3-Coder-480B,1242,challenging,semantic,,25
Qwen-3-Coder-480B,1242,challenging,semantic,,26
Qwen-3-Coder-480B,1242,challenging,semantic,,27
Qwen-3-Coder-480B,1242,challenging,semantic,,28
Qwen-3-Coder-480B,1242,challenging,semantic,,29
Qwen-3-Coder-480B,1242,challenging,semantic,,30
Qwen-3-Coder-480B,1242,challenging,semantic,,31
Qwen-3-Coder-480B,1242,challenging,semantic,,32
Qwen-3-Coder-480B,1242,challenging,semantic,,33
Qwen-3-Coder-480B,1242,challenging,semantic,,34
Qwen-3-Coder-480B,1242,challenging,semantic,,35
Qwen-3-Coder-480B,1242,challenging,semantic,,36
Qwen-3-Coder-480B,1242,challenging,semantic,,37
Qwen-3-Coder-480B,1242,challenging,semantic,,38
Qwen-3-Coder-480B,1242,challenging,semantic,,39
Qwen-3-Coder-480B,1242,challenging,semantic,,40
Qwen-3-Coder-480B,1242,challenging,semantic,,41
Qwen-3-Coder-480B,1242,challenging,semantic,,42
Qwen-3-Coder-480B,1242,challenging,semantic,,43
Qwen-3-Coder-480B,1242,challenging,semantic,,44
Qwen-3-Coder-480B,1242,challenging,semantic,,45
Qwen-3-Coder-480B,1242,challenging,semantic,,46
Qwen-3-Coder-480B,1242,challenging,semantic,,47
Qwen-3-Coder-480B,1242,challenging,semantic,,48
Qwen-3-Coder-480B,1242,challenging,semantic,,49
Qwen-3-Coder-480B,1242,challenging,semantic,,50
Qwen-3-Coder-480B,169,challenging,semantic,,1
Qwen-3-Coder-480B,169,challenging,semantic,,2
Qwen-3-Coder-480B,169,challenging,semantic,,3
Qwen-3-Coder-480B,169,challenging,semantic,,4
Qwen-3-Coder-480B,169,challenging,semantic,,5
Qwen-3-Coder-480B,169,challenging,semantic,,6
Qwen-3-Coder-480B,169,challenging,semantic,,7
Qwen-3-Coder-480B,169,challenging,semantic,,8
Qwen-3-Coder-480B,169,challenging,semantic,,9
Qwen-3-Coder-480B,169,challenging,semantic,,10
Qwen-3-Coder-480B,169,challenging,semantic,,11
Qwen-3-Coder-480B,169,challenging,semantic,,12
Qwen-3-Coder-480B,169,challenging,semantic,,13
Qwen-3-Coder-480B,169,challenging,semantic,,14
Qwen-3-Coder-480B,169,challenging,semantic,,15
Qwen-3-Coder-480B,169,challenging,semantic,,16
Qwen-3-Coder-480B,169,challenging,semantic,,17
Qwen-3-Coder-480B,169,challenging,semantic,,18
Qwen-3-Coder-480B,169,challenging,semantic,,19
Qwen-3-Coder-480B,169,challenging,semantic,,20
Qwen-3-Coder-480B,169,challenging,semantic,,21
Qwen-3-Coder-480B,169,challenging,semantic,,22
Qwen-3-Coder-480B,169,challenging,semantic,,23
Qwen-3-Coder-480B,169,challenging,semantic,,24
Qwen-3-Coder-480B,169,challenging,semantic,,25
Qwen-3-Coder-480B,169,challenging,semantic,,26
Qwen-3-Coder-480B,169,challenging,semantic,,27
Qwen-3-Coder-480B,169,challenging,semantic,,28
Qwen-3-Coder-480B,169,challenging,semantic,,29
Qwen-3-Coder-480B,169,challenging,semantic,,30
Qwen-3-Coder-480B,169,challenging,semantic,,31
Qwen-3-Coder-480B,169,challenging,semantic,,32
Qwen-3-Coder-480B,169,challenging,semantic,,33
Qwen-3-Coder-480B,169,challenging,semantic,,34
Qwen-3-Coder-480B,169,challenging,semantic,,35
Qwen-3-Coder-480B,169,challenging,semantic,,36
Qwen-3-Coder-480B,169,challenging,semantic,,37
Qwen-3-Coder-480B,169,challenging,semantic,,38
Qwen-3-Coder-480B,169,challenging,semantic,,39
Qwen-3-Coder-480B,169,challenging,semantic,,40
Qwen-3-Coder-480B,169,challenging,semantic,,41
Qwen-3-Coder-480B,169,challenging,semantic,,42
Qwen-3-Coder-480B,169,challenging,semantic,,43
Qwen-3-Coder-480B,169,challenging,semantic,,44
Qwen-3-Coder-480B,169,challenging,semantic,,45
Qwen-3-Coder-480B,169,challenging,semantic,,46
Qwen-3-Coder-480B,169,challenging,semantic,,47
Qwen-3-Coder-480B,169,challenging,semantic,,48
Qwen-3-Coder-480B,169,challenging,semantic,,49
Qwen-3-Coder-480B,169,challenging,semantic,,50
Qwen-3-Coder-480B,1247,challenging,semantic,,1
Qwen-3-Coder-480B,1247,challenging,semantic,,2
Qwen-3-Coder-480B,1247,challenging,semantic,,3
Qwen-3-Coder-480B,1247,challenging,semantic,,4
Qwen-3-Coder-480B,1247,challenging,semantic,,5
Qwen-3-Coder-480B,1247,challenging,semantic,,6
Qwen-3-Coder-480B,1247,challenging,semantic,,7
Qwen-3-Coder-480B,1247,challenging,semantic,,8
Qwen-3-Coder-480B,1247,challenging,semantic,,9
Qwen-3-Coder-480B,1247,challenging,semantic,,10
Qwen-3-Coder-480B,1247,challenging,semantic,,11
Qwen-3-Coder-480B,1247,challenging,semantic,,12
Qwen-3-Coder-480B,1247,challenging,semantic,,13
Qwen-3-Coder-480B,1247,challenging,semantic,,14
Qwen-3-Coder-480B,1247,challenging,semantic,,15
Qwen-3-Coder-480B,1247,challenging,semantic,,16
Qwen-3-Coder-480B,1247,challenging,semantic,,17
Qwen-3-Coder-480B,1247,challenging,semantic,,18
Qwen-3-Coder-480B,1247,challenging,semantic,,19
Qwen-3-Coder-480B,1247,challenging,semantic,,20
Qwen-3-Coder-480B,1247,challenging,semantic,,21
Qwen-3-Coder-480B,1247,challenging,semantic,,22
Qwen-3-Coder-480B,1247,challenging,semantic,,23
Qwen-3-Coder-480B,1247,challenging,semantic,,24
Qwen-3-Coder-480B,1247,challenging,semantic,,25
Qwen-3-Coder-480B,1247,challenging,semantic,,26
Qwen-3-Coder-480B,1247,challenging,semantic,,27
Qwen-3-Coder-480B,1247,challenging,semantic,,28
Qwen-3-Coder-480B,1247,challenging,semantic,,29
Qwen-3-Coder-480B,1247,challenging,semantic,,30
Qwen-3-Coder-480B,1247,challenging,semantic,,31
Qwen-3-Coder-480B,1247,challenging,semantic,,32
Qwen-3-Coder-480B,1247,challenging,semantic,,33
Qwen-3-Coder-480B,1247,challenging,semantic,,34
Qwen-3-Coder-480B,1247,challenging,semantic,,35
Qwen-3-Coder-480B,1247,challenging,semantic,,36
Qwen-3-Coder-480B,1247,challenging,semantic,,37
Qwen-3-Coder-480B,1247,challenging,semantic,,38
Qwen-3-Coder-480B,1247,challenging,semantic,,39
Qwen-3-Coder-480B,1247,challenging,semantic,,40
Qwen-3-Coder-480B,1247,challenging,semantic,,41
Qwen-3-Coder-480B,1247,challenging,semantic,,42
Qwen-3-Coder-480B,1247,challenging,semantic,,43
Qwen-3-Coder-480B,1247,challenging,semantic,,44
Qwen-3-Coder-480B,1247,challenging,semantic,,45
Qwen-3-Coder-480B,1247,challenging,semantic,,46
Qwen-3-Coder-480B,1247,challenging,semantic,,47
Qwen-3-Coder-480B,1247,challenging,semantic,,48
Qwen-3-Coder-480B,1247,challenging,semantic,,49
Qwen-3-Coder-480B,1247,challenging,semantic,,50
Qwen-3-Coder-480B,1236,challenging,correct,1.2838227363174828,1
Qwen-3-Coder-480B,1236,challenging,correct,1.2521162528216705,2
Qwen-3-Coder-480B,1236,challenging,correct,1.1482862155050266,3
Qwen-3-Coder-480B,1236,challenging,correct,1.4072599376202801,4
Qwen-3-Coder-480B,1236,challenging,correct,1.0317868449386922,5
Qwen-3-Coder-480B,1236,challenging,correct,1.210063676633444,6
Qwen-3-Coder-480B,1236,challenging,correct,1.1420451618442518,7
Qwen-3-Coder-480B,1236,challenging,correct,1.4335916841433392,8
Qwen-3-Coder-480B,1236,challenging,correct,1.0742560195164337,9
Qwen-3-Coder-480B,1236,challenging,correct,0.959485086140396,10
Qwen-3-Coder-480B,1236,challenging,correct,0.9533838676489718,11
Qwen-3-Coder-480B,1236,challenging,correct,1.0400096408773198,12
Qwen-3-Coder-480B,1236,challenging,correct,1.0985360535742097,13
Qwen-3-Coder-480B,1236,challenging,correct,1.1051251573206544,14
Qwen-3-Coder-480B,1236,challenging,correct,0.8951720660531955,15
Qwen-3-Coder-480B,1236,challenging,correct,0.9440335408744586,16
Qwen-3-Coder-480B,1236,challenging,correct,1.1548657068593655,17
Qwen-3-Coder-480B,1236,challenging,correct,1.1219044575810833,18
Qwen-3-Coder-480B,1236,challenging,correct,1.1046801818741239,19
Qwen-3-Coder-480B,1236,challenging,correct,1.2830026656171172,20
Qwen-3-Coder-480B,1236,challenging,correct,0.6905549913375948,21
Qwen-3-Coder-480B,1236,challenging,correct,0.6526705773386848,22
Qwen-3-Coder-480B,1236,challenging,correct,1.1589012016982083,23
Qwen-3-Coder-480B,1236,challenging,correct,2.2239376719917088,24
Qwen-3-Coder-480B,1236,challenging,correct,0.9985120543703376,25
Qwen-3-Coder-480B,1236,challenging,correct,1.120265034840582,26
Qwen-3-Coder-480B,1236,challenging,correct,1.1280273630204565,27
Qwen-3-Coder-480B,1236,challenging,correct,1.0814770696843359,28
Qwen-3-Coder-480B,1236,challenging,correct,0.9324169530355098,29
Qwen-3-Coder-480B,1236,challenging,correct,1.5944116066630845,30
Qwen-3-Coder-480B,1236,challenging,semantic,,31
Qwen-3-Coder-480B,1236,challenging,semantic,,32
Qwen-3-Coder-480B,1236,challenging,semantic,,33
Qwen-3-Coder-480B,1236,challenging,semantic,,34
Qwen-3-Coder-480B,1236,challenging,semantic,,35
Qwen-3-Coder-480B,1236,challenging,semantic,,36
Qwen-3-Coder-480B,1236,challenging,semantic,,37
Qwen-3-Coder-480B,1236,challenging,semantic,,38
Qwen-3-Coder-480B,1236,challenging,semantic,,39
Qwen-3-Coder-480B,1236,challenging,semantic,,40
Qwen-3-Coder-480B,1236,challenging,semantic,,41
Qwen-3-Coder-480B,1236,challenging,semantic,,42
Qwen-3-Coder-480B,1236,challenging,semantic,,43
Qwen-3-Coder-480B,1236,challenging,semantic,,44
Qwen-3-Coder-480B,1236,challenging,semantic,,45
Qwen-3-Coder-480B,1236,challenging,semantic,,46
Qwen-3-Coder-480B,1236,challenging,semantic,,47
Qwen-3-Coder-480B,1236,challenging,semantic,,48
Qwen-3-Coder-480B,1236,challenging,semantic,,49
Qwen-3-Coder-480B,1236,challenging,semantic,,50
Qwen-3-Coder-480B,730,challenging,correct,0.018173364286771382,1
Qwen-3-Coder-480B,730,challenging,correct,0.022097212444772897,2
Qwen-3-Coder-480B,730,challenging,correct,0.0233933412896095,3
Qwen-3-Coder-480B,730,challenging,correct,0.023405081426952263,4
Qwen-3-Coder-480B,730,challenging,correct,0.027690164262002253,5
Qwen-3-Coder-480B,730,challenging,correct,0.02749341519059229,6
Qwen-3-Coder-480B,730,challenging,correct,0.02344738777700961,7
Qwen-3-Coder-480B,730,challenging,correct,0.025403761674986803,8
Qwen-3-Coder-480B,730,challenging,correct,0.02245056442695878,9
Qwen-3-Coder-480B,730,challenging,correct,0.014162690787003291,10
Qwen-3-Coder-480B,730,challenging,correct,0.019060556512296364,11
Qwen-3-Coder-480B,730,challenging,correct,0.022664626989244905,12
Qwen-3-Coder-480B,730,challenging,correct,0.02466721123503115,13
Qwen-3-Coder-480B,730,challenging,correct,0.011775658028973679,14
Qwen-3-Coder-480B,730,challenging,correct,0.0237591601352648,15
Qwen-3-Coder-480B,730,challenging,correct,0.016910880166186457,16
Qwen-3-Coder-480B,730,challenging,correct,0.023060351242362567,17
Qwen-3-Coder-480B,730,challenging,correct,0.025079602684291314,18
Qwen-3-Coder-480B,730,challenging,correct,0.026437336196566387,19
Qwen-3-Coder-480B,730,challenging,correct,0.02136623369572594,20
Qwen-3-Coder-480B,730,challenging,correct,0.0245420494938625,21
Qwen-3-Coder-480B,730,challenging,correct,0.03790800152046679,22
Qwen-3-Coder-480B,730,challenging,correct,0.03898205403393818,23
Qwen-3-Coder-480B,730,challenging,correct,0.04619487017341911,24
Qwen-3-Coder-480B,730,challenging,correct,0.0268355853835065,25
Qwen-3-Coder-480B,730,challenging,correct,0.03195639668326583,26
Qwen-3-Coder-480B,730,challenging,correct,0.025880363975463633,27
Qwen-3-Coder-480B,730,challenging,correct,0.0399243628352304,28
Qwen-3-Coder-480B,730,challenging,correct,0.02313970560235586,29
Qwen-3-Coder-480B,730,challenging,correct,0.027228861296599384,30
Qwen-3-Coder-480B,730,challenging,correct,0.022429430236351324,31
Qwen-3-Coder-480B,730,challenging,correct,0.019017645472533255,32
Qwen-3-Coder-480B,730,challenging,correct,0.024045207860289537,33
Qwen-3-Coder-480B,730,challenging,correct,0.027732854934916954,34
Qwen-3-Coder-480B,730,challenging,correct,0.03250956403217967,35
Qwen-3-Coder-480B,730,challenging,correct,0.02392986574287331,36
Qwen-3-Coder-480B,730,challenging,correct,0.03422761953012167,37
Qwen-3-Coder-480B,730,challenging,correct,0.02306614740331654,38
Qwen-3-Coder-480B,730,challenging,correct,0.034816540352534515,39
Qwen-3-Coder-480B,730,challenging,correct,0.022004746096623364,40
Qwen-3-Coder-480B,730,challenging,correct,0.03539468411913984,41
Qwen-3-Coder-480B,730,challenging,correct,0.027780633252090483,42
Qwen-3-Coder-480B,730,challenging,correct,0.02839026161256686,43
Qwen-3-Coder-480B,730,challenging,correct,0.020248753417544122,44
Qwen-3-Coder-480B,730,challenging,correct,0.03218275401150378,45
Qwen-3-Coder-480B,730,challenging,correct,0.030438621475363144,46
Qwen-3-Coder-480B,730,challenging,correct,0.027053724724662657,47
Qwen-3-Coder-480B,730,challenging,correct,0.021951029320024955,48
Qwen-3-Coder-480B,730,challenging,correct,0.025189947611296507,49
Qwen-3-Coder-480B,730,challenging,correct,0.03195509771778214,50
Qwen-3-Coder-480B,125,challenging,semantic,,1
Qwen-3-Coder-480B,125,challenging,semantic,,2
Qwen-3-Coder-480B,125,challenging,semantic,,3
Qwen-3-Coder-480B,125,challenging,semantic,,4
Qwen-3-Coder-480B,125,challenging,semantic,,5
Qwen-3-Coder-480B,125,challenging,semantic,,6
Qwen-3-Coder-480B,125,challenging,semantic,,7
Qwen-3-Coder-480B,125,challenging,semantic,,8
Qwen-3-Coder-480B,125,challenging,semantic,,9
Qwen-3-Coder-480B,125,challenging,semantic,,10
Qwen-3-Coder-480B,125,challenging,semantic,,11
Qwen-3-Coder-480B,125,challenging,semantic,,12
Qwen-3-Coder-480B,125,challenging,semantic,,13
Qwen-3-Coder-480B,125,challenging,semantic,,14
Qwen-3-Coder-480B,125,challenging,semantic,,15
Qwen-3-Coder-480B,125,challenging,semantic,,16
Qwen-3-Coder-480B,125,challenging,semantic,,17
Qwen-3-Coder-480B,125,challenging,semantic,,18
Qwen-3-Coder-480B,125,challenging,semantic,,19
Qwen-3-Coder-480B,125,challenging,semantic,,20
Qwen-3-Coder-480B,125,challenging,semantic,,21
Qwen-3-Coder-480B,125,challenging,semantic,,22
Qwen-3-Coder-480B,125,challenging,semantic,,23
Qwen-3-Coder-480B,125,challenging,semantic,,24
Qwen-3-Coder-480B,125,challenging,semantic,,25
Qwen-3-Coder-480B,125,challenging,semantic,,26
Qwen-3-Coder-480B,125,challenging,semantic,,27
Qwen-3-Coder-480B,125,challenging,semantic,,28
Qwen-3-Coder-480B,125,challenging,semantic,,29
Qwen-3-Coder-480B,125,challenging,semantic,,30
Qwen-3-Coder-480B,125,challenging,semantic,,31
Qwen-3-Coder-480B,125,challenging,semantic,,32
Qwen-3-Coder-480B,125,challenging,semantic,,33
Qwen-3-Coder-480B,125,challenging,semantic,,34
Qwen-3-Coder-480B,125,challenging,semantic,,35
Qwen-3-Coder-480B,125,challenging,semantic,,36
Qwen-3-Coder-480B,125,challenging,semantic,,37
Qwen-3-Coder-480B,125,challenging,semantic,,38
Qwen-3-Coder-480B,125,challenging,semantic,,39
Qwen-3-Coder-480B,125,challenging,semantic,,40
Qwen-3-Coder-480B,125,challenging,semantic,,41
Qwen-3-Coder-480B,125,challenging,semantic,,42
Qwen-3-Coder-480B,125,challenging,semantic,,43
Qwen-3-Coder-480B,125,challenging,semantic,,44
Qwen-3-Coder-480B,125,challenging,semantic,,45
Qwen-3-Coder-480B,125,challenging,semantic,,46
Qwen-3-Coder-480B,125,challenging,semantic,,47
Qwen-3-Coder-480B,125,challenging,semantic,,48
Qwen-3-Coder-480B,125,challenging,semantic,,49
Qwen-3-Coder-480B,125,challenging,semantic,,50
Qwen-3-Coder-480B,818,challenging,correct,1.2880629020729093,1
Qwen-3-Coder-480B,818,challenging,correct,1.227477703176671,2
Qwen-3-Coder-480B,818,challenging,correct,0.8021148036253777,3
Qwen-3-Coder-480B,818,challenging,correct,1.288630119063195,4
Qwen-3-Coder-480B,818,challenging,correct,1.8685805991440798,5
Qwen-3-Coder-480B,818,challenging,correct,1.4138134592680047,6
Qwen-3-Coder-480B,818,challenging,correct,0.9015815085158151,7
Qwen-3-Coder-480B,818,challenging,correct,1.3071922402228873,8
Qwen-3-Coder-480B,818,challenging,correct,1.2870043742062933,9
Qwen-3-Coder-480B,818,challenging,correct,1.3231610767237656,10
Qwen-3-Coder-480B,818,challenging,correct,1.263040071636445,11
Qwen-3-Coder-480B,818,challenging,correct,1.1902094171001734,12
Qwen-3-Coder-480B,818,challenging,correct,1.177892234548336,13
Qwen-3-Coder-480B,818,challenging,correct,1.164774193548387,14
Qwen-3-Coder-480B,818,challenging,correct,1.1527777777777777,15
Qwen-3-Coder-480B,818,challenging,correct,1.540869115364718,16
Qwen-3-Coder-480B,818,challenging,correct,1.2111251580278128,17
Qwen-3-Coder-480B,818,challenging,correct,1.3265277777777778,18
Qwen-3-Coder-480B,818,challenging,correct,1.3403831247923819,19
Qwen-3-Coder-480B,818,challenging,correct,1.3561659448370185,20
Qwen-3-Coder-480B,818,challenging,correct,1.3077804660639245,21
Qwen-3-Coder-480B,818,challenging,correct,1.245024609458592,22
Qwen-3-Coder-480B,818,challenging,correct,1.025629839677173,23
Qwen-3-Coder-480B,818,challenging,correct,1.6924223939270706,24
Qwen-3-Coder-480B,818,challenging,correct,1.140417771883289,25
Qwen-3-Coder-480B,818,challenging,correct,1.4558599695585996,26
Qwen-3-Coder-480B,818,challenging,correct,1.1885593220338984,27
Qwen-3-Coder-480B,818,challenging,correct,1.1840404608035966,28
Qwen-3-Coder-480B,818,challenging,correct,1.5025891829689297,29
Qwen-3-Coder-480B,818,challenging,correct,1.2969397828232971,30
Qwen-3-Coder-480B,818,challenging,correct,1.4864006627088222,31
Qwen-3-Coder-480B,818,challenging,correct,1.05110559566787,32
Qwen-3-Coder-480B,818,challenging,correct,1.0701431492842535,33
Qwen-3-Coder-480B,818,challenging,correct,1.1715582941462623,34
Qwen-3-Coder-480B,818,challenging,correct,1.3630349390117842,35
Qwen-3-Coder-480B,818,challenging,correct,1.2007201920512136,36
Qwen-3-Coder-480B,818,challenging,correct,1.2465678198791872,37
Qwen-3-Coder-480B,818,challenging,correct,1.7191341528594335,38
Qwen-3-Coder-480B,818,challenging,correct,0.9443932411674347,39
Qwen-3-Coder-480B,818,challenging,correct,1.214519722185821,40
Qwen-3-Coder-480B,818,challenging,correct,1.2376483577146011,41
Qwen-3-Coder-480B,818,challenging,correct,1.0605320304017372,42
Qwen-3-Coder-480B,818,challenging,correct,1.3258615271813134,43
Qwen-3-Coder-480B,818,challenging,correct,0.9367160775370581,44
Qwen-3-Coder-480B,818,challenging,correct,1.1674685228784931,45
Qwen-3-Coder-480B,818,challenging,correct,1.2771151957345306,46
Qwen-3-Coder-480B,818,challenging,correct,1.1789569514891403,47
Qwen-3-Coder-480B,818,challenging,correct,0.8176377398345361,48
Qwen-3-Coder-480B,818,challenging,correct,1.1340564594632179,49
Qwen-3-Coder-480B,818,challenging,correct,1.2940488565488566,50
Qwen-3-Coder-480B,1190,challenging,correct,1.0516576569765244,1
Qwen-3-Coder-480B,1190,challenging,correct,2.6022853719079,2
Qwen-3-Coder-480B,1190,challenging,semantic,,3
Qwen-3-Coder-480B,1190,challenging,correct,1.2489343938128927,4
Qwen-3-Coder-480B,1190,challenging,correct,1.096918479228927,5
Qwen-3-Coder-480B,1190,challenging,correct,1.006442587343077,6
Qwen-3-Coder-480B,1190,challenging,correct,1.2669815859685956,7
Qwen-3-Coder-480B,1190,challenging,semantic,,8
Qwen-3-Coder-480B,1190,challenging,semantic,,9
Qwen-3-Coder-480B,1190,challenging,semantic,,10
Qwen-3-Coder-480B,1190,challenging,semantic,,11
Qwen-3-Coder-480B,1190,challenging,semantic,,12
Qwen-3-Coder-480B,1190,challenging,correct,1.2877806831859877,13
Qwen-3-Coder-480B,1190,challenging,correct,1.093258250598438,14
Qwen-3-Coder-480B,1190,challenging,correct,1.1152467558328631,15
Qwen-3-Coder-480B,1190,challenging,semantic,,16
Qwen-3-Coder-480B,1190,challenging,semantic,,17
Qwen-3-Coder-480B,1190,challenging,correct,1.0118414972273568,18
Qwen-3-Coder-480B,1190,challenging,semantic,,19
Qwen-3-Coder-480B,1190,challenging,semantic,,20
Qwen-3-Coder-480B,1190,challenging,semantic,,21
Qwen-3-Coder-480B,1190,challenging,semantic,,22
Qwen-3-Coder-480B,1190,challenging,semantic,,23
Qwen-3-Coder-480B,1190,challenging,semantic,,24
Qwen-3-Coder-480B,1190,challenging,semantic,,25
Qwen-3-Coder-480B,1190,challenging,semantic,,26
Qwen-3-Coder-480B,1190,challenging,semantic,,27
Qwen-3-Coder-480B,1190,challenging,semantic,,28
Qwen-3-Coder-480B,1190,challenging,correct,1.2608588240578538,29
Qwen-3-Coder-480B,1190,challenging,semantic,,30
Qwen-3-Coder-480B,1190,challenging,semantic,,31
Qwen-3-Coder-480B,1190,challenging,semantic,,32
Qwen-3-Coder-480B,1190,challenging,correct,1.1074048574345339,33
Qwen-3-Coder-480B,1190,challenging,semantic,,34
Qwen-3-Coder-480B,1190,challenging,semantic,,35
Qwen-3-Coder-480B,1190,challenging,correct,0.8340699553274403,36
Qwen-3-Coder-480B,1190,challenging,semantic,,37
Qwen-3-Coder-480B,1190,challenging,semantic,,38
Qwen-3-Coder-480B,1190,challenging,semantic,,39
Qwen-3-Coder-480B,1190,challenging,semantic,,40
Qwen-3-Coder-480B,1190,challenging,semantic,,41
Qwen-3-Coder-480B,1190,challenging,semantic,,42
Qwen-3-Coder-480B,1190,challenging,semantic,,43
Qwen-3-Coder-480B,1190,challenging,correct,1.688686590405462,44
Qwen-3-Coder-480B,1190,challenging,correct,1.4038468906854669,45
Qwen-3-Coder-480B,1190,challenging,correct,1.1773823849636125,46
Qwen-3-Coder-480B,1190,challenging,semantic,,47
Qwen-3-Coder-480B,1190,challenging,correct,1.3709107593484744,48
Qwen-3-Coder-480B,1190,challenging,semantic,,49
Qwen-3-Coder-480B,1190,challenging,semantic,,50
Qwen-3-Coder-480B,198,challenging,semantic,,1
Qwen-3-Coder-480B,198,challenging,semantic,,2
Qwen-3-Coder-480B,198,challenging,semantic,,3
Qwen-3-Coder-480B,198,challenging,semantic,,4
Qwen-3-Coder-480B,198,challenging,semantic,,5
Qwen-3-Coder-480B,198,challenging,semantic,,6
Qwen-3-Coder-480B,198,challenging,semantic,,7
Qwen-3-Coder-480B,198,challenging,semantic,,8
Qwen-3-Coder-480B,198,challenging,semantic,,9
Qwen-3-Coder-480B,198,challenging,semantic,,10
Qwen-3-Coder-480B,198,challenging,semantic,,11
Qwen-3-Coder-480B,198,challenging,semantic,,12
Qwen-3-Coder-480B,198,challenging,semantic,,13
Qwen-3-Coder-480B,198,challenging,semantic,,14
Qwen-3-Coder-480B,198,challenging,semantic,,15
Qwen-3-Coder-480B,198,challenging,semantic,,16
Qwen-3-Coder-480B,198,challenging,semantic,,17
Qwen-3-Coder-480B,198,challenging,semantic,,18
Qwen-3-Coder-480B,198,challenging,semantic,,19
Qwen-3-Coder-480B,198,challenging,semantic,,20
Qwen-3-Coder-480B,198,challenging,semantic,,21
Qwen-3-Coder-480B,198,challenging,semantic,,22
Qwen-3-Coder-480B,198,challenging,semantic,,23
Qwen-3-Coder-480B,198,challenging,semantic,,24
Qwen-3-Coder-480B,198,challenging,semantic,,25
Qwen-3-Coder-480B,198,challenging,semantic,,26
Qwen-3-Coder-480B,198,challenging,semantic,,27
Qwen-3-Coder-480B,198,challenging,semantic,,28
Qwen-3-Coder-480B,198,challenging,semantic,,29
Qwen-3-Coder-480B,198,challenging,semantic,,30
Qwen-3-Coder-480B,198,challenging,semantic,,31
Qwen-3-Coder-480B,198,challenging,semantic,,32
Qwen-3-Coder-480B,198,challenging,semantic,,33
Qwen-3-Coder-480B,198,challenging,semantic,,34
Qwen-3-Coder-480B,198,challenging,semantic,,35
Qwen-3-Coder-480B,198,challenging,semantic,,36
Qwen-3-Coder-480B,198,challenging,semantic,,37
Qwen-3-Coder-480B,198,challenging,semantic,,38
Qwen-3-Coder-480B,198,challenging,semantic,,39
Qwen-3-Coder-480B,198,challenging,semantic,,40
Qwen-3-Coder-480B,198,challenging,semantic,,41
Qwen-3-Coder-480B,198,challenging,semantic,,42
Qwen-3-Coder-480B,198,challenging,semantic,,43
Qwen-3-Coder-480B,198,challenging,semantic,,44
Qwen-3-Coder-480B,198,challenging,semantic,,45
Qwen-3-Coder-480B,198,challenging,semantic,,46
Qwen-3-Coder-480B,198,challenging,semantic,,47
Qwen-3-Coder-480B,198,challenging,semantic,,48
Qwen-3-Coder-480B,198,challenging,semantic,,49
Qwen-3-Coder-480B,198,challenging,semantic,,50
Qwen-3-Coder-480B,1694,Challenging,correct,0.2139544321409937,1
Qwen-3-Coder-480B,1694,Challenging,correct,0.5996703678001388,2
Qwen-3-Coder-480B,1694,Challenging,correct,0.730172652571323,3
Qwen-3-Coder-480B,1694,Challenging,correct,0.5966849139117404,4
Qwen-3-Coder-480B,1694,Challenging,correct,0.7047791112831763,5
Qwen-3-Coder-480B,1694,Challenging,correct,0.839452082389082,6
Qwen-3-Coder-480B,1694,Challenging,correct,0.6820018650917004,7
Qwen-3-Coder-480B,1694,Challenging,correct,0.8255608169512604,8
Qwen-3-Coder-480B,1694,Challenging,correct,0.5492193555530949,9
Qwen-3-Coder-480B,1694,Challenging,correct,0.7513377511605656,10
Qwen-3-Coder-480B,1694,Challenging,correct,0.6853720645100443,11
Qwen-3-Coder-480B,1694,Challenging,correct,0.770658653613144,12
Qwen-3-Coder-480B,1694,Challenging,correct,0.6765999716191287,13
Qwen-3-Coder-480B,1694,Challenging,correct,0.6860509635427745,14
Qwen-3-Coder-480B,1694,Challenging,correct,0.5473083197389886,15
Qwen-3-Coder-480B,1694,Challenging,correct,0.5332757915777041,16
Qwen-3-Coder-480B,1694,Challenging,correct,0.6241633040588654,17
Qwen-3-Coder-480B,1694,Challenging,correct,0.7780638771973261,18
Qwen-3-Coder-480B,1694,Challenging,correct,0.7480860575579771,19
Qwen-3-Coder-480B,1694,Challenging,correct,0.6967785654712261,20
Qwen-3-Coder-480B,1694,Challenging,correct,0.6761019515477793,21
Qwen-3-Coder-480B,1694,Challenging,correct,0.6453917694487686,22
Qwen-3-Coder-480B,1694,Challenging,correct,1.5024766622213754,23
Qwen-3-Coder-480B,1694,Challenging,correct,0.6752144810031111,24
Qwen-3-Coder-480B,1694,Challenging,correct,0.560245792145338,25
Qwen-3-Coder-480B,1694,Challenging,correct,0.6902583550604409,26
Qwen-3-Coder-480B,1694,Challenging,correct,1.0052644526445265,27
Qwen-3-Coder-480B,1694,Challenging,correct,0.6656441717791411,28
Qwen-3-Coder-480B,1694,Challenging,correct,0.6816570881226054,29
Qwen-3-Coder-480B,1694,Challenging,correct,0.6097434257853089,30
Qwen-3-Coder-480B,1694,Challenging,correct,0.6754863393867543,31
Qwen-3-Coder-480B,1694,Challenging,correct,0.6253024400246053,32
Qwen-3-Coder-480B,1694,Challenging,correct,0.692910929911331,33
Qwen-3-Coder-480B,1694,Challenging,correct,0.7113857431511678,34
Qwen-3-Coder-480B,1694,Challenging,correct,1.1113038155478474,35
Qwen-3-Coder-480B,1694,Challenging,correct,0.6384778930012583,36
Qwen-3-Coder-480B,1694,Challenging,correct,0.8057706138680881,37
Qwen-3-Coder-480B,1694,Challenging,correct,0.7584448395246561,38
Qwen-3-Coder-480B,1694,Challenging,correct,0.6734576376278844,39
Qwen-3-Coder-480B,1694,Challenging,correct,0.798837749883775,40
Qwen-3-Coder-480B,1694,Challenging,correct,0.6702071671211903,41
Qwen-3-Coder-480B,1694,Challenging,correct,0.9501011463250169,42
Qwen-3-Coder-480B,1694,Challenging,correct,0.6527135231316726,43
Qwen-3-Coder-480B,1694,Challenging,correct,0.6838975906287439,44
Qwen-3-Coder-480B,1694,Challenging,correct,0.6238384395988591,45
Qwen-3-Coder-480B,1694,Challenging,correct,0.709942084942085,46
Qwen-3-Coder-480B,1694,Challenging,correct,0.6093845589134956,47
Qwen-3-Coder-480B,1694,Challenging,correct,0.7734528143377205,48
Qwen-3-Coder-480B,1694,Challenging,correct,0.7368089844128183,49
Qwen-3-Coder-480B,1694,Challenging,correct,0.5713932500927185,50
Qwen-3-Coder-480B,268,challenging,semantic,,1
Qwen-3-Coder-480B,268,challenging,semantic,,2
Qwen-3-Coder-480B,268,challenging,semantic,,3
Qwen-3-Coder-480B,268,challenging,semantic,,4
Qwen-3-Coder-480B,268,challenging,semantic,,5
Qwen-3-Coder-480B,268,challenging,semantic,,6
Qwen-3-Coder-480B,268,challenging,semantic,,7
Qwen-3-Coder-480B,268,challenging,semantic,,8
Qwen-3-Coder-480B,268,challenging,semantic,,9
Qwen-3-Coder-480B,268,challenging,semantic,,10
Qwen-3-Coder-480B,268,challenging,semantic,,11
Qwen-3-Coder-480B,268,challenging,semantic,,12
Qwen-3-Coder-480B,268,challenging,semantic,,13
Qwen-3-Coder-480B,268,challenging,semantic,,14
Qwen-3-Coder-480B,268,challenging,semantic,,15
Qwen-3-Coder-480B,268,challenging,semantic,,16
Qwen-3-Coder-480B,268,challenging,semantic,,17
Qwen-3-Coder-480B,268,challenging,semantic,,18
Qwen-3-Coder-480B,268,challenging,semantic,,19
Qwen-3-Coder-480B,268,challenging,semantic,,20
Qwen-3-Coder-480B,268,challenging,semantic,,21
Qwen-3-Coder-480B,268,challenging,semantic,,22
Qwen-3-Coder-480B,268,challenging,semantic,,23
Qwen-3-Coder-480B,268,challenging,semantic,,24
Qwen-3-Coder-480B,268,challenging,semantic,,25
Qwen-3-Coder-480B,268,challenging,semantic,,26
Qwen-3-Coder-480B,268,challenging,semantic,,27
Qwen-3-Coder-480B,268,challenging,semantic,,28
Qwen-3-Coder-480B,268,challenging,semantic,,29
Qwen-3-Coder-480B,268,challenging,semantic,,30
Qwen-3-Coder-480B,268,challenging,semantic,,31
Qwen-3-Coder-480B,268,challenging,semantic,,32
Qwen-3-Coder-480B,268,challenging,semantic,,33
Qwen-3-Coder-480B,268,challenging,semantic,,34
Qwen-3-Coder-480B,268,challenging,semantic,,35
Qwen-3-Coder-480B,268,challenging,semantic,,36
Qwen-3-Coder-480B,268,challenging,semantic,,37
Qwen-3-Coder-480B,268,challenging,semantic,,38
Qwen-3-Coder-480B,268,challenging,semantic,,39
Qwen-3-Coder-480B,268,challenging,semantic,,40
Qwen-3-Coder-480B,268,challenging,semantic,,41
Qwen-3-Coder-480B,268,challenging,semantic,,42
Qwen-3-Coder-480B,268,challenging,semantic,,43
Qwen-3-Coder-480B,268,challenging,semantic,,44
Qwen-3-Coder-480B,268,challenging,semantic,,45
Qwen-3-Coder-480B,268,challenging,semantic,,46
Qwen-3-Coder-480B,268,challenging,semantic,,47
Qwen-3-Coder-480B,268,challenging,semantic,,48
Qwen-3-Coder-480B,268,challenging,semantic,,49
Qwen-3-Coder-480B,268,challenging,semantic,,50
Qwen-3-Coder-480B,249,challenging,semantic,,1
Qwen-3-Coder-480B,249,challenging,semantic,,2
Qwen-3-Coder-480B,249,challenging,semantic,,3
Qwen-3-Coder-480B,249,challenging,semantic,,4
Qwen-3-Coder-480B,249,challenging,semantic,,5
Qwen-3-Coder-480B,249,challenging,semantic,,6
Qwen-3-Coder-480B,249,challenging,semantic,,7
Qwen-3-Coder-480B,249,challenging,semantic,,8
Qwen-3-Coder-480B,249,challenging,semantic,,9
Qwen-3-Coder-480B,249,challenging,semantic,,10
Qwen-3-Coder-480B,249,challenging,semantic,,11
Qwen-3-Coder-480B,249,challenging,semantic,,12
Qwen-3-Coder-480B,249,challenging,semantic,,13
Qwen-3-Coder-480B,249,challenging,semantic,,14
Qwen-3-Coder-480B,249,challenging,semantic,,15
Qwen-3-Coder-480B,249,challenging,semantic,,16
Qwen-3-Coder-480B,249,challenging,semantic,,17
Qwen-3-Coder-480B,249,challenging,semantic,,18
Qwen-3-Coder-480B,249,challenging,semantic,,19
Qwen-3-Coder-480B,249,challenging,semantic,,20
Qwen-3-Coder-480B,249,challenging,semantic,,21
Qwen-3-Coder-480B,249,challenging,semantic,,22
Qwen-3-Coder-480B,249,challenging,semantic,,23
Qwen-3-Coder-480B,249,challenging,semantic,,24
Qwen-3-Coder-480B,249,challenging,semantic,,25
Qwen-3-Coder-480B,249,challenging,semantic,,26
Qwen-3-Coder-480B,249,challenging,semantic,,27
Qwen-3-Coder-480B,249,challenging,semantic,,28
Qwen-3-Coder-480B,249,challenging,semantic,,29
Qwen-3-Coder-480B,249,challenging,semantic,,30
Qwen-3-Coder-480B,249,challenging,semantic,,31
Qwen-3-Coder-480B,249,challenging,semantic,,32
Qwen-3-Coder-480B,249,challenging,semantic,,33
Qwen-3-Coder-480B,249,challenging,semantic,,34
Qwen-3-Coder-480B,249,challenging,semantic,,35
Qwen-3-Coder-480B,249,challenging,semantic,,36
Qwen-3-Coder-480B,249,challenging,semantic,,37
Qwen-3-Coder-480B,249,challenging,semantic,,38
Qwen-3-Coder-480B,249,challenging,semantic,,39
Qwen-3-Coder-480B,249,challenging,semantic,,40
Qwen-3-Coder-480B,249,challenging,semantic,,41
Qwen-3-Coder-480B,249,challenging,semantic,,42
Qwen-3-Coder-480B,249,challenging,semantic,,43
Qwen-3-Coder-480B,249,challenging,semantic,,44
Qwen-3-Coder-480B,249,challenging,semantic,,45
Qwen-3-Coder-480B,249,challenging,semantic,,46
Qwen-3-Coder-480B,249,challenging,semantic,,47
Qwen-3-Coder-480B,249,challenging,semantic,,48
Qwen-3-Coder-480B,249,challenging,semantic,,49
Qwen-3-Coder-480B,249,challenging,semantic,,50
Qwen-3-Coder-480B,319,challenging,correct,1.753120191485724,1
Qwen-3-Coder-480B,319,challenging,correct,1.1527546976863097,2
Qwen-3-Coder-480B,319,challenging,correct,1.1729096760939532,3
Qwen-3-Coder-480B,319,challenging,correct,1.2484468008977654,4
Qwen-3-Coder-480B,319,challenging,correct,1.1626190736888207,5
Qwen-3-Coder-480B,319,challenging,correct,1.133639750687698,6
Qwen-3-Coder-480B,319,challenging,correct,2.0127519110493397,7
Qwen-3-Coder-480B,319,challenging,correct,2.365216121495327,8
Qwen-3-Coder-480B,319,challenging,correct,1.2057826970860628,9
Qwen-3-Coder-480B,319,challenging,correct,1.0998121325980244,10
Qwen-3-Coder-480B,319,challenging,correct,1.4159436641637162,11
Qwen-3-Coder-480B,319,challenging,correct,1.1383988651656785,12
Qwen-3-Coder-480B,319,challenging,correct,1.1727228446176328,13
Qwen-3-Coder-480B,319,challenging,correct,1.3508931987403985,14
Qwen-3-Coder-480B,319,challenging,correct,0.8499833067477836,15
Qwen-3-Coder-480B,319,challenging,correct,0.9145372261162316,16
Qwen-3-Coder-480B,319,challenging,correct,1.1511648799185483,17
Qwen-3-Coder-480B,319,challenging,correct,1.2748955991005462,18
Qwen-3-Coder-480B,319,challenging,correct,1.6865086133378817,19
Qwen-3-Coder-480B,319,challenging,correct,2.273922734026746,20
Qwen-3-Coder-480B,319,challenging,correct,1.2971685803757829,21
Qwen-3-Coder-480B,319,challenging,correct,0.9092425351883492,22
Qwen-3-Coder-480B,319,challenging,correct,2.610551489238351,23
Qwen-3-Coder-480B,319,challenging,correct,1.1438763376932224,24
Qwen-3-Coder-480B,319,challenging,correct,1.22931654676259,25
Qwen-3-Coder-480B,319,challenging,correct,1.1880251054361903,26
Qwen-3-Coder-480B,319,challenging,correct,1.0357344102178814,27
Qwen-3-Coder-480B,319,challenging,correct,1.0887401524370717,28
Qwen-3-Coder-480B,319,challenging,correct,1.2829522470947174,29
Qwen-3-Coder-480B,319,challenging,correct,1.2177205779863403,30
Qwen-3-Coder-480B,319,challenging,correct,1.3760974735710445,31
Qwen-3-Coder-480B,319,challenging,correct,1.2955245329501128,32
Qwen-3-Coder-480B,319,challenging,correct,1.0766852508869742,33
Qwen-3-Coder-480B,319,challenging,correct,1.2471960675713099,34
Qwen-3-Coder-480B,319,challenging,correct,1.3116803696405517,35
Qwen-3-Coder-480B,319,challenging,correct,0.5988248357546035,36
Qwen-3-Coder-480B,319,challenging,correct,1.1994836728998046,37
Qwen-3-Coder-480B,319,challenging,correct,1.6386741448132989,38
Qwen-3-Coder-480B,319,challenging,correct,1.2396187137065848,39
Qwen-3-Coder-480B,319,challenging,correct,1.1569260062410747,40
Qwen-3-Coder-480B,319,challenging,correct,1.0874318951553528,41
Qwen-3-Coder-480B,319,challenging,correct,1.6135653726015171,42
Qwen-3-Coder-480B,319,challenging,correct,1.2242808547177912,43
Qwen-3-Coder-480B,319,challenging,correct,1.1203470289736455,44
Qwen-3-Coder-480B,319,challenging,correct,1.200212239122745,45
Qwen-3-Coder-480B,319,challenging,correct,1.6341096919609317,46
Qwen-3-Coder-480B,319,challenging,correct,1.0509247114375655,47
Qwen-3-Coder-480B,319,challenging,correct,1.2859037328094303,48
Qwen-3-Coder-480B,319,challenging,correct,1.1090608465608465,49
Qwen-3-Coder-480B,319,challenging,correct,1.1740609595223217,50
Qwen-3-Coder-480B,328,challenging,semantic,,1
Qwen-3-Coder-480B,328,challenging,semantic,,2
Qwen-3-Coder-480B,328,challenging,semantic,,3
Qwen-3-Coder-480B,328,challenging,semantic,,4
Qwen-3-Coder-480B,328,challenging,semantic,,5
Qwen-3-Coder-480B,328,challenging,semantic,,6
Qwen-3-Coder-480B,328,challenging,semantic,,7
Qwen-3-Coder-480B,328,challenging,semantic,,8
Qwen-3-Coder-480B,328,challenging,semantic,,9
Qwen-3-Coder-480B,328,challenging,semantic,,10
Qwen-3-Coder-480B,328,challenging,semantic,,11
Qwen-3-Coder-480B,328,challenging,semantic,,12
Qwen-3-Coder-480B,328,challenging,semantic,,13
Qwen-3-Coder-480B,328,challenging,semantic,,14
Qwen-3-Coder-480B,328,challenging,semantic,,15
Qwen-3-Coder-480B,328,challenging,semantic,,16
Qwen-3-Coder-480B,328,challenging,semantic,,17
Qwen-3-Coder-480B,328,challenging,semantic,,18
Qwen-3-Coder-480B,328,challenging,semantic,,19
Qwen-3-Coder-480B,328,challenging,semantic,,20
Qwen-3-Coder-480B,328,challenging,semantic,,21
Qwen-3-Coder-480B,328,challenging,semantic,,22
Qwen-3-Coder-480B,328,challenging,semantic,,23
Qwen-3-Coder-480B,328,challenging,semantic,,24
Qwen-3-Coder-480B,328,challenging,semantic,,25
Qwen-3-Coder-480B,328,challenging,semantic,,26
Qwen-3-Coder-480B,328,challenging,semantic,,27
Qwen-3-Coder-480B,328,challenging,semantic,,28
Qwen-3-Coder-480B,328,challenging,semantic,,29
Qwen-3-Coder-480B,328,challenging,semantic,,30
Qwen-3-Coder-480B,328,challenging,semantic,,31
Qwen-3-Coder-480B,328,challenging,semantic,,32
Qwen-3-Coder-480B,328,challenging,semantic,,33
Qwen-3-Coder-480B,328,challenging,semantic,,34
Qwen-3-Coder-480B,328,challenging,semantic,,35
Qwen-3-Coder-480B,328,challenging,semantic,,36
Qwen-3-Coder-480B,328,challenging,semantic,,37
Qwen-3-Coder-480B,328,challenging,semantic,,38
Qwen-3-Coder-480B,328,challenging,semantic,,39
Qwen-3-Coder-480B,328,challenging,semantic,,40
Qwen-3-Coder-480B,328,challenging,semantic,,41
Qwen-3-Coder-480B,328,challenging,semantic,,42
Qwen-3-Coder-480B,328,challenging,semantic,,43
Qwen-3-Coder-480B,328,challenging,semantic,,44
Qwen-3-Coder-480B,328,challenging,semantic,,45
Qwen-3-Coder-480B,328,challenging,semantic,,46
Qwen-3-Coder-480B,328,challenging,semantic,,47
Qwen-3-Coder-480B,328,challenging,semantic,,48
Qwen-3-Coder-480B,328,challenging,semantic,,49
Qwen-3-Coder-480B,328,challenging,semantic,,50
Qwen-3-Coder-480B,1231,challenging,correct,1.3876779538325423,1
Qwen-3-Coder-480B,1231,challenging,correct,1.181291342270093,2
Qwen-3-Coder-480B,1231,challenging,correct,1.112034417727487,3
Qwen-3-Coder-480B,1231,challenging,correct,0.9746383127069898,4
Qwen-3-Coder-480B,1231,challenging,correct,1.1174013687600644,5
Qwen-3-Coder-480B,1231,challenging,correct,0.936061521560011,6
Qwen-3-Coder-480B,1231,challenging,correct,1.2481634527089072,7
Qwen-3-Coder-480B,1231,challenging,correct,1.108017759206059,8
Qwen-3-Coder-480B,1231,challenging,correct,0.9831134327014005,9
Qwen-3-Coder-480B,1231,challenging,correct,1.0960365853658536,10
Qwen-3-Coder-480B,1231,challenging,correct,2.0587875824981667,11
Qwen-3-Coder-480B,1231,challenging,correct,1.2082633134380252,12
Qwen-3-Coder-480B,1231,challenging,correct,1.138901549680948,13
Qwen-3-Coder-480B,1231,challenging,correct,1.070369114064572,14
Qwen-3-Coder-480B,1231,challenging,correct,1.141222459132907,15
Qwen-3-Coder-480B,1231,challenging,correct,1.0654774074831324,16
Qwen-3-Coder-480B,1231,challenging,correct,1.1970462495141858,17
Qwen-3-Coder-480B,1231,challenging,correct,1.1342746840129039,18
Qwen-3-Coder-480B,1231,challenging,correct,1.330812653104697,19
Qwen-3-Coder-480B,1231,challenging,correct,1.2454050374404357,20
Qwen-3-Coder-480B,1231,challenging,correct,0.9959394257870349,21
Qwen-3-Coder-480B,1231,challenging,correct,1.1595473012188044,22
Qwen-3-Coder-480B,1231,challenging,correct,1.0806849737735267,23
Qwen-3-Coder-480B,1231,challenging,correct,1.011777387416161,24
Qwen-3-Coder-480B,1231,challenging,correct,1.2407641119779715,25
Qwen-3-Coder-480B,1231,challenging,correct,1.280380284682388,26
Qwen-3-Coder-480B,1231,challenging,correct,1.0718901795142555,27
Qwen-3-Coder-480B,1231,challenging,correct,1.026713788264643,28
Qwen-3-Coder-480B,1231,challenging,correct,1.5114830381266886,29
Qwen-3-Coder-480B,1231,challenging,correct,1.207870981553502,30
Qwen-3-Coder-480B,1231,challenging,correct,1.2568556302421034,31
Qwen-3-Coder-480B,1231,challenging,correct,1.3407065037966326,32
Qwen-3-Coder-480B,1231,challenging,correct,1.5325734783614904,33
Qwen-3-Coder-480B,1231,challenging,correct,1.0720151910752433,34
Qwen-3-Coder-480B,1231,challenging,correct,1.4870290635091497,35
Qwen-3-Coder-480B,1231,challenging,correct,0.7225053877467246,36
Qwen-3-Coder-480B,1231,challenging,correct,0.8097023033463712,37
Qwen-3-Coder-480B,1231,challenging,correct,1.3206296125461254,38
Qwen-3-Coder-480B,1231,challenging,correct,1.0691766611001468,39
Qwen-3-Coder-480B,1231,challenging,correct,1.8427329192546584,40
Qwen-3-Coder-480B,1231,challenging,correct,0.9901902335916752,41
Qwen-3-Coder-480B,1231,challenging,correct,1.09698695847699,42
Qwen-3-Coder-480B,1231,challenging,correct,1.5351303579319486,43
Qwen-3-Coder-480B,1231,challenging,correct,1.3800655464807783,44
Qwen-3-Coder-480B,1231,challenging,correct,1.2002149199705898,45
Qwen-3-Coder-480B,1231,challenging,correct,1.2076857386848847,46
Qwen-3-Coder-480B,1231,challenging,correct,1.2569717707442258,47
Qwen-3-Coder-480B,1231,challenging,correct,1.2153711790393014,48
Qwen-3-Coder-480B,1231,challenging,correct,0.8242549391673177,49
Qwen-3-Coder-480B,1231,challenging,correct,1.2422627235213204,50
Qwen-3-Coder-480B,1232,challenging,semantic,,1
Qwen-3-Coder-480B,1232,challenging,semantic,,2
Qwen-3-Coder-480B,1232,challenging,semantic,,3
Qwen-3-Coder-480B,1232,challenging,semantic,,4
Qwen-3-Coder-480B,1232,challenging,semantic,,5
Qwen-3-Coder-480B,1232,challenging,semantic,,6
Qwen-3-Coder-480B,1232,challenging,semantic,,7
Qwen-3-Coder-480B,1232,challenging,semantic,,8
Qwen-3-Coder-480B,1232,challenging,semantic,,9
Qwen-3-Coder-480B,1232,challenging,semantic,,10
Qwen-3-Coder-480B,1232,challenging,semantic,,11
Qwen-3-Coder-480B,1232,challenging,semantic,,12
Qwen-3-Coder-480B,1232,challenging,semantic,,13
Qwen-3-Coder-480B,1232,challenging,semantic,,14
Qwen-3-Coder-480B,1232,challenging,semantic,,15
Qwen-3-Coder-480B,1232,challenging,semantic,,16
Qwen-3-Coder-480B,1232,challenging,semantic,,17
Qwen-3-Coder-480B,1232,challenging,semantic,,18
Qwen-3-Coder-480B,1232,challenging,semantic,,19
Qwen-3-Coder-480B,1232,challenging,semantic,,20
Qwen-3-Coder-480B,1232,challenging,semantic,,21
Qwen-3-Coder-480B,1232,challenging,semantic,,22
Qwen-3-Coder-480B,1232,challenging,semantic,,23
Qwen-3-Coder-480B,1232,challenging,semantic,,24
Qwen-3-Coder-480B,1232,challenging,semantic,,25
Qwen-3-Coder-480B,1232,challenging,semantic,,26
Qwen-3-Coder-480B,1232,challenging,semantic,,27
Qwen-3-Coder-480B,1232,challenging,semantic,,28
Qwen-3-Coder-480B,1232,challenging,semantic,,29
Qwen-3-Coder-480B,1232,challenging,semantic,,30
Qwen-3-Coder-480B,1232,challenging,semantic,,31
Qwen-3-Coder-480B,1232,challenging,semantic,,32
Qwen-3-Coder-480B,1232,challenging,semantic,,33
Qwen-3-Coder-480B,1232,challenging,semantic,,34
Qwen-3-Coder-480B,1232,challenging,semantic,,35
Qwen-3-Coder-480B,1232,challenging,semantic,,36
Qwen-3-Coder-480B,1232,challenging,semantic,,37
Qwen-3-Coder-480B,1232,challenging,semantic,,38
Qwen-3-Coder-480B,1232,challenging,semantic,,39
Qwen-3-Coder-480B,1232,challenging,semantic,,40
Qwen-3-Coder-480B,1232,challenging,semantic,,41
Qwen-3-Coder-480B,1232,challenging,semantic,,42
Qwen-3-Coder-480B,1232,challenging,semantic,,43
Qwen-3-Coder-480B,1232,challenging,semantic,,44
Qwen-3-Coder-480B,1232,challenging,semantic,,45
Qwen-3-Coder-480B,1232,challenging,semantic,,46
Qwen-3-Coder-480B,1232,challenging,semantic,,47
Qwen-3-Coder-480B,1232,challenging,semantic,,48
Qwen-3-Coder-480B,1232,challenging,semantic,,49
Qwen-3-Coder-480B,1232,challenging,semantic,,50
Qwen-3-Coder-480B,1171,challenging,semantic,,1
Qwen-3-Coder-480B,1171,challenging,semantic,,2
Qwen-3-Coder-480B,1171,challenging,semantic,,3
Qwen-3-Coder-480B,1171,challenging,semantic,,4
Qwen-3-Coder-480B,1171,challenging,semantic,,5
Qwen-3-Coder-480B,1171,challenging,semantic,,6
Qwen-3-Coder-480B,1171,challenging,semantic,,7
Qwen-3-Coder-480B,1171,challenging,semantic,,8
Qwen-3-Coder-480B,1171,challenging,semantic,,9
Qwen-3-Coder-480B,1171,challenging,semantic,,10
Qwen-3-Coder-480B,1171,challenging,semantic,,11
Qwen-3-Coder-480B,1171,challenging,semantic,,12
Qwen-3-Coder-480B,1171,challenging,semantic,,13
Qwen-3-Coder-480B,1171,challenging,semantic,,14
Qwen-3-Coder-480B,1171,challenging,semantic,,15
Qwen-3-Coder-480B,1171,challenging,semantic,,16
Qwen-3-Coder-480B,1171,challenging,semantic,,17
Qwen-3-Coder-480B,1171,challenging,semantic,,18
Qwen-3-Coder-480B,1171,challenging,semantic,,19
Qwen-3-Coder-480B,1171,challenging,semantic,,20
Qwen-3-Coder-480B,1171,challenging,semantic,,21
Qwen-3-Coder-480B,1171,challenging,semantic,,22
Qwen-3-Coder-480B,1171,challenging,semantic,,23
Qwen-3-Coder-480B,1171,challenging,semantic,,24
Qwen-3-Coder-480B,1171,challenging,semantic,,25
Qwen-3-Coder-480B,1171,challenging,semantic,,26
Qwen-3-Coder-480B,1171,challenging,semantic,,27
Qwen-3-Coder-480B,1171,challenging,semantic,,28
Qwen-3-Coder-480B,1171,challenging,semantic,,29
Qwen-3-Coder-480B,1171,challenging,semantic,,30
Qwen-3-Coder-480B,1171,challenging,semantic,,31
Qwen-3-Coder-480B,1171,challenging,semantic,,32
Qwen-3-Coder-480B,1171,challenging,semantic,,33
Qwen-3-Coder-480B,1171,challenging,semantic,,34
Qwen-3-Coder-480B,1171,challenging,semantic,,35
Qwen-3-Coder-480B,1171,challenging,semantic,,36
Qwen-3-Coder-480B,1171,challenging,semantic,,37
Qwen-3-Coder-480B,1171,challenging,semantic,,38
Qwen-3-Coder-480B,1171,challenging,semantic,,39
Qwen-3-Coder-480B,1171,challenging,semantic,,40
Qwen-3-Coder-480B,1171,challenging,semantic,,41
Qwen-3-Coder-480B,1171,challenging,semantic,,42
Qwen-3-Coder-480B,1171,challenging,semantic,,43
Qwen-3-Coder-480B,1171,challenging,semantic,,44
Qwen-3-Coder-480B,1171,challenging,semantic,,45
Qwen-3-Coder-480B,1171,challenging,semantic,,46
Qwen-3-Coder-480B,1171,challenging,semantic,,47
Qwen-3-Coder-480B,1171,challenging,semantic,,48
Qwen-3-Coder-480B,1171,challenging,semantic,,49
Qwen-3-Coder-480B,1171,challenging,semantic,,50
Qwen-3-Coder-480B,1223,challenging,semantic,,1
Qwen-3-Coder-480B,1223,challenging,semantic,,2
Qwen-3-Coder-480B,1223,challenging,semantic,,3
Qwen-3-Coder-480B,1223,challenging,semantic,,4
Qwen-3-Coder-480B,1223,challenging,semantic,,5
Qwen-3-Coder-480B,1223,challenging,semantic,,6
Qwen-3-Coder-480B,1223,challenging,semantic,,7
Qwen-3-Coder-480B,1223,challenging,semantic,,8
Qwen-3-Coder-480B,1223,challenging,semantic,,9
Qwen-3-Coder-480B,1223,challenging,semantic,,10
Qwen-3-Coder-480B,1223,challenging,semantic,,11
Qwen-3-Coder-480B,1223,challenging,semantic,,12
Qwen-3-Coder-480B,1223,challenging,semantic,,13
Qwen-3-Coder-480B,1223,challenging,semantic,,14
Qwen-3-Coder-480B,1223,challenging,semantic,,15
Qwen-3-Coder-480B,1223,challenging,semantic,,16
Qwen-3-Coder-480B,1223,challenging,semantic,,17
Qwen-3-Coder-480B,1223,challenging,semantic,,18
Qwen-3-Coder-480B,1223,challenging,semantic,,19
Qwen-3-Coder-480B,1223,challenging,semantic,,20
Qwen-3-Coder-480B,1223,challenging,semantic,,21
Qwen-3-Coder-480B,1223,challenging,semantic,,22
Qwen-3-Coder-480B,1223,challenging,semantic,,23
Qwen-3-Coder-480B,1223,challenging,semantic,,24
Qwen-3-Coder-480B,1223,challenging,semantic,,25
Qwen-3-Coder-480B,1223,challenging,semantic,,26
Qwen-3-Coder-480B,1223,challenging,semantic,,27
Qwen-3-Coder-480B,1223,challenging,semantic,,28
Qwen-3-Coder-480B,1223,challenging,semantic,,29
Qwen-3-Coder-480B,1223,challenging,semantic,,30
Qwen-3-Coder-480B,1223,challenging,semantic,,31
Qwen-3-Coder-480B,1223,challenging,semantic,,32
Qwen-3-Coder-480B,1223,challenging,semantic,,33
Qwen-3-Coder-480B,1223,challenging,semantic,,34
Qwen-3-Coder-480B,1223,challenging,semantic,,35
Qwen-3-Coder-480B,1223,challenging,semantic,,36
Qwen-3-Coder-480B,1223,challenging,semantic,,37
Qwen-3-Coder-480B,1223,challenging,semantic,,38
Qwen-3-Coder-480B,1223,challenging,semantic,,39
Qwen-3-Coder-480B,1223,challenging,semantic,,40
Qwen-3-Coder-480B,1223,challenging,semantic,,41
Qwen-3-Coder-480B,1223,challenging,semantic,,42
Qwen-3-Coder-480B,1223,challenging,semantic,,43
Qwen-3-Coder-480B,1223,challenging,semantic,,44
Qwen-3-Coder-480B,1223,challenging,semantic,,45
Qwen-3-Coder-480B,1223,challenging,semantic,,46
Qwen-3-Coder-480B,1223,challenging,semantic,,47
Qwen-3-Coder-480B,1223,challenging,semantic,,48
Qwen-3-Coder-480B,1223,challenging,semantic,,49
Qwen-3-Coder-480B,1223,challenging,semantic,,50
Qwen-3-Coder-480B,1481,challenging,semantic,,1
Qwen-3-Coder-480B,1481,challenging,semantic,,2
Qwen-3-Coder-480B,1481,challenging,semantic,,3
Qwen-3-Coder-480B,1481,challenging,semantic,,4
Qwen-3-Coder-480B,1481,challenging,semantic,,5
Qwen-3-Coder-480B,1481,challenging,semantic,,6
Qwen-3-Coder-480B,1481,challenging,semantic,,7
Qwen-3-Coder-480B,1481,challenging,semantic,,8
Qwen-3-Coder-480B,1481,challenging,semantic,,9
Qwen-3-Coder-480B,1481,challenging,semantic,,10
Qwen-3-Coder-480B,1481,challenging,semantic,,11
Qwen-3-Coder-480B,1481,challenging,semantic,,12
Qwen-3-Coder-480B,1481,challenging,semantic,,13
Qwen-3-Coder-480B,1481,challenging,semantic,,14
Qwen-3-Coder-480B,1481,challenging,semantic,,15
Qwen-3-Coder-480B,1481,challenging,semantic,,16
Qwen-3-Coder-480B,1481,challenging,semantic,,17
Qwen-3-Coder-480B,1481,challenging,semantic,,18
Qwen-3-Coder-480B,1481,challenging,semantic,,19
Qwen-3-Coder-480B,1481,challenging,semantic,,20
Qwen-3-Coder-480B,1481,challenging,semantic,,21
Qwen-3-Coder-480B,1481,challenging,semantic,,22
Qwen-3-Coder-480B,1481,challenging,semantic,,23
Qwen-3-Coder-480B,1481,challenging,semantic,,24
Qwen-3-Coder-480B,1481,challenging,semantic,,25
Qwen-3-Coder-480B,1481,challenging,semantic,,26
Qwen-3-Coder-480B,1481,challenging,semantic,,27
Qwen-3-Coder-480B,1481,challenging,semantic,,28
Qwen-3-Coder-480B,1481,challenging,semantic,,29
Qwen-3-Coder-480B,1481,challenging,semantic,,30
Qwen-3-Coder-480B,1481,challenging,semantic,,31
Qwen-3-Coder-480B,1481,challenging,semantic,,32
Qwen-3-Coder-480B,1481,challenging,semantic,,33
Qwen-3-Coder-480B,1481,challenging,semantic,,34
Qwen-3-Coder-480B,1481,challenging,semantic,,35
Qwen-3-Coder-480B,1481,challenging,semantic,,36
Qwen-3-Coder-480B,1481,challenging,semantic,,37
Qwen-3-Coder-480B,1481,challenging,semantic,,38
Qwen-3-Coder-480B,1481,challenging,semantic,,39
Qwen-3-Coder-480B,1481,challenging,semantic,,40
Qwen-3-Coder-480B,1481,challenging,semantic,,41
Qwen-3-Coder-480B,1481,challenging,semantic,,42
Qwen-3-Coder-480B,1481,challenging,semantic,,43
Qwen-3-Coder-480B,1481,challenging,semantic,,44
Qwen-3-Coder-480B,1481,challenging,semantic,,45
Qwen-3-Coder-480B,1481,challenging,semantic,,46
Qwen-3-Coder-480B,1481,challenging,semantic,,47
Qwen-3-Coder-480B,1481,challenging,semantic,,48
Qwen-3-Coder-480B,1481,challenging,semantic,,49
Qwen-3-Coder-480B,1481,challenging,semantic,,50
Qwen-3-Coder-480B,62,challenging,correct,2.599937998914981,1
Qwen-3-Coder-480B,62,challenging,correct,0.4592632710635443,2
Qwen-3-Coder-480B,62,challenging,correct,0.4028350271027424,3
Qwen-3-Coder-480B,62,challenging,correct,0.24610174330990942,4
Qwen-3-Coder-480B,62,challenging,correct,0.428956406000953,5
Qwen-3-Coder-480B,62,challenging,correct,0.5154480686619873,6
Qwen-3-Coder-480B,62,challenging,correct,0.4808777429467085,7
Qwen-3-Coder-480B,62,challenging,correct,0.37460328043739166,8
Qwen-3-Coder-480B,62,challenging,correct,0.40868691671203883,9
Qwen-3-Coder-480B,62,challenging,correct,0.3865566145984731,10
Qwen-3-Coder-480B,62,challenging,correct,0.4165441431177689,11
Qwen-3-Coder-480B,62,challenging,correct,0.4582908061381165,12
Qwen-3-Coder-480B,62,challenging,correct,0.6118913331685505,13
Qwen-3-Coder-480B,62,challenging,correct,0.28061522585344756,14
Qwen-3-Coder-480B,62,challenging,correct,0.3802062446290461,15
Qwen-3-Coder-480B,62,challenging,correct,0.3387147715337099,16
Qwen-3-Coder-480B,62,challenging,correct,0.5526961467685273,17
Qwen-3-Coder-480B,62,challenging,correct,0.3668585544454002,18
Qwen-3-Coder-480B,62,challenging,correct,0.39563140989518764,19
Qwen-3-Coder-480B,62,challenging,correct,0.39746431354156425,20
Qwen-3-Coder-480B,62,challenging,correct,0.49206812246485526,21
Qwen-3-Coder-480B,62,challenging,correct,0.6603030753231318,22
Qwen-3-Coder-480B,62,challenging,correct,0.3971484657505941,23
Qwen-3-Coder-480B,62,challenging,correct,0.40400907162191824,24
Qwen-3-Coder-480B,62,challenging,correct,0.31529006882989186,25
Qwen-3-Coder-480B,62,challenging,correct,0.5936189990157839,26
Qwen-3-Coder-480B,62,challenging,correct,0.42843185537039097,27
Qwen-3-Coder-480B,62,challenging,correct,0.39854703033392813,28
Qwen-3-Coder-480B,62,challenging,correct,0.3389466532399937,29
Qwen-3-Coder-480B,62,challenging,correct,0.6533132961213682,30
Qwen-3-Coder-480B,62,challenging,correct,0.44152455855106437,31
Qwen-3-Coder-480B,62,challenging,correct,0.20246176743055871,32
Qwen-3-Coder-480B,62,challenging,correct,0.3780612826062194,33
Qwen-3-Coder-480B,62,challenging,correct,0.3613359509518369,34
Qwen-3-Coder-480B,62,challenging,correct,0.6374807286016102,35
Qwen-3-Coder-480B,62,challenging,correct,0.4677346611102091,36
Qwen-3-Coder-480B,62,challenging,correct,0.6348830471967856,37
Qwen-3-Coder-480B,62,challenging,correct,0.26205164951036075,38
Qwen-3-Coder-480B,62,challenging,correct,0.4384389866729668,39
Qwen-3-Coder-480B,62,challenging,correct,0.6923711752716541,40
Qwen-3-Coder-480B,62,challenging,correct,0.39406010028402116,41
Qwen-3-Coder-480B,62,challenging,correct,0.3657191637007001,42
Qwen-3-Coder-480B,62,challenging,correct,0.35972076054164037,43
Qwen-3-Coder-480B,62,challenging,correct,0.5721436984687868,44
Qwen-3-Coder-480B,62,challenging,correct,0.3478826624423637,45
Qwen-3-Coder-480B,62,challenging,correct,0.3946139431382309,46
Qwen-3-Coder-480B,62,challenging,correct,0.45831925199954937,47
Qwen-3-Coder-480B,62,challenging,correct,0.5202328319378237,48
Qwen-3-Coder-480B,62,challenging,correct,0.4225139438776985,49
Qwen-3-Coder-480B,62,challenging,correct,0.6097414937651316,50
Qwen-3-Coder-480B,1037,challenging,semantic,,1
Qwen-3-Coder-480B,1037,challenging,semantic,,2
Qwen-3-Coder-480B,1037,challenging,semantic,,3
Qwen-3-Coder-480B,1037,challenging,semantic,,4
Qwen-3-Coder-480B,1037,challenging,semantic,,5
Qwen-3-Coder-480B,1037,challenging,semantic,,6
Qwen-3-Coder-480B,1037,challenging,semantic,,7
Qwen-3-Coder-480B,1037,challenging,semantic,,8
Qwen-3-Coder-480B,1037,challenging,semantic,,9
Qwen-3-Coder-480B,1037,challenging,semantic,,10
Qwen-3-Coder-480B,1037,challenging,semantic,,11
Qwen-3-Coder-480B,1037,challenging,semantic,,12
Qwen-3-Coder-480B,1037,challenging,semantic,,13
Qwen-3-Coder-480B,1037,challenging,semantic,,14
Qwen-3-Coder-480B,1037,challenging,semantic,,15
Qwen-3-Coder-480B,1037,challenging,semantic,,16
Qwen-3-Coder-480B,1037,challenging,semantic,,17
Qwen-3-Coder-480B,1037,challenging,semantic,,18
Qwen-3-Coder-480B,1037,challenging,semantic,,19
Qwen-3-Coder-480B,1037,challenging,semantic,,20
Qwen-3-Coder-480B,1037,challenging,semantic,,21
Qwen-3-Coder-480B,1037,challenging,semantic,,22
Qwen-3-Coder-480B,1037,challenging,semantic,,23
Qwen-3-Coder-480B,1037,challenging,semantic,,24
Qwen-3-Coder-480B,1037,challenging,semantic,,25
Qwen-3-Coder-480B,1037,challenging,semantic,,26
Qwen-3-Coder-480B,1037,challenging,semantic,,27
Qwen-3-Coder-480B,1037,challenging,semantic,,28
Qwen-3-Coder-480B,1037,challenging,semantic,,29
Qwen-3-Coder-480B,1037,challenging,semantic,,30
Qwen-3-Coder-480B,1037,challenging,semantic,,31
Qwen-3-Coder-480B,1037,challenging,semantic,,32
Qwen-3-Coder-480B,1037,challenging,semantic,,33
Qwen-3-Coder-480B,1037,challenging,semantic,,34
Qwen-3-Coder-480B,1037,challenging,semantic,,35
Qwen-3-Coder-480B,1037,challenging,semantic,,36
Qwen-3-Coder-480B,1037,challenging,semantic,,37
Qwen-3-Coder-480B,1037,challenging,semantic,,38
Qwen-3-Coder-480B,1037,challenging,semantic,,39
Qwen-3-Coder-480B,1037,challenging,semantic,,40
Qwen-3-Coder-480B,1037,challenging,semantic,,41
Qwen-3-Coder-480B,1037,challenging,semantic,,42
Qwen-3-Coder-480B,1037,challenging,semantic,,43
Qwen-3-Coder-480B,1037,challenging,semantic,,44
Qwen-3-Coder-480B,1037,challenging,semantic,,45
Qwen-3-Coder-480B,1037,challenging,semantic,,46
Qwen-3-Coder-480B,1037,challenging,semantic,,47
Qwen-3-Coder-480B,1037,challenging,semantic,,48
Qwen-3-Coder-480B,1037,challenging,semantic,,49
Qwen-3-Coder-480B,1037,challenging,semantic,,50
Qwen-3-Coder-480B,1161,challenging,correct,1.371425440999233,1
Qwen-3-Coder-480B,1161,challenging,correct,0.8963187325256291,2
Qwen-3-Coder-480B,1161,challenging,correct,1.2640647706041104,3
Qwen-3-Coder-480B,1161,challenging,correct,1.1003110419906688,4
Qwen-3-Coder-480B,1161,challenging,correct,1.2582940983247564,5
Qwen-3-Coder-480B,1161,challenging,correct,1.1278940544545286,6
Qwen-3-Coder-480B,1161,challenging,correct,0.9760044642857143,7
Qwen-3-Coder-480B,1161,challenging,correct,1.307709673778079,8
Qwen-3-Coder-480B,1161,challenging,correct,1.3563841318014307,9
Qwen-3-Coder-480B,1161,challenging,correct,1.261069006781013,10
Qwen-3-Coder-480B,1161,challenging,correct,0.5543845694969178,11
Qwen-3-Coder-480B,1161,challenging,correct,1.377626636889656,12
Qwen-3-Coder-480B,1161,challenging,correct,1.194557270511779,13
Qwen-3-Coder-480B,1161,challenging,correct,1.5157841780908061,14
Qwen-3-Coder-480B,1161,challenging,correct,2.3966351209253416,15
Qwen-3-Coder-480B,1161,challenging,correct,1.152053164054751,16
Qwen-3-Coder-480B,1161,challenging,correct,1.2996823956442831,17
Qwen-3-Coder-480B,1161,challenging,correct,1.0309966618979494,18
Qwen-3-Coder-480B,1161,challenging,correct,1.2539181541140618,19
Qwen-3-Coder-480B,1161,challenging,correct,0.9620853080568721,20
Qwen-3-Coder-480B,1161,challenging,correct,1.3177493606138106,21
Qwen-3-Coder-480B,1161,challenging,correct,2.0725032010243276,22
Qwen-3-Coder-480B,1161,challenging,correct,1.1307156428119063,23
Qwen-3-Coder-480B,1161,challenging,correct,1.0192365797159835,24
Qwen-3-Coder-480B,1161,challenging,correct,1.9646268128758402,25
Qwen-3-Coder-480B,1161,challenging,correct,1.1897302001740644,26
Qwen-3-Coder-480B,1161,challenging,correct,1.2606213634866617,27
Qwen-3-Coder-480B,1161,challenging,correct,1.2206682206682207,28
Qwen-3-Coder-480B,1161,challenging,correct,1.3553060078607524,29
Qwen-3-Coder-480B,1161,challenging,correct,1.3665987780040734,30
Qwen-3-Coder-480B,1161,challenging,correct,1.3313092057323295,31
Qwen-3-Coder-480B,1161,challenging,correct,2.3106360043118936,32
Qwen-3-Coder-480B,1161,challenging,correct,1.273778787565837,33
Qwen-3-Coder-480B,1161,challenging,correct,1.323391420911528,34
Qwen-3-Coder-480B,1161,challenging,correct,1.3733910107617642,35
Qwen-3-Coder-480B,1161,challenging,correct,1.3517503634940162,36
Qwen-3-Coder-480B,1161,challenging,correct,1.218669314796425,37
Qwen-3-Coder-480B,1161,challenging,correct,1.391287398888997,38
Qwen-3-Coder-480B,1161,challenging,correct,1.093693036820999,39
Qwen-3-Coder-480B,1161,challenging,correct,1.615069967707212,40
Qwen-3-Coder-480B,1161,challenging,correct,1.2919398024189825,41
Qwen-3-Coder-480B,1161,challenging,correct,1.4069476520400308,42
Qwen-3-Coder-480B,1161,challenging,correct,1.4518484710178001,43
Qwen-3-Coder-480B,1161,challenging,correct,1.2262804366078925,44
Qwen-3-Coder-480B,1161,challenging,correct,1.3317201048598508,45
Qwen-3-Coder-480B,1161,challenging,correct,1.2131774855632087,46
Qwen-3-Coder-480B,1161,challenging,correct,1.3441960338512062,47
Qwen-3-Coder-480B,1161,challenging,correct,1.2969436001350896,48
Qwen-3-Coder-480B,1161,challenging,correct,1.3466989703210175,49
Qwen-3-Coder-480B,1161,challenging,correct,1.2595595485920894,50
Qwen-3-Coder-480B,1339,challenging,correct,1.811584553928096,1
Qwen-3-Coder-480B,1339,challenging,correct,1.6404736275565124,2
Qwen-3-Coder-480B,1339,challenging,correct,1.3791146424517593,3
Qwen-3-Coder-480B,1339,challenging,correct,1.4191200258815917,4
Qwen-3-Coder-480B,1339,challenging,correct,1.258917166158986,5
Qwen-3-Coder-480B,1339,challenging,correct,1.3880763116057233,6
Qwen-3-Coder-480B,1339,challenging,correct,1.3341836734693877,7
Qwen-3-Coder-480B,1339,challenging,correct,2.152749899638699,8
Qwen-3-Coder-480B,1339,challenging,correct,1.4569333105918472,9
Qwen-3-Coder-480B,1339,challenging,correct,1.521880650994575,10
Qwen-3-Coder-480B,1339,challenging,correct,1.573179524152848,11
Qwen-3-Coder-480B,1339,challenging,correct,1.0649515459160128,12
Qwen-3-Coder-480B,1339,challenging,correct,1.0008150908244062,13
Qwen-3-Coder-480B,1339,challenging,correct,1.4358695652173914,14
Qwen-3-Coder-480B,1339,challenging,correct,1.2284034373586612,15
Qwen-3-Coder-480B,1339,challenging,correct,2.2919291338582677,16
Qwen-3-Coder-480B,1339,challenging,correct,1.4087579617834396,17
Qwen-3-Coder-480B,1339,challenging,correct,1.3393548387096774,18
Qwen-3-Coder-480B,1339,challenging,correct,1.42832937987123,19
Qwen-3-Coder-480B,1339,challenging,correct,1.5743743390905887,20
Qwen-3-Coder-480B,1339,challenging,correct,1.6423280423280424,21
Qwen-3-Coder-480B,1339,challenging,correct,1.4729462520222902,22
Qwen-3-Coder-480B,1339,challenging,correct,1.400558485882718,23
Qwen-3-Coder-480B,1339,challenging,correct,1.0766261113710809,24
Qwen-3-Coder-480B,1339,challenging,correct,1.390866647213306,25
Qwen-3-Coder-480B,1339,challenging,correct,1.3022011617242433,26
Qwen-3-Coder-480B,1339,challenging,correct,1.5042663543583739,27
Qwen-3-Coder-480B,1339,challenging,correct,1.3585002568053415,28
Qwen-3-Coder-480B,1339,challenging,correct,1.3928159499093755,29
Qwen-3-Coder-480B,1339,challenging,correct,1.4913930789707188,30
Qwen-3-Coder-480B,1339,challenging,correct,1.6491041603401153,31
Qwen-3-Coder-480B,1339,challenging,correct,1.5091307523739956,32
Qwen-3-Coder-480B,1339,challenging,correct,1.5400264836884556,33
Qwen-3-Coder-480B,1339,challenging,correct,1.5295023088763469,34
Qwen-3-Coder-480B,1339,challenging,correct,1.3310834198684667,35
Qwen-3-Coder-480B,1339,challenging,correct,1.503655840843394,36
Qwen-3-Coder-480B,1339,challenging,correct,1.3703536323579257,37
Qwen-3-Coder-480B,1339,challenging,correct,0.8319625458686575,38
Qwen-3-Coder-480B,1339,challenging,correct,1.4629883481836874,39
Qwen-3-Coder-480B,1339,challenging,correct,1.3425925925925926,40
Qwen-3-Coder-480B,1339,challenging,correct,1.1274152898347802,41
Qwen-3-Coder-480B,1339,challenging,correct,1.0554147048170952,42
Qwen-3-Coder-480B,1339,challenging,correct,1.4616043880699348,43
Qwen-3-Coder-480B,1339,challenging,correct,1.3560477001703577,44
Qwen-3-Coder-480B,1339,challenging,correct,1.2529347315698858,45
Qwen-3-Coder-480B,1339,challenging,correct,2.236822568671121,46
Qwen-3-Coder-480B,1339,challenging,correct,1.3510088377522094,47
Qwen-3-Coder-480B,1339,challenging,correct,1.1247341423745778,48
Qwen-3-Coder-480B,1339,challenging,correct,3.161040787623066,49
Qwen-3-Coder-480B,1339,challenging,correct,1.5028809218950063,50
Qwen-3-Coder-480B,306,challenging,semantic,,1
Qwen-3-Coder-480B,306,challenging,semantic,,2
Qwen-3-Coder-480B,306,challenging,semantic,,3
Qwen-3-Coder-480B,306,challenging,semantic,,4
Qwen-3-Coder-480B,306,challenging,semantic,,5
Qwen-3-Coder-480B,306,challenging,semantic,,6
Qwen-3-Coder-480B,306,challenging,semantic,,7
Qwen-3-Coder-480B,306,challenging,semantic,,8
Qwen-3-Coder-480B,306,challenging,semantic,,9
Qwen-3-Coder-480B,306,challenging,semantic,,10
Qwen-3-Coder-480B,306,challenging,semantic,,11
Qwen-3-Coder-480B,306,challenging,semantic,,12
Qwen-3-Coder-480B,306,challenging,semantic,,13
Qwen-3-Coder-480B,306,challenging,semantic,,14
Qwen-3-Coder-480B,306,challenging,semantic,,15
Qwen-3-Coder-480B,306,challenging,semantic,,16
Qwen-3-Coder-480B,306,challenging,semantic,,17
Qwen-3-Coder-480B,306,challenging,semantic,,18
Qwen-3-Coder-480B,306,challenging,semantic,,19
Qwen-3-Coder-480B,306,challenging,semantic,,20
Qwen-3-Coder-480B,306,challenging,semantic,,21
Qwen-3-Coder-480B,306,challenging,semantic,,22
Qwen-3-Coder-480B,306,challenging,semantic,,23
Qwen-3-Coder-480B,306,challenging,semantic,,24
Qwen-3-Coder-480B,306,challenging,semantic,,25
Qwen-3-Coder-480B,306,challenging,semantic,,26
Qwen-3-Coder-480B,306,challenging,semantic,,27
Qwen-3-Coder-480B,306,challenging,semantic,,28
Qwen-3-Coder-480B,306,challenging,semantic,,29
Qwen-3-Coder-480B,306,challenging,semantic,,30
Qwen-3-Coder-480B,306,challenging,semantic,,31
Qwen-3-Coder-480B,306,challenging,semantic,,32
Qwen-3-Coder-480B,306,challenging,semantic,,33
Qwen-3-Coder-480B,306,challenging,semantic,,34
Qwen-3-Coder-480B,306,challenging,semantic,,35
Qwen-3-Coder-480B,306,challenging,semantic,,36
Qwen-3-Coder-480B,306,challenging,semantic,,37
Qwen-3-Coder-480B,306,challenging,semantic,,38
Qwen-3-Coder-480B,306,challenging,semantic,,39
Qwen-3-Coder-480B,306,challenging,semantic,,40
Qwen-3-Coder-480B,306,challenging,semantic,,41
Qwen-3-Coder-480B,306,challenging,semantic,,42
Qwen-3-Coder-480B,306,challenging,semantic,,43
Qwen-3-Coder-480B,306,challenging,semantic,,44
Qwen-3-Coder-480B,306,challenging,semantic,,45
Qwen-3-Coder-480B,306,challenging,semantic,,46
Qwen-3-Coder-480B,306,challenging,semantic,,47
Qwen-3-Coder-480B,306,challenging,semantic,,48
Qwen-3-Coder-480B,306,challenging,semantic,,49
Qwen-3-Coder-480B,306,challenging,semantic,,50
Qwen-3-Coder-480B,1307,challenging,correct,1.1545483326298016,1
Qwen-3-Coder-480B,1307,challenging,correct,1.177080054558808,2
Qwen-3-Coder-480B,1307,challenging,correct,1.417083654092892,3
Qwen-3-Coder-480B,1307,challenging,correct,0.908290735307462,4
Qwen-3-Coder-480B,1307,challenging,correct,1.1573700387545103,5
Qwen-3-Coder-480B,1307,challenging,correct,1.1436412145851862,6
Qwen-3-Coder-480B,1307,challenging,correct,1.126537049358074,7
Qwen-3-Coder-480B,1307,challenging,correct,0.9071598056570374,8
Qwen-3-Coder-480B,1307,challenging,correct,1.3737173646052059,9
Qwen-3-Coder-480B,1307,challenging,correct,1.0093395277551607,10
Qwen-3-Coder-480B,1307,challenging,correct,1.258558974655043,11
Qwen-3-Coder-480B,1307,challenging,correct,0.8413929394855826,12
Qwen-3-Coder-480B,1307,challenging,correct,1.7098765432098766,13
Qwen-3-Coder-480B,1307,challenging,correct,1.3599499440864795,14
Qwen-3-Coder-480B,1307,challenging,correct,1.2525709092648396,15
Qwen-3-Coder-480B,1307,challenging,correct,1.1677962672601285,16
Qwen-3-Coder-480B,1307,challenging,correct,1.3179738429768797,17
Qwen-3-Coder-480B,1307,challenging,correct,1.973721276510121,18
Qwen-3-Coder-480B,1307,challenging,correct,1.188257010645561,19
Qwen-3-Coder-480B,1307,challenging,correct,0.7511396908935918,20
Qwen-3-Coder-480B,1307,challenging,correct,1.0581305478136638,21
Qwen-3-Coder-480B,1307,challenging,correct,0.8568151147098515,22
Qwen-3-Coder-480B,1307,challenging,correct,1.0890946194813598,23
Qwen-3-Coder-480B,1307,challenging,correct,1.6082405096300711,24
Qwen-3-Coder-480B,1307,challenging,correct,0.8880538653747115,25
Qwen-3-Coder-480B,1307,challenging,correct,1.9692173287424841,26
Qwen-3-Coder-480B,1307,challenging,correct,1.1243107910430967,27
Qwen-3-Coder-480B,1307,challenging,correct,1.2553125789518007,28
Qwen-3-Coder-480B,1307,challenging,correct,0.8097225415126704,29
Qwen-3-Coder-480B,1307,challenging,correct,1.084936873031418,30
Qwen-3-Coder-480B,1307,challenging,correct,1.2163927168077924,31
Qwen-3-Coder-480B,1307,challenging,correct,1.1172000622438922,32
Qwen-3-Coder-480B,1307,challenging,correct,1.087425666602724,33
Qwen-3-Coder-480B,1307,challenging,correct,1.1906414196490533,34
Qwen-3-Coder-480B,1307,challenging,correct,1.581989503816794,35
Qwen-3-Coder-480B,1307,challenging,correct,1.2503620273531777,36
Qwen-3-Coder-480B,1307,challenging,correct,1.1106564623272965,37
Qwen-3-Coder-480B,1307,challenging,correct,1.0227754799024287,38
Qwen-3-Coder-480B,1307,challenging,correct,1.0401457953657902,39
Qwen-3-Coder-480B,1307,challenging,correct,1.2637413507455413,40
Qwen-3-Coder-480B,1307,challenging,correct,1.0575719649561952,41
Qwen-3-Coder-480B,1307,challenging,correct,1.1043822041947988,42
Qwen-3-Coder-480B,1307,challenging,correct,1.2724036039527225,43
Qwen-3-Coder-480B,1307,challenging,correct,1.0301552616446235,44
Qwen-3-Coder-480B,1307,challenging,correct,0.7553363955687652,45
Qwen-3-Coder-480B,1307,challenging,correct,1.087910737545774,46
Qwen-3-Coder-480B,1307,challenging,correct,1.0347068266952069,47
Qwen-3-Coder-480B,1307,challenging,correct,1.5853188779472522,48
Qwen-3-Coder-480B,1307,challenging,correct,1.0775157542339504,49
Qwen-3-Coder-480B,1307,challenging,correct,1.2697067031751883,50
Qwen-3-Coder-480B,834,challenging,correct,1.4082412334561332,1
Qwen-3-Coder-480B,834,challenging,correct,1.262130033964095,2
Qwen-3-Coder-480B,834,challenging,correct,1.7002323780015491,3
Qwen-3-Coder-480B,834,challenging,correct,1.0999437728422827,4
Qwen-3-Coder-480B,834,challenging,correct,1.4127262113251606,5
Qwen-3-Coder-480B,834,challenging,correct,1.1773033451307227,6
Qwen-3-Coder-480B,834,challenging,correct,1.1824384080859127,7
Qwen-3-Coder-480B,834,challenging,correct,1.103419908332354,8
Qwen-3-Coder-480B,834,challenging,correct,1.3371161548731643,9
Qwen-3-Coder-480B,834,challenging,correct,1.415255213734301,10
Qwen-3-Coder-480B,834,challenging,correct,1.4316797214969539,11
Qwen-3-Coder-480B,834,challenging,correct,1.2026720443660197,12
Qwen-3-Coder-480B,834,challenging,correct,1.4072775098640946,13
Qwen-3-Coder-480B,834,challenging,correct,1.5432860374254576,14
Qwen-3-Coder-480B,834,challenging,correct,1.3893787967862041,15
Qwen-3-Coder-480B,834,challenging,correct,1.3863606209367123,16
Qwen-3-Coder-480B,834,challenging,correct,1.4891103202846976,17
Qwen-3-Coder-480B,834,challenging,correct,0.646889400921659,18
Qwen-3-Coder-480B,834,challenging,correct,1.2396012006861064,19
Qwen-3-Coder-480B,834,challenging,correct,1.318836565096953,20
Qwen-3-Coder-480B,834,challenging,correct,1.2672032193158953,21
Qwen-3-Coder-480B,834,challenging,correct,1.2883295194508009,22
Qwen-3-Coder-480B,834,challenging,correct,1.0698270339525946,23
Qwen-3-Coder-480B,834,challenging,correct,1.4046861440555394,24
Qwen-3-Coder-480B,834,challenging,correct,1.0350818576678917,25
Qwen-3-Coder-480B,834,challenging,correct,1.4843845682792407,26
Qwen-3-Coder-480B,834,challenging,correct,1.298357180710122,27
Qwen-3-Coder-480B,834,challenging,correct,1.518736945570709,28
Qwen-3-Coder-480B,834,challenging,correct,1.3398373983739837,29
Qwen-3-Coder-480B,834,challenging,correct,1.3826765074502159,30
Qwen-3-Coder-480B,834,challenging,correct,1.6315645514223194,31
Qwen-3-Coder-480B,834,challenging,correct,2.628481345244351,32
Qwen-3-Coder-480B,834,challenging,correct,2.4533180778032038,33
Qwen-3-Coder-480B,834,challenging,correct,1.4378860672614961,34
Qwen-3-Coder-480B,834,challenging,correct,1.130155510480054,35
Qwen-3-Coder-480B,834,challenging,correct,1.1389243814612615,36
Qwen-3-Coder-480B,834,challenging,correct,1.1974356957445136,37
Qwen-3-Coder-480B,834,challenging,correct,1.3604905825667981,38
Qwen-3-Coder-480B,834,challenging,correct,1.2654561175961954,39
Qwen-3-Coder-480B,834,challenging,correct,1.404066593886463,40
Qwen-3-Coder-480B,834,challenging,correct,1.301078360891445,41
Qwen-3-Coder-480B,834,challenging,correct,1.0129518654552485,42
Qwen-3-Coder-480B,834,challenging,correct,1.4173580089342692,43
Qwen-3-Coder-480B,834,challenging,correct,1.3090626325463028,44
Qwen-3-Coder-480B,834,challenging,correct,1.2837568178794732,45
Qwen-3-Coder-480B,834,challenging,correct,1.6306154062808056,46
Qwen-3-Coder-480B,834,challenging,correct,1.2419397463002113,47
Qwen-3-Coder-480B,834,challenging,correct,2.345960863020572,48
Qwen-3-Coder-480B,834,challenging,correct,1.2114721811915312,49
Qwen-3-Coder-480B,834,challenging,correct,1.2159487776484283,50
Qwen-3-Coder-480B,1457,challenging,correct,1.0624352033175901,1
Qwen-3-Coder-480B,1457,challenging,correct,0.4498412698412698,2
Qwen-3-Coder-480B,1457,challenging,correct,1.3172696868349043,3
Qwen-3-Coder-480B,1457,challenging,correct,0.962834044464406,4
Qwen-3-Coder-480B,1457,challenging,correct,1.3685578834684202,5
Qwen-3-Coder-480B,1457,challenging,correct,1.1719493670886076,6
Qwen-3-Coder-480B,1457,challenging,correct,1.882869692532943,7
Qwen-3-Coder-480B,1457,challenging,correct,0.9458725850231519,8
Qwen-3-Coder-480B,1457,challenging,correct,1.2487408777880564,9
Qwen-3-Coder-480B,1457,challenging,correct,1.4724061810154525,10
Qwen-3-Coder-480B,1457,challenging,correct,1.4614756774404178,11
Qwen-3-Coder-480B,1457,challenging,correct,1.386128208977631,12
Qwen-3-Coder-480B,1457,challenging,correct,1.1489620347858613,13
Qwen-3-Coder-480B,1457,challenging,correct,1.439306358381503,14
Qwen-3-Coder-480B,1457,challenging,correct,1.0362354085603114,15
Qwen-3-Coder-480B,1457,challenging,correct,1.3041373926619828,16
Qwen-3-Coder-480B,1457,challenging,correct,1.3864468864468864,17
Qwen-3-Coder-480B,1457,challenging,correct,1.3420285407396042,18
Qwen-3-Coder-480B,1457,challenging,correct,1.5497891069136256,19
Qwen-3-Coder-480B,1457,challenging,correct,1.1575744162885913,20
Qwen-3-Coder-480B,1457,challenging,correct,1.6363519753719857,21
Qwen-3-Coder-480B,1457,challenging,correct,1.3501907222837455,22
Qwen-3-Coder-480B,1457,challenging,correct,1.4965313653136532,23
Qwen-3-Coder-480B,1457,challenging,correct,1.3614718614718615,24
Qwen-3-Coder-480B,1457,challenging,correct,1.7070620254977797,25
Qwen-3-Coder-480B,1457,challenging,correct,1.691973473587926,26
Qwen-3-Coder-480B,1457,challenging,correct,1.3533473431401981,27
Qwen-3-Coder-480B,1457,challenging,correct,1.3024131842260154,28
Qwen-3-Coder-480B,1457,challenging,correct,1.3428970223325063,29
Qwen-3-Coder-480B,1457,challenging,correct,1.278813472036255,30
Qwen-3-Coder-480B,1457,challenging,correct,1.5605550316583592,31
Qwen-3-Coder-480B,1457,challenging,correct,1.4532326878897277,32
Qwen-3-Coder-480B,1457,challenging,correct,1.2522863450015769,33
Qwen-3-Coder-480B,1457,challenging,correct,1.546380248291254,34
Qwen-3-Coder-480B,1457,challenging,correct,1.2911392405063291,35
Qwen-3-Coder-480B,1457,challenging,correct,1.4705882352941178,36
Qwen-3-Coder-480B,1457,challenging,correct,1.2949693984176742,37
Qwen-3-Coder-480B,1457,challenging,correct,1.2256007119549095,38
Qwen-3-Coder-480B,1457,challenging,correct,2.284357048166151,39
Qwen-3-Coder-480B,1457,challenging,correct,1.4313041049986037,40
Qwen-3-Coder-480B,1457,challenging,correct,1.126596980255517,41
Qwen-3-Coder-480B,1457,challenging,correct,1.264962317127235,42
Qwen-3-Coder-480B,1457,challenging,correct,1.36416450084085,43
Qwen-3-Coder-480B,1457,challenging,correct,1.3564975677553857,44
Qwen-3-Coder-480B,1457,challenging,correct,1.4149639423076923,45
Qwen-3-Coder-480B,1457,challenging,correct,1.3810550082101807,46
Qwen-3-Coder-480B,1457,challenging,correct,1.4054261189454322,47
Qwen-3-Coder-480B,1457,challenging,correct,0.926368401804218,48
Qwen-3-Coder-480B,1457,challenging,correct,1.3117842073538275,49
Qwen-3-Coder-480B,1457,challenging,correct,1.90759270158917,50
Qwen-3-Coder-480B,277,challenging,semantic,,1
Qwen-3-Coder-480B,277,challenging,semantic,,2
Qwen-3-Coder-480B,277,challenging,semantic,,3
Qwen-3-Coder-480B,277,challenging,semantic,,4
Qwen-3-Coder-480B,277,challenging,semantic,,5
Qwen-3-Coder-480B,277,challenging,semantic,,6
Qwen-3-Coder-480B,277,challenging,semantic,,7
Qwen-3-Coder-480B,277,challenging,semantic,,8
Qwen-3-Coder-480B,277,challenging,semantic,,9
Qwen-3-Coder-480B,277,challenging,semantic,,10
Qwen-3-Coder-480B,277,challenging,semantic,,11
Qwen-3-Coder-480B,277,challenging,semantic,,12
Qwen-3-Coder-480B,277,challenging,semantic,,13
Qwen-3-Coder-480B,277,challenging,semantic,,14
Qwen-3-Coder-480B,277,challenging,semantic,,15
Qwen-3-Coder-480B,277,challenging,semantic,,16
Qwen-3-Coder-480B,277,challenging,semantic,,17
Qwen-3-Coder-480B,277,challenging,semantic,,18
Qwen-3-Coder-480B,277,challenging,semantic,,19
Qwen-3-Coder-480B,277,challenging,semantic,,20
Qwen-3-Coder-480B,277,challenging,semantic,,21
Qwen-3-Coder-480B,277,challenging,semantic,,22
Qwen-3-Coder-480B,277,challenging,semantic,,23
Qwen-3-Coder-480B,277,challenging,semantic,,24
Qwen-3-Coder-480B,277,challenging,semantic,,25
Qwen-3-Coder-480B,277,challenging,semantic,,26
Qwen-3-Coder-480B,277,challenging,semantic,,27
Qwen-3-Coder-480B,277,challenging,semantic,,28
Qwen-3-Coder-480B,277,challenging,semantic,,29
Qwen-3-Coder-480B,277,challenging,semantic,,30
Qwen-3-Coder-480B,277,challenging,semantic,,31
Qwen-3-Coder-480B,277,challenging,semantic,,32
Qwen-3-Coder-480B,277,challenging,semantic,,33
Qwen-3-Coder-480B,277,challenging,semantic,,34
Qwen-3-Coder-480B,277,challenging,semantic,,35
Qwen-3-Coder-480B,277,challenging,semantic,,36
Qwen-3-Coder-480B,277,challenging,semantic,,37
Qwen-3-Coder-480B,277,challenging,semantic,,38
Qwen-3-Coder-480B,277,challenging,semantic,,39
Qwen-3-Coder-480B,277,challenging,semantic,,40
Qwen-3-Coder-480B,277,challenging,semantic,,41
Qwen-3-Coder-480B,277,challenging,semantic,,42
Qwen-3-Coder-480B,277,challenging,semantic,,43
Qwen-3-Coder-480B,277,challenging,semantic,,44
Qwen-3-Coder-480B,277,challenging,semantic,,45
Qwen-3-Coder-480B,277,challenging,semantic,,46
Qwen-3-Coder-480B,277,challenging,semantic,,47
Qwen-3-Coder-480B,277,challenging,semantic,,48
Qwen-3-Coder-480B,277,challenging,semantic,,49
Qwen-3-Coder-480B,277,challenging,semantic,,50
Qwen-3-Coder-480B,772,challenging,semantic,,1
Qwen-3-Coder-480B,772,challenging,semantic,,2
Qwen-3-Coder-480B,772,challenging,semantic,,3
Qwen-3-Coder-480B,772,challenging,semantic,,4
Qwen-3-Coder-480B,772,challenging,semantic,,5
Qwen-3-Coder-480B,772,challenging,semantic,,6
Qwen-3-Coder-480B,772,challenging,semantic,,7
Qwen-3-Coder-480B,772,challenging,semantic,,8
Qwen-3-Coder-480B,772,challenging,semantic,,9
Qwen-3-Coder-480B,772,challenging,semantic,,10
Qwen-3-Coder-480B,772,challenging,semantic,,11
Qwen-3-Coder-480B,772,challenging,semantic,,12
Qwen-3-Coder-480B,772,challenging,semantic,,13
Qwen-3-Coder-480B,772,challenging,semantic,,14
Qwen-3-Coder-480B,772,challenging,semantic,,15
Qwen-3-Coder-480B,772,challenging,semantic,,16
Qwen-3-Coder-480B,772,challenging,semantic,,17
Qwen-3-Coder-480B,772,challenging,semantic,,18
Qwen-3-Coder-480B,772,challenging,semantic,,19
Qwen-3-Coder-480B,772,challenging,semantic,,20
Qwen-3-Coder-480B,772,challenging,semantic,,21
Qwen-3-Coder-480B,772,challenging,semantic,,22
Qwen-3-Coder-480B,772,challenging,semantic,,23
Qwen-3-Coder-480B,772,challenging,semantic,,24
Qwen-3-Coder-480B,772,challenging,semantic,,25
Qwen-3-Coder-480B,772,challenging,semantic,,26
Qwen-3-Coder-480B,772,challenging,semantic,,27
Qwen-3-Coder-480B,772,challenging,semantic,,28
Qwen-3-Coder-480B,772,challenging,semantic,,29
Qwen-3-Coder-480B,772,challenging,semantic,,30
Qwen-3-Coder-480B,772,challenging,semantic,,31
Qwen-3-Coder-480B,772,challenging,semantic,,32
Qwen-3-Coder-480B,772,challenging,semantic,,33
Qwen-3-Coder-480B,772,challenging,semantic,,34
Qwen-3-Coder-480B,772,challenging,semantic,,35
Qwen-3-Coder-480B,772,challenging,semantic,,36
Qwen-3-Coder-480B,772,challenging,semantic,,37
Qwen-3-Coder-480B,772,challenging,semantic,,38
Qwen-3-Coder-480B,772,challenging,semantic,,39
Qwen-3-Coder-480B,772,challenging,semantic,,40
Qwen-3-Coder-480B,772,challenging,semantic,,41
Qwen-3-Coder-480B,772,challenging,semantic,,42
Qwen-3-Coder-480B,772,challenging,semantic,,43
Qwen-3-Coder-480B,772,challenging,semantic,,44
Qwen-3-Coder-480B,772,challenging,semantic,,45
Qwen-3-Coder-480B,772,challenging,semantic,,46
Qwen-3-Coder-480B,772,challenging,semantic,,47
Qwen-3-Coder-480B,772,challenging,semantic,,48
Qwen-3-Coder-480B,772,challenging,semantic,,49
Qwen-3-Coder-480B,772,challenging,semantic,,50
Qwen-3-Coder-480B,1239,challenging,semantic,,1
Qwen-3-Coder-480B,1239,challenging,semantic,,2
Qwen-3-Coder-480B,1239,challenging,semantic,,3
Qwen-3-Coder-480B,1239,challenging,semantic,,4
Qwen-3-Coder-480B,1239,challenging,semantic,,5
Qwen-3-Coder-480B,1239,challenging,semantic,,6
Qwen-3-Coder-480B,1239,challenging,semantic,,7
Qwen-3-Coder-480B,1239,challenging,semantic,,8
Qwen-3-Coder-480B,1239,challenging,semantic,,9
Qwen-3-Coder-480B,1239,challenging,semantic,,10
Qwen-3-Coder-480B,1239,challenging,semantic,,11
Qwen-3-Coder-480B,1239,challenging,semantic,,12
Qwen-3-Coder-480B,1239,challenging,semantic,,13
Qwen-3-Coder-480B,1239,challenging,semantic,,14
Qwen-3-Coder-480B,1239,challenging,semantic,,15
Qwen-3-Coder-480B,1239,challenging,semantic,,16
Qwen-3-Coder-480B,1239,challenging,semantic,,17
Qwen-3-Coder-480B,1239,challenging,semantic,,18
Qwen-3-Coder-480B,1239,challenging,semantic,,19
Qwen-3-Coder-480B,1239,challenging,semantic,,20
Qwen-3-Coder-480B,1239,challenging,semantic,,21
Qwen-3-Coder-480B,1239,challenging,semantic,,22
Qwen-3-Coder-480B,1239,challenging,semantic,,23
Qwen-3-Coder-480B,1239,challenging,semantic,,24
Qwen-3-Coder-480B,1239,challenging,semantic,,25
Qwen-3-Coder-480B,1239,challenging,semantic,,26
Qwen-3-Coder-480B,1239,challenging,semantic,,27
Qwen-3-Coder-480B,1239,challenging,semantic,,28
Qwen-3-Coder-480B,1239,challenging,semantic,,29
Qwen-3-Coder-480B,1239,challenging,semantic,,30
Qwen-3-Coder-480B,1239,challenging,semantic,,31
Qwen-3-Coder-480B,1239,challenging,semantic,,32
Qwen-3-Coder-480B,1239,challenging,semantic,,33
Qwen-3-Coder-480B,1239,challenging,semantic,,34
Qwen-3-Coder-480B,1239,challenging,semantic,,35
Qwen-3-Coder-480B,1239,challenging,semantic,,36
Qwen-3-Coder-480B,1239,challenging,semantic,,37
Qwen-3-Coder-480B,1239,challenging,semantic,,38
Qwen-3-Coder-480B,1239,challenging,semantic,,39
Qwen-3-Coder-480B,1239,challenging,semantic,,40
Qwen-3-Coder-480B,1239,challenging,semantic,,41
Qwen-3-Coder-480B,1239,challenging,semantic,,42
Qwen-3-Coder-480B,1239,challenging,semantic,,43
Qwen-3-Coder-480B,1239,challenging,semantic,,44
Qwen-3-Coder-480B,1239,challenging,semantic,,45
Qwen-3-Coder-480B,1239,challenging,semantic,,46
Qwen-3-Coder-480B,1239,challenging,semantic,,47
Qwen-3-Coder-480B,1239,challenging,semantic,,48
Qwen-3-Coder-480B,1239,challenging,semantic,,49
Qwen-3-Coder-480B,1239,challenging,semantic,,50
Qwen-3-Coder-480B,231,challenging,semantic,,1
Qwen-3-Coder-480B,231,challenging,semantic,,2
Qwen-3-Coder-480B,231,challenging,semantic,,3
Qwen-3-Coder-480B,231,challenging,semantic,,4
Qwen-3-Coder-480B,231,challenging,semantic,,5
Qwen-3-Coder-480B,231,challenging,semantic,,6
Qwen-3-Coder-480B,231,challenging,semantic,,7
Qwen-3-Coder-480B,231,challenging,semantic,,8
Qwen-3-Coder-480B,231,challenging,semantic,,9
Qwen-3-Coder-480B,231,challenging,semantic,,10
Qwen-3-Coder-480B,231,challenging,semantic,,11
Qwen-3-Coder-480B,231,challenging,semantic,,12
Qwen-3-Coder-480B,231,challenging,semantic,,13
Qwen-3-Coder-480B,231,challenging,semantic,,14
Qwen-3-Coder-480B,231,challenging,semantic,,15
Qwen-3-Coder-480B,231,challenging,semantic,,16
Qwen-3-Coder-480B,231,challenging,semantic,,17
Qwen-3-Coder-480B,231,challenging,semantic,,18
Qwen-3-Coder-480B,231,challenging,semantic,,19
Qwen-3-Coder-480B,231,challenging,semantic,,20
Qwen-3-Coder-480B,231,challenging,semantic,,21
Qwen-3-Coder-480B,231,challenging,semantic,,22
Qwen-3-Coder-480B,231,challenging,semantic,,23
Qwen-3-Coder-480B,231,challenging,semantic,,24
Qwen-3-Coder-480B,231,challenging,semantic,,25
Qwen-3-Coder-480B,231,challenging,semantic,,26
Qwen-3-Coder-480B,231,challenging,semantic,,27
Qwen-3-Coder-480B,231,challenging,semantic,,28
Qwen-3-Coder-480B,231,challenging,semantic,,29
Qwen-3-Coder-480B,231,challenging,semantic,,30
Qwen-3-Coder-480B,231,challenging,semantic,,31
Qwen-3-Coder-480B,231,challenging,semantic,,32
Qwen-3-Coder-480B,231,challenging,semantic,,33
Qwen-3-Coder-480B,231,challenging,semantic,,34
Qwen-3-Coder-480B,231,challenging,semantic,,35
Qwen-3-Coder-480B,231,challenging,semantic,,36
Qwen-3-Coder-480B,231,challenging,semantic,,37
Qwen-3-Coder-480B,231,challenging,semantic,,38
Qwen-3-Coder-480B,231,challenging,semantic,,39
Qwen-3-Coder-480B,231,challenging,semantic,,40
Qwen-3-Coder-480B,231,challenging,semantic,,41
Qwen-3-Coder-480B,231,challenging,semantic,,42
Qwen-3-Coder-480B,231,challenging,semantic,,43
Qwen-3-Coder-480B,231,challenging,semantic,,44
Qwen-3-Coder-480B,231,challenging,semantic,,45
Qwen-3-Coder-480B,231,challenging,semantic,,46
Qwen-3-Coder-480B,231,challenging,semantic,,47
Qwen-3-Coder-480B,231,challenging,semantic,,48
Qwen-3-Coder-480B,231,challenging,semantic,,49
Qwen-3-Coder-480B,231,challenging,semantic,,50
Qwen-3-Coder-480B,371,challenging,correct,5.801665401307891,1
Qwen-3-Coder-480B,371,challenging,correct,1.1812405573053828,2
Qwen-3-Coder-480B,371,challenging,correct,1.110727132888683,3
Qwen-3-Coder-480B,371,challenging,correct,0.9999787025193331,4
Qwen-3-Coder-480B,371,challenging,correct,1.0171401542323981,5
Qwen-3-Coder-480B,371,challenging,correct,0.908778721588332,6
Qwen-3-Coder-480B,371,challenging,correct,0.9149965179110553,7
Qwen-3-Coder-480B,371,challenging,correct,0.9682979313959047,8
Qwen-3-Coder-480B,371,challenging,correct,0.9575282451975212,9
Qwen-3-Coder-480B,371,challenging,correct,0.9508771890499729,10
Qwen-3-Coder-480B,371,challenging,correct,1.0520475166157677,11
Qwen-3-Coder-480B,371,challenging,correct,0.9915021880721281,12
Qwen-3-Coder-480B,371,challenging,correct,1.0518990218346325,13
Qwen-3-Coder-480B,371,challenging,correct,1.1229143684193974,14
Qwen-3-Coder-480B,371,challenging,correct,1.1569210786488549,15
Qwen-3-Coder-480B,371,challenging,correct,0.9892475808901632,16
Qwen-3-Coder-480B,371,challenging,correct,0.8350901139220296,17
Qwen-3-Coder-480B,371,challenging,correct,1.1007466338894443,18
Qwen-3-Coder-480B,371,challenging,correct,1.0667047947645747,19
Qwen-3-Coder-480B,371,challenging,correct,0.9642262713223592,20
Qwen-3-Coder-480B,371,challenging,correct,0.9411405784127148,21
Qwen-3-Coder-480B,371,challenging,correct,1.0717068950273452,22
Qwen-3-Coder-480B,371,challenging,correct,1.1008078713697265,23
Qwen-3-Coder-480B,371,challenging,correct,0.9727770796770387,24
Qwen-3-Coder-480B,371,challenging,correct,1.0324011201258911,25
Qwen-3-Coder-480B,371,challenging,correct,1.0560557391082297,26
Qwen-3-Coder-480B,371,challenging,correct,1.090438713960404,27
Qwen-3-Coder-480B,371,challenging,correct,0.946893963200046,28
Qwen-3-Coder-480B,371,challenging,correct,1.0738147164373961,29
Qwen-3-Coder-480B,371,challenging,correct,0.9798896353583617,30
Qwen-3-Coder-480B,371,challenging,correct,0.9735666621948614,31
Qwen-3-Coder-480B,371,challenging,correct,0.9261522323097386,32
Qwen-3-Coder-480B,371,challenging,correct,1.2607616590873638,33
Qwen-3-Coder-480B,371,challenging,correct,1.1824320257292587,34
Qwen-3-Coder-480B,371,challenging,correct,0.9272516472164654,35
Qwen-3-Coder-480B,371,challenging,correct,1.0635342960656098,36
Qwen-3-Coder-480B,371,challenging,correct,1.0605500193582913,37
Qwen-3-Coder-480B,371,challenging,correct,0.9357975181285706,38
Qwen-3-Coder-480B,371,challenging,correct,0.9605989116169645,39
Qwen-3-Coder-480B,371,challenging,correct,1.0324934225556688,40
Qwen-3-Coder-480B,371,challenging,correct,1.0336903359196106,41
Qwen-3-Coder-480B,371,challenging,correct,0.9003615757712178,42
Qwen-3-Coder-480B,371,challenging,correct,1.2293924829770848,43
Qwen-3-Coder-480B,371,challenging,correct,0.8077164694796356,44
Qwen-3-Coder-480B,371,challenging,correct,0.9929844621549611,45
Qwen-3-Coder-480B,371,challenging,correct,0.8326189243928483,46
Qwen-3-Coder-480B,371,challenging,correct,1.0924308472990432,47
Qwen-3-Coder-480B,371,challenging,correct,1.04632171217026,48
Qwen-3-Coder-480B,371,challenging,correct,1.224142322574362,49
Qwen-3-Coder-480B,371,challenging,correct,1.0523382849380893,50
Qwen-3-Coder-480B,1295,challenging,semantic,,1
Qwen-3-Coder-480B,1295,challenging,semantic,,2
Qwen-3-Coder-480B,1295,challenging,semantic,,3
Qwen-3-Coder-480B,1295,challenging,semantic,,4
Qwen-3-Coder-480B,1295,challenging,semantic,,5
Qwen-3-Coder-480B,1295,challenging,semantic,,6
Qwen-3-Coder-480B,1295,challenging,semantic,,7
Qwen-3-Coder-480B,1295,challenging,semantic,,8
Qwen-3-Coder-480B,1295,challenging,semantic,,9
Qwen-3-Coder-480B,1295,challenging,semantic,,10
Qwen-3-Coder-480B,1295,challenging,semantic,,11
Qwen-3-Coder-480B,1295,challenging,semantic,,12
Qwen-3-Coder-480B,1295,challenging,semantic,,13
Qwen-3-Coder-480B,1295,challenging,semantic,,14
Qwen-3-Coder-480B,1295,challenging,semantic,,15
Qwen-3-Coder-480B,1295,challenging,semantic,,16
Qwen-3-Coder-480B,1295,challenging,semantic,,17
Qwen-3-Coder-480B,1295,challenging,semantic,,18
Qwen-3-Coder-480B,1295,challenging,semantic,,19
Qwen-3-Coder-480B,1295,challenging,semantic,,20
Qwen-3-Coder-480B,1295,challenging,semantic,,21
Qwen-3-Coder-480B,1295,challenging,semantic,,22
Qwen-3-Coder-480B,1295,challenging,semantic,,23
Qwen-3-Coder-480B,1295,challenging,semantic,,24
Qwen-3-Coder-480B,1295,challenging,semantic,,25
Qwen-3-Coder-480B,1295,challenging,semantic,,26
Qwen-3-Coder-480B,1295,challenging,semantic,,27
Qwen-3-Coder-480B,1295,challenging,semantic,,28
Qwen-3-Coder-480B,1295,challenging,semantic,,29
Qwen-3-Coder-480B,1295,challenging,semantic,,30
Qwen-3-Coder-480B,1295,challenging,semantic,,31
Qwen-3-Coder-480B,1295,challenging,semantic,,32
Qwen-3-Coder-480B,1295,challenging,semantic,,33
Qwen-3-Coder-480B,1295,challenging,semantic,,34
Qwen-3-Coder-480B,1295,challenging,semantic,,35
Qwen-3-Coder-480B,1295,challenging,semantic,,36
Qwen-3-Coder-480B,1295,challenging,semantic,,37
Qwen-3-Coder-480B,1295,challenging,semantic,,38
Qwen-3-Coder-480B,1295,challenging,semantic,,39
Qwen-3-Coder-480B,1295,challenging,semantic,,40
Qwen-3-Coder-480B,1295,challenging,semantic,,41
Qwen-3-Coder-480B,1295,challenging,semantic,,42
Qwen-3-Coder-480B,1295,challenging,semantic,,43
Qwen-3-Coder-480B,1295,challenging,semantic,,44
Qwen-3-Coder-480B,1295,challenging,semantic,,45
Qwen-3-Coder-480B,1295,challenging,semantic,,46
Qwen-3-Coder-480B,1295,challenging,semantic,,47
Qwen-3-Coder-480B,1295,challenging,semantic,,48
Qwen-3-Coder-480B,1295,challenging,semantic,,49
Qwen-3-Coder-480B,1295,challenging,semantic,,50
Qwen-3-Coder-480B,431,challenging,semantic,,1
Qwen-3-Coder-480B,431,challenging,semantic,,2
Qwen-3-Coder-480B,431,challenging,semantic,,3
Qwen-3-Coder-480B,431,challenging,semantic,,4
Qwen-3-Coder-480B,431,challenging,semantic,,5
Qwen-3-Coder-480B,431,challenging,semantic,,6
Qwen-3-Coder-480B,431,challenging,semantic,,7
Qwen-3-Coder-480B,431,challenging,semantic,,8
Qwen-3-Coder-480B,431,challenging,semantic,,9
Qwen-3-Coder-480B,431,challenging,semantic,,10
Qwen-3-Coder-480B,431,challenging,semantic,,11
Qwen-3-Coder-480B,431,challenging,semantic,,12
Qwen-3-Coder-480B,431,challenging,semantic,,13
Qwen-3-Coder-480B,431,challenging,semantic,,14
Qwen-3-Coder-480B,431,challenging,semantic,,15
Qwen-3-Coder-480B,431,challenging,semantic,,16
Qwen-3-Coder-480B,431,challenging,semantic,,17
Qwen-3-Coder-480B,431,challenging,semantic,,18
Qwen-3-Coder-480B,431,challenging,semantic,,19
Qwen-3-Coder-480B,431,challenging,semantic,,20
Qwen-3-Coder-480B,431,challenging,semantic,,21
Qwen-3-Coder-480B,431,challenging,semantic,,22
Qwen-3-Coder-480B,431,challenging,semantic,,23
Qwen-3-Coder-480B,431,challenging,semantic,,24
Qwen-3-Coder-480B,431,challenging,semantic,,25
Qwen-3-Coder-480B,431,challenging,semantic,,26
Qwen-3-Coder-480B,431,challenging,semantic,,27
Qwen-3-Coder-480B,431,challenging,semantic,,28
Qwen-3-Coder-480B,431,challenging,semantic,,29
Qwen-3-Coder-480B,431,challenging,semantic,,30
Qwen-3-Coder-480B,431,challenging,semantic,,31
Qwen-3-Coder-480B,431,challenging,semantic,,32
Qwen-3-Coder-480B,431,challenging,semantic,,33
Qwen-3-Coder-480B,431,challenging,semantic,,34
Qwen-3-Coder-480B,431,challenging,semantic,,35
Qwen-3-Coder-480B,431,challenging,semantic,,36
Qwen-3-Coder-480B,431,challenging,semantic,,37
Qwen-3-Coder-480B,431,challenging,semantic,,38
Qwen-3-Coder-480B,431,challenging,semantic,,39
Qwen-3-Coder-480B,431,challenging,semantic,,40
Qwen-3-Coder-480B,431,challenging,semantic,,41
Qwen-3-Coder-480B,431,challenging,semantic,,42
Qwen-3-Coder-480B,431,challenging,semantic,,43
Qwen-3-Coder-480B,431,challenging,semantic,,44
Qwen-3-Coder-480B,431,challenging,semantic,,45
Qwen-3-Coder-480B,431,challenging,semantic,,46
Qwen-3-Coder-480B,431,challenging,semantic,,47
Qwen-3-Coder-480B,431,challenging,semantic,,48
Qwen-3-Coder-480B,431,challenging,semantic,,49
Qwen-3-Coder-480B,431,challenging,semantic,,50
Qwen-3-Coder-480B,1270,challenging,correct,0.41160958251255003,1
Qwen-3-Coder-480B,1270,challenging,correct,0.392826366193519,2
Qwen-3-Coder-480B,1270,challenging,correct,0.4472409838154709,3
Qwen-3-Coder-480B,1270,challenging,correct,0.3680909203825612,4
Qwen-3-Coder-480B,1270,challenging,correct,0.3985641935098818,5
Qwen-3-Coder-480B,1270,challenging,correct,0.5672081638617599,6
Qwen-3-Coder-480B,1270,challenging,correct,0.1748860817903905,7
Qwen-3-Coder-480B,1270,challenging,correct,0.45509998408741315,8
Qwen-3-Coder-480B,1270,challenging,correct,0.48932798563975993,9
Qwen-3-Coder-480B,1270,challenging,correct,0.33879808712807,10
Qwen-3-Coder-480B,1270,challenging,correct,0.39558850117519434,11
Qwen-3-Coder-480B,1270,challenging,correct,0.3903785301325212,12
Qwen-3-Coder-480B,1270,challenging,correct,0.5223263805815952,13
Qwen-3-Coder-480B,1270,challenging,correct,0.38571642063663386,14
Qwen-3-Coder-480B,1270,challenging,correct,0.3595946579194002,15
Qwen-3-Coder-480B,1270,challenging,correct,0.3925379015699857,16
Qwen-3-Coder-480B,1270,challenging,correct,0.4353411962931761,17
Qwen-3-Coder-480B,1270,challenging,correct,0.45555572378082937,18
Qwen-3-Coder-480B,1270,challenging,correct,0.686383982288107,19
Qwen-3-Coder-480B,1270,challenging,correct,0.3942438549034762,20
Qwen-3-Coder-480B,1270,challenging,correct,0.401135338744761,21
Qwen-3-Coder-480B,1270,challenging,correct,0.4016815158740118,22
Qwen-3-Coder-480B,1270,challenging,correct,0.36372093023255814,23
Qwen-3-Coder-480B,1270,challenging,correct,0.4137323303899124,24
Qwen-3-Coder-480B,1270,challenging,correct,0.4446784383606026,25
Qwen-3-Coder-480B,1270,challenging,correct,0.6122316502063337,26
Qwen-3-Coder-480B,1270,challenging,correct,0.3716296606619187,27
Qwen-3-Coder-480B,1270,challenging,correct,0.4518658197697499,28
Qwen-3-Coder-480B,1270,challenging,correct,0.5207439198855508,29
Qwen-3-Coder-480B,1270,challenging,correct,0.3759939416887543,30
Qwen-3-Coder-480B,1270,challenging,correct,0.33903103655731326,31
Qwen-3-Coder-480B,1270,challenging,correct,0.4120120319744736,32
Qwen-3-Coder-480B,1270,challenging,correct,0.4016923276814136,33
Qwen-3-Coder-480B,1270,challenging,correct,0.3990902174089003,34
Qwen-3-Coder-480B,1270,challenging,correct,0.3988808151674601,35
Qwen-3-Coder-480B,1270,challenging,correct,0.3330139067430174,36
Qwen-3-Coder-480B,1270,challenging,correct,0.39127219986633865,37
Qwen-3-Coder-480B,1270,challenging,correct,0.4807218790085959,38
Qwen-3-Coder-480B,1270,challenging,correct,0.44200376744037545,39
Qwen-3-Coder-480B,1270,challenging,correct,0.4209040946675249,40
Qwen-3-Coder-480B,1270,challenging,correct,0.39309286515741537,41
Qwen-3-Coder-480B,1270,challenging,correct,0.37263502341043986,42
Qwen-3-Coder-480B,1270,challenging,correct,0.4199324269182431,43
Qwen-3-Coder-480B,1270,challenging,correct,0.46180294964656604,44
Qwen-3-Coder-480B,1270,challenging,correct,0.5120653820410751,45
Qwen-3-Coder-480B,1270,challenging,correct,0.42284613548805017,46
Qwen-3-Coder-480B,1270,challenging,correct,0.4523341894546004,47
Qwen-3-Coder-480B,1270,challenging,correct,0.37641875165423716,48
Qwen-3-Coder-480B,1270,challenging,correct,0.4694556732645665,49
Qwen-3-Coder-480B,1270,challenging,correct,0.4699458755932257,50
Qwen-3-Coder-480B,634,challenging,semantic,,1
Qwen-3-Coder-480B,634,challenging,semantic,,2
Qwen-3-Coder-480B,634,challenging,semantic,,3
Qwen-3-Coder-480B,634,challenging,semantic,,4
Qwen-3-Coder-480B,634,challenging,semantic,,5
Qwen-3-Coder-480B,634,challenging,semantic,,6
Qwen-3-Coder-480B,634,challenging,semantic,,7
Qwen-3-Coder-480B,634,challenging,semantic,,8
Qwen-3-Coder-480B,634,challenging,semantic,,9
Qwen-3-Coder-480B,634,challenging,semantic,,10
Qwen-3-Coder-480B,634,challenging,semantic,,11
Qwen-3-Coder-480B,634,challenging,semantic,,12
Qwen-3-Coder-480B,634,challenging,semantic,,13
Qwen-3-Coder-480B,634,challenging,semantic,,14
Qwen-3-Coder-480B,634,challenging,semantic,,15
Qwen-3-Coder-480B,634,challenging,semantic,,16
Qwen-3-Coder-480B,634,challenging,semantic,,17
Qwen-3-Coder-480B,634,challenging,semantic,,18
Qwen-3-Coder-480B,634,challenging,semantic,,19
Qwen-3-Coder-480B,634,challenging,semantic,,20
Qwen-3-Coder-480B,634,challenging,semantic,,21
Qwen-3-Coder-480B,634,challenging,semantic,,22
Qwen-3-Coder-480B,634,challenging,semantic,,23
Qwen-3-Coder-480B,634,challenging,semantic,,24
Qwen-3-Coder-480B,634,challenging,semantic,,25
Qwen-3-Coder-480B,634,challenging,semantic,,26
Qwen-3-Coder-480B,634,challenging,semantic,,27
Qwen-3-Coder-480B,634,challenging,semantic,,28
Qwen-3-Coder-480B,634,challenging,semantic,,29
Qwen-3-Coder-480B,634,challenging,semantic,,30
Qwen-3-Coder-480B,634,challenging,semantic,,31
Qwen-3-Coder-480B,634,challenging,semantic,,32
Qwen-3-Coder-480B,634,challenging,semantic,,33
Qwen-3-Coder-480B,634,challenging,semantic,,34
Qwen-3-Coder-480B,634,challenging,semantic,,35
Qwen-3-Coder-480B,634,challenging,semantic,,36
Qwen-3-Coder-480B,634,challenging,semantic,,37
Qwen-3-Coder-480B,634,challenging,semantic,,38
Qwen-3-Coder-480B,634,challenging,semantic,,39
Qwen-3-Coder-480B,634,challenging,semantic,,40
Qwen-3-Coder-480B,634,challenging,semantic,,41
Qwen-3-Coder-480B,634,challenging,semantic,,42
Qwen-3-Coder-480B,634,challenging,semantic,,43
Qwen-3-Coder-480B,634,challenging,semantic,,44
Qwen-3-Coder-480B,634,challenging,semantic,,45
Qwen-3-Coder-480B,634,challenging,semantic,,46
Qwen-3-Coder-480B,634,challenging,semantic,,47
Qwen-3-Coder-480B,634,challenging,semantic,,48
Qwen-3-Coder-480B,634,challenging,semantic,,49
Qwen-3-Coder-480B,634,challenging,semantic,,50
Qwen-3-Coder-480B,1115,challenging,semantic,,1
Qwen-3-Coder-480B,1115,challenging,semantic,,2
Qwen-3-Coder-480B,1115,challenging,semantic,,3
Qwen-3-Coder-480B,1115,challenging,semantic,,4
Qwen-3-Coder-480B,1115,challenging,semantic,,5
Qwen-3-Coder-480B,1115,challenging,semantic,,6
Qwen-3-Coder-480B,1115,challenging,semantic,,7
Qwen-3-Coder-480B,1115,challenging,semantic,,8
Qwen-3-Coder-480B,1115,challenging,semantic,,9
Qwen-3-Coder-480B,1115,challenging,semantic,,10
Qwen-3-Coder-480B,1115,challenging,semantic,,11
Qwen-3-Coder-480B,1115,challenging,semantic,,12
Qwen-3-Coder-480B,1115,challenging,semantic,,13
Qwen-3-Coder-480B,1115,challenging,semantic,,14
Qwen-3-Coder-480B,1115,challenging,semantic,,15
Qwen-3-Coder-480B,1115,challenging,semantic,,16
Qwen-3-Coder-480B,1115,challenging,semantic,,17
Qwen-3-Coder-480B,1115,challenging,semantic,,18
Qwen-3-Coder-480B,1115,challenging,semantic,,19
Qwen-3-Coder-480B,1115,challenging,semantic,,20
Qwen-3-Coder-480B,1115,challenging,semantic,,21
Qwen-3-Coder-480B,1115,challenging,semantic,,22
Qwen-3-Coder-480B,1115,challenging,semantic,,23
Qwen-3-Coder-480B,1115,challenging,semantic,,24
Qwen-3-Coder-480B,1115,challenging,semantic,,25
Qwen-3-Coder-480B,1115,challenging,semantic,,26
Qwen-3-Coder-480B,1115,challenging,semantic,,27
Qwen-3-Coder-480B,1115,challenging,semantic,,28
Qwen-3-Coder-480B,1115,challenging,semantic,,29
Qwen-3-Coder-480B,1115,challenging,semantic,,30
Qwen-3-Coder-480B,1115,challenging,semantic,,31
Qwen-3-Coder-480B,1115,challenging,semantic,,32
Qwen-3-Coder-480B,1115,challenging,semantic,,33
Qwen-3-Coder-480B,1115,challenging,semantic,,34
Qwen-3-Coder-480B,1115,challenging,semantic,,35
Qwen-3-Coder-480B,1115,challenging,semantic,,36
Qwen-3-Coder-480B,1115,challenging,semantic,,37
Qwen-3-Coder-480B,1115,challenging,semantic,,38
Qwen-3-Coder-480B,1115,challenging,semantic,,39
Qwen-3-Coder-480B,1115,challenging,semantic,,40
Qwen-3-Coder-480B,1115,challenging,semantic,,41
Qwen-3-Coder-480B,1115,challenging,semantic,,42
Qwen-3-Coder-480B,1115,challenging,semantic,,43
Qwen-3-Coder-480B,1115,challenging,semantic,,44
Qwen-3-Coder-480B,1115,challenging,semantic,,45
Qwen-3-Coder-480B,1115,challenging,semantic,,46
Qwen-3-Coder-480B,1115,challenging,semantic,,47
Qwen-3-Coder-480B,1115,challenging,semantic,,48
Qwen-3-Coder-480B,1115,challenging,semantic,,49
Qwen-3-Coder-480B,1115,challenging,semantic,,50
Qwen-3-Coder-480B,1183,challenging,correct,1.1130865989356555,1
Qwen-3-Coder-480B,1183,challenging,correct,1.4369913363087425,2
Qwen-3-Coder-480B,1183,challenging,correct,1.2354124748490947,3
Qwen-3-Coder-480B,1183,challenging,correct,1.321,4
Qwen-3-Coder-480B,1183,challenging,correct,1.4897756319227493,5
Qwen-3-Coder-480B,1183,challenging,correct,1.3499199767205006,6
Qwen-3-Coder-480B,1183,challenging,correct,1.0815793093960655,7
Qwen-3-Coder-480B,1183,challenging,correct,0.9951123225867092,8
Qwen-3-Coder-480B,1183,challenging,correct,1.4973551799767773,9
Qwen-3-Coder-480B,1183,challenging,correct,1.341693244418672,10
Qwen-3-Coder-480B,1183,challenging,correct,1.2845392623056162,11
Qwen-3-Coder-480B,1183,challenging,correct,1.389161181907296,12
Qwen-3-Coder-480B,1183,challenging,correct,1.3950119662426,13
Qwen-3-Coder-480B,1183,challenging,correct,1.25600586832936,14
Qwen-3-Coder-480B,1183,challenging,correct,1.640942562592047,15
Qwen-3-Coder-480B,1183,challenging,correct,1.3886081136456767,16
Qwen-3-Coder-480B,1183,challenging,correct,1.1619801512287335,17
Qwen-3-Coder-480B,1183,challenging,correct,2.182601559294214,18
Qwen-3-Coder-480B,1183,challenging,correct,1.0777102654301247,19
Qwen-3-Coder-480B,1183,challenging,correct,1.0684596577017116,20
Qwen-3-Coder-480B,1183,challenging,correct,1.3310104529616724,21
Qwen-3-Coder-480B,1183,challenging,correct,1.4643564356435643,22
Qwen-3-Coder-480B,1183,challenging,correct,0.9425172018348624,23
Qwen-3-Coder-480B,1183,challenging,correct,1.3282204425139135,24
Qwen-3-Coder-480B,1183,challenging,correct,1.2300266734408738,25
Qwen-3-Coder-480B,1183,challenging,correct,2.0244391025641026,26
Qwen-3-Coder-480B,1183,challenging,correct,1.5943581036959644,27
Qwen-3-Coder-480B,1183,challenging,correct,1.3219881839198562,28
Qwen-3-Coder-480B,1183,challenging,correct,1.3389173473625917,29
Qwen-3-Coder-480B,1183,challenging,correct,1.6819638694638694,30
Qwen-3-Coder-480B,1183,challenging,correct,1.4016166281755196,31
Qwen-3-Coder-480B,1183,challenging,correct,1.5212389380530973,32
Qwen-3-Coder-480B,1183,challenging,correct,1.234409594095941,33
Qwen-3-Coder-480B,1183,challenging,correct,1.891807744697412,34
Qwen-3-Coder-480B,1183,challenging,correct,1.032514052683787,35
Qwen-3-Coder-480B,1183,challenging,correct,1.3642970401691332,36
Qwen-3-Coder-480B,1183,challenging,correct,1.4138315672058004,37
Qwen-3-Coder-480B,1183,challenging,correct,1.2470318402590395,38
Qwen-3-Coder-480B,1183,challenging,correct,1.0373657169546942,39
Qwen-3-Coder-480B,1183,challenging,correct,1.2106388031346473,40
Qwen-3-Coder-480B,1183,challenging,correct,1.0904287746393009,41
Qwen-3-Coder-480B,1183,challenging,correct,1.2879377431906616,42
Qwen-3-Coder-480B,1183,challenging,correct,1.2576614102945551,43
Qwen-3-Coder-480B,1183,challenging,correct,1.4778747965073258,44
Qwen-3-Coder-480B,1183,challenging,correct,1.4633569739952719,45
Qwen-3-Coder-480B,1183,challenging,correct,1.1128491620111731,46
Qwen-3-Coder-480B,1183,challenging,correct,1.3726506235728086,47
Qwen-3-Coder-480B,1183,challenging,correct,1.4238673517048108,48
Qwen-3-Coder-480B,1183,challenging,correct,1.4150846587993844,49
Qwen-3-Coder-480B,1183,challenging,correct,1.3393619183092866,50
Qwen-3-Coder-480B,247,challenging,semantic,,1
Qwen-3-Coder-480B,247,challenging,semantic,,2
Qwen-3-Coder-480B,247,challenging,semantic,,3
Qwen-3-Coder-480B,247,challenging,semantic,,4
Qwen-3-Coder-480B,247,challenging,semantic,,5
Qwen-3-Coder-480B,247,challenging,semantic,,6
Qwen-3-Coder-480B,247,challenging,semantic,,7
Qwen-3-Coder-480B,247,challenging,semantic,,8
Qwen-3-Coder-480B,247,challenging,semantic,,9
Qwen-3-Coder-480B,247,challenging,semantic,,10
Qwen-3-Coder-480B,247,challenging,semantic,,11
Qwen-3-Coder-480B,247,challenging,semantic,,12
Qwen-3-Coder-480B,247,challenging,semantic,,13
Qwen-3-Coder-480B,247,challenging,semantic,,14
Qwen-3-Coder-480B,247,challenging,semantic,,15
Qwen-3-Coder-480B,247,challenging,semantic,,16
Qwen-3-Coder-480B,247,challenging,semantic,,17
Qwen-3-Coder-480B,247,challenging,semantic,,18
Qwen-3-Coder-480B,247,challenging,semantic,,19
Qwen-3-Coder-480B,247,challenging,semantic,,20
Qwen-3-Coder-480B,247,challenging,semantic,,21
Qwen-3-Coder-480B,247,challenging,semantic,,22
Qwen-3-Coder-480B,247,challenging,semantic,,23
Qwen-3-Coder-480B,247,challenging,semantic,,24
Qwen-3-Coder-480B,247,challenging,semantic,,25
Qwen-3-Coder-480B,247,challenging,semantic,,26
Qwen-3-Coder-480B,247,challenging,semantic,,27
Qwen-3-Coder-480B,247,challenging,semantic,,28
Qwen-3-Coder-480B,247,challenging,semantic,,29
Qwen-3-Coder-480B,247,challenging,semantic,,30
Qwen-3-Coder-480B,247,challenging,semantic,,31
Qwen-3-Coder-480B,247,challenging,semantic,,32
Qwen-3-Coder-480B,247,challenging,semantic,,33
Qwen-3-Coder-480B,247,challenging,semantic,,34
Qwen-3-Coder-480B,247,challenging,semantic,,35
Qwen-3-Coder-480B,247,challenging,semantic,,36
Qwen-3-Coder-480B,247,challenging,semantic,,37
Qwen-3-Coder-480B,247,challenging,semantic,,38
Qwen-3-Coder-480B,247,challenging,semantic,,39
Qwen-3-Coder-480B,247,challenging,semantic,,40
Qwen-3-Coder-480B,247,challenging,semantic,,41
Qwen-3-Coder-480B,247,challenging,semantic,,42
Qwen-3-Coder-480B,247,challenging,semantic,,43
Qwen-3-Coder-480B,247,challenging,semantic,,44
Qwen-3-Coder-480B,247,challenging,semantic,,45
Qwen-3-Coder-480B,247,challenging,semantic,,46
Qwen-3-Coder-480B,247,challenging,semantic,,47
Qwen-3-Coder-480B,247,challenging,semantic,,48
Qwen-3-Coder-480B,247,challenging,semantic,,49
Qwen-3-Coder-480B,247,challenging,semantic,,50
Qwen-3-Coder-480B,1076,challenging,semantic,,1
Qwen-3-Coder-480B,1076,challenging,semantic,,2
Qwen-3-Coder-480B,1076,challenging,semantic,,3
Qwen-3-Coder-480B,1076,challenging,semantic,,4
Qwen-3-Coder-480B,1076,challenging,semantic,,5
Qwen-3-Coder-480B,1076,challenging,semantic,,6
Qwen-3-Coder-480B,1076,challenging,semantic,,7
Qwen-3-Coder-480B,1076,challenging,semantic,,8
Qwen-3-Coder-480B,1076,challenging,semantic,,9
Qwen-3-Coder-480B,1076,challenging,semantic,,10
Qwen-3-Coder-480B,1076,challenging,semantic,,11
Qwen-3-Coder-480B,1076,challenging,semantic,,12
Qwen-3-Coder-480B,1076,challenging,semantic,,13
Qwen-3-Coder-480B,1076,challenging,semantic,,14
Qwen-3-Coder-480B,1076,challenging,semantic,,15
Qwen-3-Coder-480B,1076,challenging,semantic,,16
Qwen-3-Coder-480B,1076,challenging,semantic,,17
Qwen-3-Coder-480B,1076,challenging,semantic,,18
Qwen-3-Coder-480B,1076,challenging,semantic,,19
Qwen-3-Coder-480B,1076,challenging,semantic,,20
Qwen-3-Coder-480B,1076,challenging,semantic,,21
Qwen-3-Coder-480B,1076,challenging,semantic,,22
Qwen-3-Coder-480B,1076,challenging,semantic,,23
Qwen-3-Coder-480B,1076,challenging,semantic,,24
Qwen-3-Coder-480B,1076,challenging,semantic,,25
Qwen-3-Coder-480B,1076,challenging,semantic,,26
Qwen-3-Coder-480B,1076,challenging,semantic,,27
Qwen-3-Coder-480B,1076,challenging,semantic,,28
Qwen-3-Coder-480B,1076,challenging,semantic,,29
Qwen-3-Coder-480B,1076,challenging,semantic,,30
Qwen-3-Coder-480B,1076,challenging,semantic,,31
Qwen-3-Coder-480B,1076,challenging,semantic,,32
Qwen-3-Coder-480B,1076,challenging,semantic,,33
Qwen-3-Coder-480B,1076,challenging,semantic,,34
Qwen-3-Coder-480B,1076,challenging,semantic,,35
Qwen-3-Coder-480B,1076,challenging,semantic,,36
Qwen-3-Coder-480B,1076,challenging,semantic,,37
Qwen-3-Coder-480B,1076,challenging,semantic,,38
Qwen-3-Coder-480B,1076,challenging,semantic,,39
Qwen-3-Coder-480B,1076,challenging,semantic,,40
Qwen-3-Coder-480B,1076,challenging,semantic,,41
Qwen-3-Coder-480B,1076,challenging,semantic,,42
Qwen-3-Coder-480B,1076,challenging,semantic,,43
Qwen-3-Coder-480B,1076,challenging,semantic,,44
Qwen-3-Coder-480B,1076,challenging,semantic,,45
Qwen-3-Coder-480B,1076,challenging,semantic,,46
Qwen-3-Coder-480B,1076,challenging,semantic,,47
Qwen-3-Coder-480B,1076,challenging,semantic,,48
Qwen-3-Coder-480B,1076,challenging,semantic,,49
Qwen-3-Coder-480B,1076,challenging,semantic,,50
Qwen-3-Coder-480B,835,challenging,correct,0.9612922435611136,1
Qwen-3-Coder-480B,835,challenging,correct,1.322964318389753,2
Qwen-3-Coder-480B,835,challenging,correct,1.2115346826488504,3
Qwen-3-Coder-480B,835,challenging,correct,1.0129728040012504,4
Qwen-3-Coder-480B,835,challenging,correct,1.363147792706334,5
Qwen-3-Coder-480B,835,challenging,correct,1.14529401680096,6
Qwen-3-Coder-480B,835,challenging,correct,1.2858814352574104,7
Qwen-3-Coder-480B,835,challenging,correct,1.2928829580205727,8
Qwen-3-Coder-480B,835,challenging,correct,1.353121089948561,9
Qwen-3-Coder-480B,835,challenging,correct,1.392752701843611,10
Qwen-3-Coder-480B,835,challenging,correct,0.930976430976431,11
Qwen-3-Coder-480B,835,challenging,correct,1.1159655676465812,12
Qwen-3-Coder-480B,835,challenging,correct,1.3281504702194358,13
Qwen-3-Coder-480B,835,challenging,correct,1.2603017623938126,14
Qwen-3-Coder-480B,835,challenging,correct,1.2683293915287035,15
Qwen-3-Coder-480B,835,challenging,correct,1.2258936248618106,16
Qwen-3-Coder-480B,835,challenging,correct,1.4699562773266708,17
Qwen-3-Coder-480B,835,challenging,correct,1.464069264069264,18
Qwen-3-Coder-480B,835,challenging,correct,1.332629634516427,19
Qwen-3-Coder-480B,835,challenging,correct,1.3348720100713387,20
Qwen-3-Coder-480B,835,challenging,correct,1.5633001422475106,21
Qwen-3-Coder-480B,835,challenging,correct,1.4199646402828778,22
Qwen-3-Coder-480B,835,challenging,correct,1.3354584915897993,23
Qwen-3-Coder-480B,835,challenging,correct,1.342164919240578,24
Qwen-3-Coder-480B,835,challenging,correct,1.3857608849808538,25
Qwen-3-Coder-480B,835,challenging,correct,1.2564623874528027,26
Qwen-3-Coder-480B,835,challenging,correct,1.4240243564904511,27
Qwen-3-Coder-480B,835,challenging,correct,1.3012628563989064,28
Qwen-3-Coder-480B,835,challenging,correct,1.4417858904785397,29
Qwen-3-Coder-480B,835,challenging,correct,1.2961063184891584,30
Qwen-3-Coder-480B,835,challenging,correct,1.291714985182322,31
Qwen-3-Coder-480B,835,challenging,correct,2.1038819026790594,32
Qwen-3-Coder-480B,835,challenging,correct,1.011750647281418,33
Qwen-3-Coder-480B,835,challenging,correct,1.2972804834696054,34
Qwen-3-Coder-480B,835,challenging,correct,1.2830872109222624,35
Qwen-3-Coder-480B,835,challenging,correct,1.2910833648631606,36
Qwen-3-Coder-480B,835,challenging,correct,1.2903153906162934,37
Qwen-3-Coder-480B,835,challenging,correct,1.3201166953984882,38
Qwen-3-Coder-480B,835,challenging,correct,1.3034928492849285,39
Qwen-3-Coder-480B,835,challenging,correct,1.236731937879811,40
Qwen-3-Coder-480B,835,challenging,correct,1.3290897517504774,41
Qwen-3-Coder-480B,835,challenging,correct,1.334507662497798,42
Qwen-3-Coder-480B,835,challenging,correct,1.4209103199639477,43
Qwen-3-Coder-480B,835,challenging,correct,1.09197589597209,44
Qwen-3-Coder-480B,835,challenging,correct,1.287227109807755,45
Qwen-3-Coder-480B,835,challenging,correct,1.31539129356319,46
Qwen-3-Coder-480B,835,challenging,correct,1.3766534842492841,47
Qwen-3-Coder-480B,835,challenging,correct,1.2853942024926481,48
Qwen-3-Coder-480B,835,challenging,correct,1.6005603066941905,49
Qwen-3-Coder-480B,835,challenging,correct,1.3139217470427662,50
Qwen-3-Coder-480B,1359,challenging,correct,1.2588029976388462,1
Qwen-3-Coder-480B,1359,challenging,correct,1.4846203140019225,2
Qwen-3-Coder-480B,1359,challenging,correct,1.4522021167634005,3
Qwen-3-Coder-480B,1359,challenging,correct,1.5593444793908293,4
Qwen-3-Coder-480B,1359,challenging,correct,1.334915538182326,5
Qwen-3-Coder-480B,1359,challenging,correct,1.7140598044853363,6
Qwen-3-Coder-480B,1359,challenging,correct,1.1572286012526096,7
Qwen-3-Coder-480B,1359,challenging,correct,1.4382320787131033,8
Qwen-3-Coder-480B,1359,challenging,correct,1.4474243856332702,9
Qwen-3-Coder-480B,1359,challenging,correct,1.5280701754385966,10
Qwen-3-Coder-480B,1359,challenging,correct,1.3950699533644237,11
Qwen-3-Coder-480B,1359,challenging,correct,1.3584534731323723,12
Qwen-3-Coder-480B,1359,challenging,correct,1.5017639512508019,13
Qwen-3-Coder-480B,1359,challenging,correct,1.3647058823529412,14
Qwen-3-Coder-480B,1359,challenging,correct,1.527236045729657,15
Qwen-3-Coder-480B,1359,challenging,correct,1.396987290130237,16
Qwen-3-Coder-480B,1359,challenging,correct,1.5649140937863326,17
Qwen-3-Coder-480B,1359,challenging,correct,1.1670351536590757,18
Qwen-3-Coder-480B,1359,challenging,correct,1.503006012024048,19
Qwen-3-Coder-480B,1359,challenging,correct,1.2742799732083054,20
Qwen-3-Coder-480B,1359,challenging,correct,1.6772161391930402,21
Qwen-3-Coder-480B,1359,challenging,correct,1.3871519676466013,22
Qwen-3-Coder-480B,1359,challenging,correct,1.4539339903018926,23
Qwen-3-Coder-480B,1359,challenging,correct,1.349939572982409,24
Qwen-3-Coder-480B,1359,challenging,correct,1.4711053465917279,25
Qwen-3-Coder-480B,1359,challenging,correct,1.5414735496244207,26
Qwen-3-Coder-480B,1359,challenging,correct,1.3361947869517714,27
Qwen-3-Coder-480B,1359,challenging,correct,1.2483463619963922,28
Qwen-3-Coder-480B,1359,challenging,correct,1.489522803310442,29
Qwen-3-Coder-480B,1359,challenging,correct,1.4379116465863453,30
Qwen-3-Coder-480B,1359,challenging,correct,1.326600985221675,31
Qwen-3-Coder-480B,1359,challenging,correct,1.2049959272332338,32
Qwen-3-Coder-480B,1359,challenging,correct,0.9699868073878628,33
Qwen-3-Coder-480B,1359,challenging,correct,1.1978184898866886,34
Qwen-3-Coder-480B,1359,challenging,correct,1.4018720748829954,35
Qwen-3-Coder-480B,1359,challenging,correct,1.0329912832395454,36
Qwen-3-Coder-480B,1359,challenging,correct,1.2301943198804186,37
Qwen-3-Coder-480B,1359,challenging,correct,1.4075693606755126,38
Qwen-3-Coder-480B,1359,challenging,correct,1.3107325946750454,39
Qwen-3-Coder-480B,1359,challenging,correct,1.1574900793650793,40
Qwen-3-Coder-480B,1359,challenging,correct,1.444929116684842,41
Qwen-3-Coder-480B,1359,challenging,correct,1.3639689071787837,42
Qwen-3-Coder-480B,1359,challenging,correct,2.5195331110052406,43
Qwen-3-Coder-480B,1359,challenging,correct,1.3420034393809115,44
Qwen-3-Coder-480B,1359,challenging,correct,1.098862125018472,45
Qwen-3-Coder-480B,1359,challenging,correct,1.3576165912201283,46
Qwen-3-Coder-480B,1359,challenging,correct,1.187718825747374,47
Qwen-3-Coder-480B,1359,challenging,correct,1.6109149277688604,48
Qwen-3-Coder-480B,1359,challenging,correct,1.0767293485560778,49
Qwen-3-Coder-480B,1359,challenging,correct,1.2378135352579271,50
Qwen-3-Coder-480B,263,challenging,semantic,,1
Qwen-3-Coder-480B,263,challenging,semantic,,2
Qwen-3-Coder-480B,263,challenging,semantic,,3
Qwen-3-Coder-480B,263,challenging,semantic,,4
Qwen-3-Coder-480B,263,challenging,semantic,,5
Qwen-3-Coder-480B,263,challenging,semantic,,6
Qwen-3-Coder-480B,263,challenging,semantic,,7
Qwen-3-Coder-480B,263,challenging,semantic,,8
Qwen-3-Coder-480B,263,challenging,semantic,,9
Qwen-3-Coder-480B,263,challenging,semantic,,10
Qwen-3-Coder-480B,263,challenging,semantic,,11
Qwen-3-Coder-480B,263,challenging,semantic,,12
Qwen-3-Coder-480B,263,challenging,semantic,,13
Qwen-3-Coder-480B,263,challenging,semantic,,14
Qwen-3-Coder-480B,263,challenging,semantic,,15
Qwen-3-Coder-480B,263,challenging,semantic,,16
Qwen-3-Coder-480B,263,challenging,semantic,,17
Qwen-3-Coder-480B,263,challenging,semantic,,18
Qwen-3-Coder-480B,263,challenging,semantic,,19
Qwen-3-Coder-480B,263,challenging,semantic,,20
Qwen-3-Coder-480B,263,challenging,semantic,,21
Qwen-3-Coder-480B,263,challenging,semantic,,22
Qwen-3-Coder-480B,263,challenging,semantic,,23
Qwen-3-Coder-480B,263,challenging,semantic,,24
Qwen-3-Coder-480B,263,challenging,semantic,,25
Qwen-3-Coder-480B,263,challenging,semantic,,26
Qwen-3-Coder-480B,263,challenging,semantic,,27
Qwen-3-Coder-480B,263,challenging,semantic,,28
Qwen-3-Coder-480B,263,challenging,semantic,,29
Qwen-3-Coder-480B,263,challenging,semantic,,30
Qwen-3-Coder-480B,263,challenging,semantic,,31
Qwen-3-Coder-480B,263,challenging,semantic,,32
Qwen-3-Coder-480B,263,challenging,semantic,,33
Qwen-3-Coder-480B,263,challenging,semantic,,34
Qwen-3-Coder-480B,263,challenging,semantic,,35
Qwen-3-Coder-480B,263,challenging,semantic,,36
Qwen-3-Coder-480B,263,challenging,semantic,,37
Qwen-3-Coder-480B,263,challenging,semantic,,38
Qwen-3-Coder-480B,263,challenging,semantic,,39
Qwen-3-Coder-480B,263,challenging,semantic,,40
Qwen-3-Coder-480B,263,challenging,semantic,,41
Qwen-3-Coder-480B,263,challenging,semantic,,42
Qwen-3-Coder-480B,263,challenging,semantic,,43
Qwen-3-Coder-480B,263,challenging,semantic,,44
Qwen-3-Coder-480B,263,challenging,semantic,,45
Qwen-3-Coder-480B,263,challenging,semantic,,46
Qwen-3-Coder-480B,263,challenging,semantic,,47
Qwen-3-Coder-480B,263,challenging,semantic,,48
Qwen-3-Coder-480B,263,challenging,semantic,,49
Qwen-3-Coder-480B,263,challenging,semantic,,50
Qwen-3-Coder-480B,1460,challenging,correct,1.309928925263838,1
Qwen-3-Coder-480B,1460,challenging,correct,1.3993759750390016,2
Qwen-3-Coder-480B,1460,challenging,correct,1.3738225086762519,3
Qwen-3-Coder-480B,1460,challenging,correct,1.3966251379908532,4
Qwen-3-Coder-480B,1460,challenging,correct,1.4784047370254267,5
Qwen-3-Coder-480B,1460,challenging,correct,1.6054300113802633,6
Qwen-3-Coder-480B,1460,challenging,correct,1.619374401532078,7
Qwen-3-Coder-480B,1460,challenging,correct,1.8793503480278422,8
Qwen-3-Coder-480B,1460,challenging,correct,1.6591134634469071,9
Qwen-3-Coder-480B,1460,challenging,correct,1.6221361185983827,10
Qwen-3-Coder-480B,1460,challenging,correct,1.3433261955745897,11
Qwen-3-Coder-480B,1460,challenging,correct,1.421176076394706,12
Qwen-3-Coder-480B,1460,challenging,correct,1.1119344773790951,13
Qwen-3-Coder-480B,1460,challenging,correct,1.2938691769249335,14
Qwen-3-Coder-480B,1460,challenging,correct,1.5876413570274637,15
Qwen-3-Coder-480B,1460,challenging,correct,1.747794499221588,16
Qwen-3-Coder-480B,1460,challenging,correct,2.669612314709236,17
Qwen-3-Coder-480B,1460,challenging,correct,1.319387010459742,18
Qwen-3-Coder-480B,1460,challenging,correct,1.8431098696461825,19
Qwen-3-Coder-480B,1460,challenging,correct,1.2355167394468705,20
Qwen-3-Coder-480B,1460,challenging,correct,1.541860465116279,21
Qwen-3-Coder-480B,1460,challenging,correct,1.368325343031906,22
Qwen-3-Coder-480B,1460,challenging,correct,1.3064921992954202,23
Qwen-3-Coder-480B,1460,challenging,correct,1.759433962264151,24
Qwen-3-Coder-480B,1460,challenging,correct,1.9042887029288702,25
Qwen-3-Coder-480B,1460,challenging,correct,1.6198695818948983,26
Qwen-3-Coder-480B,1460,challenging,correct,1.7910216718266254,27
Qwen-3-Coder-480B,1460,challenging,correct,1.9300237655135992,28
Qwen-3-Coder-480B,1460,challenging,correct,1.401350699469368,29
Qwen-3-Coder-480B,1460,challenging,correct,1.7963417354450144,30
Qwen-3-Coder-480B,1460,challenging,correct,1.6166982922201139,31
Qwen-3-Coder-480B,1460,challenging,correct,1.634197617379117,32
Qwen-3-Coder-480B,1460,challenging,correct,1.7817388141142234,33
Qwen-3-Coder-480B,1460,challenging,correct,1.8846266471449487,34
Qwen-3-Coder-480B,1460,challenging,correct,1.9793471019320452,35
Qwen-3-Coder-480B,1460,challenging,correct,1.760437597678053,36
Qwen-3-Coder-480B,1460,challenging,correct,1.7115474520804115,37
Qwen-3-Coder-480B,1460,challenging,correct,1.5706783369803063,38
Qwen-3-Coder-480B,1460,challenging,correct,1.3434300341296928,39
Qwen-3-Coder-480B,1460,challenging,correct,1.5128566396618528,40
Qwen-3-Coder-480B,1460,challenging,correct,1.6332155477031802,41
Qwen-3-Coder-480B,1460,challenging,correct,1.6534344335414808,42
Qwen-3-Coder-480B,1460,challenging,correct,1.8510473235065943,43
Qwen-3-Coder-480B,1460,challenging,correct,1.312598840274117,44
Qwen-3-Coder-480B,1460,challenging,correct,1.6993633107839237,45
Qwen-3-Coder-480B,1460,challenging,correct,1.3506978253813697,46
Qwen-3-Coder-480B,1460,challenging,correct,1.243449592226271,47
Qwen-3-Coder-480B,1460,challenging,correct,1.6835278858625162,48
Qwen-3-Coder-480B,1460,challenging,correct,1.4037804600318835,49
Qwen-3-Coder-480B,1460,challenging,correct,1.3817388003037205,50
Qwen-3-Coder-480B,28,challenging,semantic,,1
Qwen-3-Coder-480B,28,challenging,semantic,,2
Qwen-3-Coder-480B,28,challenging,semantic,,3
Qwen-3-Coder-480B,28,challenging,semantic,,4
Qwen-3-Coder-480B,28,challenging,semantic,,5
Qwen-3-Coder-480B,28,challenging,semantic,,6
Qwen-3-Coder-480B,28,challenging,semantic,,7
Qwen-3-Coder-480B,28,challenging,semantic,,8
Qwen-3-Coder-480B,28,challenging,semantic,,9
Qwen-3-Coder-480B,28,challenging,semantic,,10
Qwen-3-Coder-480B,28,challenging,semantic,,11
Qwen-3-Coder-480B,28,challenging,semantic,,12
Qwen-3-Coder-480B,28,challenging,semantic,,13
Qwen-3-Coder-480B,28,challenging,semantic,,14
Qwen-3-Coder-480B,28,challenging,semantic,,15
Qwen-3-Coder-480B,28,challenging,semantic,,16
Qwen-3-Coder-480B,28,challenging,semantic,,17
Qwen-3-Coder-480B,28,challenging,semantic,,18
Qwen-3-Coder-480B,28,challenging,semantic,,19
Qwen-3-Coder-480B,28,challenging,semantic,,20
Qwen-3-Coder-480B,28,challenging,semantic,,21
Qwen-3-Coder-480B,28,challenging,semantic,,22
Qwen-3-Coder-480B,28,challenging,semantic,,23
Qwen-3-Coder-480B,28,challenging,semantic,,24
Qwen-3-Coder-480B,28,challenging,semantic,,25
Qwen-3-Coder-480B,28,challenging,semantic,,26
Qwen-3-Coder-480B,28,challenging,semantic,,27
Qwen-3-Coder-480B,28,challenging,semantic,,28
Qwen-3-Coder-480B,28,challenging,semantic,,29
Qwen-3-Coder-480B,28,challenging,semantic,,30
Qwen-3-Coder-480B,28,challenging,semantic,,31
Qwen-3-Coder-480B,28,challenging,semantic,,32
Qwen-3-Coder-480B,28,challenging,semantic,,33
Qwen-3-Coder-480B,28,challenging,semantic,,34
Qwen-3-Coder-480B,28,challenging,semantic,,35
Qwen-3-Coder-480B,28,challenging,semantic,,36
Qwen-3-Coder-480B,28,challenging,semantic,,37
Qwen-3-Coder-480B,28,challenging,semantic,,38
Qwen-3-Coder-480B,28,challenging,semantic,,39
Qwen-3-Coder-480B,28,challenging,semantic,,40
Qwen-3-Coder-480B,28,challenging,semantic,,41
Qwen-3-Coder-480B,28,challenging,semantic,,42
Qwen-3-Coder-480B,28,challenging,semantic,,43
Qwen-3-Coder-480B,28,challenging,semantic,,44
Qwen-3-Coder-480B,28,challenging,semantic,,45
Qwen-3-Coder-480B,28,challenging,semantic,,46
Qwen-3-Coder-480B,28,challenging,semantic,,47
Qwen-3-Coder-480B,28,challenging,semantic,,48
Qwen-3-Coder-480B,28,challenging,semantic,,49
Qwen-3-Coder-480B,28,challenging,semantic,,50
Qwen-3-Coder-480B,1241,challenging,semantic,,1
Qwen-3-Coder-480B,1241,challenging,semantic,,2
Qwen-3-Coder-480B,1241,challenging,semantic,,3
Qwen-3-Coder-480B,1241,challenging,semantic,,4
Qwen-3-Coder-480B,1241,challenging,semantic,,5
Qwen-3-Coder-480B,1241,challenging,semantic,,6
Qwen-3-Coder-480B,1241,challenging,semantic,,7
Qwen-3-Coder-480B,1241,challenging,semantic,,8
Qwen-3-Coder-480B,1241,challenging,semantic,,9
Qwen-3-Coder-480B,1241,challenging,semantic,,10
Qwen-3-Coder-480B,1241,challenging,semantic,,11
Qwen-3-Coder-480B,1241,challenging,semantic,,12
Qwen-3-Coder-480B,1241,challenging,semantic,,13
Qwen-3-Coder-480B,1241,challenging,semantic,,14
Qwen-3-Coder-480B,1241,challenging,semantic,,15
Qwen-3-Coder-480B,1241,challenging,semantic,,16
Qwen-3-Coder-480B,1241,challenging,semantic,,17
Qwen-3-Coder-480B,1241,challenging,semantic,,18
Qwen-3-Coder-480B,1241,challenging,semantic,,19
Qwen-3-Coder-480B,1241,challenging,semantic,,20
Qwen-3-Coder-480B,1241,challenging,semantic,,21
Qwen-3-Coder-480B,1241,challenging,semantic,,22
Qwen-3-Coder-480B,1241,challenging,semantic,,23
Qwen-3-Coder-480B,1241,challenging,semantic,,24
Qwen-3-Coder-480B,1241,challenging,semantic,,25
Qwen-3-Coder-480B,1241,challenging,semantic,,26
Qwen-3-Coder-480B,1241,challenging,semantic,,27
Qwen-3-Coder-480B,1241,challenging,semantic,,28
Qwen-3-Coder-480B,1241,challenging,semantic,,29
Qwen-3-Coder-480B,1241,challenging,semantic,,30
Qwen-3-Coder-480B,1241,challenging,semantic,,31
Qwen-3-Coder-480B,1241,challenging,semantic,,32
Qwen-3-Coder-480B,1241,challenging,semantic,,33
Qwen-3-Coder-480B,1241,challenging,semantic,,34
Qwen-3-Coder-480B,1241,challenging,semantic,,35
Qwen-3-Coder-480B,1241,challenging,semantic,,36
Qwen-3-Coder-480B,1241,challenging,semantic,,37
Qwen-3-Coder-480B,1241,challenging,semantic,,38
Qwen-3-Coder-480B,1241,challenging,semantic,,39
Qwen-3-Coder-480B,1241,challenging,semantic,,40
Qwen-3-Coder-480B,1241,challenging,semantic,,41
Qwen-3-Coder-480B,1241,challenging,semantic,,42
Qwen-3-Coder-480B,1241,challenging,semantic,,43
Qwen-3-Coder-480B,1241,challenging,semantic,,44
Qwen-3-Coder-480B,1241,challenging,semantic,,45
Qwen-3-Coder-480B,1241,challenging,semantic,,46
Qwen-3-Coder-480B,1241,challenging,semantic,,47
Qwen-3-Coder-480B,1241,challenging,semantic,,48
Qwen-3-Coder-480B,1241,challenging,semantic,,49
Qwen-3-Coder-480B,1241,challenging,semantic,,50
Qwen-3-Coder-480B,1041,challenging,semantic,,1
Qwen-3-Coder-480B,1041,challenging,semantic,,2
Qwen-3-Coder-480B,1041,challenging,semantic,,3
Qwen-3-Coder-480B,1041,challenging,semantic,,4
Qwen-3-Coder-480B,1041,challenging,semantic,,5
Qwen-3-Coder-480B,1041,challenging,semantic,,6
Qwen-3-Coder-480B,1041,challenging,semantic,,7
Qwen-3-Coder-480B,1041,challenging,semantic,,8
Qwen-3-Coder-480B,1041,challenging,semantic,,9
Qwen-3-Coder-480B,1041,challenging,semantic,,10
Qwen-3-Coder-480B,1041,challenging,semantic,,11
Qwen-3-Coder-480B,1041,challenging,semantic,,12
Qwen-3-Coder-480B,1041,challenging,semantic,,13
Qwen-3-Coder-480B,1041,challenging,semantic,,14
Qwen-3-Coder-480B,1041,challenging,semantic,,15
Qwen-3-Coder-480B,1041,challenging,semantic,,16
Qwen-3-Coder-480B,1041,challenging,semantic,,17
Qwen-3-Coder-480B,1041,challenging,semantic,,18
Qwen-3-Coder-480B,1041,challenging,semantic,,19
Qwen-3-Coder-480B,1041,challenging,semantic,,20
Qwen-3-Coder-480B,1041,challenging,semantic,,21
Qwen-3-Coder-480B,1041,challenging,semantic,,22
Qwen-3-Coder-480B,1041,challenging,semantic,,23
Qwen-3-Coder-480B,1041,challenging,semantic,,24
Qwen-3-Coder-480B,1041,challenging,semantic,,25
Qwen-3-Coder-480B,1041,challenging,semantic,,26
Qwen-3-Coder-480B,1041,challenging,semantic,,27
Qwen-3-Coder-480B,1041,challenging,semantic,,28
Qwen-3-Coder-480B,1041,challenging,semantic,,29
Qwen-3-Coder-480B,1041,challenging,semantic,,30
Qwen-3-Coder-480B,1041,challenging,semantic,,31
Qwen-3-Coder-480B,1041,challenging,semantic,,32
Qwen-3-Coder-480B,1041,challenging,semantic,,33
Qwen-3-Coder-480B,1041,challenging,semantic,,34
Qwen-3-Coder-480B,1041,challenging,semantic,,35
Qwen-3-Coder-480B,1041,challenging,semantic,,36
Qwen-3-Coder-480B,1041,challenging,semantic,,37
Qwen-3-Coder-480B,1041,challenging,semantic,,38
Qwen-3-Coder-480B,1041,challenging,semantic,,39
Qwen-3-Coder-480B,1041,challenging,semantic,,40
Qwen-3-Coder-480B,1041,challenging,semantic,,41
Qwen-3-Coder-480B,1041,challenging,semantic,,42
Qwen-3-Coder-480B,1041,challenging,semantic,,43
Qwen-3-Coder-480B,1041,challenging,semantic,,44
Qwen-3-Coder-480B,1041,challenging,semantic,,45
Qwen-3-Coder-480B,1041,challenging,semantic,,46
Qwen-3-Coder-480B,1041,challenging,semantic,,47
Qwen-3-Coder-480B,1041,challenging,semantic,,48
Qwen-3-Coder-480B,1041,challenging,semantic,,49
Qwen-3-Coder-480B,1041,challenging,semantic,,50
Qwen-3-Coder-480B,1202,challenging,correct,13.057589285714286,1
Qwen-3-Coder-480B,1202,challenging,correct,1.5542168674698795,2
Qwen-3-Coder-480B,1202,challenging,correct,1.6921463528315077,3
Qwen-3-Coder-480B,1202,challenging,correct,1.4478285391990975,4
Qwen-3-Coder-480B,1202,challenging,correct,1.5992881506747738,5
Qwen-3-Coder-480B,1202,challenging,correct,2.512127659574468,6
Qwen-3-Coder-480B,1202,challenging,correct,1.7562986715529088,7
Qwen-3-Coder-480B,1202,challenging,correct,1.75503355704698,8
Qwen-3-Coder-480B,1202,challenging,correct,1.2646043165467626,9
Qwen-3-Coder-480B,1202,challenging,correct,1.2996164908916588,10
Qwen-3-Coder-480B,1202,challenging,correct,1.4934510250569477,11
Qwen-3-Coder-480B,1202,challenging,correct,1.5051959890610758,12
Qwen-3-Coder-480B,1202,challenging,correct,0.7560006115272894,13
Qwen-3-Coder-480B,1202,challenging,correct,1.6356335027044746,14
Qwen-3-Coder-480B,1202,challenging,correct,1.3856318347509113,15
Qwen-3-Coder-480B,1202,challenging,correct,1.4960405448210325,16
Qwen-3-Coder-480B,1202,challenging,correct,1.7165030814882447,17
Qwen-3-Coder-480B,1202,challenging,correct,1.5270296835069785,18
Qwen-3-Coder-480B,1202,challenging,correct,1.7302798982188294,19
Qwen-3-Coder-480B,1202,challenging,correct,1.4117504835589942,20
Qwen-3-Coder-480B,1202,challenging,correct,2.282340647857889,21
Qwen-3-Coder-480B,1202,challenging,correct,0.9644801659320715,22
Qwen-3-Coder-480B,1202,challenging,correct,1.3089752029844195,23
Qwen-3-Coder-480B,1202,challenging,correct,1.407972594207412,24
Qwen-3-Coder-480B,1202,challenging,correct,1.4528057926040858,25
Qwen-3-Coder-480B,1202,challenging,correct,1.2815769522365428,26
Qwen-3-Coder-480B,1202,challenging,correct,1.3534176495665766,27
Qwen-3-Coder-480B,1202,challenging,correct,1.4083418570292079,28
Qwen-3-Coder-480B,1202,challenging,correct,1.073104804029979,29
Qwen-3-Coder-480B,1202,challenging,correct,1.422972972972973,30
Qwen-3-Coder-480B,1202,challenging,correct,1.2768054940186089,31
Qwen-3-Coder-480B,1202,challenging,correct,1.0544991356564462,32
Qwen-3-Coder-480B,1202,challenging,correct,1.465751357875679,33
Qwen-3-Coder-480B,1202,challenging,correct,2.1001557632398753,34
Qwen-3-Coder-480B,1202,challenging,correct,0.9700128976784179,35
Qwen-3-Coder-480B,1202,challenging,correct,0.757312446456982,36
Qwen-3-Coder-480B,1202,challenging,correct,1.2617869615832362,37
Qwen-3-Coder-480B,1202,challenging,correct,1.5649202733485195,38
Qwen-3-Coder-480B,1202,challenging,correct,1.4680067668424719,39
Qwen-3-Coder-480B,1202,challenging,correct,2.3477692738473026,40
Qwen-3-Coder-480B,1202,challenging,correct,1.4485339987523393,41
Qwen-3-Coder-480B,1202,challenging,correct,1.275621732932045,42
Qwen-3-Coder-480B,1202,challenging,correct,1.728305315765561,43
Qwen-3-Coder-480B,1202,challenging,correct,1.4904900735804525,44
Qwen-3-Coder-480B,1202,challenging,correct,1.86750651607298,45
Qwen-3-Coder-480B,1202,challenging,correct,1.099626823476196,46
Qwen-3-Coder-480B,1202,challenging,correct,1.6437843527072857,47
Qwen-3-Coder-480B,1202,challenging,correct,1.2107040789815537,48
Qwen-3-Coder-480B,1202,challenging,correct,1.4447203500059123,49
Qwen-3-Coder-480B,1202,challenging,correct,1.5494916267942584,50
Qwen-3-Coder-480B,1001,challenging,semantic,,1
Qwen-3-Coder-480B,1001,challenging,semantic,,2
Qwen-3-Coder-480B,1001,challenging,semantic,,3
Qwen-3-Coder-480B,1001,challenging,semantic,,4
Qwen-3-Coder-480B,1001,challenging,semantic,,5
Qwen-3-Coder-480B,1001,challenging,semantic,,6
Qwen-3-Coder-480B,1001,challenging,semantic,,7
Qwen-3-Coder-480B,1001,challenging,semantic,,8
Qwen-3-Coder-480B,1001,challenging,semantic,,9
Qwen-3-Coder-480B,1001,challenging,semantic,,10
Qwen-3-Coder-480B,1001,challenging,semantic,,11
Qwen-3-Coder-480B,1001,challenging,semantic,,12
Qwen-3-Coder-480B,1001,challenging,semantic,,13
Qwen-3-Coder-480B,1001,challenging,semantic,,14
Qwen-3-Coder-480B,1001,challenging,semantic,,15
Qwen-3-Coder-480B,1001,challenging,semantic,,16
Qwen-3-Coder-480B,1001,challenging,semantic,,17
Qwen-3-Coder-480B,1001,challenging,semantic,,18
Qwen-3-Coder-480B,1001,challenging,semantic,,19
Qwen-3-Coder-480B,1001,challenging,semantic,,20
Qwen-3-Coder-480B,1001,challenging,semantic,,21
Qwen-3-Coder-480B,1001,challenging,semantic,,22
Qwen-3-Coder-480B,1001,challenging,semantic,,23
Qwen-3-Coder-480B,1001,challenging,semantic,,24
Qwen-3-Coder-480B,1001,challenging,semantic,,25
Qwen-3-Coder-480B,1001,challenging,semantic,,26
Qwen-3-Coder-480B,1001,challenging,semantic,,27
Qwen-3-Coder-480B,1001,challenging,semantic,,28
Qwen-3-Coder-480B,1001,challenging,semantic,,29
Qwen-3-Coder-480B,1001,challenging,semantic,,30
Qwen-3-Coder-480B,1001,challenging,semantic,,31
Qwen-3-Coder-480B,1001,challenging,semantic,,32
Qwen-3-Coder-480B,1001,challenging,semantic,,33
Qwen-3-Coder-480B,1001,challenging,semantic,,34
Qwen-3-Coder-480B,1001,challenging,semantic,,35
Qwen-3-Coder-480B,1001,challenging,semantic,,36
Qwen-3-Coder-480B,1001,challenging,semantic,,37
Qwen-3-Coder-480B,1001,challenging,semantic,,38
Qwen-3-Coder-480B,1001,challenging,semantic,,39
Qwen-3-Coder-480B,1001,challenging,semantic,,40
Qwen-3-Coder-480B,1001,challenging,semantic,,41
Qwen-3-Coder-480B,1001,challenging,semantic,,42
Qwen-3-Coder-480B,1001,challenging,semantic,,43
Qwen-3-Coder-480B,1001,challenging,semantic,,44
Qwen-3-Coder-480B,1001,challenging,semantic,,45
Qwen-3-Coder-480B,1001,challenging,semantic,,46
Qwen-3-Coder-480B,1001,challenging,semantic,,47
Qwen-3-Coder-480B,1001,challenging,semantic,,48
Qwen-3-Coder-480B,1001,challenging,semantic,,49
Qwen-3-Coder-480B,1001,challenging,semantic,,50
Qwen-3-Coder-480B,994,challenging,semantic,,1
Qwen-3-Coder-480B,994,challenging,semantic,,2
Qwen-3-Coder-480B,994,challenging,semantic,,3
Qwen-3-Coder-480B,994,challenging,semantic,,4
Qwen-3-Coder-480B,994,challenging,semantic,,5
Qwen-3-Coder-480B,994,challenging,semantic,,6
Qwen-3-Coder-480B,994,challenging,semantic,,7
Qwen-3-Coder-480B,994,challenging,semantic,,8
Qwen-3-Coder-480B,994,challenging,semantic,,9
Qwen-3-Coder-480B,994,challenging,semantic,,10
Qwen-3-Coder-480B,994,challenging,semantic,,11
Qwen-3-Coder-480B,994,challenging,semantic,,12
Qwen-3-Coder-480B,994,challenging,semantic,,13
Qwen-3-Coder-480B,994,challenging,semantic,,14
Qwen-3-Coder-480B,994,challenging,semantic,,15
Qwen-3-Coder-480B,994,challenging,semantic,,16
Qwen-3-Coder-480B,994,challenging,semantic,,17
Qwen-3-Coder-480B,994,challenging,semantic,,18
Qwen-3-Coder-480B,994,challenging,semantic,,19
Qwen-3-Coder-480B,994,challenging,semantic,,20
Qwen-3-Coder-480B,994,challenging,semantic,,21
Qwen-3-Coder-480B,994,challenging,semantic,,22
Qwen-3-Coder-480B,994,challenging,semantic,,23
Qwen-3-Coder-480B,994,challenging,semantic,,24
Qwen-3-Coder-480B,994,challenging,semantic,,25
Qwen-3-Coder-480B,994,challenging,semantic,,26
Qwen-3-Coder-480B,994,challenging,semantic,,27
Qwen-3-Coder-480B,994,challenging,semantic,,28
Qwen-3-Coder-480B,994,challenging,semantic,,29
Qwen-3-Coder-480B,994,challenging,semantic,,30
Qwen-3-Coder-480B,994,challenging,semantic,,31
Qwen-3-Coder-480B,994,challenging,semantic,,32
Qwen-3-Coder-480B,994,challenging,semantic,,33
Qwen-3-Coder-480B,994,challenging,semantic,,34
Qwen-3-Coder-480B,994,challenging,semantic,,35
Qwen-3-Coder-480B,994,challenging,semantic,,36
Qwen-3-Coder-480B,994,challenging,semantic,,37
Qwen-3-Coder-480B,994,challenging,semantic,,38
Qwen-3-Coder-480B,994,challenging,semantic,,39
Qwen-3-Coder-480B,994,challenging,semantic,,40
Qwen-3-Coder-480B,994,challenging,semantic,,41
Qwen-3-Coder-480B,994,challenging,semantic,,42
Qwen-3-Coder-480B,994,challenging,semantic,,43
Qwen-3-Coder-480B,994,challenging,semantic,,44
Qwen-3-Coder-480B,994,challenging,semantic,,45
Qwen-3-Coder-480B,994,challenging,semantic,,46
Qwen-3-Coder-480B,994,challenging,semantic,,47
Qwen-3-Coder-480B,994,challenging,semantic,,48
Qwen-3-Coder-480B,994,challenging,semantic,,49
Qwen-3-Coder-480B,994,challenging,semantic,,50
Qwen-3-Coder-480B,896,challenging,semantic,,1
Qwen-3-Coder-480B,896,challenging,semantic,,2
Qwen-3-Coder-480B,896,challenging,semantic,,3
Qwen-3-Coder-480B,896,challenging,semantic,,4
Qwen-3-Coder-480B,896,challenging,semantic,,5
Qwen-3-Coder-480B,896,challenging,semantic,,6
Qwen-3-Coder-480B,896,challenging,semantic,,7
Qwen-3-Coder-480B,896,challenging,semantic,,8
Qwen-3-Coder-480B,896,challenging,semantic,,9
Qwen-3-Coder-480B,896,challenging,semantic,,10
Qwen-3-Coder-480B,896,challenging,semantic,,11
Qwen-3-Coder-480B,896,challenging,semantic,,12
Qwen-3-Coder-480B,896,challenging,semantic,,13
Qwen-3-Coder-480B,896,challenging,semantic,,14
Qwen-3-Coder-480B,896,challenging,semantic,,15
Qwen-3-Coder-480B,896,challenging,semantic,,16
Qwen-3-Coder-480B,896,challenging,semantic,,17
Qwen-3-Coder-480B,896,challenging,semantic,,18
Qwen-3-Coder-480B,896,challenging,semantic,,19
Qwen-3-Coder-480B,896,challenging,semantic,,20
Qwen-3-Coder-480B,896,challenging,semantic,,21
Qwen-3-Coder-480B,896,challenging,semantic,,22
Qwen-3-Coder-480B,896,challenging,semantic,,23
Qwen-3-Coder-480B,896,challenging,semantic,,24
Qwen-3-Coder-480B,896,challenging,semantic,,25
Qwen-3-Coder-480B,896,challenging,semantic,,26
Qwen-3-Coder-480B,896,challenging,semantic,,27
Qwen-3-Coder-480B,896,challenging,semantic,,28
Qwen-3-Coder-480B,896,challenging,semantic,,29
Qwen-3-Coder-480B,896,challenging,semantic,,30
Qwen-3-Coder-480B,896,challenging,semantic,,31
Qwen-3-Coder-480B,896,challenging,semantic,,32
Qwen-3-Coder-480B,896,challenging,semantic,,33
Qwen-3-Coder-480B,896,challenging,semantic,,34
Qwen-3-Coder-480B,896,challenging,semantic,,35
Qwen-3-Coder-480B,896,challenging,semantic,,36
Qwen-3-Coder-480B,896,challenging,semantic,,37
Qwen-3-Coder-480B,896,challenging,semantic,,38
Qwen-3-Coder-480B,896,challenging,semantic,,39
Qwen-3-Coder-480B,896,challenging,semantic,,40
Qwen-3-Coder-480B,896,challenging,semantic,,41
Qwen-3-Coder-480B,896,challenging,semantic,,42
Qwen-3-Coder-480B,896,challenging,semantic,,43
Qwen-3-Coder-480B,896,challenging,semantic,,44
Qwen-3-Coder-480B,896,challenging,semantic,,45
Qwen-3-Coder-480B,896,challenging,semantic,,46
Qwen-3-Coder-480B,896,challenging,semantic,,47
Qwen-3-Coder-480B,896,challenging,semantic,,48
Qwen-3-Coder-480B,896,challenging,semantic,,49
Qwen-3-Coder-480B,896,challenging,semantic,,50
Qwen-3-Coder-480B,1028,challenging,semantic,,1
Qwen-3-Coder-480B,1028,challenging,semantic,,2
Qwen-3-Coder-480B,1028,challenging,semantic,,3
Qwen-3-Coder-480B,1028,challenging,semantic,,4
Qwen-3-Coder-480B,1028,challenging,semantic,,5
Qwen-3-Coder-480B,1028,challenging,semantic,,6
Qwen-3-Coder-480B,1028,challenging,semantic,,7
Qwen-3-Coder-480B,1028,challenging,semantic,,8
Qwen-3-Coder-480B,1028,challenging,semantic,,9
Qwen-3-Coder-480B,1028,challenging,semantic,,10
Qwen-3-Coder-480B,1028,challenging,semantic,,11
Qwen-3-Coder-480B,1028,challenging,semantic,,12
Qwen-3-Coder-480B,1028,challenging,semantic,,13
Qwen-3-Coder-480B,1028,challenging,semantic,,14
Qwen-3-Coder-480B,1028,challenging,semantic,,15
Qwen-3-Coder-480B,1028,challenging,semantic,,16
Qwen-3-Coder-480B,1028,challenging,semantic,,17
Qwen-3-Coder-480B,1028,challenging,semantic,,18
Qwen-3-Coder-480B,1028,challenging,semantic,,19
Qwen-3-Coder-480B,1028,challenging,semantic,,20
Qwen-3-Coder-480B,1028,challenging,semantic,,21
Qwen-3-Coder-480B,1028,challenging,semantic,,22
Qwen-3-Coder-480B,1028,challenging,semantic,,23
Qwen-3-Coder-480B,1028,challenging,semantic,,24
Qwen-3-Coder-480B,1028,challenging,semantic,,25
Qwen-3-Coder-480B,1028,challenging,semantic,,26
Qwen-3-Coder-480B,1028,challenging,semantic,,27
Qwen-3-Coder-480B,1028,challenging,semantic,,28
Qwen-3-Coder-480B,1028,challenging,semantic,,29
Qwen-3-Coder-480B,1028,challenging,semantic,,30
Qwen-3-Coder-480B,1028,challenging,semantic,,31
Qwen-3-Coder-480B,1028,challenging,semantic,,32
Qwen-3-Coder-480B,1028,challenging,semantic,,33
Qwen-3-Coder-480B,1028,challenging,semantic,,34
Qwen-3-Coder-480B,1028,challenging,semantic,,35
Qwen-3-Coder-480B,1028,challenging,semantic,,36
Qwen-3-Coder-480B,1028,challenging,semantic,,37
Qwen-3-Coder-480B,1028,challenging,semantic,,38
Qwen-3-Coder-480B,1028,challenging,semantic,,39
Qwen-3-Coder-480B,1028,challenging,semantic,,40
Qwen-3-Coder-480B,1028,challenging,semantic,,41
Qwen-3-Coder-480B,1028,challenging,semantic,,42
Qwen-3-Coder-480B,1028,challenging,semantic,,43
Qwen-3-Coder-480B,1028,challenging,semantic,,44
Qwen-3-Coder-480B,1028,challenging,semantic,,45
Qwen-3-Coder-480B,1028,challenging,semantic,,46
Qwen-3-Coder-480B,1028,challenging,semantic,,47
Qwen-3-Coder-480B,1028,challenging,semantic,,48
Qwen-3-Coder-480B,1028,challenging,semantic,,49
Qwen-3-Coder-480B,1028,challenging,semantic,,50
Qwen-3-Coder-480B,1549,Challenging,syntactic,,1
Qwen-3-Coder-480B,1549,Challenging,semantic,,2
Qwen-3-Coder-480B,1549,Challenging,hallucination,,3
Qwen-3-Coder-480B,1549,Challenging,hallucination,,4
Qwen-3-Coder-480B,1549,Challenging,semantic,,5
Qwen-3-Coder-480B,1549,Challenging,semantic,,6
Qwen-3-Coder-480B,1549,Challenging,semantic,,7
Qwen-3-Coder-480B,1549,Challenging,syntactic,,8
Qwen-3-Coder-480B,1549,Challenging,semantic,,9
Qwen-3-Coder-480B,1549,Challenging,hallucination,,10
Qwen-3-Coder-480B,1549,Challenging,hallucination,,11
Qwen-3-Coder-480B,1549,Challenging,semantic,,12
Qwen-3-Coder-480B,1549,Challenging,semantic,,13
Qwen-3-Coder-480B,1549,Challenging,semantic,,14
Qwen-3-Coder-480B,1549,Challenging,semantic,,15
Qwen-3-Coder-480B,1549,Challenging,hallucination,,16
Qwen-3-Coder-480B,1549,Challenging,semantic,,17
Qwen-3-Coder-480B,1549,Challenging,semantic,,18
Qwen-3-Coder-480B,1549,Challenging,semantic,,19
Qwen-3-Coder-480B,1549,Challenging,hallucination,,20
Qwen-3-Coder-480B,1549,Challenging,semantic,,21
Qwen-3-Coder-480B,1549,Challenging,semantic,,22
Qwen-3-Coder-480B,1549,Challenging,semantic,,23
Qwen-3-Coder-480B,1549,Challenging,semantic,,24
Qwen-3-Coder-480B,1549,Challenging,semantic,,25
Qwen-3-Coder-480B,1549,Challenging,semantic,,26
Qwen-3-Coder-480B,1549,Challenging,hallucination,,27
Qwen-3-Coder-480B,1549,Challenging,semantic,,28
Qwen-3-Coder-480B,1549,Challenging,semantic,,29
Qwen-3-Coder-480B,1549,Challenging,semantic,,30
Qwen-3-Coder-480B,1549,Challenging,semantic,,31
Qwen-3-Coder-480B,1549,Challenging,semantic,,32
Qwen-3-Coder-480B,1549,Challenging,semantic,,33
Qwen-3-Coder-480B,1549,Challenging,semantic,,34
Qwen-3-Coder-480B,1549,Challenging,hallucination,,35
Qwen-3-Coder-480B,1549,Challenging,semantic,,36
Qwen-3-Coder-480B,1549,Challenging,semantic,,37
Qwen-3-Coder-480B,1549,Challenging,semantic,,38
Qwen-3-Coder-480B,1549,Challenging,semantic,,39
Qwen-3-Coder-480B,1549,Challenging,semantic,,40
Qwen-3-Coder-480B,1549,Challenging,semantic,,41
Qwen-3-Coder-480B,1549,Challenging,semantic,,42
Qwen-3-Coder-480B,1549,Challenging,semantic,,43
Qwen-3-Coder-480B,1549,Challenging,semantic,,44
Qwen-3-Coder-480B,1549,Challenging,semantic,,45
Qwen-3-Coder-480B,1549,Challenging,semantic,,46
Qwen-3-Coder-480B,1549,Challenging,semantic,,47
Qwen-3-Coder-480B,1549,Challenging,semantic,,48
Qwen-3-Coder-480B,1549,Challenging,semantic,,49
Qwen-3-Coder-480B,1549,Challenging,semantic,,50
Qwen-3-Coder-480B,1191,challenging,correct,6.300378856215046,1
Qwen-3-Coder-480B,1191,challenging,correct,1.0045489006823352,2
Qwen-3-Coder-480B,1191,challenging,correct,1.0311332503113324,3
Qwen-3-Coder-480B,1191,challenging,correct,1.1429850989333117,4
Qwen-3-Coder-480B,1191,challenging,correct,1.0622072775309235,5
Qwen-3-Coder-480B,1191,challenging,correct,1.0249126891734575,6
Qwen-3-Coder-480B,1191,challenging,correct,1.1847371224225824,7
Qwen-3-Coder-480B,1191,challenging,correct,1.186954575967778,8
Qwen-3-Coder-480B,1191,challenging,correct,1.2915537848605578,9
Qwen-3-Coder-480B,1191,challenging,correct,1.0285535476805132,10
Qwen-3-Coder-480B,1191,challenging,correct,1.2909423604757548,11
Qwen-3-Coder-480B,1191,challenging,correct,0.7604829857299671,12
Qwen-3-Coder-480B,1191,challenging,correct,0.9742397830718574,13
Qwen-3-Coder-480B,1191,challenging,correct,1.1777105056620698,14
Qwen-3-Coder-480B,1191,challenging,correct,1.233502538071066,15
Qwen-3-Coder-480B,1191,challenging,correct,1.1304449375218966,16
Qwen-3-Coder-480B,1191,challenging,correct,1.1077871148459384,17
Qwen-3-Coder-480B,1191,challenging,correct,1.172603297374313,18
Qwen-3-Coder-480B,1191,challenging,correct,1.0689744030235355,19
Qwen-3-Coder-480B,1191,challenging,correct,1.4774075120022592,20
Qwen-3-Coder-480B,1191,challenging,correct,1.0160907684373388,21
Qwen-3-Coder-480B,1191,challenging,correct,1.2013353286520088,22
Qwen-3-Coder-480B,1191,challenging,correct,1.2827017114914425,23
Qwen-3-Coder-480B,1191,challenging,correct,1.1256883705863299,24
Qwen-3-Coder-480B,1191,challenging,correct,1.0303366256803064,25
Qwen-3-Coder-480B,1191,challenging,correct,0.8155928263035537,26
Qwen-3-Coder-480B,1191,challenging,correct,1.0198776758409787,27
Qwen-3-Coder-480B,1191,challenging,correct,0.7850707004274909,28
Qwen-3-Coder-480B,1191,challenging,correct,1.9088288834951457,29
Qwen-3-Coder-480B,1191,challenging,correct,1.2115384615384615,30
Qwen-3-Coder-480B,1191,challenging,correct,1.339687152748098,31
Qwen-3-Coder-480B,1191,challenging,correct,1.3849509269356597,32
Qwen-3-Coder-480B,1191,challenging,correct,0.891496570531361,33
Qwen-3-Coder-480B,1191,challenging,correct,1.1342592592592593,34
Qwen-3-Coder-480B,1191,challenging,correct,1.2882899628252789,35
Qwen-3-Coder-480B,1191,challenging,correct,1.1320183794687886,36
Qwen-3-Coder-480B,1191,challenging,correct,1.270264702853023,37
Qwen-3-Coder-480B,1191,challenging,correct,0.7021244077640226,38
Qwen-3-Coder-480B,1191,challenging,correct,1.193302288714951,39
Qwen-3-Coder-480B,1191,challenging,correct,1.1810131795716639,40
Qwen-3-Coder-480B,1191,challenging,correct,1.2166229620339757,41
Qwen-3-Coder-480B,1191,challenging,correct,1.0543908227848102,42
Qwen-3-Coder-480B,1191,challenging,correct,0.76887734718338,43
Qwen-3-Coder-480B,1191,challenging,correct,1.2977967953386744,44
Qwen-3-Coder-480B,1191,challenging,correct,1.457046838899391,45
Qwen-3-Coder-480B,1191,challenging,correct,1.1206260480715484,46
Qwen-3-Coder-480B,1191,challenging,correct,1.1336206896551724,47
Qwen-3-Coder-480B,1191,challenging,correct,1.0606857142857142,48
Qwen-3-Coder-480B,1191,challenging,correct,0.9807671528903296,49
Qwen-3-Coder-480B,1191,challenging,correct,0.9011371785677696,50
Qwen-3-Coder-480B,1169,challenging,correct,3.522597379096105,1
Qwen-3-Coder-480B,1169,challenging,correct,1.1230563254568515,2
Qwen-3-Coder-480B,1169,challenging,correct,1.1404087282201596,3
Qwen-3-Coder-480B,1169,challenging,correct,0.9101710792289109,4
Qwen-3-Coder-480B,1169,challenging,correct,0.9934577387486279,5
Qwen-3-Coder-480B,1169,challenging,correct,1.251545908141072,6
Qwen-3-Coder-480B,1169,challenging,correct,1.174535399129763,7
Qwen-3-Coder-480B,1169,challenging,correct,1.164956025537204,8
Qwen-3-Coder-480B,1169,challenging,correct,1.1784851811196488,9
Qwen-3-Coder-480B,1169,challenging,correct,1.2203825292606338,10
Qwen-3-Coder-480B,1169,challenging,correct,1.2570871833553334,11
Qwen-3-Coder-480B,1169,challenging,correct,1.1076797354567742,12
Qwen-3-Coder-480B,1169,challenging,correct,1.0413902456805424,13
Qwen-3-Coder-480B,1169,challenging,correct,1.470395400443817,14
Qwen-3-Coder-480B,1169,challenging,correct,1.2236584631594791,15
Qwen-3-Coder-480B,1169,challenging,correct,1.17562202498493,16
Qwen-3-Coder-480B,1169,challenging,correct,1.046313704085552,17
Qwen-3-Coder-480B,1169,challenging,correct,1.026890756302521,18
Qwen-3-Coder-480B,1169,challenging,correct,1.0922056179078563,19
Qwen-3-Coder-480B,1169,challenging,correct,1.3864577568274203,20
Qwen-3-Coder-480B,1169,challenging,correct,1.01960140589394,21
Qwen-3-Coder-480B,1169,challenging,correct,0.9044998869375142,22
Qwen-3-Coder-480B,1169,challenging,correct,1.1464005967922417,23
Qwen-3-Coder-480B,1169,challenging,correct,0.8897446373850868,24
Qwen-3-Coder-480B,1169,challenging,correct,1.217939154452531,25
Qwen-3-Coder-480B,1169,challenging,correct,1.0140163799263453,26
Qwen-3-Coder-480B,1169,challenging,correct,1.0289962121212122,27
Qwen-3-Coder-480B,1169,challenging,correct,0.9528962091696365,28
Qwen-3-Coder-480B,1169,challenging,correct,1.136681980602348,29
Qwen-3-Coder-480B,1169,challenging,correct,1.1977356937011117,30
Qwen-3-Coder-480B,1169,challenging,correct,0.9762754968733125,31
Qwen-3-Coder-480B,1169,challenging,correct,0.9789566122422428,32
Qwen-3-Coder-480B,1169,challenging,correct,1.0023614278551443,33
Qwen-3-Coder-480B,1169,challenging,correct,0.750673801291069,34
Qwen-3-Coder-480B,1169,challenging,correct,1.316115081986906,35
Qwen-3-Coder-480B,1169,challenging,correct,1.1467629473235987,36
Qwen-3-Coder-480B,1169,challenging,correct,0.9970752137343809,37
Qwen-3-Coder-480B,1169,challenging,correct,1.0892087106511428,38
Qwen-3-Coder-480B,1169,challenging,correct,1.2192667557762078,39
Qwen-3-Coder-480B,1169,challenging,correct,1.2070099002197887,40
Qwen-3-Coder-480B,1169,challenging,correct,1.2700572375648018,41
Qwen-3-Coder-480B,1169,challenging,correct,1.25515517170131,42
Qwen-3-Coder-480B,1169,challenging,correct,1.1907837283454172,43
Qwen-3-Coder-480B,1169,challenging,correct,1.1006034226926502,44
Qwen-3-Coder-480B,1169,challenging,correct,1.2015133335913613,45
Qwen-3-Coder-480B,1169,challenging,correct,0.7819890515869805,46
Qwen-3-Coder-480B,1169,challenging,correct,1.2482087084328495,47
Qwen-3-Coder-480B,1169,challenging,correct,1.1347889531427335,48
Qwen-3-Coder-480B,1169,challenging,correct,1.2182994570079264,49
Qwen-3-Coder-480B,1169,challenging,correct,1.190692818256395,50
Qwen-3-Coder-480B,1552,Challenging,semantic,,1
Qwen-3-Coder-480B,1552,Challenging,semantic,,2
Qwen-3-Coder-480B,1552,Challenging,semantic,,3
Qwen-3-Coder-480B,1552,Challenging,semantic,,4
Qwen-3-Coder-480B,1552,Challenging,semantic,,5
Qwen-3-Coder-480B,1552,Challenging,semantic,,6
Qwen-3-Coder-480B,1552,Challenging,semantic,,7
Qwen-3-Coder-480B,1552,Challenging,semantic,,8
Qwen-3-Coder-480B,1552,Challenging,semantic,,9
Qwen-3-Coder-480B,1552,Challenging,semantic,,10
Qwen-3-Coder-480B,1552,Challenging,semantic,,11
Qwen-3-Coder-480B,1552,Challenging,semantic,,12
Qwen-3-Coder-480B,1552,Challenging,semantic,,13
Qwen-3-Coder-480B,1552,Challenging,semantic,,14
Qwen-3-Coder-480B,1552,Challenging,semantic,,15
Qwen-3-Coder-480B,1552,Challenging,semantic,,16
Qwen-3-Coder-480B,1552,Challenging,semantic,,17
Qwen-3-Coder-480B,1552,Challenging,semantic,,18
Qwen-3-Coder-480B,1552,Challenging,semantic,,19
Qwen-3-Coder-480B,1552,Challenging,semantic,,20
Qwen-3-Coder-480B,1552,Challenging,semantic,,21
Qwen-3-Coder-480B,1552,Challenging,semantic,,22
Qwen-3-Coder-480B,1552,Challenging,semantic,,23
Qwen-3-Coder-480B,1552,Challenging,semantic,,24
Qwen-3-Coder-480B,1552,Challenging,semantic,,25
Qwen-3-Coder-480B,1552,Challenging,semantic,,26
Qwen-3-Coder-480B,1552,Challenging,semantic,,27
Qwen-3-Coder-480B,1552,Challenging,semantic,,28
Qwen-3-Coder-480B,1552,Challenging,semantic,,29
Qwen-3-Coder-480B,1552,Challenging,semantic,,30
Qwen-3-Coder-480B,1552,Challenging,semantic,,31
Qwen-3-Coder-480B,1552,Challenging,semantic,,32
Qwen-3-Coder-480B,1552,Challenging,semantic,,33
Qwen-3-Coder-480B,1552,Challenging,semantic,,34
Qwen-3-Coder-480B,1552,Challenging,semantic,,35
Qwen-3-Coder-480B,1552,Challenging,semantic,,36
Qwen-3-Coder-480B,1552,Challenging,semantic,,37
Qwen-3-Coder-480B,1552,Challenging,semantic,,38
Qwen-3-Coder-480B,1552,Challenging,semantic,,39
Qwen-3-Coder-480B,1552,Challenging,semantic,,40
Qwen-3-Coder-480B,1552,Challenging,semantic,,41
Qwen-3-Coder-480B,1552,Challenging,semantic,,42
Qwen-3-Coder-480B,1552,Challenging,semantic,,43
Qwen-3-Coder-480B,1552,Challenging,semantic,,44
Qwen-3-Coder-480B,1552,Challenging,semantic,,45
Qwen-3-Coder-480B,1552,Challenging,semantic,,46
Qwen-3-Coder-480B,1552,Challenging,semantic,,47
Qwen-3-Coder-480B,1552,Challenging,semantic,,48
Qwen-3-Coder-480B,1552,Challenging,semantic,,49
Qwen-3-Coder-480B,1552,Challenging,semantic,,50
Qwen-3-Coder-480B,744,challenging,semantic,,1
Qwen-3-Coder-480B,744,challenging,semantic,,2
Qwen-3-Coder-480B,744,challenging,semantic,,3
Qwen-3-Coder-480B,744,challenging,semantic,,4
Qwen-3-Coder-480B,744,challenging,semantic,,5
Qwen-3-Coder-480B,744,challenging,semantic,,6
Qwen-3-Coder-480B,744,challenging,semantic,,7
Qwen-3-Coder-480B,744,challenging,semantic,,8
Qwen-3-Coder-480B,744,challenging,semantic,,9
Qwen-3-Coder-480B,744,challenging,semantic,,10
Qwen-3-Coder-480B,744,challenging,semantic,,11
Qwen-3-Coder-480B,744,challenging,semantic,,12
Qwen-3-Coder-480B,744,challenging,semantic,,13
Qwen-3-Coder-480B,744,challenging,semantic,,14
Qwen-3-Coder-480B,744,challenging,semantic,,15
Qwen-3-Coder-480B,744,challenging,semantic,,16
Qwen-3-Coder-480B,744,challenging,semantic,,17
Qwen-3-Coder-480B,744,challenging,semantic,,18
Qwen-3-Coder-480B,744,challenging,semantic,,19
Qwen-3-Coder-480B,744,challenging,semantic,,20
Qwen-3-Coder-480B,744,challenging,semantic,,21
Qwen-3-Coder-480B,744,challenging,semantic,,22
Qwen-3-Coder-480B,744,challenging,semantic,,23
Qwen-3-Coder-480B,744,challenging,semantic,,24
Qwen-3-Coder-480B,744,challenging,semantic,,25
Qwen-3-Coder-480B,744,challenging,semantic,,26
Qwen-3-Coder-480B,744,challenging,semantic,,27
Qwen-3-Coder-480B,744,challenging,semantic,,28
Qwen-3-Coder-480B,744,challenging,semantic,,29
Qwen-3-Coder-480B,744,challenging,semantic,,30
Qwen-3-Coder-480B,744,challenging,semantic,,31
Qwen-3-Coder-480B,744,challenging,semantic,,32
Qwen-3-Coder-480B,744,challenging,semantic,,33
Qwen-3-Coder-480B,744,challenging,semantic,,34
Qwen-3-Coder-480B,744,challenging,semantic,,35
Qwen-3-Coder-480B,744,challenging,semantic,,36
Qwen-3-Coder-480B,744,challenging,semantic,,37
Qwen-3-Coder-480B,744,challenging,semantic,,38
Qwen-3-Coder-480B,744,challenging,semantic,,39
Qwen-3-Coder-480B,744,challenging,semantic,,40
Qwen-3-Coder-480B,744,challenging,semantic,,41
Qwen-3-Coder-480B,744,challenging,semantic,,42
Qwen-3-Coder-480B,744,challenging,semantic,,43
Qwen-3-Coder-480B,744,challenging,semantic,,44
Qwen-3-Coder-480B,744,challenging,semantic,,45
Qwen-3-Coder-480B,744,challenging,semantic,,46
Qwen-3-Coder-480B,744,challenging,semantic,,47
Qwen-3-Coder-480B,744,challenging,semantic,,48
Qwen-3-Coder-480B,744,challenging,semantic,,49
Qwen-3-Coder-480B,744,challenging,semantic,,50
Qwen-3-Coder-480B,962,challenging,semantic,,1
Qwen-3-Coder-480B,962,challenging,semantic,,2
Qwen-3-Coder-480B,962,challenging,semantic,,3
Qwen-3-Coder-480B,962,challenging,semantic,,4
Qwen-3-Coder-480B,962,challenging,semantic,,5
Qwen-3-Coder-480B,962,challenging,semantic,,6
Qwen-3-Coder-480B,962,challenging,semantic,,7
Qwen-3-Coder-480B,962,challenging,semantic,,8
Qwen-3-Coder-480B,962,challenging,semantic,,9
Qwen-3-Coder-480B,962,challenging,semantic,,10
Qwen-3-Coder-480B,962,challenging,semantic,,11
Qwen-3-Coder-480B,962,challenging,semantic,,12
Qwen-3-Coder-480B,962,challenging,semantic,,13
Qwen-3-Coder-480B,962,challenging,semantic,,14
Qwen-3-Coder-480B,962,challenging,semantic,,15
Qwen-3-Coder-480B,962,challenging,semantic,,16
Qwen-3-Coder-480B,962,challenging,semantic,,17
Qwen-3-Coder-480B,962,challenging,semantic,,18
Qwen-3-Coder-480B,962,challenging,semantic,,19
Qwen-3-Coder-480B,962,challenging,semantic,,20
Qwen-3-Coder-480B,962,challenging,semantic,,21
Qwen-3-Coder-480B,962,challenging,semantic,,22
Qwen-3-Coder-480B,962,challenging,semantic,,23
Qwen-3-Coder-480B,962,challenging,semantic,,24
Qwen-3-Coder-480B,962,challenging,semantic,,25
Qwen-3-Coder-480B,962,challenging,semantic,,26
Qwen-3-Coder-480B,962,challenging,semantic,,27
Qwen-3-Coder-480B,962,challenging,semantic,,28
Qwen-3-Coder-480B,962,challenging,semantic,,29
Qwen-3-Coder-480B,962,challenging,semantic,,30
Qwen-3-Coder-480B,962,challenging,semantic,,31
Qwen-3-Coder-480B,962,challenging,semantic,,32
Qwen-3-Coder-480B,962,challenging,semantic,,33
Qwen-3-Coder-480B,962,challenging,semantic,,34
Qwen-3-Coder-480B,962,challenging,semantic,,35
Qwen-3-Coder-480B,962,challenging,semantic,,36
Qwen-3-Coder-480B,962,challenging,semantic,,37
Qwen-3-Coder-480B,962,challenging,semantic,,38
Qwen-3-Coder-480B,962,challenging,semantic,,39
Qwen-3-Coder-480B,962,challenging,semantic,,40
Qwen-3-Coder-480B,962,challenging,semantic,,41
Qwen-3-Coder-480B,962,challenging,semantic,,42
Qwen-3-Coder-480B,962,challenging,semantic,,43
Qwen-3-Coder-480B,962,challenging,semantic,,44
Qwen-3-Coder-480B,962,challenging,semantic,,45
Qwen-3-Coder-480B,962,challenging,semantic,,46
Qwen-3-Coder-480B,962,challenging,semantic,,47
Qwen-3-Coder-480B,962,challenging,semantic,,48
Qwen-3-Coder-480B,962,challenging,semantic,,49
Qwen-3-Coder-480B,962,challenging,semantic,,50
Qwen-3-Coder-480B,290,challenging,semantic,,1
Qwen-3-Coder-480B,290,challenging,semantic,,2
Qwen-3-Coder-480B,290,challenging,semantic,,3
Qwen-3-Coder-480B,290,challenging,semantic,,4
Qwen-3-Coder-480B,290,challenging,semantic,,5
Qwen-3-Coder-480B,290,challenging,semantic,,6
Qwen-3-Coder-480B,290,challenging,semantic,,7
Qwen-3-Coder-480B,290,challenging,semantic,,8
Qwen-3-Coder-480B,290,challenging,semantic,,9
Qwen-3-Coder-480B,290,challenging,semantic,,10
Qwen-3-Coder-480B,290,challenging,semantic,,11
Qwen-3-Coder-480B,290,challenging,semantic,,12
Qwen-3-Coder-480B,290,challenging,semantic,,13
Qwen-3-Coder-480B,290,challenging,semantic,,14
Qwen-3-Coder-480B,290,challenging,semantic,,15
Qwen-3-Coder-480B,290,challenging,semantic,,16
Qwen-3-Coder-480B,290,challenging,semantic,,17
Qwen-3-Coder-480B,290,challenging,semantic,,18
Qwen-3-Coder-480B,290,challenging,semantic,,19
Qwen-3-Coder-480B,290,challenging,semantic,,20
Qwen-3-Coder-480B,290,challenging,semantic,,21
Qwen-3-Coder-480B,290,challenging,semantic,,22
Qwen-3-Coder-480B,290,challenging,semantic,,23
Qwen-3-Coder-480B,290,challenging,semantic,,24
Qwen-3-Coder-480B,290,challenging,semantic,,25
Qwen-3-Coder-480B,290,challenging,semantic,,26
Qwen-3-Coder-480B,290,challenging,semantic,,27
Qwen-3-Coder-480B,290,challenging,semantic,,28
Qwen-3-Coder-480B,290,challenging,semantic,,29
Qwen-3-Coder-480B,290,challenging,semantic,,30
Qwen-3-Coder-480B,290,challenging,semantic,,31
Qwen-3-Coder-480B,290,challenging,semantic,,32
Qwen-3-Coder-480B,290,challenging,semantic,,33
Qwen-3-Coder-480B,290,challenging,semantic,,34
Qwen-3-Coder-480B,290,challenging,semantic,,35
Qwen-3-Coder-480B,290,challenging,semantic,,36
Qwen-3-Coder-480B,290,challenging,semantic,,37
Qwen-3-Coder-480B,290,challenging,semantic,,38
Qwen-3-Coder-480B,290,challenging,semantic,,39
Qwen-3-Coder-480B,290,challenging,semantic,,40
Qwen-3-Coder-480B,290,challenging,semantic,,41
Qwen-3-Coder-480B,290,challenging,semantic,,42
Qwen-3-Coder-480B,290,challenging,semantic,,43
Qwen-3-Coder-480B,290,challenging,semantic,,44
Qwen-3-Coder-480B,290,challenging,semantic,,45
Qwen-3-Coder-480B,290,challenging,semantic,,46
Qwen-3-Coder-480B,290,challenging,semantic,,47
Qwen-3-Coder-480B,290,challenging,semantic,,48
Qwen-3-Coder-480B,290,challenging,semantic,,49
Qwen-3-Coder-480B,290,challenging,semantic,,50
Qwen-3-Coder-480B,1114,challenging,correct,1.1989116091065803,1
Qwen-3-Coder-480B,1114,challenging,correct,1.065342954596816,2
Qwen-3-Coder-480B,1114,challenging,correct,0.9905744856650752,3
Qwen-3-Coder-480B,1114,challenging,correct,0.8429599812578537,4
Qwen-3-Coder-480B,1114,challenging,correct,0.9391997215007853,5
Qwen-3-Coder-480B,1114,challenging,correct,1.0929718766738283,6
Qwen-3-Coder-480B,1114,challenging,correct,1.0559082157364579,7
Qwen-3-Coder-480B,1114,challenging,correct,1.1076101007634103,8
Qwen-3-Coder-480B,1114,challenging,correct,1.2355594089986675,9
Qwen-3-Coder-480B,1114,challenging,correct,1.1554494883371587,10
Qwen-3-Coder-480B,1114,challenging,correct,0.9665274727645483,11
Qwen-3-Coder-480B,1114,challenging,correct,0.9362045594428933,12
Qwen-3-Coder-480B,1114,challenging,correct,1.0236568361326681,13
Qwen-3-Coder-480B,1114,challenging,correct,1.0499425261435957,14
Qwen-3-Coder-480B,1114,challenging,correct,0.858542807197854,15
Qwen-3-Coder-480B,1114,challenging,correct,0.9753123358451269,16
Qwen-3-Coder-480B,1114,challenging,correct,1.188217024020186,17
Qwen-3-Coder-480B,1114,challenging,correct,0.9675054511736625,18
Qwen-3-Coder-480B,1114,challenging,correct,0.9688953190585253,19
Qwen-3-Coder-480B,1114,challenging,correct,1.0054174157138276,20
Qwen-3-Coder-480B,1114,challenging,correct,1.032058750792706,21
Qwen-3-Coder-480B,1114,challenging,correct,0.9452516416710323,22
Qwen-3-Coder-480B,1114,challenging,correct,1.0188118873696697,23
Qwen-3-Coder-480B,1114,challenging,correct,1.0320517695402174,24
Qwen-3-Coder-480B,1114,challenging,correct,1.035610565800996,25
Qwen-3-Coder-480B,1114,challenging,correct,0.9718349060305254,26
Qwen-3-Coder-480B,1114,challenging,correct,1.1256920354160784,27
Qwen-3-Coder-480B,1114,challenging,correct,0.9147371501133644,28
Qwen-3-Coder-480B,1114,challenging,correct,0.9928969657809702,29
Qwen-3-Coder-480B,1114,challenging,correct,1.030497232562141,30
Qwen-3-Coder-480B,1114,challenging,correct,1.0191205054315366,31
Qwen-3-Coder-480B,1114,challenging,correct,0.9524352643083948,32
Qwen-3-Coder-480B,1114,challenging,correct,1.0777066948673462,33
Qwen-3-Coder-480B,1114,challenging,correct,1.0463495262893714,34
Qwen-3-Coder-480B,1114,challenging,correct,0.925656376192833,35
Qwen-3-Coder-480B,1114,challenging,correct,1.0202595185226269,36
Qwen-3-Coder-480B,1114,challenging,correct,1.1778159641418768,37
Qwen-3-Coder-480B,1114,challenging,correct,1.0712247232044922,38
Qwen-3-Coder-480B,1114,challenging,correct,1.020681871364527,39
Qwen-3-Coder-480B,1114,challenging,correct,1.0443835998445197,40
Qwen-3-Coder-480B,1114,challenging,correct,0.8699794604387133,41
Qwen-3-Coder-480B,1114,challenging,correct,0.9495055915684836,42
Qwen-3-Coder-480B,1114,challenging,correct,0.9446997791198218,43
Qwen-3-Coder-480B,1114,challenging,correct,1.1022651933336463,44
Qwen-3-Coder-480B,1114,challenging,correct,1.0471012215176188,45
Qwen-3-Coder-480B,1114,challenging,correct,0.9867653809411561,46
Qwen-3-Coder-480B,1114,challenging,correct,1.0792987369931506,47
Qwen-3-Coder-480B,1114,challenging,correct,0.9083606089470366,48
Qwen-3-Coder-480B,1114,challenging,correct,0.99835563907865,49
Qwen-3-Coder-480B,1114,challenging,correct,1.094160078310204,50
Qwen-3-Coder-480B,1302,challenging,semantic,,1
Qwen-3-Coder-480B,1302,challenging,semantic,,2
Qwen-3-Coder-480B,1302,challenging,hallucination,,3
Qwen-3-Coder-480B,1302,challenging,semantic,,4
Qwen-3-Coder-480B,1302,challenging,hallucination,,5
Qwen-3-Coder-480B,1302,challenging,semantic,,6
Qwen-3-Coder-480B,1302,challenging,hallucination,,7
Qwen-3-Coder-480B,1302,challenging,semantic,,8
Qwen-3-Coder-480B,1302,challenging,semantic,,9
Qwen-3-Coder-480B,1302,challenging,hallucination,,10
Qwen-3-Coder-480B,1302,challenging,semantic,,11
Qwen-3-Coder-480B,1302,challenging,semantic,,12
Qwen-3-Coder-480B,1302,challenging,semantic,,13
Qwen-3-Coder-480B,1302,challenging,hallucination,,14
Qwen-3-Coder-480B,1302,challenging,semantic,,15
Qwen-3-Coder-480B,1302,challenging,hallucination,,16
Qwen-3-Coder-480B,1302,challenging,hallucination,,17
Qwen-3-Coder-480B,1302,challenging,semantic,,18
Qwen-3-Coder-480B,1302,challenging,semantic,,19
Qwen-3-Coder-480B,1302,challenging,semantic,,20
Qwen-3-Coder-480B,1302,challenging,semantic,,21
Qwen-3-Coder-480B,1302,challenging,hallucination,,22
Qwen-3-Coder-480B,1302,challenging,semantic,,23
Qwen-3-Coder-480B,1302,challenging,semantic,,24
Qwen-3-Coder-480B,1302,challenging,semantic,,25
Qwen-3-Coder-480B,1302,challenging,hallucination,,26
Qwen-3-Coder-480B,1302,challenging,hallucination,,27
Qwen-3-Coder-480B,1302,challenging,semantic,,28
Qwen-3-Coder-480B,1302,challenging,hallucination,,29
Qwen-3-Coder-480B,1302,challenging,hallucination,,30
Qwen-3-Coder-480B,1302,challenging,semantic,,31
Qwen-3-Coder-480B,1302,challenging,semantic,,32
Qwen-3-Coder-480B,1302,challenging,semantic,,33
Qwen-3-Coder-480B,1302,challenging,semantic,,34
Qwen-3-Coder-480B,1302,challenging,hallucination,,35
Qwen-3-Coder-480B,1302,challenging,semantic,,36
Qwen-3-Coder-480B,1302,challenging,hallucination,,37
Qwen-3-Coder-480B,1302,challenging,hallucination,,38
Qwen-3-Coder-480B,1302,challenging,hallucination,,39
Qwen-3-Coder-480B,1302,challenging,hallucination,,40
Qwen-3-Coder-480B,1302,challenging,hallucination,,41
Qwen-3-Coder-480B,1302,challenging,semantic,,42
Qwen-3-Coder-480B,1302,challenging,semantic,,43
Qwen-3-Coder-480B,1302,challenging,semantic,,44
Qwen-3-Coder-480B,1302,challenging,hallucination,,45
Qwen-3-Coder-480B,1302,challenging,semantic,,46
Qwen-3-Coder-480B,1302,challenging,semantic,,47
Qwen-3-Coder-480B,1302,challenging,semantic,,48
Qwen-3-Coder-480B,1302,challenging,hallucination,,49
Qwen-3-Coder-480B,1302,challenging,semantic,,50
Qwen-3-Coder-480B,206,challenging,correct,5.607163179916318,1
Qwen-3-Coder-480B,206,challenging,correct,0.933841599642538,2
Qwen-3-Coder-480B,206,challenging,correct,0.5849428019610756,3
Qwen-3-Coder-480B,206,challenging,correct,0.839035502449927,4
Qwen-3-Coder-480B,206,challenging,correct,0.8613874460779998,5
Qwen-3-Coder-480B,206,challenging,correct,0.7663750964754309,6
Qwen-3-Coder-480B,206,challenging,correct,1.2089241719134958,7
Qwen-3-Coder-480B,206,challenging,correct,1.088395808245151,8
Qwen-3-Coder-480B,206,challenging,correct,1.5730350472860208,9
Qwen-3-Coder-480B,206,challenging,correct,1.0286206716456887,10
Qwen-3-Coder-480B,206,challenging,correct,1.2577945176815233,11
Qwen-3-Coder-480B,206,challenging,correct,1.333144956202317,12
Qwen-3-Coder-480B,206,challenging,correct,1.5580082396622756,13
Qwen-3-Coder-480B,206,challenging,correct,1.5386451466242328,14
Qwen-3-Coder-480B,206,challenging,correct,0.8880998224600535,15
Qwen-3-Coder-480B,206,challenging,correct,1.1144939109602716,16
Qwen-3-Coder-480B,206,challenging,correct,0.9952858254382352,17
Qwen-3-Coder-480B,206,challenging,correct,0.4696166442826512,18
Qwen-3-Coder-480B,206,challenging,correct,1.106292082656141,19
Qwen-3-Coder-480B,206,challenging,correct,1.4684888515855927,20
Qwen-3-Coder-480B,206,challenging,correct,0.7382821323695505,21
Qwen-3-Coder-480B,206,challenging,correct,1.2676870561030666,22
Qwen-3-Coder-480B,206,challenging,correct,1.8376807932798584,23
Qwen-3-Coder-480B,206,challenging,correct,1.5002673466869576,24
Qwen-3-Coder-480B,206,challenging,correct,1.3313064375182055,25
Qwen-3-Coder-480B,206,challenging,correct,1.4123080171003326,26
Qwen-3-Coder-480B,206,challenging,correct,1.318082788671024,27
Qwen-3-Coder-480B,206,challenging,correct,1.325495666035668,28
Qwen-3-Coder-480B,206,challenging,correct,1.1673867042849586,29
Qwen-3-Coder-480B,206,challenging,correct,1.147958157312412,30
Qwen-3-Coder-480B,206,challenging,correct,1.6087017152419467,31
Qwen-3-Coder-480B,206,challenging,correct,0.9150431888718543,32
Qwen-3-Coder-480B,206,challenging,correct,1.2725647384508911,33
Qwen-3-Coder-480B,206,challenging,correct,0.9670527331753971,34
Qwen-3-Coder-480B,206,challenging,correct,1.490576420415463,35
Qwen-3-Coder-480B,206,challenging,correct,1.361133723081477,36
Qwen-3-Coder-480B,206,challenging,correct,0.9919331708016635,37
Qwen-3-Coder-480B,206,challenging,correct,1.196744515215853,38
Qwen-3-Coder-480B,206,challenging,correct,0.5055956972890748,39
Qwen-3-Coder-480B,206,challenging,correct,1.1695208368483212,40
Qwen-3-Coder-480B,206,challenging,correct,1.3487205536859483,41
Qwen-3-Coder-480B,206,challenging,correct,0.919407459659642,42
Qwen-3-Coder-480B,206,challenging,correct,1.4725079113924051,43
Qwen-3-Coder-480B,206,challenging,correct,0.7604420153987314,44
Qwen-3-Coder-480B,206,challenging,correct,0.8445714285714285,45
Qwen-3-Coder-480B,206,challenging,correct,1.4920890903543564,46
Qwen-3-Coder-480B,206,challenging,correct,1.017861092678611,47
Qwen-3-Coder-480B,206,challenging,correct,1.6057796125754207,48
Qwen-3-Coder-480B,206,challenging,correct,2.370467426412335,49
Qwen-3-Coder-480B,206,challenging,correct,1.0989979476035252,50
Qwen-3-Coder-480B,1257,challenging,correct,2.265020351724541,1
Qwen-3-Coder-480B,1257,challenging,correct,1.754812305955405,2
Qwen-3-Coder-480B,1257,challenging,correct,1.1740190387740888,3
Qwen-3-Coder-480B,1257,challenging,correct,0.7519577681443155,4
Qwen-3-Coder-480B,1257,challenging,correct,1.1538509220517588,5
Qwen-3-Coder-480B,1257,challenging,correct,1.0810355392156863,6
Qwen-3-Coder-480B,1257,challenging,correct,1.033552411718837,7
Qwen-3-Coder-480B,1257,challenging,correct,1.0081173375132957,8
Qwen-3-Coder-480B,1257,challenging,correct,0.8836111111111111,9
Qwen-3-Coder-480B,1257,challenging,correct,0.9684422451850774,10
Qwen-3-Coder-480B,1257,challenging,correct,1.0074332108179276,11
Qwen-3-Coder-480B,1257,challenging,correct,0.9267051496278292,12
Qwen-3-Coder-480B,1257,challenging,correct,1.2927670121676431,13
Qwen-3-Coder-480B,1257,challenging,correct,1.6264794032071055,14
Qwen-3-Coder-480B,1257,challenging,correct,1.3426694997102568,15
Qwen-3-Coder-480B,1257,challenging,correct,1.194615021256495,16
Qwen-3-Coder-480B,1257,challenging,correct,1.0351925769576393,17
Qwen-3-Coder-480B,1257,challenging,correct,1.5816981589147288,18
Qwen-3-Coder-480B,1257,challenging,correct,0.978324403312226,19
Qwen-3-Coder-480B,1257,challenging,correct,1.1840333358741775,20
Qwen-3-Coder-480B,1257,challenging,correct,1.1676364208208838,21
Qwen-3-Coder-480B,1257,challenging,correct,0.6129204931332698,22
Qwen-3-Coder-480B,1257,challenging,correct,1.3729874424280597,23
Qwen-3-Coder-480B,1257,challenging,correct,0.798133818843878,24
Qwen-3-Coder-480B,1257,challenging,correct,1.1110683832135095,25
Qwen-3-Coder-480B,1257,challenging,correct,1.1110140758245146,26
Qwen-3-Coder-480B,1257,challenging,correct,0.9096829742140586,27
Qwen-3-Coder-480B,1257,challenging,correct,1.0298939861831842,28
Qwen-3-Coder-480B,1257,challenging,correct,0.9188179698301657,29
Qwen-3-Coder-480B,1257,challenging,correct,0.8416895304335669,30
Qwen-3-Coder-480B,1257,challenging,correct,1.1535918097430748,31
Qwen-3-Coder-480B,1257,challenging,correct,0.9938380281690141,32
Qwen-3-Coder-480B,1257,challenging,correct,1.0330218386695944,33
Qwen-3-Coder-480B,1257,challenging,correct,0.8257569296375267,34
Qwen-3-Coder-480B,1257,challenging,correct,0.9187582262969183,35
Qwen-3-Coder-480B,1257,challenging,correct,1.2019192216193098,36
Qwen-3-Coder-480B,1257,challenging,correct,1.1667234844686867,37
Qwen-3-Coder-480B,1257,challenging,correct,1.277521128778112,38
Qwen-3-Coder-480B,1257,challenging,correct,1.6838841195555427,39
Qwen-3-Coder-480B,1257,challenging,correct,1.332200073376544,40
Qwen-3-Coder-480B,1257,challenging,correct,0.8978652725589501,41
Qwen-3-Coder-480B,1257,challenging,correct,1.4665151084588424,42
Qwen-3-Coder-480B,1257,challenging,correct,1.0179769654481723,43
Qwen-3-Coder-480B,1257,challenging,correct,1.0576718296224588,44
Qwen-3-Coder-480B,1257,challenging,correct,1.3769353733729162,45
Qwen-3-Coder-480B,1257,challenging,correct,1.241397453435757,46
Qwen-3-Coder-480B,1257,challenging,correct,1.0317529225712425,47
Qwen-3-Coder-480B,1257,challenging,correct,0.8691997087442908,48
Qwen-3-Coder-480B,1257,challenging,correct,0.8509088246599916,49
Qwen-3-Coder-480B,1257,challenging,correct,1.1355660175476139,50
Qwen-3-Coder-480B,477,challenging,semantic,,1
Qwen-3-Coder-480B,477,challenging,semantic,,2
Qwen-3-Coder-480B,477,challenging,semantic,,3
Qwen-3-Coder-480B,477,challenging,semantic,,4
Qwen-3-Coder-480B,477,challenging,semantic,,5
Qwen-3-Coder-480B,477,challenging,semantic,,6
Qwen-3-Coder-480B,477,challenging,semantic,,7
Qwen-3-Coder-480B,477,challenging,semantic,,8
Qwen-3-Coder-480B,477,challenging,semantic,,9
Qwen-3-Coder-480B,477,challenging,semantic,,10
Qwen-3-Coder-480B,477,challenging,semantic,,11
Qwen-3-Coder-480B,477,challenging,semantic,,12
Qwen-3-Coder-480B,477,challenging,semantic,,13
Qwen-3-Coder-480B,477,challenging,semantic,,14
Qwen-3-Coder-480B,477,challenging,semantic,,15
Qwen-3-Coder-480B,477,challenging,semantic,,16
Qwen-3-Coder-480B,477,challenging,semantic,,17
Qwen-3-Coder-480B,477,challenging,semantic,,18
Qwen-3-Coder-480B,477,challenging,semantic,,19
Qwen-3-Coder-480B,477,challenging,semantic,,20
Qwen-3-Coder-480B,477,challenging,semantic,,21
Qwen-3-Coder-480B,477,challenging,semantic,,22
Qwen-3-Coder-480B,477,challenging,semantic,,23
Qwen-3-Coder-480B,477,challenging,semantic,,24
Qwen-3-Coder-480B,477,challenging,semantic,,25
Qwen-3-Coder-480B,477,challenging,semantic,,26
Qwen-3-Coder-480B,477,challenging,semantic,,27
Qwen-3-Coder-480B,477,challenging,semantic,,28
Qwen-3-Coder-480B,477,challenging,semantic,,29
Qwen-3-Coder-480B,477,challenging,semantic,,30
Qwen-3-Coder-480B,477,challenging,semantic,,31
Qwen-3-Coder-480B,477,challenging,semantic,,32
Qwen-3-Coder-480B,477,challenging,semantic,,33
Qwen-3-Coder-480B,477,challenging,semantic,,34
Qwen-3-Coder-480B,477,challenging,semantic,,35
Qwen-3-Coder-480B,477,challenging,semantic,,36
Qwen-3-Coder-480B,477,challenging,semantic,,37
Qwen-3-Coder-480B,477,challenging,semantic,,38
Qwen-3-Coder-480B,477,challenging,semantic,,39
Qwen-3-Coder-480B,477,challenging,semantic,,40
Qwen-3-Coder-480B,477,challenging,semantic,,41
Qwen-3-Coder-480B,477,challenging,semantic,,42
Qwen-3-Coder-480B,477,challenging,semantic,,43
Qwen-3-Coder-480B,477,challenging,semantic,,44
Qwen-3-Coder-480B,477,challenging,semantic,,45
Qwen-3-Coder-480B,477,challenging,semantic,,46
Qwen-3-Coder-480B,477,challenging,semantic,,47
Qwen-3-Coder-480B,477,challenging,semantic,,48
Qwen-3-Coder-480B,477,challenging,semantic,,49
Qwen-3-Coder-480B,477,challenging,semantic,,50
Qwen-3-Coder-480B,1036,challenging,semantic,,1
Qwen-3-Coder-480B,1036,challenging,semantic,,2
Qwen-3-Coder-480B,1036,challenging,semantic,,3
Qwen-3-Coder-480B,1036,challenging,semantic,,4
Qwen-3-Coder-480B,1036,challenging,semantic,,5
Qwen-3-Coder-480B,1036,challenging,semantic,,6
Qwen-3-Coder-480B,1036,challenging,semantic,,7
Qwen-3-Coder-480B,1036,challenging,semantic,,8
Qwen-3-Coder-480B,1036,challenging,semantic,,9
Qwen-3-Coder-480B,1036,challenging,semantic,,10
Qwen-3-Coder-480B,1036,challenging,semantic,,11
Qwen-3-Coder-480B,1036,challenging,semantic,,12
Qwen-3-Coder-480B,1036,challenging,semantic,,13
Qwen-3-Coder-480B,1036,challenging,semantic,,14
Qwen-3-Coder-480B,1036,challenging,semantic,,15
Qwen-3-Coder-480B,1036,challenging,semantic,,16
Qwen-3-Coder-480B,1036,challenging,semantic,,17
Qwen-3-Coder-480B,1036,challenging,semantic,,18
Qwen-3-Coder-480B,1036,challenging,semantic,,19
Qwen-3-Coder-480B,1036,challenging,semantic,,20
Qwen-3-Coder-480B,1036,challenging,semantic,,21
Qwen-3-Coder-480B,1036,challenging,semantic,,22
Qwen-3-Coder-480B,1036,challenging,semantic,,23
Qwen-3-Coder-480B,1036,challenging,semantic,,24
Qwen-3-Coder-480B,1036,challenging,semantic,,25
Qwen-3-Coder-480B,1036,challenging,semantic,,26
Qwen-3-Coder-480B,1036,challenging,semantic,,27
Qwen-3-Coder-480B,1036,challenging,semantic,,28
Qwen-3-Coder-480B,1036,challenging,semantic,,29
Qwen-3-Coder-480B,1036,challenging,semantic,,30
Qwen-3-Coder-480B,1036,challenging,semantic,,31
Qwen-3-Coder-480B,1036,challenging,semantic,,32
Qwen-3-Coder-480B,1036,challenging,semantic,,33
Qwen-3-Coder-480B,1036,challenging,semantic,,34
Qwen-3-Coder-480B,1036,challenging,semantic,,35
Qwen-3-Coder-480B,1036,challenging,semantic,,36
Qwen-3-Coder-480B,1036,challenging,semantic,,37
Qwen-3-Coder-480B,1036,challenging,semantic,,38
Qwen-3-Coder-480B,1036,challenging,semantic,,39
Qwen-3-Coder-480B,1036,challenging,semantic,,40
Qwen-3-Coder-480B,1036,challenging,semantic,,41
Qwen-3-Coder-480B,1036,challenging,semantic,,42
Qwen-3-Coder-480B,1036,challenging,semantic,,43
Qwen-3-Coder-480B,1036,challenging,semantic,,44
Qwen-3-Coder-480B,1036,challenging,semantic,,45
Qwen-3-Coder-480B,1036,challenging,semantic,,46
Qwen-3-Coder-480B,1036,challenging,semantic,,47
Qwen-3-Coder-480B,1036,challenging,semantic,,48
Qwen-3-Coder-480B,1036,challenging,semantic,,49
Qwen-3-Coder-480B,1036,challenging,semantic,,50
Qwen-3-Coder-480B,1192,challenging,correct,1.1321544417704301,1
Qwen-3-Coder-480B,1192,challenging,correct,1.277161360445632,2
Qwen-3-Coder-480B,1192,challenging,correct,0.969364161849711,3
Qwen-3-Coder-480B,1192,challenging,correct,1.292875859000346,4
Qwen-3-Coder-480B,1192,challenging,correct,1.0948653382964748,5
Qwen-3-Coder-480B,1192,challenging,correct,0.7030039675042509,6
Qwen-3-Coder-480B,1192,challenging,correct,1.3723629210720434,7
Qwen-3-Coder-480B,1192,challenging,correct,1.102547259324137,8
Qwen-3-Coder-480B,1192,challenging,correct,1.076110651732692,9
Qwen-3-Coder-480B,1192,challenging,correct,1.1169026815305816,10
Qwen-3-Coder-480B,1192,challenging,correct,0.6008496668919572,11
Qwen-3-Coder-480B,1192,challenging,correct,1.086239891351318,12
Qwen-3-Coder-480B,1192,challenging,correct,0.7638142483119746,13
Qwen-3-Coder-480B,1192,challenging,correct,1.1623026184289427,14
Qwen-3-Coder-480B,1192,challenging,correct,1.1310128566948887,15
Qwen-3-Coder-480B,1192,challenging,correct,1.4492435181116203,16
Qwen-3-Coder-480B,1192,challenging,correct,1.1759282970550575,17
Qwen-3-Coder-480B,1192,challenging,correct,1.1600506329113924,18
Qwen-3-Coder-480B,1192,challenging,correct,0.5640236992909639,19
Qwen-3-Coder-480B,1192,challenging,correct,1.1296932928884396,20
Qwen-3-Coder-480B,1192,challenging,correct,1.1230300980723706,21
Qwen-3-Coder-480B,1192,challenging,correct,1.3760342167998878,22
Qwen-3-Coder-480B,1192,challenging,correct,1.590445384423986,23
Qwen-3-Coder-480B,1192,challenging,correct,2.157093729421234,24
Qwen-3-Coder-480B,1192,challenging,correct,1.5999750840911922,25
Qwen-3-Coder-480B,1192,challenging,correct,2.4605546995377505,26
Qwen-3-Coder-480B,1192,challenging,correct,1.3207264341308735,27
Qwen-3-Coder-480B,1192,challenging,correct,0.9111281363723425,28
Qwen-3-Coder-480B,1192,challenging,correct,1.4267922506919024,29
Qwen-3-Coder-480B,1192,challenging,correct,2.43201189296333,30
Qwen-3-Coder-480B,1192,challenging,correct,1.100189282683898,31
Qwen-3-Coder-480B,1192,challenging,correct,1.1083636363636364,32
Qwen-3-Coder-480B,1192,challenging,correct,1.014066706961921,33
Qwen-3-Coder-480B,1192,challenging,correct,2.3991627677911844,34
Qwen-3-Coder-480B,1192,challenging,correct,1.087808554739024,35
Qwen-3-Coder-480B,1192,challenging,correct,1.0859291084854994,36
Qwen-3-Coder-480B,1192,challenging,correct,2.037333333333333,37
Qwen-3-Coder-480B,1192,challenging,correct,2.051619644723093,38
Qwen-3-Coder-480B,1192,challenging,correct,1.1345674881974648,39
Qwen-3-Coder-480B,1192,challenging,correct,1.0436415668037917,40
Qwen-3-Coder-480B,1192,challenging,correct,0.9891278657527771,41
Qwen-3-Coder-480B,1192,challenging,correct,1.3295318127250901,42
Qwen-3-Coder-480B,1192,challenging,correct,0.5823529411764706,43
Qwen-3-Coder-480B,1192,challenging,correct,0.6122178904824922,44
Qwen-3-Coder-480B,1192,challenging,correct,1.0567406449759391,45
Qwen-3-Coder-480B,1192,challenging,correct,2.075365875032863,46
Qwen-3-Coder-480B,1192,challenging,correct,0.7690648534035242,47
Qwen-3-Coder-480B,1192,challenging,correct,1.1310447932838825,48
Qwen-3-Coder-480B,1192,challenging,correct,0.8432149246102735,49
Qwen-3-Coder-480B,1192,challenging,correct,2.082297254654465,50
Qwen-3-Coder-480B,1168,challenging,semantic,,1
Qwen-3-Coder-480B,1168,challenging,semantic,,2
Qwen-3-Coder-480B,1168,challenging,semantic,,3
Qwen-3-Coder-480B,1168,challenging,semantic,,4
Qwen-3-Coder-480B,1168,challenging,semantic,,5
Qwen-3-Coder-480B,1168,challenging,semantic,,6
Qwen-3-Coder-480B,1168,challenging,semantic,,7
Qwen-3-Coder-480B,1168,challenging,semantic,,8
Qwen-3-Coder-480B,1168,challenging,semantic,,9
Qwen-3-Coder-480B,1168,challenging,semantic,,10
Qwen-3-Coder-480B,1168,challenging,semantic,,11
Qwen-3-Coder-480B,1168,challenging,semantic,,12
Qwen-3-Coder-480B,1168,challenging,semantic,,13
Qwen-3-Coder-480B,1168,challenging,semantic,,14
Qwen-3-Coder-480B,1168,challenging,semantic,,15
Qwen-3-Coder-480B,1168,challenging,semantic,,16
Qwen-3-Coder-480B,1168,challenging,semantic,,17
Qwen-3-Coder-480B,1168,challenging,semantic,,18
Qwen-3-Coder-480B,1168,challenging,semantic,,19
Qwen-3-Coder-480B,1168,challenging,semantic,,20
Qwen-3-Coder-480B,1168,challenging,semantic,,21
Qwen-3-Coder-480B,1168,challenging,semantic,,22
Qwen-3-Coder-480B,1168,challenging,semantic,,23
Qwen-3-Coder-480B,1168,challenging,semantic,,24
Qwen-3-Coder-480B,1168,challenging,semantic,,25
Qwen-3-Coder-480B,1168,challenging,semantic,,26
Qwen-3-Coder-480B,1168,challenging,semantic,,27
Qwen-3-Coder-480B,1168,challenging,semantic,,28
Qwen-3-Coder-480B,1168,challenging,semantic,,29
Qwen-3-Coder-480B,1168,challenging,semantic,,30
Qwen-3-Coder-480B,1168,challenging,semantic,,31
Qwen-3-Coder-480B,1168,challenging,semantic,,32
Qwen-3-Coder-480B,1168,challenging,semantic,,33
Qwen-3-Coder-480B,1168,challenging,semantic,,34
Qwen-3-Coder-480B,1168,challenging,semantic,,35
Qwen-3-Coder-480B,1168,challenging,semantic,,36
Qwen-3-Coder-480B,1168,challenging,semantic,,37
Qwen-3-Coder-480B,1168,challenging,semantic,,38
Qwen-3-Coder-480B,1168,challenging,semantic,,39
Qwen-3-Coder-480B,1168,challenging,semantic,,40
Qwen-3-Coder-480B,1168,challenging,semantic,,41
Qwen-3-Coder-480B,1168,challenging,semantic,,42
Qwen-3-Coder-480B,1168,challenging,semantic,,43
Qwen-3-Coder-480B,1168,challenging,semantic,,44
Qwen-3-Coder-480B,1168,challenging,semantic,,45
Qwen-3-Coder-480B,1168,challenging,semantic,,46
Qwen-3-Coder-480B,1168,challenging,semantic,,47
Qwen-3-Coder-480B,1168,challenging,semantic,,48
Qwen-3-Coder-480B,1168,challenging,semantic,,49
Qwen-3-Coder-480B,1168,challenging,semantic,,50
Qwen-3-Coder-480B,1437,challenging,syntactic,,1
Qwen-3-Coder-480B,1437,challenging,syntactic,,2
Qwen-3-Coder-480B,1437,challenging,syntactic,,3
Qwen-3-Coder-480B,1437,challenging,syntactic,,4
Qwen-3-Coder-480B,1437,challenging,syntactic,,5
Qwen-3-Coder-480B,1437,challenging,syntactic,,6
Qwen-3-Coder-480B,1437,challenging,syntactic,,7
Qwen-3-Coder-480B,1437,challenging,syntactic,,8
Qwen-3-Coder-480B,1437,challenging,syntactic,,9
Qwen-3-Coder-480B,1437,challenging,syntactic,,10
Qwen-3-Coder-480B,1437,challenging,syntactic,,11
Qwen-3-Coder-480B,1437,challenging,syntactic,,12
Qwen-3-Coder-480B,1437,challenging,syntactic,,13
Qwen-3-Coder-480B,1437,challenging,syntactic,,14
Qwen-3-Coder-480B,1437,challenging,syntactic,,15
Qwen-3-Coder-480B,1437,challenging,syntactic,,16
Qwen-3-Coder-480B,1437,challenging,syntactic,,17
Qwen-3-Coder-480B,1437,challenging,syntactic,,18
Qwen-3-Coder-480B,1437,challenging,syntactic,,19
Qwen-3-Coder-480B,1437,challenging,syntactic,,20
Qwen-3-Coder-480B,1437,challenging,syntactic,,21
Qwen-3-Coder-480B,1437,challenging,syntactic,,22
Qwen-3-Coder-480B,1437,challenging,syntactic,,23
Qwen-3-Coder-480B,1437,challenging,syntactic,,24
Qwen-3-Coder-480B,1437,challenging,syntactic,,25
Qwen-3-Coder-480B,1437,challenging,syntactic,,26
Qwen-3-Coder-480B,1437,challenging,syntactic,,27
Qwen-3-Coder-480B,1437,challenging,syntactic,,28
Qwen-3-Coder-480B,1437,challenging,syntactic,,29
Qwen-3-Coder-480B,1437,challenging,syntactic,,30
Qwen-3-Coder-480B,1437,challenging,syntactic,,31
Qwen-3-Coder-480B,1437,challenging,syntactic,,32
Qwen-3-Coder-480B,1437,challenging,syntactic,,33
Qwen-3-Coder-480B,1437,challenging,syntactic,,34
Qwen-3-Coder-480B,1437,challenging,syntactic,,35
Qwen-3-Coder-480B,1437,challenging,syntactic,,36
Qwen-3-Coder-480B,1437,challenging,syntactic,,37
Qwen-3-Coder-480B,1437,challenging,syntactic,,38
Qwen-3-Coder-480B,1437,challenging,syntactic,,39
Qwen-3-Coder-480B,1437,challenging,syntactic,,40
Qwen-3-Coder-480B,1437,challenging,syntactic,,41
Qwen-3-Coder-480B,1437,challenging,syntactic,,42
Qwen-3-Coder-480B,1437,challenging,syntactic,,43
Qwen-3-Coder-480B,1437,challenging,syntactic,,44
Qwen-3-Coder-480B,1437,challenging,syntactic,,45
Qwen-3-Coder-480B,1437,challenging,syntactic,,46
Qwen-3-Coder-480B,1437,challenging,syntactic,,47
Qwen-3-Coder-480B,1437,challenging,syntactic,,48
Qwen-3-Coder-480B,1437,challenging,syntactic,,49
Qwen-3-Coder-480B,1437,challenging,syntactic,,50
Qwen-3-Coder-480B,521,challenging,semantic,,1
Qwen-3-Coder-480B,521,challenging,semantic,,2
Qwen-3-Coder-480B,521,challenging,semantic,,3
Qwen-3-Coder-480B,521,challenging,semantic,,4
Qwen-3-Coder-480B,521,challenging,semantic,,5
Qwen-3-Coder-480B,521,challenging,semantic,,6
Qwen-3-Coder-480B,521,challenging,semantic,,7
Qwen-3-Coder-480B,521,challenging,semantic,,8
Qwen-3-Coder-480B,521,challenging,semantic,,9
Qwen-3-Coder-480B,521,challenging,semantic,,10
Qwen-3-Coder-480B,521,challenging,semantic,,11
Qwen-3-Coder-480B,521,challenging,semantic,,12
Qwen-3-Coder-480B,521,challenging,semantic,,13
Qwen-3-Coder-480B,521,challenging,semantic,,14
Qwen-3-Coder-480B,521,challenging,semantic,,15
Qwen-3-Coder-480B,521,challenging,semantic,,16
Qwen-3-Coder-480B,521,challenging,semantic,,17
Qwen-3-Coder-480B,521,challenging,semantic,,18
Qwen-3-Coder-480B,521,challenging,semantic,,19
Qwen-3-Coder-480B,521,challenging,semantic,,20
Qwen-3-Coder-480B,521,challenging,semantic,,21
Qwen-3-Coder-480B,521,challenging,semantic,,22
Qwen-3-Coder-480B,521,challenging,semantic,,23
Qwen-3-Coder-480B,521,challenging,semantic,,24
Qwen-3-Coder-480B,521,challenging,semantic,,25
Qwen-3-Coder-480B,521,challenging,semantic,,26
Qwen-3-Coder-480B,521,challenging,semantic,,27
Qwen-3-Coder-480B,521,challenging,semantic,,28
Qwen-3-Coder-480B,521,challenging,semantic,,29
Qwen-3-Coder-480B,521,challenging,semantic,,30
Qwen-3-Coder-480B,521,challenging,semantic,,31
Qwen-3-Coder-480B,521,challenging,semantic,,32
Qwen-3-Coder-480B,521,challenging,semantic,,33
Qwen-3-Coder-480B,521,challenging,semantic,,34
Qwen-3-Coder-480B,521,challenging,semantic,,35
Qwen-3-Coder-480B,521,challenging,semantic,,36
Qwen-3-Coder-480B,521,challenging,semantic,,37
Qwen-3-Coder-480B,521,challenging,semantic,,38
Qwen-3-Coder-480B,521,challenging,semantic,,39
Qwen-3-Coder-480B,521,challenging,semantic,,40
Qwen-3-Coder-480B,521,challenging,semantic,,41
Qwen-3-Coder-480B,521,challenging,semantic,,42
Qwen-3-Coder-480B,521,challenging,semantic,,43
Qwen-3-Coder-480B,521,challenging,semantic,,44
Qwen-3-Coder-480B,521,challenging,semantic,,45
Qwen-3-Coder-480B,521,challenging,semantic,,46
Qwen-3-Coder-480B,521,challenging,semantic,,47
Qwen-3-Coder-480B,521,challenging,semantic,,48
Qwen-3-Coder-480B,521,challenging,semantic,,49
Qwen-3-Coder-480B,521,challenging,semantic,,50
Qwen-3-Coder-480B,212,challenging,correct,1.4459878426873032,1
Qwen-3-Coder-480B,212,challenging,correct,1.040576093737286,2
Qwen-3-Coder-480B,212,challenging,correct,1.0263736819480618,3
Qwen-3-Coder-480B,212,challenging,correct,1.305117669032499,4
Qwen-3-Coder-480B,212,challenging,correct,0.8317778746910888,5
Qwen-3-Coder-480B,212,challenging,correct,1.018283836832224,6
Qwen-3-Coder-480B,212,challenging,correct,0.9666807674123473,7
Qwen-3-Coder-480B,212,challenging,correct,1.6990614760926306,8
Qwen-3-Coder-480B,212,challenging,correct,0.9649044745404488,9
Qwen-3-Coder-480B,212,challenging,correct,1.4972201943056103,10
Qwen-3-Coder-480B,212,challenging,correct,1.058047854753194,11
Qwen-3-Coder-480B,212,challenging,correct,1.5583156845645945,12
Qwen-3-Coder-480B,212,challenging,correct,1.0015158343234054,13
Qwen-3-Coder-480B,212,challenging,correct,2.010636327556555,14
Qwen-3-Coder-480B,212,challenging,correct,0.6602268445737894,15
Qwen-3-Coder-480B,212,challenging,correct,1.5265348837209303,16
Qwen-3-Coder-480B,212,challenging,correct,1.105329691415156,17
Qwen-3-Coder-480B,212,challenging,correct,1.033049549210176,18
Qwen-3-Coder-480B,212,challenging,correct,1.491849656473124,19
Qwen-3-Coder-480B,212,challenging,correct,1.0426824749907373,20
Qwen-3-Coder-480B,212,challenging,correct,0.6007896891000434,21
Qwen-3-Coder-480B,212,challenging,correct,0.9415267877673028,22
Qwen-3-Coder-480B,212,challenging,correct,0.9353634116861798,23
Qwen-3-Coder-480B,212,challenging,correct,0.5755915739538036,24
Qwen-3-Coder-480B,212,challenging,correct,0.48500962948058296,25
Qwen-3-Coder-480B,212,challenging,correct,0.6239989645855916,26
Qwen-3-Coder-480B,212,challenging,correct,0.9528734199997231,27
Qwen-3-Coder-480B,212,challenging,correct,1.3533961073856866,28
Qwen-3-Coder-480B,212,challenging,correct,0.9989210185584808,29
Qwen-3-Coder-480B,212,challenging,correct,0.7567183542348799,30
Qwen-3-Coder-480B,212,challenging,correct,1.0593226628404622,31
Qwen-3-Coder-480B,212,challenging,correct,1.0063149066331187,32
Qwen-3-Coder-480B,212,challenging,correct,1.053949952809734,33
Qwen-3-Coder-480B,212,challenging,correct,0.801739446282993,34
Qwen-3-Coder-480B,212,challenging,correct,1.2180151797221825,35
Qwen-3-Coder-480B,212,challenging,correct,1.2130943300279684,36
Qwen-3-Coder-480B,212,challenging,correct,1.0447072738024836,37
Qwen-3-Coder-480B,212,challenging,correct,0.7956733646857631,38
Qwen-3-Coder-480B,212,challenging,correct,1.1549469111969113,39
Qwen-3-Coder-480B,212,challenging,correct,0.924478924998608,40
Qwen-3-Coder-480B,212,challenging,correct,1.4531969817315329,41
Qwen-3-Coder-480B,212,challenging,correct,1.0605999394000607,42
Qwen-3-Coder-480B,212,challenging,correct,1.2796489352223113,43
Qwen-3-Coder-480B,212,challenging,correct,0.744749554390225,44
Qwen-3-Coder-480B,212,challenging,correct,1.4613388194334547,45
Qwen-3-Coder-480B,212,challenging,correct,1.370005142997697,46
Qwen-3-Coder-480B,212,challenging,correct,1.2681221188136036,47
Qwen-3-Coder-480B,212,challenging,correct,1.5528569095448077,48
Qwen-3-Coder-480B,212,challenging,correct,1.4104791759964175,49
Qwen-3-Coder-480B,212,challenging,correct,1.0818124764654198,50
Qwen-3-Coder-480B,1476,challenging,correct,5.2532486163718355,1
Qwen-3-Coder-480B,1476,challenging,correct,0.8296675533891127,2
Qwen-3-Coder-480B,1476,challenging,correct,1.1343372418308435,3
Qwen-3-Coder-480B,1476,challenging,correct,1.4972363810619915,4
Qwen-3-Coder-480B,1476,challenging,correct,0.9296927430766121,5
Qwen-3-Coder-480B,1476,challenging,correct,1.1066588454948978,6
Qwen-3-Coder-480B,1476,challenging,correct,1.0797712295967736,7
Qwen-3-Coder-480B,1476,challenging,correct,0.9728535245053733,8
Qwen-3-Coder-480B,1476,challenging,correct,1.1735683697444477,9
Qwen-3-Coder-480B,1476,challenging,correct,0.7067695672820167,10
Qwen-3-Coder-480B,1476,challenging,correct,0.9084309978534056,11
Qwen-3-Coder-480B,1476,challenging,correct,1.1553318292426251,12
Qwen-3-Coder-480B,1476,challenging,correct,1.493815736416549,13
Qwen-3-Coder-480B,1476,challenging,correct,1.202557552276447,14
Qwen-3-Coder-480B,1476,challenging,correct,1.5689628261234652,15
Qwen-3-Coder-480B,1476,challenging,correct,0.9514837548237592,16
Qwen-3-Coder-480B,1476,challenging,correct,0.8999430865235939,17
Qwen-3-Coder-480B,1476,challenging,correct,1.0027187012211918,18
Qwen-3-Coder-480B,1476,challenging,correct,1.1862103424268753,19
Qwen-3-Coder-480B,1476,challenging,correct,1.4410121523006147,20
Qwen-3-Coder-480B,1476,challenging,correct,1.1442744545993726,21
Qwen-3-Coder-480B,1476,challenging,correct,1.2050826912252595,22
Qwen-3-Coder-480B,1476,challenging,correct,1.0487976594365191,23
Qwen-3-Coder-480B,1476,challenging,correct,1.047572836345,24
Qwen-3-Coder-480B,1476,challenging,correct,1.682794717461377,25
Qwen-3-Coder-480B,1476,challenging,correct,1.2619906477102754,26
Qwen-3-Coder-480B,1476,challenging,correct,2.5425403976582484,27
Qwen-3-Coder-480B,1476,challenging,correct,1.0673393411416086,28
Qwen-3-Coder-480B,1476,challenging,correct,0.6873174730096497,29
Qwen-3-Coder-480B,1476,challenging,correct,0.935932916410201,30
Qwen-3-Coder-480B,1476,challenging,correct,1.0401067369219767,31
Qwen-3-Coder-480B,1476,challenging,correct,0.7058989527833915,32
Qwen-3-Coder-480B,1476,challenging,correct,1.0223621562678815,33
Qwen-3-Coder-480B,1476,challenging,correct,0.9518315388351528,34
Qwen-3-Coder-480B,1476,challenging,correct,1.359579177924032,35
Qwen-3-Coder-480B,1476,challenging,correct,1.074748254279938,36
Qwen-3-Coder-480B,1476,challenging,correct,1.0325691549149096,37
Qwen-3-Coder-480B,1476,challenging,correct,0.9619038905128119,38
Qwen-3-Coder-480B,1476,challenging,correct,0.7923916730530045,39
Qwen-3-Coder-480B,1476,challenging,correct,1.1152203001051324,40
Qwen-3-Coder-480B,1476,challenging,correct,1.0540218876977006,41
Qwen-3-Coder-480B,1476,challenging,correct,1.1939056103937586,42
Qwen-3-Coder-480B,1476,challenging,correct,1.063014930856893,43
Qwen-3-Coder-480B,1476,challenging,correct,0.9567669699650533,44
Qwen-3-Coder-480B,1476,challenging,correct,1.3932928025836018,45
Qwen-3-Coder-480B,1476,challenging,correct,1.0358878474282787,46
Qwen-3-Coder-480B,1476,challenging,correct,1.6723528904971139,47
Qwen-3-Coder-480B,1476,challenging,correct,0.7813392752811479,48
Qwen-3-Coder-480B,1476,challenging,correct,1.3086288085664524,49
Qwen-3-Coder-480B,1476,challenging,correct,0.9730359233470947,50
Qwen-3-Coder-480B,302,challenging,correct,1.0401569586709474,1
Qwen-3-Coder-480B,302,challenging,correct,4.379355645918048,2
Qwen-3-Coder-480B,302,challenging,correct,1.442860569509646,3
Qwen-3-Coder-480B,302,challenging,correct,1.6809423796913523,4
Qwen-3-Coder-480B,302,challenging,correct,1.5863768765404436,5
Qwen-3-Coder-480B,302,challenging,correct,1.0842595912513446,6
Qwen-3-Coder-480B,302,challenging,correct,1.3701805758906784,7
Qwen-3-Coder-480B,302,challenging,correct,1.3212407991587802,8
Qwen-3-Coder-480B,302,challenging,correct,1.2984578293220268,9
Qwen-3-Coder-480B,302,challenging,correct,1.0562516314278256,10
Qwen-3-Coder-480B,302,challenging,correct,0.707259589236228,11
Qwen-3-Coder-480B,302,challenging,correct,1.138229026911846,12
Qwen-3-Coder-480B,302,challenging,correct,1.0132805102905267,13
Qwen-3-Coder-480B,302,challenging,correct,1.1101793771321669,14
Qwen-3-Coder-480B,302,challenging,correct,1.1011174707004634,15
Qwen-3-Coder-480B,302,challenging,correct,1.151216569475166,16
Qwen-3-Coder-480B,302,challenging,correct,1.0484289860976728,17
Qwen-3-Coder-480B,302,challenging,correct,0.9050441230222965,18
Qwen-3-Coder-480B,302,challenging,correct,0.8340217149358198,19
Qwen-3-Coder-480B,302,challenging,correct,0.693955042527339,20
Qwen-3-Coder-480B,302,challenging,correct,1.1670905059989567,21
Qwen-3-Coder-480B,302,challenging,correct,0.8328822948836321,22
Qwen-3-Coder-480B,302,challenging,correct,1.552185424311394,23
Qwen-3-Coder-480B,302,challenging,correct,1.2422476101655398,24
Qwen-3-Coder-480B,302,challenging,correct,1.140478862701085,25
Qwen-3-Coder-480B,302,challenging,correct,1.43142144638404,26
Qwen-3-Coder-480B,302,challenging,correct,0.7545965658714481,27
Qwen-3-Coder-480B,302,challenging,correct,1.0542073454207346,28
Qwen-3-Coder-480B,302,challenging,correct,0.9398173838470464,29
Qwen-3-Coder-480B,302,challenging,correct,1.471012070566388,30
Qwen-3-Coder-480B,302,challenging,correct,0.8476190476190476,31
Qwen-3-Coder-480B,302,challenging,correct,0.9873707976152679,32
Qwen-3-Coder-480B,302,challenging,correct,1.8500941619585687,33
Qwen-3-Coder-480B,302,challenging,correct,0.9772083090662007,34
Qwen-3-Coder-480B,302,challenging,correct,1.1029853382794559,35
Qwen-3-Coder-480B,302,challenging,correct,1.0989581980203165,36
Qwen-3-Coder-480B,302,challenging,correct,0.8283395755305868,37
Qwen-3-Coder-480B,302,challenging,correct,1.0211863343123226,38
Qwen-3-Coder-480B,302,challenging,correct,1.677957015449096,39
Qwen-3-Coder-480B,302,challenging,correct,1.0218359853121175,40
Qwen-3-Coder-480B,302,challenging,correct,1.0952770952770954,41
Qwen-3-Coder-480B,302,challenging,correct,1.3100476779092354,42
Qwen-3-Coder-480B,302,challenging,correct,1.1449071839206566,43
Qwen-3-Coder-480B,302,challenging,correct,1.0708290318236904,44
Qwen-3-Coder-480B,302,challenging,correct,1.345864221043687,45
Qwen-3-Coder-480B,302,challenging,correct,1.047200370198982,46
Qwen-3-Coder-480B,302,challenging,correct,1.5973421679571174,47
Qwen-3-Coder-480B,302,challenging,correct,1.4106529209621994,48
Qwen-3-Coder-480B,302,challenging,correct,0.986320498564816,49
Qwen-3-Coder-480B,302,challenging,correct,0.9878894447471396,50
Qwen-3-Coder-480B,1429,challenging,correct,4.45666372462489,1
Qwen-3-Coder-480B,1429,challenging,correct,1.371439210575312,2
Qwen-3-Coder-480B,1429,challenging,correct,2.0428571428571427,3
Qwen-3-Coder-480B,1429,challenging,correct,1.398765996343693,4
Qwen-3-Coder-480B,1429,challenging,correct,3.127003699136868,5
Qwen-3-Coder-480B,1429,challenging,correct,1.2339495130192804,6
Qwen-3-Coder-480B,1429,challenging,correct,1.1385123392422662,7
Qwen-3-Coder-480B,1429,challenging,correct,1.42085187539733,8
Qwen-3-Coder-480B,1429,challenging,correct,0.9179846362403976,9
Qwen-3-Coder-480B,1429,challenging,correct,1.5418359057676685,10
Qwen-3-Coder-480B,1429,challenging,correct,1.0938215102974829,11
Qwen-3-Coder-480B,1429,challenging,correct,1.7297051328722242,12
Qwen-3-Coder-480B,1429,challenging,correct,1.536764705882353,13
Qwen-3-Coder-480B,1429,challenging,correct,2.200407747196738,14
Qwen-3-Coder-480B,1429,challenging,correct,1.4494702526487369,15
Qwen-3-Coder-480B,1429,challenging,correct,1.4187939326674066,16
Qwen-3-Coder-480B,1429,challenging,correct,2.152257815515245,17
Qwen-3-Coder-480B,1429,challenging,correct,1.2812682357517993,18
Qwen-3-Coder-480B,1429,challenging,correct,1.3368794326241136,19
Qwen-3-Coder-480B,1429,challenging,correct,1.15458089668616,20
Qwen-3-Coder-480B,1429,challenging,correct,1.0657306955966817,21
Qwen-3-Coder-480B,1429,challenging,correct,0.9971088624485711,22
Qwen-3-Coder-480B,1429,challenging,correct,1.1784573254221817,23
Qwen-3-Coder-480B,1429,challenging,correct,1.646415770609319,24
Qwen-3-Coder-480B,1429,challenging,correct,1.356693521686348,25
Qwen-3-Coder-480B,1429,challenging,correct,1.1458792419568091,26
Qwen-3-Coder-480B,1429,challenging,correct,0.995273208546039,27
Qwen-3-Coder-480B,1429,challenging,correct,1.3202148779633307,28
Qwen-3-Coder-480B,1429,challenging,correct,0.8946152911146226,29
Qwen-3-Coder-480B,1429,challenging,correct,1.3750294186867498,30
Qwen-3-Coder-480B,1429,challenging,correct,1.412,31
Qwen-3-Coder-480B,1429,challenging,correct,1.2898128898128898,32
Qwen-3-Coder-480B,1429,challenging,correct,1.744748201438849,33
Qwen-3-Coder-480B,1429,challenging,correct,1.5075553715586836,34
Qwen-3-Coder-480B,1429,challenging,correct,1.8315773163929345,35
Qwen-3-Coder-480B,1429,challenging,correct,1.0772461376931153,36
Qwen-3-Coder-480B,1429,challenging,correct,1.408646850966535,37
Qwen-3-Coder-480B,1429,challenging,correct,1.2985692771084338,38
Qwen-3-Coder-480B,1429,challenging,correct,1.338209982788296,39
Qwen-3-Coder-480B,1429,challenging,correct,1.165056179775281,40
Qwen-3-Coder-480B,1429,challenging,correct,1.381218905472637,41
Qwen-3-Coder-480B,1429,challenging,correct,1.445849479910259,42
Qwen-3-Coder-480B,1429,challenging,correct,1.2900922344540315,43
Qwen-3-Coder-480B,1429,challenging,correct,1.3863343360550064,44
Qwen-3-Coder-480B,1429,challenging,correct,1.4779242519355513,45
Qwen-3-Coder-480B,1429,challenging,correct,1.8102505038871293,46
Qwen-3-Coder-480B,1429,challenging,correct,1.5131620181761203,47
Qwen-3-Coder-480B,1429,challenging,correct,1.0327131976526407,48
Qwen-3-Coder-480B,1429,challenging,correct,1.4976460814178898,49
Qwen-3-Coder-480B,1429,challenging,correct,1.4297016274864376,50
Qwen-3-Coder-480B,1071,challenging,semantic,,1
Qwen-3-Coder-480B,1071,challenging,semantic,,2
Qwen-3-Coder-480B,1071,challenging,semantic,,3
Qwen-3-Coder-480B,1071,challenging,semantic,,4
Qwen-3-Coder-480B,1071,challenging,semantic,,5
Qwen-3-Coder-480B,1071,challenging,semantic,,6
Qwen-3-Coder-480B,1071,challenging,semantic,,7
Qwen-3-Coder-480B,1071,challenging,semantic,,8
Qwen-3-Coder-480B,1071,challenging,semantic,,9
Qwen-3-Coder-480B,1071,challenging,semantic,,10
Qwen-3-Coder-480B,1071,challenging,semantic,,11
Qwen-3-Coder-480B,1071,challenging,semantic,,12
Qwen-3-Coder-480B,1071,challenging,semantic,,13
Qwen-3-Coder-480B,1071,challenging,semantic,,14
Qwen-3-Coder-480B,1071,challenging,semantic,,15
Qwen-3-Coder-480B,1071,challenging,semantic,,16
Qwen-3-Coder-480B,1071,challenging,semantic,,17
Qwen-3-Coder-480B,1071,challenging,semantic,,18
Qwen-3-Coder-480B,1071,challenging,semantic,,19
Qwen-3-Coder-480B,1071,challenging,semantic,,20
Qwen-3-Coder-480B,1071,challenging,semantic,,21
Qwen-3-Coder-480B,1071,challenging,semantic,,22
Qwen-3-Coder-480B,1071,challenging,semantic,,23
Qwen-3-Coder-480B,1071,challenging,semantic,,24
Qwen-3-Coder-480B,1071,challenging,semantic,,25
Qwen-3-Coder-480B,1071,challenging,semantic,,26
Qwen-3-Coder-480B,1071,challenging,semantic,,27
Qwen-3-Coder-480B,1071,challenging,semantic,,28
Qwen-3-Coder-480B,1071,challenging,semantic,,29
Qwen-3-Coder-480B,1071,challenging,semantic,,30
Qwen-3-Coder-480B,1071,challenging,semantic,,31
Qwen-3-Coder-480B,1071,challenging,semantic,,32
Qwen-3-Coder-480B,1071,challenging,semantic,,33
Qwen-3-Coder-480B,1071,challenging,semantic,,34
Qwen-3-Coder-480B,1071,challenging,semantic,,35
Qwen-3-Coder-480B,1071,challenging,semantic,,36
Qwen-3-Coder-480B,1071,challenging,semantic,,37
Qwen-3-Coder-480B,1071,challenging,semantic,,38
Qwen-3-Coder-480B,1071,challenging,semantic,,39
Qwen-3-Coder-480B,1071,challenging,semantic,,40
Qwen-3-Coder-480B,1071,challenging,semantic,,41
Qwen-3-Coder-480B,1071,challenging,semantic,,42
Qwen-3-Coder-480B,1071,challenging,semantic,,43
Qwen-3-Coder-480B,1071,challenging,semantic,,44
Qwen-3-Coder-480B,1071,challenging,semantic,,45
Qwen-3-Coder-480B,1071,challenging,semantic,,46
Qwen-3-Coder-480B,1071,challenging,semantic,,47
Qwen-3-Coder-480B,1071,challenging,semantic,,48
Qwen-3-Coder-480B,1071,challenging,semantic,,49
Qwen-3-Coder-480B,1071,challenging,semantic,,50
Qwen-3-Coder-480B,307,challenging,semantic,,1
Qwen-3-Coder-480B,307,challenging,semantic,,2
Qwen-3-Coder-480B,307,challenging,semantic,,3
Qwen-3-Coder-480B,307,challenging,semantic,,4
Qwen-3-Coder-480B,307,challenging,semantic,,5
Qwen-3-Coder-480B,307,challenging,semantic,,6
Qwen-3-Coder-480B,307,challenging,semantic,,7
Qwen-3-Coder-480B,307,challenging,semantic,,8
Qwen-3-Coder-480B,307,challenging,semantic,,9
Qwen-3-Coder-480B,307,challenging,semantic,,10
Qwen-3-Coder-480B,307,challenging,semantic,,11
Qwen-3-Coder-480B,307,challenging,semantic,,12
Qwen-3-Coder-480B,307,challenging,semantic,,13
Qwen-3-Coder-480B,307,challenging,semantic,,14
Qwen-3-Coder-480B,307,challenging,semantic,,15
Qwen-3-Coder-480B,307,challenging,semantic,,16
Qwen-3-Coder-480B,307,challenging,semantic,,17
Qwen-3-Coder-480B,307,challenging,semantic,,18
Qwen-3-Coder-480B,307,challenging,semantic,,19
Qwen-3-Coder-480B,307,challenging,semantic,,20
Qwen-3-Coder-480B,307,challenging,semantic,,21
Qwen-3-Coder-480B,307,challenging,semantic,,22
Qwen-3-Coder-480B,307,challenging,semantic,,23
Qwen-3-Coder-480B,307,challenging,semantic,,24
Qwen-3-Coder-480B,307,challenging,semantic,,25
Qwen-3-Coder-480B,307,challenging,semantic,,26
Qwen-3-Coder-480B,307,challenging,semantic,,27
Qwen-3-Coder-480B,307,challenging,semantic,,28
Qwen-3-Coder-480B,307,challenging,semantic,,29
Qwen-3-Coder-480B,307,challenging,semantic,,30
Qwen-3-Coder-480B,307,challenging,semantic,,31
Qwen-3-Coder-480B,307,challenging,semantic,,32
Qwen-3-Coder-480B,307,challenging,semantic,,33
Qwen-3-Coder-480B,307,challenging,semantic,,34
Qwen-3-Coder-480B,307,challenging,semantic,,35
Qwen-3-Coder-480B,307,challenging,semantic,,36
Qwen-3-Coder-480B,307,challenging,semantic,,37
Qwen-3-Coder-480B,307,challenging,semantic,,38
Qwen-3-Coder-480B,307,challenging,semantic,,39
Qwen-3-Coder-480B,307,challenging,semantic,,40
Qwen-3-Coder-480B,307,challenging,semantic,,41
Qwen-3-Coder-480B,307,challenging,semantic,,42
Qwen-3-Coder-480B,307,challenging,semantic,,43
Qwen-3-Coder-480B,307,challenging,semantic,,44
Qwen-3-Coder-480B,307,challenging,semantic,,45
Qwen-3-Coder-480B,307,challenging,semantic,,46
Qwen-3-Coder-480B,307,challenging,semantic,,47
Qwen-3-Coder-480B,307,challenging,semantic,,48
Qwen-3-Coder-480B,307,challenging,semantic,,49
Qwen-3-Coder-480B,307,challenging,semantic,,50
Qwen-3-Coder-480B,87,challenging,semantic,,1
Qwen-3-Coder-480B,87,challenging,semantic,,2
Qwen-3-Coder-480B,87,challenging,semantic,,3
Qwen-3-Coder-480B,87,challenging,semantic,,4
Qwen-3-Coder-480B,87,challenging,semantic,,5
Qwen-3-Coder-480B,87,challenging,semantic,,6
Qwen-3-Coder-480B,87,challenging,semantic,,7
Qwen-3-Coder-480B,87,challenging,semantic,,8
Qwen-3-Coder-480B,87,challenging,semantic,,9
Qwen-3-Coder-480B,87,challenging,semantic,,10
Qwen-3-Coder-480B,87,challenging,semantic,,11
Qwen-3-Coder-480B,87,challenging,semantic,,12
Qwen-3-Coder-480B,87,challenging,semantic,,13
Qwen-3-Coder-480B,87,challenging,semantic,,14
Qwen-3-Coder-480B,87,challenging,semantic,,15
Qwen-3-Coder-480B,87,challenging,semantic,,16
Qwen-3-Coder-480B,87,challenging,semantic,,17
Qwen-3-Coder-480B,87,challenging,semantic,,18
Qwen-3-Coder-480B,87,challenging,semantic,,19
Qwen-3-Coder-480B,87,challenging,semantic,,20
Qwen-3-Coder-480B,87,challenging,semantic,,21
Qwen-3-Coder-480B,87,challenging,semantic,,22
Qwen-3-Coder-480B,87,challenging,semantic,,23
Qwen-3-Coder-480B,87,challenging,semantic,,24
Qwen-3-Coder-480B,87,challenging,semantic,,25
Qwen-3-Coder-480B,87,challenging,semantic,,26
Qwen-3-Coder-480B,87,challenging,semantic,,27
Qwen-3-Coder-480B,87,challenging,semantic,,28
Qwen-3-Coder-480B,87,challenging,semantic,,29
Qwen-3-Coder-480B,87,challenging,semantic,,30
Qwen-3-Coder-480B,87,challenging,semantic,,31
Qwen-3-Coder-480B,87,challenging,semantic,,32
Qwen-3-Coder-480B,87,challenging,semantic,,33
Qwen-3-Coder-480B,87,challenging,semantic,,34
Qwen-3-Coder-480B,87,challenging,semantic,,35
Qwen-3-Coder-480B,87,challenging,semantic,,36
Qwen-3-Coder-480B,87,challenging,semantic,,37
Qwen-3-Coder-480B,87,challenging,semantic,,38
Qwen-3-Coder-480B,87,challenging,semantic,,39
Qwen-3-Coder-480B,87,challenging,semantic,,40
Qwen-3-Coder-480B,87,challenging,semantic,,41
Qwen-3-Coder-480B,87,challenging,semantic,,42
Qwen-3-Coder-480B,87,challenging,semantic,,43
Qwen-3-Coder-480B,87,challenging,semantic,,44
Qwen-3-Coder-480B,87,challenging,semantic,,45
Qwen-3-Coder-480B,87,challenging,semantic,,46
Qwen-3-Coder-480B,87,challenging,semantic,,47
Qwen-3-Coder-480B,87,challenging,semantic,,48
Qwen-3-Coder-480B,87,challenging,semantic,,49
Qwen-3-Coder-480B,87,challenging,semantic,,50
Qwen-3-Coder-480B,1686,Challenging,semantic,,1
Qwen-3-Coder-480B,1686,Challenging,semantic,,2
Qwen-3-Coder-480B,1686,Challenging,semantic,,3
Qwen-3-Coder-480B,1686,Challenging,semantic,,4
Qwen-3-Coder-480B,1686,Challenging,semantic,,5
Qwen-3-Coder-480B,1686,Challenging,semantic,,6
Qwen-3-Coder-480B,1686,Challenging,semantic,,7
Qwen-3-Coder-480B,1686,Challenging,semantic,,8
Qwen-3-Coder-480B,1686,Challenging,semantic,,9
Qwen-3-Coder-480B,1686,Challenging,semantic,,10
Qwen-3-Coder-480B,1686,Challenging,semantic,,11
Qwen-3-Coder-480B,1686,Challenging,semantic,,12
Qwen-3-Coder-480B,1686,Challenging,semantic,,13
Qwen-3-Coder-480B,1686,Challenging,semantic,,14
Qwen-3-Coder-480B,1686,Challenging,semantic,,15
Qwen-3-Coder-480B,1686,Challenging,semantic,,16
Qwen-3-Coder-480B,1686,Challenging,semantic,,17
Qwen-3-Coder-480B,1686,Challenging,semantic,,18
Qwen-3-Coder-480B,1686,Challenging,semantic,,19
Qwen-3-Coder-480B,1686,Challenging,semantic,,20
Qwen-3-Coder-480B,1686,Challenging,semantic,,21
Qwen-3-Coder-480B,1686,Challenging,semantic,,22
Qwen-3-Coder-480B,1686,Challenging,semantic,,23
Qwen-3-Coder-480B,1686,Challenging,semantic,,24
Qwen-3-Coder-480B,1686,Challenging,semantic,,25
Qwen-3-Coder-480B,1686,Challenging,semantic,,26
Qwen-3-Coder-480B,1686,Challenging,semantic,,27
Qwen-3-Coder-480B,1686,Challenging,semantic,,28
Qwen-3-Coder-480B,1686,Challenging,semantic,,29
Qwen-3-Coder-480B,1686,Challenging,semantic,,30
Qwen-3-Coder-480B,1686,Challenging,semantic,,31
Qwen-3-Coder-480B,1686,Challenging,semantic,,32
Qwen-3-Coder-480B,1686,Challenging,semantic,,33
Qwen-3-Coder-480B,1686,Challenging,semantic,,34
Qwen-3-Coder-480B,1686,Challenging,semantic,,35
Qwen-3-Coder-480B,1686,Challenging,semantic,,36
Qwen-3-Coder-480B,1686,Challenging,semantic,,37
Qwen-3-Coder-480B,1686,Challenging,semantic,,38
Qwen-3-Coder-480B,1686,Challenging,semantic,,39
Qwen-3-Coder-480B,1686,Challenging,semantic,,40
Qwen-3-Coder-480B,1686,Challenging,semantic,,41
Qwen-3-Coder-480B,1686,Challenging,semantic,,42
Qwen-3-Coder-480B,1686,Challenging,semantic,,43
Qwen-3-Coder-480B,1686,Challenging,semantic,,44
Qwen-3-Coder-480B,1686,Challenging,semantic,,45
Qwen-3-Coder-480B,1686,Challenging,semantic,,46
Qwen-3-Coder-480B,1686,Challenging,semantic,,47
Qwen-3-Coder-480B,1686,Challenging,semantic,,48
Qwen-3-Coder-480B,1686,Challenging,semantic,,49
Qwen-3-Coder-480B,1686,Challenging,semantic,,50
Qwen-3-Coder-480B,819,challenging,correct,6.863074411010031,1
Qwen-3-Coder-480B,819,challenging,correct,1.2149701430356894,2
Qwen-3-Coder-480B,819,challenging,correct,1.2630149388863738,3
Qwen-3-Coder-480B,819,challenging,correct,1.3703288490284007,4
Qwen-3-Coder-480B,819,challenging,correct,0.9003722356032406,5
Qwen-3-Coder-480B,819,challenging,correct,1.2738022674631233,6
Qwen-3-Coder-480B,819,challenging,correct,1.2616652926628193,7
Qwen-3-Coder-480B,819,challenging,correct,1.142713567839196,8
Qwen-3-Coder-480B,819,challenging,correct,1.1831182420648763,9
Qwen-3-Coder-480B,819,challenging,correct,1.1249124912491248,10
Qwen-3-Coder-480B,819,challenging,correct,1.2146596858638743,11
Qwen-3-Coder-480B,819,challenging,correct,1.4649243466299862,12
Qwen-3-Coder-480B,819,challenging,correct,1.3084298118668596,13
Qwen-3-Coder-480B,819,challenging,correct,1.4922782996338162,14
Qwen-3-Coder-480B,819,challenging,correct,1.3036370098329582,15
Qwen-3-Coder-480B,819,challenging,correct,1.1898519058023793,16
Qwen-3-Coder-480B,819,challenging,correct,1.1206843874121601,17
Qwen-3-Coder-480B,819,challenging,correct,1.2569344811095169,18
Qwen-3-Coder-480B,819,challenging,correct,1.2761285574092247,19
Qwen-3-Coder-480B,819,challenging,correct,1.4276435437776045,20
Qwen-3-Coder-480B,819,challenging,correct,1.2186366932559827,21
Qwen-3-Coder-480B,819,challenging,correct,1.3341755095165908,22
Qwen-3-Coder-480B,819,challenging,correct,1.023638539796529,23
Qwen-3-Coder-480B,819,challenging,correct,1.4260549748354627,24
Qwen-3-Coder-480B,819,challenging,correct,1.362975486052409,25
Qwen-3-Coder-480B,819,challenging,correct,0.7154420361543304,26
Qwen-3-Coder-480B,819,challenging,correct,2.3426812585499315,27
Qwen-3-Coder-480B,819,challenging,correct,1.1976487876561352,28
Qwen-3-Coder-480B,819,challenging,correct,1.2227546381619363,29
Qwen-3-Coder-480B,819,challenging,correct,1.3633707229710623,30
Qwen-3-Coder-480B,819,challenging,correct,1.2400354295837024,31
Qwen-3-Coder-480B,819,challenging,correct,1.2871515751278244,32
Qwen-3-Coder-480B,819,challenging,correct,1.001985815602837,33
Qwen-3-Coder-480B,819,challenging,correct,1.1900731930466606,34
Qwen-3-Coder-480B,819,challenging,correct,1.5452426052746613,35
Qwen-3-Coder-480B,819,challenging,correct,1.5420875420875422,36
Qwen-3-Coder-480B,819,challenging,correct,0.9877488514548239,37
Qwen-3-Coder-480B,819,challenging,correct,1.1418290110435538,38
Qwen-3-Coder-480B,819,challenging,correct,2.1168943454954174,39
Qwen-3-Coder-480B,819,challenging,correct,1.7142857142857142,40
Qwen-3-Coder-480B,819,challenging,correct,1.1542280837858805,41
Qwen-3-Coder-480B,819,challenging,correct,1.3085599699210428,42
Qwen-3-Coder-480B,819,challenging,correct,1.4149866190900982,43
Qwen-3-Coder-480B,819,challenging,correct,1.276130286825474,44
Qwen-3-Coder-480B,819,challenging,correct,1.2123168178646198,45
Qwen-3-Coder-480B,819,challenging,correct,1.281789638932496,46
Qwen-3-Coder-480B,819,challenging,correct,1.445554971067859,47
Qwen-3-Coder-480B,819,challenging,correct,1.3988942477355606,48
Qwen-3-Coder-480B,819,challenging,correct,1.2482505831389537,49
Qwen-3-Coder-480B,819,challenging,correct,1.1280832095096582,50
Qwen-3-Coder-480B,322,challenging,correct,2.6938857602574418,1
Qwen-3-Coder-480B,322,challenging,correct,2.7177390686100247,2
Qwen-3-Coder-480B,322,challenging,correct,1.2464921163026184,3
Qwen-3-Coder-480B,322,challenging,correct,1.2599037393557941,4
Qwen-3-Coder-480B,322,challenging,correct,1.4761373773416593,5
Qwen-3-Coder-480B,322,challenging,correct,0.9842559674961909,6
Qwen-3-Coder-480B,322,challenging,correct,1.3378852906749903,7
Qwen-3-Coder-480B,322,challenging,correct,1.3940581803177223,8
Qwen-3-Coder-480B,322,challenging,correct,1.4651547756993875,9
Qwen-3-Coder-480B,322,challenging,correct,1.2737470862470863,10
Qwen-3-Coder-480B,322,challenging,correct,1.1152437849296588,11
Qwen-3-Coder-480B,322,challenging,correct,1.6245614035087719,12
Qwen-3-Coder-480B,322,challenging,correct,0.9554851927733283,13
Qwen-3-Coder-480B,322,challenging,correct,1.464344262295082,14
Qwen-3-Coder-480B,322,challenging,correct,1.4587650227932034,15
Qwen-3-Coder-480B,322,challenging,correct,0.8211209586818126,16
Qwen-3-Coder-480B,322,challenging,correct,1.4513251783893986,17
Qwen-3-Coder-480B,322,challenging,correct,1.2370409418379897,18
Qwen-3-Coder-480B,322,challenging,correct,1.7614503816793894,19
Qwen-3-Coder-480B,322,challenging,correct,1.1864512119328776,20
Qwen-3-Coder-480B,322,challenging,correct,1.0775614908706805,21
Qwen-3-Coder-480B,322,challenging,correct,1.287130637636081,22
Qwen-3-Coder-480B,322,challenging,correct,1.6093714800630772,23
Qwen-3-Coder-480B,322,challenging,correct,0.48764453835769206,24
Qwen-3-Coder-480B,322,challenging,correct,1.4765796292605142,25
Qwen-3-Coder-480B,322,challenging,correct,1.3568333333333333,26
Qwen-3-Coder-480B,322,challenging,correct,0.7897897897897898,27
Qwen-3-Coder-480B,322,challenging,correct,1.8424516659810777,28
Qwen-3-Coder-480B,322,challenging,correct,1.261195219123506,29
Qwen-3-Coder-480B,322,challenging,correct,1.5223221863860126,30
Qwen-3-Coder-480B,322,challenging,correct,2.840534979423868,31
Qwen-3-Coder-480B,322,challenging,correct,1.392757660167131,32
Qwen-3-Coder-480B,322,challenging,correct,1.1810388300554715,33
Qwen-3-Coder-480B,322,challenging,correct,1.3956361302743463,34
Qwen-3-Coder-480B,322,challenging,correct,1.438006340260655,35
Qwen-3-Coder-480B,322,challenging,correct,1.6219813652785702,36
Qwen-3-Coder-480B,322,challenging,correct,2.477922885572139,37
Qwen-3-Coder-480B,322,challenging,correct,1.31962274037202,38
Qwen-3-Coder-480B,322,challenging,correct,1.0624620982413584,39
Qwen-3-Coder-480B,322,challenging,correct,1.7580479803157678,40
Qwen-3-Coder-480B,322,challenging,correct,0.8645474792468111,41
Qwen-3-Coder-480B,322,challenging,correct,1.6466637781629117,42
Qwen-3-Coder-480B,322,challenging,correct,1.3740790858517515,43
Qwen-3-Coder-480B,322,challenging,correct,1.2832288084159418,44
Qwen-3-Coder-480B,322,challenging,correct,1.4375920471281296,45
Qwen-3-Coder-480B,322,challenging,correct,1.6863930885529157,46
Qwen-3-Coder-480B,322,challenging,correct,1.3773111161835196,47
Qwen-3-Coder-480B,322,challenging,correct,1.8504672897196262,48
Qwen-3-Coder-480B,322,challenging,correct,1.6791252485089463,49
Qwen-3-Coder-480B,322,challenging,correct,2.2992434855701878,50
Qwen-3-Coder-480B,506,challenging,correct,2.365570519705858,1
Qwen-3-Coder-480B,506,challenging,correct,1.1044765695928487,2
Qwen-3-Coder-480B,506,challenging,correct,1.111175128482865,3
Qwen-3-Coder-480B,506,challenging,correct,1.0120201337239876,4
Qwen-3-Coder-480B,506,challenging,correct,1.1953866693037976,5
Qwen-3-Coder-480B,506,challenging,correct,1.259880466349594,6
Qwen-3-Coder-480B,506,challenging,correct,1.4047959183673469,7
Qwen-3-Coder-480B,506,challenging,correct,1.117073047092817,8
Qwen-3-Coder-480B,506,challenging,correct,1.0546688091412249,9
Qwen-3-Coder-480B,506,challenging,correct,1.1296998201687647,10
Qwen-3-Coder-480B,506,challenging,correct,1.1938837596888972,11
Qwen-3-Coder-480B,506,challenging,correct,1.0812513121981944,12
Qwen-3-Coder-480B,506,challenging,correct,1.085319257017912,13
Qwen-3-Coder-480B,506,challenging,correct,0.9304163454124904,14
Qwen-3-Coder-480B,506,challenging,correct,1.2094800843777143,15
Qwen-3-Coder-480B,506,challenging,correct,1.002841131239411,16
Qwen-3-Coder-480B,506,challenging,correct,1.0635035474234504,17
Qwen-3-Coder-480B,506,challenging,correct,1.0836729074889868,18
Qwen-3-Coder-480B,506,challenging,correct,0.5048105267119077,19
Qwen-3-Coder-480B,506,challenging,correct,1.0891226583827545,20
Qwen-3-Coder-480B,506,challenging,correct,1.230830342711558,21
Qwen-3-Coder-480B,506,challenging,correct,0.5127330716388616,22
Qwen-3-Coder-480B,506,challenging,correct,1.0801874091227315,23
Qwen-3-Coder-480B,506,challenging,correct,1.0776461372760207,24
Qwen-3-Coder-480B,506,challenging,correct,1.3203883495145632,25
Qwen-3-Coder-480B,506,challenging,correct,0.5527220020474564,26
Qwen-3-Coder-480B,506,challenging,correct,0.6479517888473568,27
Qwen-3-Coder-480B,506,challenging,correct,1.0997604941384092,28
Qwen-3-Coder-480B,506,challenging,correct,1.096187602852441,29
Qwen-3-Coder-480B,506,challenging,correct,1.2268157894736842,30
Qwen-3-Coder-480B,506,challenging,correct,1.1712079790909364,31
Qwen-3-Coder-480B,506,challenging,correct,1.0433995935160858,32
Qwen-3-Coder-480B,506,challenging,correct,0.8870800722456351,33
Qwen-3-Coder-480B,506,challenging,correct,0.8316588524224158,34
Qwen-3-Coder-480B,506,challenging,correct,0.694346655622282,35
Qwen-3-Coder-480B,506,challenging,correct,0.9945851566989347,36
Qwen-3-Coder-480B,506,challenging,correct,1.0812787802674775,37
Qwen-3-Coder-480B,506,challenging,correct,0.8294801550180408,38
Qwen-3-Coder-480B,506,challenging,correct,0.8296996015579532,39
Qwen-3-Coder-480B,506,challenging,correct,1.3226649248856956,40
Qwen-3-Coder-480B,506,challenging,correct,1.2289677302486868,41
Qwen-3-Coder-480B,506,challenging,correct,0.8672081974032798,42
Qwen-3-Coder-480B,506,challenging,correct,1.0612394981391928,43
Qwen-3-Coder-480B,506,challenging,correct,1.1499070516792664,44
Qwen-3-Coder-480B,506,challenging,correct,0.9441041189695357,45
Qwen-3-Coder-480B,506,challenging,correct,1.078931669037676,46
Qwen-3-Coder-480B,506,challenging,correct,1.0927740189445196,47
Qwen-3-Coder-480B,506,challenging,correct,1.1480444775429497,48
Qwen-3-Coder-480B,506,challenging,correct,1.0517420125035344,49
Qwen-3-Coder-480B,506,challenging,correct,1.1555592906966972,50
Qwen-3-Coder-480B,149,challenging,semantic,,1
Qwen-3-Coder-480B,149,challenging,semantic,,2
Qwen-3-Coder-480B,149,challenging,syntactic,,3
Qwen-3-Coder-480B,149,challenging,syntactic,,4
Qwen-3-Coder-480B,149,challenging,syntactic,,5
Qwen-3-Coder-480B,149,challenging,syntactic,,6
Qwen-3-Coder-480B,149,challenging,syntactic,,7
Qwen-3-Coder-480B,149,challenging,syntactic,,8
Qwen-3-Coder-480B,149,challenging,syntactic,,9
Qwen-3-Coder-480B,149,challenging,syntactic,,10
Qwen-3-Coder-480B,149,challenging,syntactic,,11
Qwen-3-Coder-480B,149,challenging,syntactic,,12
Qwen-3-Coder-480B,149,challenging,syntactic,,13
Qwen-3-Coder-480B,149,challenging,syntactic,,14
Qwen-3-Coder-480B,149,challenging,syntactic,,15
Qwen-3-Coder-480B,149,challenging,syntactic,,16
Qwen-3-Coder-480B,149,challenging,syntactic,,17
Qwen-3-Coder-480B,149,challenging,syntactic,,18
Qwen-3-Coder-480B,149,challenging,syntactic,,19
Qwen-3-Coder-480B,149,challenging,syntactic,,20
Qwen-3-Coder-480B,149,challenging,syntactic,,21
Qwen-3-Coder-480B,149,challenging,syntactic,,22
Qwen-3-Coder-480B,149,challenging,syntactic,,23
Qwen-3-Coder-480B,149,challenging,syntactic,,24
Qwen-3-Coder-480B,149,challenging,syntactic,,25
Qwen-3-Coder-480B,149,challenging,syntactic,,26
Qwen-3-Coder-480B,149,challenging,syntactic,,27
Qwen-3-Coder-480B,149,challenging,syntactic,,28
Qwen-3-Coder-480B,149,challenging,syntactic,,29
Qwen-3-Coder-480B,149,challenging,syntactic,,30
Qwen-3-Coder-480B,149,challenging,syntactic,,31
Qwen-3-Coder-480B,149,challenging,syntactic,,32
Qwen-3-Coder-480B,149,challenging,syntactic,,33
Qwen-3-Coder-480B,149,challenging,syntactic,,34
Qwen-3-Coder-480B,149,challenging,syntactic,,35
Qwen-3-Coder-480B,149,challenging,syntactic,,36
Qwen-3-Coder-480B,149,challenging,syntactic,,37
Qwen-3-Coder-480B,149,challenging,syntactic,,38
Qwen-3-Coder-480B,149,challenging,syntactic,,39
Qwen-3-Coder-480B,149,challenging,syntactic,,40
Qwen-3-Coder-480B,149,challenging,syntactic,,41
Qwen-3-Coder-480B,149,challenging,syntactic,,42
Qwen-3-Coder-480B,149,challenging,syntactic,,43
Qwen-3-Coder-480B,149,challenging,syntactic,,44
Qwen-3-Coder-480B,149,challenging,syntactic,,45
Qwen-3-Coder-480B,149,challenging,syntactic,,46
Qwen-3-Coder-480B,149,challenging,syntactic,,47
Qwen-3-Coder-480B,149,challenging,syntactic,,48
Qwen-3-Coder-480B,149,challenging,syntactic,,49
Qwen-3-Coder-480B,149,challenging,syntactic,,50
Qwen-3-Coder-480B,775,challenging,correct,0.9180274683681194,1
Qwen-3-Coder-480B,775,challenging,correct,1.0232205956587581,2
Qwen-3-Coder-480B,775,challenging,correct,1.3197701688555348,3
Qwen-3-Coder-480B,775,challenging,correct,1.4148893360160966,4
Qwen-3-Coder-480B,775,challenging,correct,1.3058164442247486,5
Qwen-3-Coder-480B,775,challenging,correct,1.4512180906865602,6
Qwen-3-Coder-480B,775,challenging,correct,1.2623552344914575,7
Qwen-3-Coder-480B,775,challenging,correct,1.2006726457399104,8
Qwen-3-Coder-480B,775,challenging,correct,1.2778831235993795,9
Qwen-3-Coder-480B,775,challenging,correct,1.665893760539629,10
Qwen-3-Coder-480B,775,challenging,correct,1.443000773395205,11
Qwen-3-Coder-480B,775,challenging,correct,0.9778672032193159,12
Qwen-3-Coder-480B,775,challenging,correct,1.0675553254820758,13
Qwen-3-Coder-480B,775,challenging,correct,1.8501411859620815,14
Qwen-3-Coder-480B,775,challenging,correct,1.1692099671624494,15
Qwen-3-Coder-480B,775,challenging,correct,1.1613209788548349,16
Qwen-3-Coder-480B,775,challenging,correct,0.9761342155009451,17
Qwen-3-Coder-480B,775,challenging,correct,1.3700654817586528,18
Qwen-3-Coder-480B,775,challenging,correct,0.9338258914230646,19
Qwen-3-Coder-480B,775,challenging,correct,1.4578937958161988,20
Qwen-3-Coder-480B,775,challenging,correct,1.2730537534754403,21
Qwen-3-Coder-480B,775,challenging,correct,1.1255197905436625,22
Qwen-3-Coder-480B,775,challenging,correct,1.3357737104825291,23
Qwen-3-Coder-480B,775,challenging,correct,1.2246412666996536,24
Qwen-3-Coder-480B,775,challenging,correct,1.8090225563909774,25
Qwen-3-Coder-480B,775,challenging,correct,1.4286368318644844,26
Qwen-3-Coder-480B,775,challenging,correct,1.070521028267507,27
Qwen-3-Coder-480B,775,challenging,correct,1.6270012981393336,28
Qwen-3-Coder-480B,775,challenging,correct,0.9077498899163364,29
Qwen-3-Coder-480B,775,challenging,correct,1.1893809360338712,30
Qwen-3-Coder-480B,775,challenging,correct,1.5429722470904208,31
Qwen-3-Coder-480B,775,challenging,correct,0.9405552202776102,32
Qwen-3-Coder-480B,775,challenging,correct,1.1249436852380237,33
Qwen-3-Coder-480B,775,challenging,correct,1.4893863373214975,34
Qwen-3-Coder-480B,775,challenging,correct,0.7052336775774549,35
Qwen-3-Coder-480B,775,challenging,correct,1.9701464861857965,36
Qwen-3-Coder-480B,775,challenging,correct,1.2833452636602243,37
Qwen-3-Coder-480B,775,challenging,correct,1.2683953144546798,38
Qwen-3-Coder-480B,775,challenging,correct,1.3105263157894738,39
Qwen-3-Coder-480B,775,challenging,correct,1.1093554443053817,40
Qwen-3-Coder-480B,775,challenging,correct,0.9861980830670927,41
Qwen-3-Coder-480B,775,challenging,correct,2.4210714925640566,42
Qwen-3-Coder-480B,775,challenging,correct,1.2352,43
Qwen-3-Coder-480B,775,challenging,correct,1.283638145003266,44
Qwen-3-Coder-480B,775,challenging,correct,1.443460135487233,45
Qwen-3-Coder-480B,775,challenging,correct,1.29643226960369,46
Qwen-3-Coder-480B,775,challenging,correct,2.1164588090637624,47
Qwen-3-Coder-480B,775,challenging,correct,1.2568319525163842,48
Qwen-3-Coder-480B,775,challenging,correct,1.1851440008895808,49
Qwen-3-Coder-480B,775,challenging,correct,1.2787140631638578,50
Qwen-3-Coder-480B,253,challenging,semantic,,1
Qwen-3-Coder-480B,253,challenging,semantic,,2
Qwen-3-Coder-480B,253,challenging,semantic,,3
Qwen-3-Coder-480B,253,challenging,semantic,,4
Qwen-3-Coder-480B,253,challenging,semantic,,5
Qwen-3-Coder-480B,253,challenging,semantic,,6
Qwen-3-Coder-480B,253,challenging,semantic,,7
Qwen-3-Coder-480B,253,challenging,semantic,,8
Qwen-3-Coder-480B,253,challenging,semantic,,9
Qwen-3-Coder-480B,253,challenging,semantic,,10
Qwen-3-Coder-480B,253,challenging,semantic,,11
Qwen-3-Coder-480B,253,challenging,semantic,,12
Qwen-3-Coder-480B,253,challenging,semantic,,13
Qwen-3-Coder-480B,253,challenging,semantic,,14
Qwen-3-Coder-480B,253,challenging,semantic,,15
Qwen-3-Coder-480B,253,challenging,semantic,,16
Qwen-3-Coder-480B,253,challenging,semantic,,17
Qwen-3-Coder-480B,253,challenging,semantic,,18
Qwen-3-Coder-480B,253,challenging,semantic,,19
Qwen-3-Coder-480B,253,challenging,semantic,,20
Qwen-3-Coder-480B,253,challenging,semantic,,21
Qwen-3-Coder-480B,253,challenging,semantic,,22
Qwen-3-Coder-480B,253,challenging,semantic,,23
Qwen-3-Coder-480B,253,challenging,semantic,,24
Qwen-3-Coder-480B,253,challenging,semantic,,25
Qwen-3-Coder-480B,253,challenging,semantic,,26
Qwen-3-Coder-480B,253,challenging,semantic,,27
Qwen-3-Coder-480B,253,challenging,semantic,,28
Qwen-3-Coder-480B,253,challenging,semantic,,29
Qwen-3-Coder-480B,253,challenging,semantic,,30
Qwen-3-Coder-480B,253,challenging,semantic,,31
Qwen-3-Coder-480B,253,challenging,semantic,,32
Qwen-3-Coder-480B,253,challenging,semantic,,33
Qwen-3-Coder-480B,253,challenging,semantic,,34
Qwen-3-Coder-480B,253,challenging,semantic,,35
Qwen-3-Coder-480B,253,challenging,semantic,,36
Qwen-3-Coder-480B,253,challenging,semantic,,37
Qwen-3-Coder-480B,253,challenging,semantic,,38
Qwen-3-Coder-480B,253,challenging,semantic,,39
Qwen-3-Coder-480B,253,challenging,semantic,,40
Qwen-3-Coder-480B,253,challenging,semantic,,41
Qwen-3-Coder-480B,253,challenging,semantic,,42
Qwen-3-Coder-480B,253,challenging,semantic,,43
Qwen-3-Coder-480B,253,challenging,semantic,,44
Qwen-3-Coder-480B,253,challenging,semantic,,45
Qwen-3-Coder-480B,253,challenging,semantic,,46
Qwen-3-Coder-480B,253,challenging,semantic,,47
Qwen-3-Coder-480B,253,challenging,semantic,,48
Qwen-3-Coder-480B,253,challenging,semantic,,49
Qwen-3-Coder-480B,253,challenging,semantic,,50
Qwen-3-Coder-480B,1243,challenging,semantic,,1
Qwen-3-Coder-480B,1243,challenging,semantic,,2
Qwen-3-Coder-480B,1243,challenging,semantic,,3
Qwen-3-Coder-480B,1243,challenging,semantic,,4
Qwen-3-Coder-480B,1243,challenging,semantic,,5
Qwen-3-Coder-480B,1243,challenging,semantic,,6
Qwen-3-Coder-480B,1243,challenging,semantic,,7
Qwen-3-Coder-480B,1243,challenging,semantic,,8
Qwen-3-Coder-480B,1243,challenging,semantic,,9
Qwen-3-Coder-480B,1243,challenging,semantic,,10
Qwen-3-Coder-480B,1243,challenging,semantic,,11
Qwen-3-Coder-480B,1243,challenging,semantic,,12
Qwen-3-Coder-480B,1243,challenging,semantic,,13
Qwen-3-Coder-480B,1243,challenging,semantic,,14
Qwen-3-Coder-480B,1243,challenging,semantic,,15
Qwen-3-Coder-480B,1243,challenging,semantic,,16
Qwen-3-Coder-480B,1243,challenging,semantic,,17
Qwen-3-Coder-480B,1243,challenging,semantic,,18
Qwen-3-Coder-480B,1243,challenging,semantic,,19
Qwen-3-Coder-480B,1243,challenging,semantic,,20
Qwen-3-Coder-480B,1243,challenging,semantic,,21
Qwen-3-Coder-480B,1243,challenging,semantic,,22
Qwen-3-Coder-480B,1243,challenging,semantic,,23
Qwen-3-Coder-480B,1243,challenging,semantic,,24
Qwen-3-Coder-480B,1243,challenging,semantic,,25
Qwen-3-Coder-480B,1243,challenging,semantic,,26
Qwen-3-Coder-480B,1243,challenging,semantic,,27
Qwen-3-Coder-480B,1243,challenging,semantic,,28
Qwen-3-Coder-480B,1243,challenging,semantic,,29
Qwen-3-Coder-480B,1243,challenging,semantic,,30
Qwen-3-Coder-480B,1243,challenging,semantic,,31
Qwen-3-Coder-480B,1243,challenging,semantic,,32
Qwen-3-Coder-480B,1243,challenging,semantic,,33
Qwen-3-Coder-480B,1243,challenging,semantic,,34
Qwen-3-Coder-480B,1243,challenging,semantic,,35
Qwen-3-Coder-480B,1243,challenging,semantic,,36
Qwen-3-Coder-480B,1243,challenging,semantic,,37
Qwen-3-Coder-480B,1243,challenging,semantic,,38
Qwen-3-Coder-480B,1243,challenging,semantic,,39
Qwen-3-Coder-480B,1243,challenging,semantic,,40
Qwen-3-Coder-480B,1243,challenging,semantic,,41
Qwen-3-Coder-480B,1243,challenging,semantic,,42
Qwen-3-Coder-480B,1243,challenging,semantic,,43
Qwen-3-Coder-480B,1243,challenging,semantic,,44
Qwen-3-Coder-480B,1243,challenging,semantic,,45
Qwen-3-Coder-480B,1243,challenging,semantic,,46
Qwen-3-Coder-480B,1243,challenging,semantic,,47
Qwen-3-Coder-480B,1243,challenging,semantic,,48
Qwen-3-Coder-480B,1243,challenging,semantic,,49
Qwen-3-Coder-480B,1243,challenging,semantic,,50
Qwen-3-Coder-480B,1292,challenging,hallucination,,1
Qwen-3-Coder-480B,1292,challenging,hallucination,,2
Qwen-3-Coder-480B,1292,challenging,hallucination,,3
Qwen-3-Coder-480B,1292,challenging,hallucination,,4
Qwen-3-Coder-480B,1292,challenging,hallucination,,5
Qwen-3-Coder-480B,1292,challenging,hallucination,,6
Qwen-3-Coder-480B,1292,challenging,hallucination,,7
Qwen-3-Coder-480B,1292,challenging,hallucination,,8
Qwen-3-Coder-480B,1292,challenging,hallucination,,9
Qwen-3-Coder-480B,1292,challenging,hallucination,,10
Qwen-3-Coder-480B,1292,challenging,hallucination,,11
Qwen-3-Coder-480B,1292,challenging,hallucination,,12
Qwen-3-Coder-480B,1292,challenging,hallucination,,13
Qwen-3-Coder-480B,1292,challenging,hallucination,,14
Qwen-3-Coder-480B,1292,challenging,hallucination,,15
Qwen-3-Coder-480B,1292,challenging,hallucination,,16
Qwen-3-Coder-480B,1292,challenging,hallucination,,17
Qwen-3-Coder-480B,1292,challenging,hallucination,,18
Qwen-3-Coder-480B,1292,challenging,hallucination,,19
Qwen-3-Coder-480B,1292,challenging,hallucination,,20
Qwen-3-Coder-480B,1292,challenging,hallucination,,21
Qwen-3-Coder-480B,1292,challenging,hallucination,,22
Qwen-3-Coder-480B,1292,challenging,hallucination,,23
Qwen-3-Coder-480B,1292,challenging,hallucination,,24
Qwen-3-Coder-480B,1292,challenging,hallucination,,25
Qwen-3-Coder-480B,1292,challenging,hallucination,,26
Qwen-3-Coder-480B,1292,challenging,hallucination,,27
Qwen-3-Coder-480B,1292,challenging,hallucination,,28
Qwen-3-Coder-480B,1292,challenging,hallucination,,29
Qwen-3-Coder-480B,1292,challenging,hallucination,,30
Qwen-3-Coder-480B,1292,challenging,hallucination,,31
Qwen-3-Coder-480B,1292,challenging,hallucination,,32
Qwen-3-Coder-480B,1292,challenging,hallucination,,33
Qwen-3-Coder-480B,1292,challenging,hallucination,,34
Qwen-3-Coder-480B,1292,challenging,hallucination,,35
Qwen-3-Coder-480B,1292,challenging,hallucination,,36
Qwen-3-Coder-480B,1292,challenging,hallucination,,37
Qwen-3-Coder-480B,1292,challenging,hallucination,,38
Qwen-3-Coder-480B,1292,challenging,hallucination,,39
Qwen-3-Coder-480B,1292,challenging,hallucination,,40
Qwen-3-Coder-480B,1292,challenging,hallucination,,41
Qwen-3-Coder-480B,1292,challenging,hallucination,,42
Qwen-3-Coder-480B,1292,challenging,hallucination,,43
Qwen-3-Coder-480B,1292,challenging,hallucination,,44
Qwen-3-Coder-480B,1292,challenging,hallucination,,45
Qwen-3-Coder-480B,1292,challenging,hallucination,,46
Qwen-3-Coder-480B,1292,challenging,hallucination,,47
Qwen-3-Coder-480B,1292,challenging,hallucination,,48
Qwen-3-Coder-480B,1292,challenging,hallucination,,49
Qwen-3-Coder-480B,1292,challenging,hallucination,,50
Qwen-3-Coder-480B,639,challenging,semantic,,1
Qwen-3-Coder-480B,639,challenging,semantic,,2
Qwen-3-Coder-480B,639,challenging,semantic,,3
Qwen-3-Coder-480B,639,challenging,semantic,,4
Qwen-3-Coder-480B,639,challenging,semantic,,5
Qwen-3-Coder-480B,639,challenging,semantic,,6
Qwen-3-Coder-480B,639,challenging,semantic,,7
Qwen-3-Coder-480B,639,challenging,semantic,,8
Qwen-3-Coder-480B,639,challenging,semantic,,9
Qwen-3-Coder-480B,639,challenging,semantic,,10
Qwen-3-Coder-480B,639,challenging,semantic,,11
Qwen-3-Coder-480B,639,challenging,semantic,,12
Qwen-3-Coder-480B,639,challenging,semantic,,13
Qwen-3-Coder-480B,639,challenging,semantic,,14
Qwen-3-Coder-480B,639,challenging,semantic,,15
Qwen-3-Coder-480B,639,challenging,semantic,,16
Qwen-3-Coder-480B,639,challenging,semantic,,17
Qwen-3-Coder-480B,639,challenging,semantic,,18
Qwen-3-Coder-480B,639,challenging,semantic,,19
Qwen-3-Coder-480B,639,challenging,semantic,,20
Qwen-3-Coder-480B,639,challenging,semantic,,21
Qwen-3-Coder-480B,639,challenging,semantic,,22
Qwen-3-Coder-480B,639,challenging,semantic,,23
Qwen-3-Coder-480B,639,challenging,semantic,,24
Qwen-3-Coder-480B,639,challenging,semantic,,25
Qwen-3-Coder-480B,639,challenging,semantic,,26
Qwen-3-Coder-480B,639,challenging,semantic,,27
Qwen-3-Coder-480B,639,challenging,semantic,,28
Qwen-3-Coder-480B,639,challenging,semantic,,29
Qwen-3-Coder-480B,639,challenging,semantic,,30
Qwen-3-Coder-480B,639,challenging,semantic,,31
Qwen-3-Coder-480B,639,challenging,semantic,,32
Qwen-3-Coder-480B,639,challenging,semantic,,33
Qwen-3-Coder-480B,639,challenging,semantic,,34
Qwen-3-Coder-480B,639,challenging,semantic,,35
Qwen-3-Coder-480B,639,challenging,semantic,,36
Qwen-3-Coder-480B,639,challenging,semantic,,37
Qwen-3-Coder-480B,639,challenging,semantic,,38
Qwen-3-Coder-480B,639,challenging,semantic,,39
Qwen-3-Coder-480B,639,challenging,semantic,,40
Qwen-3-Coder-480B,639,challenging,semantic,,41
Qwen-3-Coder-480B,639,challenging,semantic,,42
Qwen-3-Coder-480B,639,challenging,semantic,,43
Qwen-3-Coder-480B,639,challenging,semantic,,44
Qwen-3-Coder-480B,639,challenging,semantic,,45
Qwen-3-Coder-480B,639,challenging,semantic,,46
Qwen-3-Coder-480B,639,challenging,semantic,,47
Qwen-3-Coder-480B,639,challenging,semantic,,48
Qwen-3-Coder-480B,639,challenging,semantic,,49
Qwen-3-Coder-480B,639,challenging,semantic,,50
Qwen-3-Coder-480B,829,challenging,semantic,,1
Qwen-3-Coder-480B,829,challenging,semantic,,2
Qwen-3-Coder-480B,829,challenging,correct,1.5834970530451866,3
Qwen-3-Coder-480B,829,challenging,semantic,,4
Qwen-3-Coder-480B,829,challenging,correct,1.6974502487562189,5
Qwen-3-Coder-480B,829,challenging,semantic,,6
Qwen-3-Coder-480B,829,challenging,correct,1.2875,7
Qwen-3-Coder-480B,829,challenging,semantic,,8
Qwen-3-Coder-480B,829,challenging,correct,1.6579196964906735,9
Qwen-3-Coder-480B,829,challenging,correct,0.48362387744321184,10
Qwen-3-Coder-480B,829,challenging,semantic,,11
Qwen-3-Coder-480B,829,challenging,semantic,,12
Qwen-3-Coder-480B,829,challenging,correct,1.3631154499151104,13
Qwen-3-Coder-480B,829,challenging,semantic,,14
Qwen-3-Coder-480B,829,challenging,correct,1.5422180214240706,15
Qwen-3-Coder-480B,829,challenging,semantic,,16
Qwen-3-Coder-480B,829,challenging,semantic,,17
Qwen-3-Coder-480B,829,challenging,correct,1.1737406506262953,18
Qwen-3-Coder-480B,829,challenging,correct,1.8150128314798974,19
Qwen-3-Coder-480B,829,challenging,correct,1.192230504587156,20
Qwen-3-Coder-480B,829,challenging,correct,1.4827906976744185,21
Qwen-3-Coder-480B,829,challenging,correct,1.3152078774617069,22
Qwen-3-Coder-480B,829,challenging,semantic,,23
Qwen-3-Coder-480B,829,challenging,semantic,,24
Qwen-3-Coder-480B,829,challenging,correct,1.9735302720093595,25
Qwen-3-Coder-480B,829,challenging,semantic,,26
Qwen-3-Coder-480B,829,challenging,semantic,,27
Qwen-3-Coder-480B,829,challenging,semantic,,28
Qwen-3-Coder-480B,829,challenging,semantic,,29
Qwen-3-Coder-480B,829,challenging,semantic,,30
Qwen-3-Coder-480B,829,challenging,correct,1.374670571010249,31
Qwen-3-Coder-480B,829,challenging,semantic,,32
Qwen-3-Coder-480B,829,challenging,correct,1.2960800667222685,33
Qwen-3-Coder-480B,829,challenging,semantic,,34
Qwen-3-Coder-480B,829,challenging,correct,1.4166524483876473,35
Qwen-3-Coder-480B,829,challenging,correct,1.3354249229414354,36
Qwen-3-Coder-480B,829,challenging,correct,0.924571553323873,37
Qwen-3-Coder-480B,829,challenging,correct,1.277448309023882,38
Qwen-3-Coder-480B,829,challenging,semantic,,39
Qwen-3-Coder-480B,829,challenging,semantic,,40
Qwen-3-Coder-480B,829,challenging,semantic,,41
Qwen-3-Coder-480B,829,challenging,correct,1.3425833054719716,42
Qwen-3-Coder-480B,829,challenging,correct,1.329217680016601,43
Qwen-3-Coder-480B,829,challenging,semantic,,44
Qwen-3-Coder-480B,829,challenging,correct,1.3796249366447035,45
Qwen-3-Coder-480B,829,challenging,semantic,,46
Qwen-3-Coder-480B,829,challenging,correct,1.1756247860321807,47
Qwen-3-Coder-480B,829,challenging,correct,0.9196385657983274,48
Qwen-3-Coder-480B,829,challenging,semantic,,49
Qwen-3-Coder-480B,829,challenging,correct,1.2747185261003071,50
Qwen-3-Coder-480B,334,challenging,correct,7.612474732890558,1
Qwen-3-Coder-480B,334,challenging,correct,1.05837797893959,2
Qwen-3-Coder-480B,334,challenging,correct,1.3833835420960836,3
Qwen-3-Coder-480B,334,challenging,correct,1.5030378563639195,4
Qwen-3-Coder-480B,334,challenging,correct,1.7495573796877515,5
Qwen-3-Coder-480B,334,challenging,correct,1.3095402457545215,6
Qwen-3-Coder-480B,334,challenging,correct,1.4913136238951539,7
Qwen-3-Coder-480B,334,challenging,correct,1.209235010337698,8
Qwen-3-Coder-480B,334,challenging,correct,1.2588983893418175,9
Qwen-3-Coder-480B,334,challenging,correct,1.3516068052930057,10
Qwen-3-Coder-480B,334,challenging,correct,1.4601688411358404,11
Qwen-3-Coder-480B,334,challenging,correct,1.1062416998671978,12
Qwen-3-Coder-480B,334,challenging,correct,1.7215777262180973,13
Qwen-3-Coder-480B,334,challenging,correct,1.3658235657001851,14
Qwen-3-Coder-480B,334,challenging,correct,1.5190602836879432,15
Qwen-3-Coder-480B,334,challenging,correct,1.4053660565723793,16
Qwen-3-Coder-480B,334,challenging,correct,1.424329714159096,17
Qwen-3-Coder-480B,334,challenging,correct,1.3824877509088036,18
Qwen-3-Coder-480B,334,challenging,correct,1.4389521977208821,19
Qwen-3-Coder-480B,334,challenging,correct,1.96902994625032,20
Qwen-3-Coder-480B,334,challenging,correct,1.3803045685279187,21
Qwen-3-Coder-480B,334,challenging,correct,1.2502304754379032,22
Qwen-3-Coder-480B,334,challenging,correct,1.4284217145252567,23
Qwen-3-Coder-480B,334,challenging,correct,1.38116458704694,24
Qwen-3-Coder-480B,334,challenging,correct,1.3796269727403156,25
Qwen-3-Coder-480B,334,challenging,correct,1.387778319518934,26
Qwen-3-Coder-480B,334,challenging,correct,1.5710064999015168,27
Qwen-3-Coder-480B,334,challenging,correct,1.4423107443262975,28
Qwen-3-Coder-480B,334,challenging,correct,1.2508460236886634,29
Qwen-3-Coder-480B,334,challenging,correct,1.058231246853499,30
Qwen-3-Coder-480B,334,challenging,correct,1.2061213902818606,31
Qwen-3-Coder-480B,334,challenging,correct,1.4015645371577574,32
Qwen-3-Coder-480B,334,challenging,correct,1.481528662420382,33
Qwen-3-Coder-480B,334,challenging,correct,0.7400630914826498,34
Qwen-3-Coder-480B,334,challenging,correct,1.4056801195814648,35
Qwen-3-Coder-480B,334,challenging,correct,1.3682231275462238,36
Qwen-3-Coder-480B,334,challenging,correct,1.334967069995405,37
Qwen-3-Coder-480B,334,challenging,correct,1.3737528779739063,38
Qwen-3-Coder-480B,334,challenging,correct,1.4127300953648259,39
Qwen-3-Coder-480B,334,challenging,correct,1.3677083333333333,40
Qwen-3-Coder-480B,334,challenging,correct,0.39077085939755557,41
Qwen-3-Coder-480B,334,challenging,correct,1.2051329737771992,42
Qwen-3-Coder-480B,334,challenging,correct,1.4195620437956205,43
Qwen-3-Coder-480B,334,challenging,correct,1.233776091081594,44
Qwen-3-Coder-480B,334,challenging,correct,1.3587884646367006,45
Qwen-3-Coder-480B,334,challenging,correct,1.1220247540463344,46
Qwen-3-Coder-480B,334,challenging,correct,1.4314011069035828,47
Qwen-3-Coder-480B,334,challenging,correct,1.1832711774107618,48
Qwen-3-Coder-480B,334,challenging,correct,1.483509234828496,49
Qwen-3-Coder-480B,334,challenging,correct,1.4352838807918207,50
Qwen-3-Coder-480B,285,challenging,semantic,,1
Qwen-3-Coder-480B,285,challenging,semantic,,2
Qwen-3-Coder-480B,285,challenging,semantic,,3
Qwen-3-Coder-480B,285,challenging,semantic,,4
Qwen-3-Coder-480B,285,challenging,semantic,,5
Qwen-3-Coder-480B,285,challenging,semantic,,6
Qwen-3-Coder-480B,285,challenging,semantic,,7
Qwen-3-Coder-480B,285,challenging,semantic,,8
Qwen-3-Coder-480B,285,challenging,semantic,,9
Qwen-3-Coder-480B,285,challenging,semantic,,10
Qwen-3-Coder-480B,285,challenging,semantic,,11
Qwen-3-Coder-480B,285,challenging,semantic,,12
Qwen-3-Coder-480B,285,challenging,semantic,,13
Qwen-3-Coder-480B,285,challenging,semantic,,14
Qwen-3-Coder-480B,285,challenging,semantic,,15
Qwen-3-Coder-480B,285,challenging,semantic,,16
Qwen-3-Coder-480B,285,challenging,semantic,,17
Qwen-3-Coder-480B,285,challenging,semantic,,18
Qwen-3-Coder-480B,285,challenging,semantic,,19
Qwen-3-Coder-480B,285,challenging,semantic,,20
Qwen-3-Coder-480B,285,challenging,semantic,,21
Qwen-3-Coder-480B,285,challenging,semantic,,22
Qwen-3-Coder-480B,285,challenging,semantic,,23
Qwen-3-Coder-480B,285,challenging,semantic,,24
Qwen-3-Coder-480B,285,challenging,semantic,,25
Qwen-3-Coder-480B,285,challenging,semantic,,26
Qwen-3-Coder-480B,285,challenging,semantic,,27
Qwen-3-Coder-480B,285,challenging,semantic,,28
Qwen-3-Coder-480B,285,challenging,semantic,,29
Qwen-3-Coder-480B,285,challenging,semantic,,30
Qwen-3-Coder-480B,285,challenging,semantic,,31
Qwen-3-Coder-480B,285,challenging,semantic,,32
Qwen-3-Coder-480B,285,challenging,semantic,,33
Qwen-3-Coder-480B,285,challenging,semantic,,34
Qwen-3-Coder-480B,285,challenging,semantic,,35
Qwen-3-Coder-480B,285,challenging,semantic,,36
Qwen-3-Coder-480B,285,challenging,semantic,,37
Qwen-3-Coder-480B,285,challenging,semantic,,38
Qwen-3-Coder-480B,285,challenging,semantic,,39
Qwen-3-Coder-480B,285,challenging,semantic,,40
Qwen-3-Coder-480B,285,challenging,semantic,,41
Qwen-3-Coder-480B,285,challenging,semantic,,42
Qwen-3-Coder-480B,285,challenging,semantic,,43
Qwen-3-Coder-480B,285,challenging,semantic,,44
Qwen-3-Coder-480B,285,challenging,semantic,,45
Qwen-3-Coder-480B,285,challenging,semantic,,46
Qwen-3-Coder-480B,285,challenging,semantic,,47
Qwen-3-Coder-480B,285,challenging,semantic,,48
Qwen-3-Coder-480B,285,challenging,semantic,,49
Qwen-3-Coder-480B,285,challenging,semantic,,50
Qwen-3-Coder-480B,337,challenging,semantic,,1
Qwen-3-Coder-480B,337,challenging,semantic,,2
Qwen-3-Coder-480B,337,challenging,semantic,,3
Qwen-3-Coder-480B,337,challenging,semantic,,4
Qwen-3-Coder-480B,337,challenging,semantic,,5
Qwen-3-Coder-480B,337,challenging,semantic,,6
Qwen-3-Coder-480B,337,challenging,semantic,,7
Qwen-3-Coder-480B,337,challenging,semantic,,8
Qwen-3-Coder-480B,337,challenging,semantic,,9
Qwen-3-Coder-480B,337,challenging,semantic,,10
Qwen-3-Coder-480B,337,challenging,semantic,,11
Qwen-3-Coder-480B,337,challenging,semantic,,12
Qwen-3-Coder-480B,337,challenging,semantic,,13
Qwen-3-Coder-480B,337,challenging,semantic,,14
Qwen-3-Coder-480B,337,challenging,semantic,,15
Qwen-3-Coder-480B,337,challenging,semantic,,16
Qwen-3-Coder-480B,337,challenging,semantic,,17
Qwen-3-Coder-480B,337,challenging,semantic,,18
Qwen-3-Coder-480B,337,challenging,semantic,,19
Qwen-3-Coder-480B,337,challenging,semantic,,20
Qwen-3-Coder-480B,337,challenging,semantic,,21
Qwen-3-Coder-480B,337,challenging,semantic,,22
Qwen-3-Coder-480B,337,challenging,semantic,,23
Qwen-3-Coder-480B,337,challenging,semantic,,24
Qwen-3-Coder-480B,337,challenging,semantic,,25
Qwen-3-Coder-480B,337,challenging,semantic,,26
Qwen-3-Coder-480B,337,challenging,semantic,,27
Qwen-3-Coder-480B,337,challenging,semantic,,28
Qwen-3-Coder-480B,337,challenging,semantic,,29
Qwen-3-Coder-480B,337,challenging,semantic,,30
Qwen-3-Coder-480B,337,challenging,semantic,,31
Qwen-3-Coder-480B,337,challenging,semantic,,32
Qwen-3-Coder-480B,337,challenging,semantic,,33
Qwen-3-Coder-480B,337,challenging,semantic,,34
Qwen-3-Coder-480B,337,challenging,semantic,,35
Qwen-3-Coder-480B,337,challenging,semantic,,36
Qwen-3-Coder-480B,337,challenging,semantic,,37
Qwen-3-Coder-480B,337,challenging,semantic,,38
Qwen-3-Coder-480B,337,challenging,semantic,,39
Qwen-3-Coder-480B,337,challenging,semantic,,40
Qwen-3-Coder-480B,337,challenging,semantic,,41
Qwen-3-Coder-480B,337,challenging,semantic,,42
Qwen-3-Coder-480B,337,challenging,semantic,,43
Qwen-3-Coder-480B,337,challenging,semantic,,44
Qwen-3-Coder-480B,337,challenging,semantic,,45
Qwen-3-Coder-480B,337,challenging,semantic,,46
Qwen-3-Coder-480B,337,challenging,semantic,,47
Qwen-3-Coder-480B,337,challenging,semantic,,48
Qwen-3-Coder-480B,337,challenging,semantic,,49
Qwen-3-Coder-480B,337,challenging,semantic,,50
Qwen-3-Coder-480B,523,challenging,semantic,,1
Qwen-3-Coder-480B,523,challenging,semantic,,2
Qwen-3-Coder-480B,523,challenging,semantic,,3
Qwen-3-Coder-480B,523,challenging,semantic,,4
Qwen-3-Coder-480B,523,challenging,semantic,,5
Qwen-3-Coder-480B,523,challenging,semantic,,6
Qwen-3-Coder-480B,523,challenging,semantic,,7
Qwen-3-Coder-480B,523,challenging,semantic,,8
Qwen-3-Coder-480B,523,challenging,semantic,,9
Qwen-3-Coder-480B,523,challenging,semantic,,10
Qwen-3-Coder-480B,523,challenging,semantic,,11
Qwen-3-Coder-480B,523,challenging,semantic,,12
Qwen-3-Coder-480B,523,challenging,semantic,,13
Qwen-3-Coder-480B,523,challenging,semantic,,14
Qwen-3-Coder-480B,523,challenging,semantic,,15
Qwen-3-Coder-480B,523,challenging,semantic,,16
Qwen-3-Coder-480B,523,challenging,semantic,,17
Qwen-3-Coder-480B,523,challenging,semantic,,18
Qwen-3-Coder-480B,523,challenging,semantic,,19
Qwen-3-Coder-480B,523,challenging,semantic,,20
Qwen-3-Coder-480B,523,challenging,semantic,,21
Qwen-3-Coder-480B,523,challenging,semantic,,22
Qwen-3-Coder-480B,523,challenging,semantic,,23
Qwen-3-Coder-480B,523,challenging,semantic,,24
Qwen-3-Coder-480B,523,challenging,semantic,,25
Qwen-3-Coder-480B,523,challenging,semantic,,26
Qwen-3-Coder-480B,523,challenging,semantic,,27
Qwen-3-Coder-480B,523,challenging,semantic,,28
Qwen-3-Coder-480B,523,challenging,semantic,,29
Qwen-3-Coder-480B,523,challenging,semantic,,30
Qwen-3-Coder-480B,523,challenging,semantic,,31
Qwen-3-Coder-480B,523,challenging,semantic,,32
Qwen-3-Coder-480B,523,challenging,semantic,,33
Qwen-3-Coder-480B,523,challenging,semantic,,34
Qwen-3-Coder-480B,523,challenging,semantic,,35
Qwen-3-Coder-480B,523,challenging,semantic,,36
Qwen-3-Coder-480B,523,challenging,semantic,,37
Qwen-3-Coder-480B,523,challenging,semantic,,38
Qwen-3-Coder-480B,523,challenging,semantic,,39
Qwen-3-Coder-480B,523,challenging,semantic,,40
Qwen-3-Coder-480B,523,challenging,semantic,,41
Qwen-3-Coder-480B,523,challenging,semantic,,42
Qwen-3-Coder-480B,523,challenging,semantic,,43
Qwen-3-Coder-480B,523,challenging,semantic,,44
Qwen-3-Coder-480B,523,challenging,semantic,,45
Qwen-3-Coder-480B,523,challenging,semantic,,46
Qwen-3-Coder-480B,523,challenging,semantic,,47
Qwen-3-Coder-480B,523,challenging,semantic,,48
Qwen-3-Coder-480B,523,challenging,semantic,,49
Qwen-3-Coder-480B,523,challenging,semantic,,50
Qwen-3-Coder-480B,513,challenging,correct,1.2080515638207945,1
Qwen-3-Coder-480B,513,challenging,correct,0.7033358353553162,2
Qwen-3-Coder-480B,513,challenging,correct,0.6575534625404369,3
Qwen-3-Coder-480B,513,challenging,correct,0.6588081430366024,4
Qwen-3-Coder-480B,513,challenging,correct,0.5608351457155285,5
Qwen-3-Coder-480B,513,challenging,correct,0.9666483214089158,6
Qwen-3-Coder-480B,513,challenging,correct,1.0778622270478948,7
Qwen-3-Coder-480B,513,challenging,correct,0.7878369039391845,8
Qwen-3-Coder-480B,513,challenging,correct,0.94394139546055,9
Qwen-3-Coder-480B,513,challenging,correct,1.0607425197638347,10
Qwen-3-Coder-480B,513,challenging,correct,1.2302607703872674,11
Qwen-3-Coder-480B,513,challenging,correct,1.0467071229606049,12
Qwen-3-Coder-480B,513,challenging,correct,0.6290497966722775,13
Qwen-3-Coder-480B,513,challenging,correct,1.1272774327122153,14
Qwen-3-Coder-480B,513,challenging,correct,0.9814046233392845,15
Qwen-3-Coder-480B,513,challenging,correct,2.416822429906542,16
Qwen-3-Coder-480B,513,challenging,correct,2.284009859450388,17
Qwen-3-Coder-480B,513,challenging,correct,1.016608267099678,18
Qwen-3-Coder-480B,513,challenging,correct,1.0992660845342048,19
Qwen-3-Coder-480B,513,challenging,correct,1.0158789733521956,20
Qwen-3-Coder-480B,513,challenging,correct,1.0161480897991335,21
Qwen-3-Coder-480B,513,challenging,correct,1.3564286521297029,22
Qwen-3-Coder-480B,513,challenging,correct,0.7880149446899953,23
Qwen-3-Coder-480B,513,challenging,correct,2.2128385416666667,24
Qwen-3-Coder-480B,513,challenging,correct,0.4487630459992269,25
Qwen-3-Coder-480B,513,challenging,correct,1.2740556286412328,26
Qwen-3-Coder-480B,513,challenging,correct,2.222285703403226,27
Qwen-3-Coder-480B,513,challenging,correct,0.9545769878761852,28
Qwen-3-Coder-480B,513,challenging,correct,3.1485576686815078,29
Qwen-3-Coder-480B,513,challenging,correct,1.152595296025953,30
Qwen-3-Coder-480B,513,challenging,correct,1.3972773009766204,31
Qwen-3-Coder-480B,513,challenging,correct,1.2339396840593586,32
Qwen-3-Coder-480B,513,challenging,correct,1.0041914937333059,33
Qwen-3-Coder-480B,513,challenging,correct,1.331899518238128,34
Qwen-3-Coder-480B,513,challenging,correct,1.2093924680729529,35
Qwen-3-Coder-480B,513,challenging,correct,0.4199805808848362,36
Qwen-3-Coder-480B,513,challenging,correct,1.2274630404979807,37
Qwen-3-Coder-480B,513,challenging,correct,2.874172479672991,38
Qwen-3-Coder-480B,513,challenging,correct,2.44761694778231,39
Qwen-3-Coder-480B,513,challenging,correct,3.046320029293299,40
Qwen-3-Coder-480B,513,challenging,correct,0.8419926361834031,41
Qwen-3-Coder-480B,513,challenging,correct,2.7235704932343956,42
Qwen-3-Coder-480B,513,challenging,correct,1.0901814300960513,43
Qwen-3-Coder-480B,513,challenging,correct,0.9416404526034086,44
Qwen-3-Coder-480B,513,challenging,correct,1.3115649009300445,45
Qwen-3-Coder-480B,513,challenging,correct,1.2500236094059873,46
Qwen-3-Coder-480B,513,challenging,correct,1.088216704288939,47
Qwen-3-Coder-480B,513,challenging,correct,1.4583931820358134,48
Qwen-3-Coder-480B,513,challenging,correct,0.5431259694668953,49
Qwen-3-Coder-480B,513,challenging,correct,0.5127182241883245,50
Qwen-3-Coder-480B,416,challenging,semantic,,1
Qwen-3-Coder-480B,416,challenging,semantic,,2
Qwen-3-Coder-480B,416,challenging,semantic,,3
Qwen-3-Coder-480B,416,challenging,semantic,,4
Qwen-3-Coder-480B,416,challenging,semantic,,5
Qwen-3-Coder-480B,416,challenging,semantic,,6
Qwen-3-Coder-480B,416,challenging,semantic,,7
Qwen-3-Coder-480B,416,challenging,semantic,,8
Qwen-3-Coder-480B,416,challenging,semantic,,9
Qwen-3-Coder-480B,416,challenging,semantic,,10
Qwen-3-Coder-480B,416,challenging,semantic,,11
Qwen-3-Coder-480B,416,challenging,semantic,,12
Qwen-3-Coder-480B,416,challenging,semantic,,13
Qwen-3-Coder-480B,416,challenging,semantic,,14
Qwen-3-Coder-480B,416,challenging,semantic,,15
Qwen-3-Coder-480B,416,challenging,semantic,,16
Qwen-3-Coder-480B,416,challenging,semantic,,17
Qwen-3-Coder-480B,416,challenging,semantic,,18
Qwen-3-Coder-480B,416,challenging,semantic,,19
Qwen-3-Coder-480B,416,challenging,semantic,,20
Qwen-3-Coder-480B,416,challenging,semantic,,21
Qwen-3-Coder-480B,416,challenging,semantic,,22
Qwen-3-Coder-480B,416,challenging,semantic,,23
Qwen-3-Coder-480B,416,challenging,semantic,,24
Qwen-3-Coder-480B,416,challenging,semantic,,25
Qwen-3-Coder-480B,416,challenging,semantic,,26
Qwen-3-Coder-480B,416,challenging,semantic,,27
Qwen-3-Coder-480B,416,challenging,semantic,,28
Qwen-3-Coder-480B,416,challenging,semantic,,29
Qwen-3-Coder-480B,416,challenging,semantic,,30
Qwen-3-Coder-480B,416,challenging,semantic,,31
Qwen-3-Coder-480B,416,challenging,semantic,,32
Qwen-3-Coder-480B,416,challenging,semantic,,33
Qwen-3-Coder-480B,416,challenging,semantic,,34
Qwen-3-Coder-480B,416,challenging,semantic,,35
Qwen-3-Coder-480B,416,challenging,semantic,,36
Qwen-3-Coder-480B,416,challenging,semantic,,37
Qwen-3-Coder-480B,416,challenging,semantic,,38
Qwen-3-Coder-480B,416,challenging,semantic,,39
Qwen-3-Coder-480B,416,challenging,semantic,,40
Qwen-3-Coder-480B,416,challenging,semantic,,41
Qwen-3-Coder-480B,416,challenging,semantic,,42
Qwen-3-Coder-480B,416,challenging,semantic,,43
Qwen-3-Coder-480B,416,challenging,semantic,,44
Qwen-3-Coder-480B,416,challenging,semantic,,45
Qwen-3-Coder-480B,416,challenging,semantic,,46
Qwen-3-Coder-480B,416,challenging,semantic,,47
Qwen-3-Coder-480B,416,challenging,semantic,,48
Qwen-3-Coder-480B,416,challenging,semantic,,49
Qwen-3-Coder-480B,416,challenging,semantic,,50
Qwen-3-Coder-480B,1448,challenging,semantic,,1
Qwen-3-Coder-480B,1448,challenging,semantic,,2
Qwen-3-Coder-480B,1448,challenging,semantic,,3
Qwen-3-Coder-480B,1448,challenging,semantic,,4
Qwen-3-Coder-480B,1448,challenging,semantic,,5
Qwen-3-Coder-480B,1448,challenging,semantic,,6
Qwen-3-Coder-480B,1448,challenging,semantic,,7
Qwen-3-Coder-480B,1448,challenging,semantic,,8
Qwen-3-Coder-480B,1448,challenging,semantic,,9
Qwen-3-Coder-480B,1448,challenging,semantic,,10
Qwen-3-Coder-480B,1448,challenging,semantic,,11
Qwen-3-Coder-480B,1448,challenging,semantic,,12
Qwen-3-Coder-480B,1448,challenging,semantic,,13
Qwen-3-Coder-480B,1448,challenging,semantic,,14
Qwen-3-Coder-480B,1448,challenging,semantic,,15
Qwen-3-Coder-480B,1448,challenging,semantic,,16
Qwen-3-Coder-480B,1448,challenging,semantic,,17
Qwen-3-Coder-480B,1448,challenging,semantic,,18
Qwen-3-Coder-480B,1448,challenging,semantic,,19
Qwen-3-Coder-480B,1448,challenging,semantic,,20
Qwen-3-Coder-480B,1448,challenging,semantic,,21
Qwen-3-Coder-480B,1448,challenging,semantic,,22
Qwen-3-Coder-480B,1448,challenging,semantic,,23
Qwen-3-Coder-480B,1448,challenging,semantic,,24
Qwen-3-Coder-480B,1448,challenging,semantic,,25
Qwen-3-Coder-480B,1448,challenging,semantic,,26
Qwen-3-Coder-480B,1448,challenging,semantic,,27
Qwen-3-Coder-480B,1448,challenging,semantic,,28
Qwen-3-Coder-480B,1448,challenging,semantic,,29
Qwen-3-Coder-480B,1448,challenging,semantic,,30
Qwen-3-Coder-480B,1448,challenging,semantic,,31
Qwen-3-Coder-480B,1448,challenging,semantic,,32
Qwen-3-Coder-480B,1448,challenging,semantic,,33
Qwen-3-Coder-480B,1448,challenging,semantic,,34
Qwen-3-Coder-480B,1448,challenging,semantic,,35
Qwen-3-Coder-480B,1448,challenging,semantic,,36
Qwen-3-Coder-480B,1448,challenging,semantic,,37
Qwen-3-Coder-480B,1448,challenging,semantic,,38
Qwen-3-Coder-480B,1448,challenging,semantic,,39
Qwen-3-Coder-480B,1448,challenging,semantic,,40
Qwen-3-Coder-480B,1448,challenging,semantic,,41
Qwen-3-Coder-480B,1448,challenging,semantic,,42
Qwen-3-Coder-480B,1448,challenging,semantic,,43
Qwen-3-Coder-480B,1448,challenging,semantic,,44
Qwen-3-Coder-480B,1448,challenging,semantic,,45
Qwen-3-Coder-480B,1448,challenging,semantic,,46
Qwen-3-Coder-480B,1448,challenging,semantic,,47
Qwen-3-Coder-480B,1448,challenging,semantic,,48
Qwen-3-Coder-480B,1448,challenging,semantic,,49
Qwen-3-Coder-480B,1448,challenging,semantic,,50
Qwen-3-Coder-480B,94,challenging,syntactic,,1
Qwen-3-Coder-480B,94,challenging,syntactic,,2
Qwen-3-Coder-480B,94,challenging,syntactic,,3
Qwen-3-Coder-480B,94,challenging,syntactic,,4
Qwen-3-Coder-480B,94,challenging,syntactic,,5
Qwen-3-Coder-480B,94,challenging,syntactic,,6
Qwen-3-Coder-480B,94,challenging,syntactic,,7
Qwen-3-Coder-480B,94,challenging,syntactic,,8
Qwen-3-Coder-480B,94,challenging,syntactic,,9
Qwen-3-Coder-480B,94,challenging,syntactic,,10
Qwen-3-Coder-480B,94,challenging,syntactic,,11
Qwen-3-Coder-480B,94,challenging,syntactic,,12
Qwen-3-Coder-480B,94,challenging,syntactic,,13
Qwen-3-Coder-480B,94,challenging,syntactic,,14
Qwen-3-Coder-480B,94,challenging,syntactic,,15
Qwen-3-Coder-480B,94,challenging,syntactic,,16
Qwen-3-Coder-480B,94,challenging,syntactic,,17
Qwen-3-Coder-480B,94,challenging,syntactic,,18
Qwen-3-Coder-480B,94,challenging,syntactic,,19
Qwen-3-Coder-480B,94,challenging,syntactic,,20
Qwen-3-Coder-480B,94,challenging,syntactic,,21
Qwen-3-Coder-480B,94,challenging,syntactic,,22
Qwen-3-Coder-480B,94,challenging,syntactic,,23
Qwen-3-Coder-480B,94,challenging,syntactic,,24
Qwen-3-Coder-480B,94,challenging,syntactic,,25
Qwen-3-Coder-480B,94,challenging,syntactic,,26
Qwen-3-Coder-480B,94,challenging,syntactic,,27
Qwen-3-Coder-480B,94,challenging,syntactic,,28
Qwen-3-Coder-480B,94,challenging,syntactic,,29
Qwen-3-Coder-480B,94,challenging,syntactic,,30
Qwen-3-Coder-480B,94,challenging,syntactic,,31
Qwen-3-Coder-480B,94,challenging,syntactic,,32
Qwen-3-Coder-480B,94,challenging,syntactic,,33
Qwen-3-Coder-480B,94,challenging,syntactic,,34
Qwen-3-Coder-480B,94,challenging,syntactic,,35
Qwen-3-Coder-480B,94,challenging,syntactic,,36
Qwen-3-Coder-480B,94,challenging,syntactic,,37
Qwen-3-Coder-480B,94,challenging,syntactic,,38
Qwen-3-Coder-480B,94,challenging,syntactic,,39
Qwen-3-Coder-480B,94,challenging,syntactic,,40
Qwen-3-Coder-480B,94,challenging,syntactic,,41
Qwen-3-Coder-480B,94,challenging,syntactic,,42
Qwen-3-Coder-480B,94,challenging,syntactic,,43
Qwen-3-Coder-480B,94,challenging,syntactic,,44
Qwen-3-Coder-480B,94,challenging,syntactic,,45
Qwen-3-Coder-480B,94,challenging,syntactic,,46
Qwen-3-Coder-480B,94,challenging,syntactic,,47
Qwen-3-Coder-480B,94,challenging,syntactic,,48
Qwen-3-Coder-480B,94,challenging,syntactic,,49
Qwen-3-Coder-480B,94,challenging,syntactic,,50
Qwen-3-Coder-480B,743,challenging,semantic,,1
Qwen-3-Coder-480B,743,challenging,semantic,,2
Qwen-3-Coder-480B,743,challenging,semantic,,3
Qwen-3-Coder-480B,743,challenging,semantic,,4
Qwen-3-Coder-480B,743,challenging,semantic,,5
Qwen-3-Coder-480B,743,challenging,semantic,,6
Qwen-3-Coder-480B,743,challenging,semantic,,7
Qwen-3-Coder-480B,743,challenging,semantic,,8
Qwen-3-Coder-480B,743,challenging,semantic,,9
Qwen-3-Coder-480B,743,challenging,semantic,,10
Qwen-3-Coder-480B,743,challenging,semantic,,11
Qwen-3-Coder-480B,743,challenging,semantic,,12
Qwen-3-Coder-480B,743,challenging,semantic,,13
Qwen-3-Coder-480B,743,challenging,semantic,,14
Qwen-3-Coder-480B,743,challenging,semantic,,15
Qwen-3-Coder-480B,743,challenging,semantic,,16
Qwen-3-Coder-480B,743,challenging,semantic,,17
Qwen-3-Coder-480B,743,challenging,semantic,,18
Qwen-3-Coder-480B,743,challenging,semantic,,19
Qwen-3-Coder-480B,743,challenging,semantic,,20
Qwen-3-Coder-480B,743,challenging,semantic,,21
Qwen-3-Coder-480B,743,challenging,semantic,,22
Qwen-3-Coder-480B,743,challenging,semantic,,23
Qwen-3-Coder-480B,743,challenging,semantic,,24
Qwen-3-Coder-480B,743,challenging,semantic,,25
Qwen-3-Coder-480B,743,challenging,semantic,,26
Qwen-3-Coder-480B,743,challenging,semantic,,27
Qwen-3-Coder-480B,743,challenging,semantic,,28
Qwen-3-Coder-480B,743,challenging,semantic,,29
Qwen-3-Coder-480B,743,challenging,semantic,,30
Qwen-3-Coder-480B,743,challenging,semantic,,31
Qwen-3-Coder-480B,743,challenging,semantic,,32
Qwen-3-Coder-480B,743,challenging,semantic,,33
Qwen-3-Coder-480B,743,challenging,semantic,,34
Qwen-3-Coder-480B,743,challenging,semantic,,35
Qwen-3-Coder-480B,743,challenging,semantic,,36
Qwen-3-Coder-480B,743,challenging,semantic,,37
Qwen-3-Coder-480B,743,challenging,semantic,,38
Qwen-3-Coder-480B,743,challenging,semantic,,39
Qwen-3-Coder-480B,743,challenging,semantic,,40
Qwen-3-Coder-480B,743,challenging,semantic,,41
Qwen-3-Coder-480B,743,challenging,semantic,,42
Qwen-3-Coder-480B,743,challenging,semantic,,43
Qwen-3-Coder-480B,743,challenging,semantic,,44
Qwen-3-Coder-480B,743,challenging,semantic,,45
Qwen-3-Coder-480B,743,challenging,semantic,,46
Qwen-3-Coder-480B,743,challenging,semantic,,47
Qwen-3-Coder-480B,743,challenging,semantic,,48
Qwen-3-Coder-480B,743,challenging,semantic,,49
Qwen-3-Coder-480B,743,challenging,semantic,,50
Qwen-3-Coder-480B,1194,challenging,correct,10.928335362671769,1
Qwen-3-Coder-480B,1194,challenging,correct,2.1171847088245803,2
Qwen-3-Coder-480B,1194,challenging,correct,1.7184390243902439,3
Qwen-3-Coder-480B,1194,challenging,correct,1.743308299634123,4
Qwen-3-Coder-480B,1194,challenging,correct,1.4760317867213535,5
Qwen-3-Coder-480B,1194,challenging,correct,1.4003813155386082,6
Qwen-3-Coder-480B,1194,challenging,correct,1.578498985801217,7
Qwen-3-Coder-480B,1194,challenging,correct,1.6721090473337328,8
Qwen-3-Coder-480B,1194,challenging,correct,1.6807953950811094,9
Qwen-3-Coder-480B,1194,challenging,correct,1.390258331690002,10
Qwen-3-Coder-480B,1194,challenging,correct,1.7083426526504137,11
Qwen-3-Coder-480B,1194,challenging,correct,1.5308205732234001,12
Qwen-3-Coder-480B,1194,challenging,correct,1.6869141357330333,13
Qwen-3-Coder-480B,1194,challenging,correct,1.4787819253438115,14
Qwen-3-Coder-480B,1194,challenging,correct,1.551307847082495,15
Qwen-3-Coder-480B,1194,challenging,correct,1.4896096329384347,16
Qwen-3-Coder-480B,1194,challenging,correct,1.2553495007132667,17
Qwen-3-Coder-480B,1194,challenging,correct,1.6243386243386244,18
Qwen-3-Coder-480B,1194,challenging,correct,1.434486897379476,19
Qwen-3-Coder-480B,1194,challenging,correct,1.682518290335002,20
Qwen-3-Coder-480B,1194,challenging,correct,1.5521574205784732,21
Qwen-3-Coder-480B,1194,challenging,correct,1.5457413249211356,22
Qwen-3-Coder-480B,1194,challenging,correct,1.5838361674894863,23
Qwen-3-Coder-480B,1194,challenging,correct,1.4725997369574748,24
Qwen-3-Coder-480B,1194,challenging,correct,1.4322381930184804,25
Qwen-3-Coder-480B,1194,challenging,correct,1.5816802800466745,26
Qwen-3-Coder-480B,1194,challenging,correct,1.482843137254902,27
Qwen-3-Coder-480B,1194,challenging,correct,1.4539805825242718,28
Qwen-3-Coder-480B,1194,challenging,correct,1.4188576609247507,29
Qwen-3-Coder-480B,1194,challenging,correct,1.7078373782655742,30
Qwen-3-Coder-480B,1194,challenging,correct,1.4017201218419637,31
Qwen-3-Coder-480B,1194,challenging,correct,1.3446136491821772,32
Qwen-3-Coder-480B,1194,challenging,correct,1.4176033530196228,33
Qwen-3-Coder-480B,1194,challenging,correct,1.3558712461787448,34
Qwen-3-Coder-480B,1194,challenging,correct,1.4681191285228863,35
Qwen-3-Coder-480B,1194,challenging,correct,1.3932135728542914,36
Qwen-3-Coder-480B,1194,challenging,correct,1.2566283141570784,37
Qwen-3-Coder-480B,1194,challenging,correct,1.4517552273163246,38
Qwen-3-Coder-480B,1194,challenging,correct,2.0474728389230044,39
Qwen-3-Coder-480B,1194,challenging,correct,1.605103726822104,40
Qwen-3-Coder-480B,1194,challenging,correct,1.3451706188548294,41
Qwen-3-Coder-480B,1194,challenging,correct,1.624618514750763,42
Qwen-3-Coder-480B,1194,challenging,correct,1.2668843443890703,43
Qwen-3-Coder-480B,1194,challenging,correct,1.4704645383291914,44
Qwen-3-Coder-480B,1194,challenging,correct,1.3273106323835997,45
Qwen-3-Coder-480B,1194,challenging,correct,1.6017715793441387,46
Qwen-3-Coder-480B,1194,challenging,correct,1.5041561257679799,47
Qwen-3-Coder-480B,1194,challenging,correct,1.0043398812243034,48
Qwen-3-Coder-480B,1194,challenging,correct,1.1193793995115644,49
Qwen-3-Coder-480B,1194,challenging,correct,1.4817266949152543,50
