model_name,question_id,difficulty,result,efficiency_score,repetition_number
Qwen-3-235B,82,simple,correct,1.0452243757639252,1
Qwen-3-235B,82,simple,correct,1.1209661619412803,2
Qwen-3-235B,82,simple,correct,1.0074407312196516,3
Qwen-3-235B,82,simple,correct,1.2738791286996078,4
Qwen-3-235B,82,simple,correct,1.1066468182278042,5
Qwen-3-235B,82,simple,correct,1.0227505636400902,6
Qwen-3-235B,82,simple,correct,1.053962242331377,7
Qwen-3-235B,82,simple,correct,1.0838898102352612,8
Qwen-3-235B,82,simple,correct,1.1756412287397209,9
Qwen-3-235B,82,simple,correct,1.0214281543761312,10
Qwen-3-235B,82,simple,correct,1.0180809039036063,11
Qwen-3-235B,82,simple,correct,1.0900402274934111,12
Qwen-3-235B,82,simple,correct,1.2112448073341928,13
Qwen-3-235B,82,simple,correct,1.179095774900577,14
Qwen-3-235B,82,simple,correct,1.1293113683585634,15
Qwen-3-235B,82,simple,correct,1.2290508605570583,16
Qwen-3-235B,82,simple,correct,1.1268844412603083,17
Qwen-3-235B,82,simple,correct,1.1320652844625447,18
Qwen-3-235B,82,simple,correct,0.9762388160013442,19
Qwen-3-235B,82,simple,correct,1.005360026730523,20
Qwen-3-235B,82,simple,correct,1.3635635988712829,21
Qwen-3-235B,82,simple,correct,1.0107862657747346,22
Qwen-3-235B,82,simple,correct,1.2707732433261736,23
Qwen-3-235B,82,simple,correct,1.240864255519023,24
Qwen-3-235B,82,simple,correct,1.254246673750692,25
Qwen-3-235B,82,simple,correct,0.8108027038897876,26
Qwen-3-235B,82,simple,correct,1.1607478904874644,27
Qwen-3-235B,82,simple,correct,1.2469980452387601,28
Qwen-3-235B,82,simple,correct,0.9092565351759133,29
Qwen-3-235B,82,simple,correct,1.3333437744714174,30
Qwen-3-235B,82,simple,correct,1.1345266942859376,31
Qwen-3-235B,82,simple,correct,1.0912639007698888,32
Qwen-3-235B,82,simple,correct,1.1962526002520537,33
Qwen-3-235B,82,simple,correct,1.0120670183635267,34
Qwen-3-235B,82,simple,correct,1.2080905241727278,35
Qwen-3-235B,82,simple,correct,1.1373793350017876,36
Qwen-3-235B,82,simple,correct,1.1902906890954699,37
Qwen-3-235B,82,simple,correct,1.032122485740018,38
Qwen-3-235B,82,simple,correct,1.2736900866814496,39
Qwen-3-235B,82,simple,correct,1.1378066488345433,40
Qwen-3-235B,82,simple,correct,1.0603866606719277,41
Qwen-3-235B,82,simple,correct,1.1541811045352794,42
Qwen-3-235B,82,simple,correct,1.3120306079070427,43
Qwen-3-235B,82,simple,correct,1.1275931035489568,44
Qwen-3-235B,82,simple,correct,1.0415565160225477,45
Qwen-3-235B,82,simple,correct,1.0265273759180948,46
Qwen-3-235B,82,simple,correct,1.2232587992954593,47
Qwen-3-235B,82,simple,correct,1.5410209867838767,48
Qwen-3-235B,82,simple,correct,1.0532937702724323,49
Qwen-3-235B,82,simple,correct,1.1240873625168426,50
Qwen-3-235B,831,simple,correct,1.5171126322339763,1
Qwen-3-235B,831,simple,correct,1.3772492567673291,2
Qwen-3-235B,831,simple,correct,1.4156378600823045,3
Qwen-3-235B,831,simple,correct,1.794889502762431,4
Qwen-3-235B,831,simple,correct,1.5102527420123986,5
Qwen-3-235B,831,simple,correct,1.371726417493008,6
Qwen-3-235B,831,simple,correct,1.5085574572127138,7
Qwen-3-235B,831,simple,correct,1.6436241610738256,8
Qwen-3-235B,831,simple,correct,1.3939000648929267,9
Qwen-3-235B,831,simple,correct,1.5328846742122972,10
Qwen-3-235B,831,simple,correct,1.3098106712564543,11
Qwen-3-235B,831,simple,correct,1.5891005091457666,12
Qwen-3-235B,831,simple,correct,1.5013570566948131,13
Qwen-3-235B,831,simple,correct,1.3410336726703211,14
Qwen-3-235B,831,simple,correct,1.6307745745050364,15
Qwen-3-235B,831,simple,correct,1.5023980815347722,16
Qwen-3-235B,831,simple,correct,1.2856794340082947,17
Qwen-3-235B,831,simple,correct,1.5486453201970443,18
Qwen-3-235B,831,simple,correct,1.4238252020353188,19
Qwen-3-235B,831,simple,correct,1.517721099701888,20
Qwen-3-235B,831,simple,correct,2.7615803814713895,21
Qwen-3-235B,831,simple,correct,2.314207650273224,22
Qwen-3-235B,831,simple,correct,1.4916035561409287,23
Qwen-3-235B,831,simple,correct,1.4991304347826087,24
Qwen-3-235B,831,simple,correct,1.3042662453091052,25
Qwen-3-235B,831,simple,correct,1.731554441260745,26
Qwen-3-235B,831,simple,correct,1.4989858012170385,27
Qwen-3-235B,831,simple,correct,1.4888341543513957,28
Qwen-3-235B,831,simple,correct,1.4530950861518825,29
Qwen-3-235B,831,simple,correct,1.6560202205882353,30
Qwen-3-235B,831,simple,correct,0.8102571553101845,31
Qwen-3-235B,831,simple,correct,1.4431360396653239,32
Qwen-3-235B,831,simple,correct,2.4756980351602897,33
Qwen-3-235B,831,simple,correct,1.8582531458179126,34
Qwen-3-235B,831,simple,correct,2.4871355060034306,35
Qwen-3-235B,831,simple,correct,1.1613941018766756,36
Qwen-3-235B,831,simple,correct,1.515406162464986,37
Qwen-3-235B,831,simple,correct,1.3509837962962963,38
Qwen-3-235B,831,simple,correct,1.3281799016163036,39
Qwen-3-235B,831,simple,correct,1.4790152751001038,40
Qwen-3-235B,831,simple,correct,1.4062833612932744,41
Qwen-3-235B,831,simple,correct,1.065231861548702,42
Qwen-3-235B,831,simple,correct,1.5059508066649034,43
Qwen-3-235B,831,simple,correct,1.7153102588088556,44
Qwen-3-235B,831,simple,correct,1.3667682926829268,45
Qwen-3-235B,831,simple,correct,1.6957689724647413,46
Qwen-3-235B,831,simple,correct,1.5207870517296096,47
Qwen-3-235B,831,simple,correct,1.529079428381522,48
Qwen-3-235B,831,simple,correct,1.5901484798491634,49
Qwen-3-235B,831,simple,correct,1.5804785677397142,50
Qwen-3-235B,554,simple,correct,2.51831157343328,1
Qwen-3-235B,554,simple,correct,1.1065954838050476,2
Qwen-3-235B,554,simple,correct,1.0510996019609953,3
Qwen-3-235B,554,simple,correct,0.9969988395177524,4
Qwen-3-235B,554,simple,correct,0.9792441955421656,5
Qwen-3-235B,554,simple,correct,0.9639366652160815,6
Qwen-3-235B,554,simple,correct,1.0042619175720817,7
Qwen-3-235B,554,simple,correct,1.0707118010946535,8
Qwen-3-235B,554,simple,correct,0.8954867525368828,9
Qwen-3-235B,554,simple,correct,0.9550406515211758,10
Qwen-3-235B,554,simple,correct,0.9802637205433017,11
Qwen-3-235B,554,simple,correct,0.9288752610786026,12
Qwen-3-235B,554,simple,correct,1.0619724608714987,13
Qwen-3-235B,554,simple,correct,1.0360827947100502,14
Qwen-3-235B,554,simple,correct,0.9836199802331496,15
Qwen-3-235B,554,simple,correct,0.9821598965410705,16
Qwen-3-235B,554,simple,correct,1.0272805034097163,17
Qwen-3-235B,554,simple,correct,0.9760884497480278,18
Qwen-3-235B,554,simple,correct,1.0322062741595184,19
Qwen-3-235B,554,simple,correct,1.0376467064798824,20
Qwen-3-235B,554,simple,correct,0.9810884743250629,21
Qwen-3-235B,554,simple,correct,0.9937412967722716,22
Qwen-3-235B,554,simple,correct,0.9987502937639106,23
Qwen-3-235B,554,simple,correct,0.9190889664587126,24
Qwen-3-235B,554,simple,correct,0.9765437271672153,25
Qwen-3-235B,554,simple,correct,1.067641465621724,26
Qwen-3-235B,554,simple,correct,0.9716808653892848,27
Qwen-3-235B,554,simple,correct,1.0020606135749826,28
Qwen-3-235B,554,simple,correct,0.9576175693965894,29
Qwen-3-235B,554,simple,correct,0.9287476804751978,30
Qwen-3-235B,554,simple,correct,0.9840008684691423,31
Qwen-3-235B,554,simple,correct,0.9178547173986585,32
Qwen-3-235B,554,simple,correct,0.9223184345779375,33
Qwen-3-235B,554,simple,correct,0.984208034995321,34
Qwen-3-235B,554,simple,correct,0.7418115325537115,35
Qwen-3-235B,554,simple,correct,1.068835151887002,36
Qwen-3-235B,554,simple,correct,0.9847076138547304,37
Qwen-3-235B,554,simple,correct,1.096589178598244,38
Qwen-3-235B,554,simple,correct,0.9487245644079464,39
Qwen-3-235B,554,simple,correct,1.2744345935899968,40
Qwen-3-235B,554,simple,correct,0.8510154843137433,41
Qwen-3-235B,554,simple,correct,1.095943423053622,42
Qwen-3-235B,554,simple,correct,0.9005327044886253,43
Qwen-3-235B,554,simple,correct,0.9314544058406321,44
Qwen-3-235B,554,simple,correct,0.9746745219454066,45
Qwen-3-235B,554,simple,correct,0.7959787810273096,46
Qwen-3-235B,554,simple,correct,1.5070550067849615,47
Qwen-3-235B,554,simple,correct,1.0039517186908604,48
Qwen-3-235B,554,simple,correct,1.119889743884231,49
Qwen-3-235B,554,simple,correct,1.2371360602051826,50
Qwen-3-235B,542,simple,correct,1.2681481067010871,1
Qwen-3-235B,542,simple,correct,0.9583218941509363,2
Qwen-3-235B,542,simple,correct,1.026346626359988,3
Qwen-3-235B,542,simple,correct,0.8134252757202233,4
Qwen-3-235B,542,simple,correct,0.9191540162534452,5
Qwen-3-235B,542,simple,correct,0.8897279275140894,6
Qwen-3-235B,542,simple,correct,1.060440687545635,7
Qwen-3-235B,542,simple,correct,1.182079623477701,8
Qwen-3-235B,542,simple,correct,1.110038487940052,9
Qwen-3-235B,542,simple,correct,0.9451349943158541,10
Qwen-3-235B,542,simple,correct,1.118799560452615,11
Qwen-3-235B,542,simple,correct,1.053274593715185,12
Qwen-3-235B,542,simple,correct,1.1653442766471898,13
Qwen-3-235B,542,simple,correct,1.1808891287568615,14
Qwen-3-235B,542,simple,correct,1.1861595188113858,15
Qwen-3-235B,542,simple,correct,0.9376048740200834,16
Qwen-3-235B,542,simple,correct,0.7624880215656598,17
Qwen-3-235B,542,simple,correct,0.8911798845796955,18
Qwen-3-235B,542,simple,correct,1.0803419878041114,19
Qwen-3-235B,542,simple,correct,0.9203654933856484,20
Qwen-3-235B,542,simple,correct,1.133431765749778,21
Qwen-3-235B,542,simple,correct,1.0580681925726356,22
Qwen-3-235B,542,simple,correct,1.0346774703839743,23
Qwen-3-235B,542,simple,correct,0.9987315564874109,24
Qwen-3-235B,542,simple,correct,1.1197917675107234,25
Qwen-3-235B,542,simple,correct,1.014509145181289,26
Qwen-3-235B,542,simple,correct,1.1625149481023778,27
Qwen-3-235B,542,simple,correct,0.9008606936207026,28
Qwen-3-235B,542,simple,correct,1.123186906974074,29
Qwen-3-235B,542,simple,correct,0.8690420322150076,30
Qwen-3-235B,542,simple,correct,1.0976612571649695,31
Qwen-3-235B,542,simple,correct,1.0275873365950974,32
Qwen-3-235B,542,simple,correct,0.9403017035584766,33
Qwen-3-235B,542,simple,correct,0.8837300798197054,34
Qwen-3-235B,542,simple,correct,0.8518612934085642,35
Qwen-3-235B,542,simple,correct,1.2067370812326885,36
Qwen-3-235B,542,simple,correct,0.9319267238000221,37
Qwen-3-235B,542,simple,correct,1.0497999315101552,38
Qwen-3-235B,542,simple,correct,1.19972582506676,39
Qwen-3-235B,542,simple,correct,1.1123379163839935,40
Qwen-3-235B,542,simple,correct,1.096334010265155,41
Qwen-3-235B,542,simple,correct,0.9975570434432599,42
Qwen-3-235B,542,simple,correct,0.9397711858659161,43
Qwen-3-235B,542,simple,correct,1.005955008684299,44
Qwen-3-235B,542,simple,correct,1.0230010831659933,45
Qwen-3-235B,542,simple,correct,0.950071237828683,46
Qwen-3-235B,542,simple,correct,0.9321029682148139,47
Qwen-3-235B,542,simple,correct,1.1464742967369788,48
Qwen-3-235B,542,simple,correct,1.0872245228613926,49
Qwen-3-235B,542,simple,correct,1.0423590058651064,50
Qwen-3-235B,695,simple,correct,6.051275040557044,1
Qwen-3-235B,695,simple,correct,1.2234871962159517,2
Qwen-3-235B,695,simple,correct,1.5168331417073873,3
Qwen-3-235B,695,simple,correct,1.0899257802502729,4
Qwen-3-235B,695,simple,correct,0.8226499676495055,5
Qwen-3-235B,695,simple,correct,1.0736116556947397,6
Qwen-3-235B,695,simple,correct,1.3693414048344734,7
Qwen-3-235B,695,simple,correct,1.3914836167262643,8
Qwen-3-235B,695,simple,correct,0.9365454151410418,9
Qwen-3-235B,695,simple,correct,1.3866919364856902,10
Qwen-3-235B,695,simple,correct,1.3628559149027613,11
Qwen-3-235B,695,simple,correct,1.0479127966071993,12
Qwen-3-235B,695,simple,correct,1.1805654638981715,13
Qwen-3-235B,695,simple,correct,0.9907485631188976,14
Qwen-3-235B,695,simple,correct,1.1176811221207053,15
Qwen-3-235B,695,simple,correct,1.4359052017869312,16
Qwen-3-235B,695,simple,correct,1.028845821674094,17
Qwen-3-235B,695,simple,correct,1.0886505681818182,18
Qwen-3-235B,695,simple,correct,1.5689556313993174,19
Qwen-3-235B,695,simple,correct,1.0420468820364532,20
Qwen-3-235B,695,simple,correct,0.6949085431461157,21
Qwen-3-235B,695,simple,correct,0.8607403428673739,22
Qwen-3-235B,695,simple,correct,1.0859741349523668,23
Qwen-3-235B,695,simple,correct,0.8576672225127532,24
Qwen-3-235B,695,simple,correct,1.1799815285153543,25
Qwen-3-235B,695,simple,correct,0.866228949478749,26
Qwen-3-235B,695,simple,correct,1.581199194302568,27
Qwen-3-235B,695,simple,correct,1.0073712295934518,28
Qwen-3-235B,695,simple,correct,1.0276482437018846,29
Qwen-3-235B,695,simple,correct,1.3571698113207546,30
Qwen-3-235B,695,simple,correct,1.1842955321892406,31
Qwen-3-235B,695,simple,correct,1.1196491053924609,32
Qwen-3-235B,695,simple,correct,0.9568889107740792,33
Qwen-3-235B,695,simple,correct,1.3089509862522415,34
Qwen-3-235B,695,simple,correct,1.0678044458142313,35
Qwen-3-235B,695,simple,correct,1.7492257664911737,36
Qwen-3-235B,695,simple,correct,1.4227648441647076,37
Qwen-3-235B,695,simple,correct,1.1118389013343724,38
Qwen-3-235B,695,simple,correct,1.1036985397552566,39
Qwen-3-235B,695,simple,correct,1.273615674672939,40
Qwen-3-235B,695,simple,correct,1.2873289769246476,41
Qwen-3-235B,695,simple,correct,1.0025625862408831,42
Qwen-3-235B,695,simple,correct,0.9719366154590541,43
Qwen-3-235B,695,simple,correct,0.9068547346693042,44
Qwen-3-235B,695,simple,correct,1.0982182338405515,45
Qwen-3-235B,695,simple,correct,1.2956812939443627,46
Qwen-3-235B,695,simple,correct,1.1117687116944222,47
Qwen-3-235B,695,simple,correct,1.3628718010441272,48
Qwen-3-235B,695,simple,correct,1.1493386063002864,49
Qwen-3-235B,695,simple,correct,1.1558416517108914,50
Qwen-3-235B,998,simple,semantic,,1
Qwen-3-235B,998,simple,semantic,,2
Qwen-3-235B,998,simple,semantic,,3
Qwen-3-235B,998,simple,semantic,,4
Qwen-3-235B,998,simple,semantic,,5
Qwen-3-235B,998,simple,semantic,,6
Qwen-3-235B,998,simple,semantic,,7
Qwen-3-235B,998,simple,semantic,,8
Qwen-3-235B,998,simple,semantic,,9
Qwen-3-235B,998,simple,semantic,,10
Qwen-3-235B,998,simple,semantic,,11
Qwen-3-235B,998,simple,semantic,,12
Qwen-3-235B,998,simple,semantic,,13
Qwen-3-235B,998,simple,semantic,,14
Qwen-3-235B,998,simple,semantic,,15
Qwen-3-235B,998,simple,semantic,,16
Qwen-3-235B,998,simple,semantic,,17
Qwen-3-235B,998,simple,semantic,,18
Qwen-3-235B,998,simple,semantic,,19
Qwen-3-235B,998,simple,semantic,,20
Qwen-3-235B,998,simple,semantic,,21
Qwen-3-235B,998,simple,semantic,,22
Qwen-3-235B,998,simple,semantic,,23
Qwen-3-235B,998,simple,semantic,,24
Qwen-3-235B,998,simple,semantic,,25
Qwen-3-235B,998,simple,semantic,,26
Qwen-3-235B,998,simple,semantic,,27
Qwen-3-235B,998,simple,semantic,,28
Qwen-3-235B,998,simple,semantic,,29
Qwen-3-235B,998,simple,semantic,,30
Qwen-3-235B,998,simple,semantic,,31
Qwen-3-235B,998,simple,semantic,,32
Qwen-3-235B,998,simple,semantic,,33
Qwen-3-235B,998,simple,semantic,,34
Qwen-3-235B,998,simple,semantic,,35
Qwen-3-235B,998,simple,semantic,,36
Qwen-3-235B,998,simple,semantic,,37
Qwen-3-235B,998,simple,semantic,,38
Qwen-3-235B,998,simple,semantic,,39
Qwen-3-235B,998,simple,semantic,,40
Qwen-3-235B,998,simple,semantic,,41
Qwen-3-235B,998,simple,semantic,,42
Qwen-3-235B,998,simple,semantic,,43
Qwen-3-235B,998,simple,semantic,,44
Qwen-3-235B,998,simple,semantic,,45
Qwen-3-235B,998,simple,semantic,,46
Qwen-3-235B,998,simple,semantic,,47
Qwen-3-235B,998,simple,semantic,,48
Qwen-3-235B,998,simple,semantic,,49
Qwen-3-235B,998,simple,semantic,,50
Qwen-3-235B,799,simple,correct,11.661666666666667,1
Qwen-3-235B,799,simple,correct,1.2036544850498339,2
Qwen-3-235B,799,simple,correct,1.271067415730337,3
Qwen-3-235B,799,simple,correct,1.4256279988710132,4
Qwen-3-235B,799,simple,correct,1.279349186483104,5
Qwen-3-235B,799,simple,correct,1.4114735002912056,6
Qwen-3-235B,799,simple,correct,0.977605360606595,7
Qwen-3-235B,799,simple,correct,1.226252983293556,8
Qwen-3-235B,799,simple,correct,1.6929993577392421,9
Qwen-3-235B,799,simple,correct,1.3433242506811989,10
Qwen-3-235B,799,simple,correct,1.1347531096871466,11
Qwen-3-235B,799,simple,correct,1.269716531013191,12
Qwen-3-235B,799,simple,correct,1.4563169860344267,13
Qwen-3-235B,799,simple,correct,1.4741924741924741,14
Qwen-3-235B,799,simple,correct,1.4590395480225988,15
Qwen-3-235B,799,simple,correct,1.389013094857873,16
Qwen-3-235B,799,simple,correct,1.4787816563997263,17
Qwen-3-235B,799,simple,correct,1.4972144846796658,18
Qwen-3-235B,799,simple,correct,1.4749058971141782,19
Qwen-3-235B,799,simple,correct,1.4892150988615938,20
Qwen-3-235B,799,simple,correct,1.156336909018673,21
Qwen-3-235B,799,simple,correct,0.9910488093227495,22
Qwen-3-235B,799,simple,correct,1.469548133595285,23
Qwen-3-235B,799,simple,correct,1.318785019168387,24
Qwen-3-235B,799,simple,correct,1.236180904522613,25
Qwen-3-235B,799,simple,correct,1.3142857142857143,26
Qwen-3-235B,799,simple,correct,1.4229781771501926,27
Qwen-3-235B,799,simple,correct,1.3011143410852712,28
Qwen-3-235B,799,simple,correct,0.9940929878048781,29
Qwen-3-235B,799,simple,correct,1.1670286707211122,30
Qwen-3-235B,799,simple,correct,1.406311992786294,31
Qwen-3-235B,799,simple,correct,0.9278616120721384,32
Qwen-3-235B,799,simple,correct,1.358776993799444,33
Qwen-3-235B,799,simple,correct,1.5088591855766242,34
Qwen-3-235B,799,simple,correct,1.391714960291908,35
Qwen-3-235B,799,simple,correct,1.3799906059182714,36
Qwen-3-235B,799,simple,correct,1.4466684224387674,37
Qwen-3-235B,799,simple,correct,1.5618292113859076,38
Qwen-3-235B,799,simple,correct,1.455263719837711,39
Qwen-3-235B,799,simple,correct,1.5055266579973992,40
Qwen-3-235B,799,simple,correct,1.700839593460009,41
Qwen-3-235B,799,simple,correct,1.435965494359655,42
Qwen-3-235B,799,simple,correct,1.4530026109660574,43
Qwen-3-235B,799,simple,correct,1.1188666205943332,44
Qwen-3-235B,799,simple,correct,1.061036299765808,45
Qwen-3-235B,799,simple,correct,1.3447887323943661,46
Qwen-3-235B,799,simple,correct,1.4282713085234093,47
Qwen-3-235B,799,simple,correct,1.4118659987476518,48
Qwen-3-235B,799,simple,correct,1.487874251497006,49
Qwen-3-235B,799,simple,correct,1.4888822115384615,50
Qwen-3-235B,1134,simple,correct,0.06485912026027,1
Qwen-3-235B,1134,simple,correct,0.00841684827370063,2
Qwen-3-235B,1134,simple,correct,0.013952594798395812,3
Qwen-3-235B,1134,simple,correct,0.009627347800495553,4
Qwen-3-235B,1134,simple,correct,0.009215672715435747,5
Qwen-3-235B,1134,simple,correct,0.009249714952879616,6
Qwen-3-235B,1134,simple,correct,0.009529367086262631,7
Qwen-3-235B,1134,simple,correct,0.00946711611561357,8
Qwen-3-235B,1134,simple,correct,0.013632500674558233,9
Qwen-3-235B,1134,simple,correct,0.010614899110643589,10
Qwen-3-235B,1134,simple,correct,0.010528962094619131,11
Qwen-3-235B,1134,simple,correct,0.019593952838196455,12
Qwen-3-235B,1134,simple,correct,0.01018953355660748,13
Qwen-3-235B,1134,simple,correct,0.009277237204014438,14
Qwen-3-235B,1134,simple,correct,0.02118506416705828,15
Qwen-3-235B,1134,simple,correct,0.01012331349000051,16
Qwen-3-235B,1134,simple,correct,0.011651636985226144,17
Qwen-3-235B,1134,simple,correct,0.01255078191242286,18
Qwen-3-235B,1134,simple,correct,0.011271706665465953,19
Qwen-3-235B,1134,simple,correct,0.010934160918334667,20
Qwen-3-235B,1134,simple,correct,0.012716355264820248,21
Qwen-3-235B,1134,simple,correct,0.008960056536694766,22
Qwen-3-235B,1134,simple,correct,0.011828527320318935,23
Qwen-3-235B,1134,simple,correct,0.009951556507411185,24
Qwen-3-235B,1134,simple,correct,0.009337045812955915,25
Qwen-3-235B,1134,simple,correct,0.00921515239630971,26
Qwen-3-235B,1134,simple,correct,0.007840400391792937,27
Qwen-3-235B,1134,simple,correct,0.01088655103397765,28
Qwen-3-235B,1134,simple,correct,0.009283586120602861,29
Qwen-3-235B,1134,simple,correct,0.012697221151440145,30
Qwen-3-235B,1134,simple,correct,0.009583214167358965,31
Qwen-3-235B,1134,simple,correct,0.012972964977062481,32
Qwen-3-235B,1134,simple,correct,0.009427782138199977,33
Qwen-3-235B,1134,simple,correct,0.0103624000762022,34
Qwen-3-235B,1134,simple,correct,0.014813434979483332,35
Qwen-3-235B,1134,simple,correct,0.010560279899811236,36
Qwen-3-235B,1134,simple,correct,0.00858281555923877,37
Qwen-3-235B,1134,simple,correct,0.009629185699249105,38
Qwen-3-235B,1134,simple,correct,0.006416848543138633,39
Qwen-3-235B,1134,simple,correct,0.00640448884949731,40
Qwen-3-235B,1134,simple,correct,0.01137702474800957,41
Qwen-3-235B,1134,simple,correct,0.0156831865085224,42
Qwen-3-235B,1134,simple,correct,0.008943727368928754,43
Qwen-3-235B,1134,simple,correct,0.007550566323172588,44
Qwen-3-235B,1134,simple,correct,0.00926128364830852,45
Qwen-3-235B,1134,simple,correct,0.01799789133817238,46
Qwen-3-235B,1134,simple,correct,0.01366025144655351,47
Qwen-3-235B,1134,simple,correct,0.00880887820954208,48
Qwen-3-235B,1134,simple,correct,0.01200529232002144,49
Qwen-3-235B,1134,simple,correct,0.014097520229835401,50
Qwen-3-235B,223,simple,semantic,,1
Qwen-3-235B,223,simple,semantic,,2
Qwen-3-235B,223,simple,semantic,,3
Qwen-3-235B,223,simple,semantic,,4
Qwen-3-235B,223,simple,semantic,,5
Qwen-3-235B,223,simple,semantic,,6
Qwen-3-235B,223,simple,semantic,,7
Qwen-3-235B,223,simple,semantic,,8
Qwen-3-235B,223,simple,semantic,,9
Qwen-3-235B,223,simple,semantic,,10
Qwen-3-235B,223,simple,semantic,,11
Qwen-3-235B,223,simple,semantic,,12
Qwen-3-235B,223,simple,semantic,,13
Qwen-3-235B,223,simple,semantic,,14
Qwen-3-235B,223,simple,semantic,,15
Qwen-3-235B,223,simple,semantic,,16
Qwen-3-235B,223,simple,semantic,,17
Qwen-3-235B,223,simple,semantic,,18
Qwen-3-235B,223,simple,semantic,,19
Qwen-3-235B,223,simple,semantic,,20
Qwen-3-235B,223,simple,semantic,,21
Qwen-3-235B,223,simple,semantic,,22
Qwen-3-235B,223,simple,semantic,,23
Qwen-3-235B,223,simple,semantic,,24
Qwen-3-235B,223,simple,semantic,,25
Qwen-3-235B,223,simple,semantic,,26
Qwen-3-235B,223,simple,semantic,,27
Qwen-3-235B,223,simple,semantic,,28
Qwen-3-235B,223,simple,semantic,,29
Qwen-3-235B,223,simple,semantic,,30
Qwen-3-235B,223,simple,semantic,,31
Qwen-3-235B,223,simple,semantic,,32
Qwen-3-235B,223,simple,semantic,,33
Qwen-3-235B,223,simple,semantic,,34
Qwen-3-235B,223,simple,semantic,,35
Qwen-3-235B,223,simple,semantic,,36
Qwen-3-235B,223,simple,semantic,,37
Qwen-3-235B,223,simple,semantic,,38
Qwen-3-235B,223,simple,semantic,,39
Qwen-3-235B,223,simple,semantic,,40
Qwen-3-235B,223,simple,semantic,,41
Qwen-3-235B,223,simple,semantic,,42
Qwen-3-235B,223,simple,semantic,,43
Qwen-3-235B,223,simple,semantic,,44
Qwen-3-235B,223,simple,semantic,,45
Qwen-3-235B,223,simple,semantic,,46
Qwen-3-235B,223,simple,semantic,,47
Qwen-3-235B,223,simple,semantic,,48
Qwen-3-235B,223,simple,semantic,,49
Qwen-3-235B,223,simple,semantic,,50
Qwen-3-235B,69,simple,correct,3.469089678334787,1
Qwen-3-235B,69,simple,correct,1.007159758235561,2
Qwen-3-235B,69,simple,correct,0.8597524919749958,3
Qwen-3-235B,69,simple,correct,0.885676841448984,4
Qwen-3-235B,69,simple,correct,1.1398574261979362,5
Qwen-3-235B,69,simple,correct,1.0709562973713918,6
Qwen-3-235B,69,simple,correct,1.0270727790985699,7
Qwen-3-235B,69,simple,correct,0.9850423145050187,8
Qwen-3-235B,69,simple,correct,1.0340324732762627,9
Qwen-3-235B,69,simple,correct,0.9941373778620388,10
Qwen-3-235B,69,simple,correct,1.016446042469486,11
Qwen-3-235B,69,simple,correct,0.9543067433241222,12
Qwen-3-235B,69,simple,correct,1.0253015686336835,13
Qwen-3-235B,69,simple,correct,1.0073052184289415,14
Qwen-3-235B,69,simple,correct,0.9908658157985513,15
Qwen-3-235B,69,simple,correct,1.0202078801063572,16
Qwen-3-235B,69,simple,correct,0.9621417519553707,17
Qwen-3-235B,69,simple,correct,0.9594957255708256,18
Qwen-3-235B,69,simple,correct,0.8891963126630912,19
Qwen-3-235B,69,simple,correct,1.0727188141683779,20
Qwen-3-235B,69,simple,correct,1.0386181098030587,21
Qwen-3-235B,69,simple,correct,1.0305059082002257,22
Qwen-3-235B,69,simple,correct,0.9734149388749189,23
Qwen-3-235B,69,simple,correct,1.1248449718664735,24
Qwen-3-235B,69,simple,correct,0.9410241577831033,25
Qwen-3-235B,69,simple,correct,1.008886655885447,26
Qwen-3-235B,69,simple,correct,1.8497496851868915,27
Qwen-3-235B,69,simple,correct,1.6619328840408532,28
Qwen-3-235B,69,simple,correct,1.0289573545355981,29
Qwen-3-235B,69,simple,correct,1.0338229456133385,30
Qwen-3-235B,69,simple,correct,0.9735459662288931,31
Qwen-3-235B,69,simple,correct,0.5436892399927129,32
Qwen-3-235B,69,simple,correct,0.974921723572387,33
Qwen-3-235B,69,simple,correct,0.9520728526842338,34
Qwen-3-235B,69,simple,correct,0.9819757273127813,35
Qwen-3-235B,69,simple,correct,1.6943506783007451,36
Qwen-3-235B,69,simple,correct,0.7711206480856398,37
Qwen-3-235B,69,simple,correct,1.0564906855165304,38
Qwen-3-235B,69,simple,correct,0.9827757181869499,39
Qwen-3-235B,69,simple,correct,0.95104866736082,40
Qwen-3-235B,69,simple,correct,0.9939181663637963,41
Qwen-3-235B,69,simple,correct,0.9949147472330242,42
Qwen-3-235B,69,simple,correct,1.0324374275600665,43
Qwen-3-235B,69,simple,correct,1.046376811594203,44
Qwen-3-235B,69,simple,correct,1.0612313730299872,45
Qwen-3-235B,69,simple,correct,1.010283872802237,46
Qwen-3-235B,69,simple,correct,0.9760408661452918,47
Qwen-3-235B,69,simple,correct,0.7954039085874339,48
Qwen-3-235B,69,simple,correct,1.0269997218033002,49
Qwen-3-235B,69,simple,correct,1.1182705333400231,50
Qwen-3-235B,202,simple,correct,9.970897694201925,1
Qwen-3-235B,202,simple,correct,0.7959312839059675,2
Qwen-3-235B,202,simple,correct,1.3424482196881544,3
Qwen-3-235B,202,simple,correct,1.3163876328974704,4
Qwen-3-235B,202,simple,correct,0.9047787610619469,5
Qwen-3-235B,202,simple,correct,1.345985401459854,6
Qwen-3-235B,202,simple,correct,1.0256940139147206,7
Qwen-3-235B,202,simple,correct,1.060569996868149,8
Qwen-3-235B,202,simple,correct,1.1354019746121298,9
Qwen-3-235B,202,simple,correct,0.8425866642275679,10
Qwen-3-235B,202,simple,correct,1.3929727867723045,11
Qwen-3-235B,202,simple,correct,0.9351503759398496,12
Qwen-3-235B,202,simple,correct,0.8167696676131618,13
Qwen-3-235B,202,simple,correct,1.235427052176803,14
Qwen-3-235B,202,simple,correct,1.3855939904283032,15
Qwen-3-235B,202,simple,correct,1.1766468935373087,16
Qwen-3-235B,202,simple,correct,1.0429124542912453,17
Qwen-3-235B,202,simple,correct,1.2819270741588866,18
Qwen-3-235B,202,simple,correct,1.0212010744435918,19
Qwen-3-235B,202,simple,correct,1.3231888852133642,20
Qwen-3-235B,202,simple,correct,1.0388389690234099,21
Qwen-3-235B,202,simple,correct,0.8931869228849514,22
Qwen-3-235B,202,simple,correct,1.1401075400219969,23
Qwen-3-235B,202,simple,correct,1.264912405135116,24
Qwen-3-235B,202,simple,correct,1.3201181974883034,25
Qwen-3-235B,202,simple,correct,1.3455506117908786,26
Qwen-3-235B,202,simple,correct,1.2606542993231387,27
Qwen-3-235B,202,simple,correct,1.8032763014197306,28
Qwen-3-235B,202,simple,correct,1.0429165616334761,29
Qwen-3-235B,202,simple,correct,1.1714636391531144,30
Qwen-3-235B,202,simple,correct,1.3138286964249095,31
Qwen-3-235B,202,simple,correct,0.9057258064516129,32
Qwen-3-235B,202,simple,correct,1.3090967623252392,33
Qwen-3-235B,202,simple,correct,0.9833370198333702,34
Qwen-3-235B,202,simple,correct,1.5815407243978672,35
Qwen-3-235B,202,simple,correct,1.131597648426901,36
Qwen-3-235B,202,simple,correct,0.9189379849932662,37
Qwen-3-235B,202,simple,correct,1.2487007544006705,38
Qwen-3-235B,202,simple,correct,1.2574682435392028,39
Qwen-3-235B,202,simple,correct,1.4526896551724138,40
Qwen-3-235B,202,simple,correct,1.3169183011147172,41
Qwen-3-235B,202,simple,correct,1.0210390725633318,42
Qwen-3-235B,202,simple,correct,1.6078454751400977,43
Qwen-3-235B,202,simple,correct,1.4415305757539636,44
Qwen-3-235B,202,simple,correct,1.789495239070339,45
Qwen-3-235B,202,simple,correct,0.7782755639393225,46
Qwen-3-235B,202,simple,correct,1.2280272108843537,47
Qwen-3-235B,202,simple,correct,0.8549394050679398,48
Qwen-3-235B,202,simple,correct,1.4838860893003634,49
Qwen-3-235B,202,simple,correct,1.2211972771804822,50
Qwen-3-235B,422,simple,correct,12.249894551480773,1
Qwen-3-235B,422,simple,correct,1.4624057130756705,2
Qwen-3-235B,422,simple,correct,0.9076829535283915,3
Qwen-3-235B,422,simple,correct,1.0457920400324245,4
Qwen-3-235B,422,simple,correct,0.847979709414474,5
Qwen-3-235B,422,simple,correct,0.8441030517079511,6
Qwen-3-235B,422,simple,correct,1.0396569924847885,7
Qwen-3-235B,422,simple,correct,1.0053462115322023,8
Qwen-3-235B,422,simple,correct,1.1183987383334355,9
Qwen-3-235B,422,simple,correct,0.9696835239572523,10
Qwen-3-235B,422,simple,correct,0.9472399288747089,11
Qwen-3-235B,422,simple,correct,1.1284980369760467,12
Qwen-3-235B,422,simple,correct,0.7798622433470583,13
Qwen-3-235B,422,simple,correct,1.1664430889164494,14
Qwen-3-235B,422,simple,correct,1.2564869075477971,15
Qwen-3-235B,422,simple,correct,1.2307997579080823,16
Qwen-3-235B,422,simple,correct,1.1588450996135196,17
Qwen-3-235B,422,simple,correct,0.7532153445034993,18
Qwen-3-235B,422,simple,correct,0.8682148899965583,19
Qwen-3-235B,422,simple,correct,0.980840349470212,20
Qwen-3-235B,422,simple,correct,1.0408307341409915,21
Qwen-3-235B,422,simple,correct,1.0180210838267334,22
Qwen-3-235B,422,simple,correct,0.9966060061015352,23
Qwen-3-235B,422,simple,correct,1.1028376281689338,24
Qwen-3-235B,422,simple,correct,1.3538569884450566,25
Qwen-3-235B,422,simple,correct,1.0121952515381318,26
Qwen-3-235B,422,simple,correct,0.9268357965492252,27
Qwen-3-235B,422,simple,correct,0.8916254826080885,28
Qwen-3-235B,422,simple,correct,0.8989338281034474,29
Qwen-3-235B,422,simple,correct,1.0338458199888083,30
Qwen-3-235B,422,simple,correct,1.3222735704559907,31
Qwen-3-235B,422,simple,correct,0.7728325537806539,32
Qwen-3-235B,422,simple,correct,1.1346273544581356,33
Qwen-3-235B,422,simple,correct,1.0784805313204124,34
Qwen-3-235B,422,simple,correct,0.9227008791963339,35
Qwen-3-235B,422,simple,correct,1.1397669227618148,36
Qwen-3-235B,422,simple,correct,1.053657458464863,37
Qwen-3-235B,422,simple,correct,0.9510898384564463,38
Qwen-3-235B,422,simple,correct,0.7931603421212328,39
Qwen-3-235B,422,simple,correct,1.0840747035543956,40
Qwen-3-235B,422,simple,correct,0.8358596760038994,41
Qwen-3-235B,422,simple,correct,1.0253191107992357,42
Qwen-3-235B,422,simple,correct,0.9432111512648426,43
Qwen-3-235B,422,simple,correct,0.9357089782337265,44
Qwen-3-235B,422,simple,correct,0.9882276134873242,45
Qwen-3-235B,422,simple,correct,1.105140831471213,46
Qwen-3-235B,422,simple,correct,1.0923464208752838,47
Qwen-3-235B,422,simple,correct,1.0246806508639534,48
Qwen-3-235B,422,simple,correct,1.1836692259104802,49
Qwen-3-235B,422,simple,correct,1.2696866119839147,50
Qwen-3-235B,1410,simple,correct,1.3498959417273673,1
Qwen-3-235B,1410,simple,correct,1.3630410022779043,2
Qwen-3-235B,1410,simple,correct,1.0243795299802327,3
Qwen-3-235B,1410,simple,correct,1.1101731601731601,4
Qwen-3-235B,1410,simple,correct,1.6457444137584736,5
Qwen-3-235B,1410,simple,correct,2.5479855879462825,6
Qwen-3-235B,1410,simple,correct,1.223943424818993,7
Qwen-3-235B,1410,simple,correct,1.3773544520547945,8
Qwen-3-235B,1410,simple,correct,1.2555421893796186,9
Qwen-3-235B,1410,simple,correct,1.236154843489535,10
Qwen-3-235B,1410,simple,correct,1.7155041120925982,11
Qwen-3-235B,1410,simple,correct,1.8493066255778121,12
Qwen-3-235B,1410,simple,correct,1.8633513513513513,13
Qwen-3-235B,1410,simple,correct,1.228384124734231,14
Qwen-3-235B,1410,simple,correct,1.5764235764235763,15
Qwen-3-235B,1410,simple,correct,1.8997899789978998,16
Qwen-3-235B,1410,simple,correct,2.7043771043771043,17
Qwen-3-235B,1410,simple,correct,1.0394272670678564,18
Qwen-3-235B,1410,simple,correct,1.73981392364453,19
Qwen-3-235B,1410,simple,correct,1.0687451286048324,20
Qwen-3-235B,1410,simple,correct,1.5584370677731674,21
Qwen-3-235B,1410,simple,correct,1.3469026548672567,22
Qwen-3-235B,1410,simple,correct,1.2121370651320953,23
Qwen-3-235B,1410,simple,correct,1.6222334004024146,24
Qwen-3-235B,1410,simple,correct,1.70778364116095,25
Qwen-3-235B,1410,simple,correct,1.1679167674812485,26
Qwen-3-235B,1410,simple,correct,1.4281124497991968,27
Qwen-3-235B,1410,simple,correct,2.4422985216976634,28
Qwen-3-235B,1410,simple,correct,1.6009389671361502,29
Qwen-3-235B,1410,simple,correct,1.8155430711610487,30
Qwen-3-235B,1410,simple,correct,1.4934146341463415,31
Qwen-3-235B,1410,simple,correct,1.3337942955920483,32
Qwen-3-235B,1410,simple,correct,1.3166722019262704,33
Qwen-3-235B,1410,simple,correct,1.3150706436420723,34
Qwen-3-235B,1410,simple,correct,1.258441091954023,35
Qwen-3-235B,1410,simple,correct,1.5636931620964942,36
Qwen-3-235B,1410,simple,correct,1.1513267989481233,37
Qwen-3-235B,1410,simple,correct,1.4266634288489557,38
Qwen-3-235B,1410,simple,correct,1.7626703949667948,39
Qwen-3-235B,1410,simple,correct,1.6747617583768828,40
Qwen-3-235B,1410,simple,correct,1.4081490510186314,41
Qwen-3-235B,1410,simple,correct,0.9478795085216013,42
Qwen-3-235B,1410,simple,correct,0.9084358523725835,43
Qwen-3-235B,1410,simple,correct,1.6466127401415571,44
Qwen-3-235B,1410,simple,correct,2.061178247734139,45
Qwen-3-235B,1410,simple,correct,1.4896843151876709,46
Qwen-3-235B,1410,simple,correct,1.5115873845617704,47
Qwen-3-235B,1410,simple,correct,1.542969936228363,48
Qwen-3-235B,1410,simple,correct,0.9412515964240102,49
Qwen-3-235B,1410,simple,correct,1.2877558221594918,50
Qwen-3-235B,929,simple,semantic,,1
Qwen-3-235B,929,simple,semantic,,2
Qwen-3-235B,929,simple,semantic,,3
Qwen-3-235B,929,simple,semantic,,4
Qwen-3-235B,929,simple,semantic,,5
Qwen-3-235B,929,simple,semantic,,6
Qwen-3-235B,929,simple,semantic,,7
Qwen-3-235B,929,simple,semantic,,8
Qwen-3-235B,929,simple,semantic,,9
Qwen-3-235B,929,simple,semantic,,10
Qwen-3-235B,929,simple,semantic,,11
Qwen-3-235B,929,simple,semantic,,12
Qwen-3-235B,929,simple,semantic,,13
Qwen-3-235B,929,simple,semantic,,14
Qwen-3-235B,929,simple,semantic,,15
Qwen-3-235B,929,simple,semantic,,16
Qwen-3-235B,929,simple,semantic,,17
Qwen-3-235B,929,simple,semantic,,18
Qwen-3-235B,929,simple,semantic,,19
Qwen-3-235B,929,simple,semantic,,20
Qwen-3-235B,929,simple,semantic,,21
Qwen-3-235B,929,simple,semantic,,22
Qwen-3-235B,929,simple,semantic,,23
Qwen-3-235B,929,simple,semantic,,24
Qwen-3-235B,929,simple,semantic,,25
Qwen-3-235B,929,simple,semantic,,26
Qwen-3-235B,929,simple,semantic,,27
Qwen-3-235B,929,simple,semantic,,28
Qwen-3-235B,929,simple,semantic,,29
Qwen-3-235B,929,simple,semantic,,30
Qwen-3-235B,929,simple,semantic,,31
Qwen-3-235B,929,simple,semantic,,32
Qwen-3-235B,929,simple,semantic,,33
Qwen-3-235B,929,simple,semantic,,34
Qwen-3-235B,929,simple,semantic,,35
Qwen-3-235B,929,simple,semantic,,36
Qwen-3-235B,929,simple,semantic,,37
Qwen-3-235B,929,simple,semantic,,38
Qwen-3-235B,929,simple,semantic,,39
Qwen-3-235B,929,simple,semantic,,40
Qwen-3-235B,929,simple,semantic,,41
Qwen-3-235B,929,simple,semantic,,42
Qwen-3-235B,929,simple,semantic,,43
Qwen-3-235B,929,simple,semantic,,44
Qwen-3-235B,929,simple,semantic,,45
Qwen-3-235B,929,simple,semantic,,46
Qwen-3-235B,929,simple,semantic,,47
Qwen-3-235B,929,simple,semantic,,48
Qwen-3-235B,929,simple,semantic,,49
Qwen-3-235B,929,simple,semantic,,50
Qwen-3-235B,546,simple,semantic,,1
Qwen-3-235B,546,simple,semantic,,2
Qwen-3-235B,546,simple,semantic,,3
Qwen-3-235B,546,simple,semantic,,4
Qwen-3-235B,546,simple,semantic,,5
Qwen-3-235B,546,simple,semantic,,6
Qwen-3-235B,546,simple,semantic,,7
Qwen-3-235B,546,simple,semantic,,8
Qwen-3-235B,546,simple,semantic,,9
Qwen-3-235B,546,simple,semantic,,10
Qwen-3-235B,546,simple,semantic,,11
Qwen-3-235B,546,simple,semantic,,12
Qwen-3-235B,546,simple,semantic,,13
Qwen-3-235B,546,simple,semantic,,14
Qwen-3-235B,546,simple,semantic,,15
Qwen-3-235B,546,simple,semantic,,16
Qwen-3-235B,546,simple,semantic,,17
Qwen-3-235B,546,simple,semantic,,18
Qwen-3-235B,546,simple,semantic,,19
Qwen-3-235B,546,simple,semantic,,20
Qwen-3-235B,546,simple,semantic,,21
Qwen-3-235B,546,simple,semantic,,22
Qwen-3-235B,546,simple,semantic,,23
Qwen-3-235B,546,simple,semantic,,24
Qwen-3-235B,546,simple,semantic,,25
Qwen-3-235B,546,simple,semantic,,26
Qwen-3-235B,546,simple,semantic,,27
Qwen-3-235B,546,simple,semantic,,28
Qwen-3-235B,546,simple,semantic,,29
Qwen-3-235B,546,simple,semantic,,30
Qwen-3-235B,546,simple,semantic,,31
Qwen-3-235B,546,simple,semantic,,32
Qwen-3-235B,546,simple,semantic,,33
Qwen-3-235B,546,simple,semantic,,34
Qwen-3-235B,546,simple,semantic,,35
Qwen-3-235B,546,simple,semantic,,36
Qwen-3-235B,546,simple,semantic,,37
Qwen-3-235B,546,simple,semantic,,38
Qwen-3-235B,546,simple,semantic,,39
Qwen-3-235B,546,simple,semantic,,40
Qwen-3-235B,546,simple,semantic,,41
Qwen-3-235B,546,simple,semantic,,42
Qwen-3-235B,546,simple,semantic,,43
Qwen-3-235B,546,simple,semantic,,44
Qwen-3-235B,546,simple,semantic,,45
Qwen-3-235B,546,simple,semantic,,46
Qwen-3-235B,546,simple,semantic,,47
Qwen-3-235B,546,simple,semantic,,48
Qwen-3-235B,546,simple,semantic,,49
Qwen-3-235B,546,simple,semantic,,50
Qwen-3-235B,86,simple,semantic,,1
Qwen-3-235B,86,simple,semantic,,2
Qwen-3-235B,86,simple,semantic,,3
Qwen-3-235B,86,simple,semantic,,4
Qwen-3-235B,86,simple,semantic,,5
Qwen-3-235B,86,simple,semantic,,6
Qwen-3-235B,86,simple,semantic,,7
Qwen-3-235B,86,simple,semantic,,8
Qwen-3-235B,86,simple,semantic,,9
Qwen-3-235B,86,simple,semantic,,10
Qwen-3-235B,86,simple,semantic,,11
Qwen-3-235B,86,simple,semantic,,12
Qwen-3-235B,86,simple,semantic,,13
Qwen-3-235B,86,simple,semantic,,14
Qwen-3-235B,86,simple,semantic,,15
Qwen-3-235B,86,simple,semantic,,16
Qwen-3-235B,86,simple,semantic,,17
Qwen-3-235B,86,simple,semantic,,18
Qwen-3-235B,86,simple,semantic,,19
Qwen-3-235B,86,simple,semantic,,20
Qwen-3-235B,86,simple,semantic,,21
Qwen-3-235B,86,simple,semantic,,22
Qwen-3-235B,86,simple,semantic,,23
Qwen-3-235B,86,simple,semantic,,24
Qwen-3-235B,86,simple,semantic,,25
Qwen-3-235B,86,simple,semantic,,26
Qwen-3-235B,86,simple,semantic,,27
Qwen-3-235B,86,simple,semantic,,28
Qwen-3-235B,86,simple,semantic,,29
Qwen-3-235B,86,simple,semantic,,30
Qwen-3-235B,86,simple,semantic,,31
Qwen-3-235B,86,simple,semantic,,32
Qwen-3-235B,86,simple,semantic,,33
Qwen-3-235B,86,simple,semantic,,34
Qwen-3-235B,86,simple,semantic,,35
Qwen-3-235B,86,simple,semantic,,36
Qwen-3-235B,86,simple,semantic,,37
Qwen-3-235B,86,simple,semantic,,38
Qwen-3-235B,86,simple,semantic,,39
Qwen-3-235B,86,simple,semantic,,40
Qwen-3-235B,86,simple,semantic,,41
Qwen-3-235B,86,simple,semantic,,42
Qwen-3-235B,86,simple,semantic,,43
Qwen-3-235B,86,simple,semantic,,44
Qwen-3-235B,86,simple,semantic,,45
Qwen-3-235B,86,simple,semantic,,46
Qwen-3-235B,86,simple,semantic,,47
Qwen-3-235B,86,simple,semantic,,48
Qwen-3-235B,86,simple,semantic,,49
Qwen-3-235B,86,simple,semantic,,50
Qwen-3-235B,950,simple,semantic,,1
Qwen-3-235B,950,simple,semantic,,2
Qwen-3-235B,950,simple,semantic,,3
Qwen-3-235B,950,simple,semantic,,4
Qwen-3-235B,950,simple,semantic,,5
Qwen-3-235B,950,simple,semantic,,6
Qwen-3-235B,950,simple,semantic,,7
Qwen-3-235B,950,simple,semantic,,8
Qwen-3-235B,950,simple,semantic,,9
Qwen-3-235B,950,simple,semantic,,10
Qwen-3-235B,950,simple,semantic,,11
Qwen-3-235B,950,simple,semantic,,12
Qwen-3-235B,950,simple,semantic,,13
Qwen-3-235B,950,simple,semantic,,14
Qwen-3-235B,950,simple,semantic,,15
Qwen-3-235B,950,simple,semantic,,16
Qwen-3-235B,950,simple,semantic,,17
Qwen-3-235B,950,simple,semantic,,18
Qwen-3-235B,950,simple,semantic,,19
Qwen-3-235B,950,simple,semantic,,20
Qwen-3-235B,950,simple,semantic,,21
Qwen-3-235B,950,simple,semantic,,22
Qwen-3-235B,950,simple,semantic,,23
Qwen-3-235B,950,simple,semantic,,24
Qwen-3-235B,950,simple,semantic,,25
Qwen-3-235B,950,simple,semantic,,26
Qwen-3-235B,950,simple,semantic,,27
Qwen-3-235B,950,simple,semantic,,28
Qwen-3-235B,950,simple,semantic,,29
Qwen-3-235B,950,simple,semantic,,30
Qwen-3-235B,950,simple,semantic,,31
Qwen-3-235B,950,simple,semantic,,32
Qwen-3-235B,950,simple,semantic,,33
Qwen-3-235B,950,simple,semantic,,34
Qwen-3-235B,950,simple,semantic,,35
Qwen-3-235B,950,simple,semantic,,36
Qwen-3-235B,950,simple,semantic,,37
Qwen-3-235B,950,simple,semantic,,38
Qwen-3-235B,950,simple,semantic,,39
Qwen-3-235B,950,simple,semantic,,40
Qwen-3-235B,950,simple,semantic,,41
Qwen-3-235B,950,simple,semantic,,42
Qwen-3-235B,950,simple,semantic,,43
Qwen-3-235B,950,simple,semantic,,44
Qwen-3-235B,950,simple,semantic,,45
Qwen-3-235B,950,simple,semantic,,46
Qwen-3-235B,950,simple,semantic,,47
Qwen-3-235B,950,simple,semantic,,48
Qwen-3-235B,950,simple,semantic,,49
Qwen-3-235B,950,simple,semantic,,50
Qwen-3-235B,400,simple,correct,1.7468349468898208,1
Qwen-3-235B,400,simple,correct,1.306879527522724,2
Qwen-3-235B,400,simple,correct,2.7537922987164527,3
Qwen-3-235B,400,simple,semantic,,4
Qwen-3-235B,400,simple,correct,1.6788543570993297,5
Qwen-3-235B,400,simple,correct,1.447817895419588,6
Qwen-3-235B,400,simple,correct,3.0382741164782137,7
Qwen-3-235B,400,simple,correct,1.1623076923076923,8
Qwen-3-235B,400,simple,correct,1.5881286486094492,9
Qwen-3-235B,400,simple,correct,1.2372757348263137,10
Qwen-3-235B,400,simple,correct,1.0960428518041772,11
Qwen-3-235B,400,simple,correct,1.2968823908836808,12
Qwen-3-235B,400,simple,correct,1.0854689141656388,13
Qwen-3-235B,400,simple,correct,1.5844406421784558,14
Qwen-3-235B,400,simple,correct,2.9011183851609386,15
Qwen-3-235B,400,simple,correct,1.3866883298784245,16
Qwen-3-235B,400,simple,correct,1.8246576455768215,17
Qwen-3-235B,400,simple,correct,1.1610336233658345,18
Qwen-3-235B,400,simple,correct,1.3897295556986478,19
Qwen-3-235B,400,simple,correct,3.031561241202249,20
Qwen-3-235B,400,simple,correct,1.567919177596597,21
Qwen-3-235B,400,simple,correct,0.9963978941535051,22
Qwen-3-235B,400,simple,correct,1.299155654840786,23
Qwen-3-235B,400,simple,correct,1.4076529075022597,24
Qwen-3-235B,400,simple,correct,1.647108777889292,25
Qwen-3-235B,400,simple,semantic,,26
Qwen-3-235B,400,simple,correct,3.5209153657293744,27
Qwen-3-235B,400,simple,semantic,,28
Qwen-3-235B,400,simple,correct,1.2328892133601022,29
Qwen-3-235B,400,simple,correct,1.2763014377788795,30
Qwen-3-235B,400,simple,correct,2.8487712665406426,31
Qwen-3-235B,400,simple,correct,1.0504550264550265,32
Qwen-3-235B,400,simple,semantic,,33
Qwen-3-235B,400,simple,correct,3.0416235602455344,34
Qwen-3-235B,400,simple,correct,3.578420419388106,35
Qwen-3-235B,400,simple,correct,1.5994795006223361,36
Qwen-3-235B,400,simple,correct,1.1453103832974738,37
Qwen-3-235B,400,simple,correct,1.8844810784472958,38
Qwen-3-235B,400,simple,correct,1.248788156688065,39
Qwen-3-235B,400,simple,correct,1.0321129162127598,40
Qwen-3-235B,400,simple,correct,1.1975596551867738,41
Qwen-3-235B,400,simple,correct,2.975317439751231,42
Qwen-3-235B,400,simple,correct,1.3873360869390865,43
Qwen-3-235B,400,simple,correct,1.333303495501947,44
Qwen-3-235B,400,simple,correct,3.2698666666666667,45
Qwen-3-235B,400,simple,correct,1.4053248637415205,46
Qwen-3-235B,400,simple,semantic,,47
Qwen-3-235B,400,simple,correct,1.6882649669573377,48
Qwen-3-235B,400,simple,correct,1.554295665634675,49
Qwen-3-235B,400,simple,correct,3.352620928888032,50
Qwen-3-235B,299,simple,correct,11.456844547563804,1
Qwen-3-235B,299,simple,correct,1.8746189024390243,2
Qwen-3-235B,299,simple,semantic,,3
Qwen-3-235B,299,simple,correct,1.1667557455905933,4
Qwen-3-235B,299,simple,semantic,,5
Qwen-3-235B,299,simple,semantic,,6
Qwen-3-235B,299,simple,semantic,,7
Qwen-3-235B,299,simple,correct,1.1349150965340777,8
Qwen-3-235B,299,simple,correct,2.3031381429957944,9
Qwen-3-235B,299,simple,semantic,,10
Qwen-3-235B,299,simple,correct,1.5532194480946124,11
Qwen-3-235B,299,simple,correct,1.1599018003273323,12
Qwen-3-235B,299,simple,correct,1.601511879049676,13
Qwen-3-235B,299,simple,correct,1.2383212590557082,14
Qwen-3-235B,299,simple,correct,1.063325183374083,15
Qwen-3-235B,299,simple,semantic,,16
Qwen-3-235B,299,simple,correct,0.9444295302013422,17
Qwen-3-235B,299,simple,correct,1.3232165206508135,18
Qwen-3-235B,299,simple,correct,1.1956555230318904,19
Qwen-3-235B,299,simple,semantic,,20
Qwen-3-235B,299,simple,correct,1.0241087083576856,21
Qwen-3-235B,299,simple,correct,1.4457202505219207,22
Qwen-3-235B,299,simple,correct,0.9376022913256956,23
Qwen-3-235B,299,simple,correct,1.589574898785425,24
Qwen-3-235B,299,simple,correct,1.7814549791293977,25
Qwen-3-235B,299,simple,correct,1.5336159903089037,26
Qwen-3-235B,299,simple,correct,1.0378457059679767,27
Qwen-3-235B,299,simple,semantic,,28
Qwen-3-235B,299,simple,semantic,,29
Qwen-3-235B,299,simple,semantic,,30
Qwen-3-235B,299,simple,semantic,,31
Qwen-3-235B,299,simple,semantic,,32
Qwen-3-235B,299,simple,semantic,,33
Qwen-3-235B,299,simple,semantic,,34
Qwen-3-235B,299,simple,correct,1.0675551938142231,35
Qwen-3-235B,299,simple,semantic,,36
Qwen-3-235B,299,simple,semantic,,37
Qwen-3-235B,299,simple,correct,1.2498727735368957,38
Qwen-3-235B,299,simple,semantic,,39
Qwen-3-235B,299,simple,correct,0.8488796248045857,40
Qwen-3-235B,299,simple,correct,1.3122133514523526,41
Qwen-3-235B,299,simple,correct,1.6837020878778435,42
Qwen-3-235B,299,simple,correct,1.345059880239521,43
Qwen-3-235B,299,simple,semantic,,44
Qwen-3-235B,299,simple,correct,1.3922568460812086,45
Qwen-3-235B,299,simple,semantic,,46
Qwen-3-235B,299,simple,semantic,,47
Qwen-3-235B,299,simple,correct,1.6271904486809166,48
Qwen-3-235B,299,simple,semantic,,49
Qwen-3-235B,299,simple,correct,1.4785637727759915,50
Qwen-3-235B,301,simple,correct,8.368671828469328,1
Qwen-3-235B,301,simple,correct,1.4986584898428517,2
Qwen-3-235B,301,simple,correct,1.7531027198310007,3
Qwen-3-235B,301,simple,correct,0.9724273756770064,4
Qwen-3-235B,301,simple,correct,1.989061397318278,5
Qwen-3-235B,301,simple,correct,1.367409099562155,6
Qwen-3-235B,301,simple,correct,1.2695874640230254,7
Qwen-3-235B,301,simple,correct,1.210387032748925,8
Qwen-3-235B,301,simple,correct,2.5488318651857527,9
Qwen-3-235B,301,simple,correct,1.4062713019768234,10
Qwen-3-235B,301,simple,correct,1.2751515151515151,11
Qwen-3-235B,301,simple,correct,1.5642546461051798,12
Qwen-3-235B,301,simple,correct,1.4481946624803768,13
Qwen-3-235B,301,simple,correct,1.4138618246235606,14
Qwen-3-235B,301,simple,correct,1.654488923435678,15
Qwen-3-235B,301,simple,correct,1.7237485886337975,16
Qwen-3-235B,301,simple,correct,1.3919354838709677,17
Qwen-3-235B,301,simple,correct,1.5544883635020317,18
Qwen-3-235B,301,simple,correct,1.455991124260355,19
Qwen-3-235B,301,simple,correct,1.668082253017434,20
Qwen-3-235B,301,simple,correct,1.6433094132545378,21
Qwen-3-235B,301,simple,correct,1.3099506365289686,22
Qwen-3-235B,301,simple,correct,1.733267716535433,23
Qwen-3-235B,301,simple,correct,1.0274652547981469,24
Qwen-3-235B,301,simple,correct,1.3846153846153846,25
Qwen-3-235B,301,simple,correct,1.5460629921259843,26
Qwen-3-235B,301,simple,correct,1.381120112715745,27
Qwen-3-235B,301,simple,correct,1.5480769230769231,28
Qwen-3-235B,301,simple,correct,1.4955270322831582,29
Qwen-3-235B,301,simple,correct,1.5085125448028673,30
Qwen-3-235B,301,simple,correct,1.4293557833089312,31
Qwen-3-235B,301,simple,correct,1.8115429917550059,32
Qwen-3-235B,301,simple,correct,1.542578125,33
Qwen-3-235B,301,simple,correct,1.521759047182776,34
Qwen-3-235B,301,simple,correct,1.710376871450697,35
Qwen-3-235B,301,simple,correct,2.022956101490133,36
Qwen-3-235B,301,simple,correct,1.5896607431340872,37
Qwen-3-235B,301,simple,correct,1.2656315568610994,38
Qwen-3-235B,301,simple,correct,1.325479163003341,39
Qwen-3-235B,301,simple,correct,1.2384245339747444,40
Qwen-3-235B,301,simple,correct,1.513421005224284,41
Qwen-3-235B,301,simple,correct,3.333469055374593,42
Qwen-3-235B,301,simple,correct,1.4119850187265917,43
Qwen-3-235B,301,simple,correct,1.4498035012504467,44
Qwen-3-235B,301,simple,correct,1.5418914059690758,45
Qwen-3-235B,301,simple,correct,1.5399430947690962,46
Qwen-3-235B,301,simple,correct,1.5811497849041847,47
Qwen-3-235B,301,simple,correct,1.655550865344027,48
Qwen-3-235B,301,simple,correct,1.1686863270777479,49
Qwen-3-235B,301,simple,correct,1.5618368093669959,50
Qwen-3-235B,1665,Simple,semantic,,1
Qwen-3-235B,1665,Simple,semantic,,2
Qwen-3-235B,1665,Simple,semantic,,3
Qwen-3-235B,1665,Simple,semantic,,4
Qwen-3-235B,1665,Simple,semantic,,5
Qwen-3-235B,1665,Simple,semantic,,6
Qwen-3-235B,1665,Simple,semantic,,7
Qwen-3-235B,1665,Simple,semantic,,8
Qwen-3-235B,1665,Simple,semantic,,9
Qwen-3-235B,1665,Simple,semantic,,10
Qwen-3-235B,1665,Simple,semantic,,11
Qwen-3-235B,1665,Simple,semantic,,12
Qwen-3-235B,1665,Simple,semantic,,13
Qwen-3-235B,1665,Simple,semantic,,14
Qwen-3-235B,1665,Simple,semantic,,15
Qwen-3-235B,1665,Simple,semantic,,16
Qwen-3-235B,1665,Simple,semantic,,17
Qwen-3-235B,1665,Simple,semantic,,18
Qwen-3-235B,1665,Simple,semantic,,19
Qwen-3-235B,1665,Simple,semantic,,20
Qwen-3-235B,1665,Simple,semantic,,21
Qwen-3-235B,1665,Simple,semantic,,22
Qwen-3-235B,1665,Simple,semantic,,23
Qwen-3-235B,1665,Simple,semantic,,24
Qwen-3-235B,1665,Simple,semantic,,25
Qwen-3-235B,1665,Simple,semantic,,26
Qwen-3-235B,1665,Simple,semantic,,27
Qwen-3-235B,1665,Simple,semantic,,28
Qwen-3-235B,1665,Simple,semantic,,29
Qwen-3-235B,1665,Simple,semantic,,30
Qwen-3-235B,1665,Simple,semantic,,31
Qwen-3-235B,1665,Simple,semantic,,32
Qwen-3-235B,1665,Simple,semantic,,33
Qwen-3-235B,1665,Simple,semantic,,34
Qwen-3-235B,1665,Simple,semantic,,35
Qwen-3-235B,1665,Simple,semantic,,36
Qwen-3-235B,1665,Simple,semantic,,37
Qwen-3-235B,1665,Simple,semantic,,38
Qwen-3-235B,1665,Simple,semantic,,39
Qwen-3-235B,1665,Simple,semantic,,40
Qwen-3-235B,1665,Simple,semantic,,41
Qwen-3-235B,1665,Simple,semantic,,42
Qwen-3-235B,1665,Simple,semantic,,43
Qwen-3-235B,1665,Simple,semantic,,44
Qwen-3-235B,1665,Simple,semantic,,45
Qwen-3-235B,1665,Simple,semantic,,46
Qwen-3-235B,1665,Simple,semantic,,47
Qwen-3-235B,1665,Simple,semantic,,48
Qwen-3-235B,1665,Simple,semantic,,49
Qwen-3-235B,1665,Simple,semantic,,50
Qwen-3-235B,844,simple,correct,5.202898550724638,1
Qwen-3-235B,844,simple,correct,1.4597718402882018,2
Qwen-3-235B,844,simple,correct,1.262576947569518,3
Qwen-3-235B,844,simple,correct,1.2488088147706968,4
Qwen-3-235B,844,simple,correct,1.4933710710561596,5
Qwen-3-235B,844,simple,correct,0.5756045137023106,6
Qwen-3-235B,844,simple,correct,1.969860064585576,7
Qwen-3-235B,844,simple,correct,1.445919689119171,8
Qwen-3-235B,844,simple,correct,1.4635761589403973,9
Qwen-3-235B,844,simple,correct,1.5163648446585811,10
Qwen-3-235B,844,simple,correct,1.466205595724615,11
Qwen-3-235B,844,simple,correct,1.5362254684963847,12
Qwen-3-235B,844,simple,correct,1.4126840997896002,13
Qwen-3-235B,844,simple,correct,1.4832858641882776,14
Qwen-3-235B,844,simple,correct,1.0545094152626362,15
Qwen-3-235B,844,simple,correct,1.3716260697827518,16
Qwen-3-235B,844,simple,correct,1.5589597434983968,17
Qwen-3-235B,844,simple,correct,1.3274889464857447,18
Qwen-3-235B,844,simple,correct,1.536105032822757,19
Qwen-3-235B,844,simple,correct,1.5788146279949558,20
Qwen-3-235B,844,simple,correct,1.5526881720430108,21
Qwen-3-235B,844,simple,correct,1.350375694217576,22
Qwen-3-235B,844,simple,correct,1.6285448628544863,23
Qwen-3-235B,844,simple,correct,1.7834821428571428,24
Qwen-3-235B,844,simple,correct,1.2186775975761897,25
Qwen-3-235B,844,simple,correct,1.5005107252298264,26
Qwen-3-235B,844,simple,correct,2.7003460207612457,27
Qwen-3-235B,844,simple,correct,1.4885450758702767,28
Qwen-3-235B,844,simple,correct,4.28280177634235,29
Qwen-3-235B,844,simple,correct,1.6033934252386002,30
Qwen-3-235B,844,simple,correct,1.1410009624639077,31
Qwen-3-235B,844,simple,correct,1.4695827048768226,32
Qwen-3-235B,844,simple,correct,1.6380347593582887,33
Qwen-3-235B,844,simple,correct,1.3837787445618397,34
Qwen-3-235B,844,simple,correct,1.4459718670076727,35
Qwen-3-235B,844,simple,correct,0.992323323549334,36
Qwen-3-235B,844,simple,correct,1.4929878048780487,37
Qwen-3-235B,844,simple,correct,2.080522565320665,38
Qwen-3-235B,844,simple,correct,1.2736955850571163,39
Qwen-3-235B,844,simple,correct,3.041104688503532,40
Qwen-3-235B,844,simple,correct,1.405311413215302,41
Qwen-3-235B,844,simple,correct,1.385185185185185,42
Qwen-3-235B,844,simple,correct,1.090587044534413,43
Qwen-3-235B,844,simple,correct,1.4349070100143062,44
Qwen-3-235B,844,simple,correct,1.504631217838765,45
Qwen-3-235B,844,simple,correct,1.3360337005832794,46
Qwen-3-235B,844,simple,correct,2.0522061300101044,47
Qwen-3-235B,844,simple,correct,2.04927079227434,48
Qwen-3-235B,844,simple,correct,1.6982113821138212,49
Qwen-3-235B,844,simple,correct,1.4996137007468453,50
Qwen-3-235B,200,simple,semantic,,1
Qwen-3-235B,200,simple,semantic,,2
Qwen-3-235B,200,simple,semantic,,3
Qwen-3-235B,200,simple,semantic,,4
Qwen-3-235B,200,simple,semantic,,5
Qwen-3-235B,200,simple,semantic,,6
Qwen-3-235B,200,simple,semantic,,7
Qwen-3-235B,200,simple,semantic,,8
Qwen-3-235B,200,simple,semantic,,9
Qwen-3-235B,200,simple,semantic,,10
Qwen-3-235B,200,simple,semantic,,11
Qwen-3-235B,200,simple,semantic,,12
Qwen-3-235B,200,simple,semantic,,13
Qwen-3-235B,200,simple,semantic,,14
Qwen-3-235B,200,simple,semantic,,15
Qwen-3-235B,200,simple,semantic,,16
Qwen-3-235B,200,simple,semantic,,17
Qwen-3-235B,200,simple,semantic,,18
Qwen-3-235B,200,simple,semantic,,19
Qwen-3-235B,200,simple,semantic,,20
Qwen-3-235B,200,simple,semantic,,21
Qwen-3-235B,200,simple,semantic,,22
Qwen-3-235B,200,simple,semantic,,23
Qwen-3-235B,200,simple,semantic,,24
Qwen-3-235B,200,simple,semantic,,25
Qwen-3-235B,200,simple,semantic,,26
Qwen-3-235B,200,simple,semantic,,27
Qwen-3-235B,200,simple,semantic,,28
Qwen-3-235B,200,simple,semantic,,29
Qwen-3-235B,200,simple,semantic,,30
Qwen-3-235B,200,simple,semantic,,31
Qwen-3-235B,200,simple,semantic,,32
Qwen-3-235B,200,simple,semantic,,33
Qwen-3-235B,200,simple,semantic,,34
Qwen-3-235B,200,simple,semantic,,35
Qwen-3-235B,200,simple,semantic,,36
Qwen-3-235B,200,simple,semantic,,37
Qwen-3-235B,200,simple,semantic,,38
Qwen-3-235B,200,simple,semantic,,39
Qwen-3-235B,200,simple,semantic,,40
Qwen-3-235B,200,simple,semantic,,41
Qwen-3-235B,200,simple,semantic,,42
Qwen-3-235B,200,simple,semantic,,43
Qwen-3-235B,200,simple,semantic,,44
Qwen-3-235B,200,simple,semantic,,45
Qwen-3-235B,200,simple,semantic,,46
Qwen-3-235B,200,simple,semantic,,47
Qwen-3-235B,200,simple,semantic,,48
Qwen-3-235B,200,simple,semantic,,49
Qwen-3-235B,200,simple,semantic,,50
Qwen-3-235B,318,simple,correct,0.4548435337500813,1
Qwen-3-235B,318,simple,correct,0.18604748544868305,2
Qwen-3-235B,318,simple,correct,0.2117422155979652,3
Qwen-3-235B,318,simple,correct,0.27833913560329454,4
Qwen-3-235B,318,simple,correct,0.2711523976901833,5
Qwen-3-235B,318,simple,correct,0.20919685960891404,6
Qwen-3-235B,318,simple,correct,0.288575396535341,7
Qwen-3-235B,318,simple,correct,0.2969550798914682,8
Qwen-3-235B,318,simple,correct,0.3851537454282747,9
Qwen-3-235B,318,simple,correct,0.34995186705173026,10
Qwen-3-235B,318,simple,correct,0.5116491228070176,11
Qwen-3-235B,318,simple,correct,0.27937899805936894,12
Qwen-3-235B,318,simple,correct,0.39449771574878256,13
Qwen-3-235B,318,simple,correct,0.2437307783297847,14
Qwen-3-235B,318,simple,correct,0.4278865631330182,15
Qwen-3-235B,318,simple,correct,0.2614688478941873,16
Qwen-3-235B,318,simple,correct,0.2967428967428967,17
Qwen-3-235B,318,simple,correct,0.24572061488890382,18
Qwen-3-235B,318,simple,correct,0.2837262141437092,19
Qwen-3-235B,318,simple,correct,0.2842157842157842,20
Qwen-3-235B,318,simple,correct,0.317734409590954,21
Qwen-3-235B,318,simple,correct,0.18659438476725898,22
Qwen-3-235B,318,simple,correct,0.2150609326962255,23
Qwen-3-235B,318,simple,correct,0.2245738285431936,24
Qwen-3-235B,318,simple,correct,0.28402575354751913,25
Qwen-3-235B,318,simple,correct,0.22060908036596366,26
Qwen-3-235B,318,simple,correct,0.2631578947368421,27
Qwen-3-235B,318,simple,correct,0.34926717762538656,28
Qwen-3-235B,318,simple,correct,0.32872134607492526,29
Qwen-3-235B,318,simple,correct,0.2042710894213481,30
Qwen-3-235B,318,simple,correct,0.330796624225572,31
Qwen-3-235B,318,simple,correct,0.27389406475991923,32
Qwen-3-235B,318,simple,correct,0.3664442904176053,33
Qwen-3-235B,318,simple,correct,0.22101428813463603,34
Qwen-3-235B,318,simple,correct,0.16756668967477364,35
Qwen-3-235B,318,simple,correct,0.1969336693047521,36
Qwen-3-235B,318,simple,correct,0.23980853190258272,37
Qwen-3-235B,318,simple,correct,0.23236309817464232,38
Qwen-3-235B,318,simple,correct,0.40644820295983086,39
Qwen-3-235B,318,simple,correct,0.19790616145608222,40
Qwen-3-235B,318,simple,correct,0.1706583563972367,41
Qwen-3-235B,318,simple,correct,0.21004894257105652,42
Qwen-3-235B,318,simple,correct,0.25709692740491763,43
Qwen-3-235B,318,simple,correct,0.24402903674728252,44
Qwen-3-235B,318,simple,correct,0.21132775580214933,45
Qwen-3-235B,318,simple,correct,0.2253537025888019,46
Qwen-3-235B,318,simple,correct,0.23399757095947102,47
Qwen-3-235B,318,simple,correct,0.3798203287434781,48
Qwen-3-235B,318,simple,correct,0.25346420323325636,49
Qwen-3-235B,318,simple,correct,0.14604505720986427,50
Qwen-3-235B,1505,simple,semantic,,1
Qwen-3-235B,1505,simple,semantic,,2
Qwen-3-235B,1505,simple,semantic,,3
Qwen-3-235B,1505,simple,semantic,,4
Qwen-3-235B,1505,simple,semantic,,5
Qwen-3-235B,1505,simple,semantic,,6
Qwen-3-235B,1505,simple,semantic,,7
Qwen-3-235B,1505,simple,semantic,,8
Qwen-3-235B,1505,simple,semantic,,9
Qwen-3-235B,1505,simple,semantic,,10
Qwen-3-235B,1505,simple,semantic,,11
Qwen-3-235B,1505,simple,semantic,,12
Qwen-3-235B,1505,simple,semantic,,13
Qwen-3-235B,1505,simple,semantic,,14
Qwen-3-235B,1505,simple,semantic,,15
Qwen-3-235B,1505,simple,semantic,,16
Qwen-3-235B,1505,simple,semantic,,17
Qwen-3-235B,1505,simple,semantic,,18
Qwen-3-235B,1505,simple,semantic,,19
Qwen-3-235B,1505,simple,semantic,,20
Qwen-3-235B,1505,simple,semantic,,21
Qwen-3-235B,1505,simple,semantic,,22
Qwen-3-235B,1505,simple,semantic,,23
Qwen-3-235B,1505,simple,semantic,,24
Qwen-3-235B,1505,simple,semantic,,25
Qwen-3-235B,1505,simple,semantic,,26
Qwen-3-235B,1505,simple,semantic,,27
Qwen-3-235B,1505,simple,semantic,,28
Qwen-3-235B,1505,simple,semantic,,29
Qwen-3-235B,1505,simple,semantic,,30
Qwen-3-235B,1505,simple,semantic,,31
Qwen-3-235B,1505,simple,semantic,,32
Qwen-3-235B,1505,simple,semantic,,33
Qwen-3-235B,1505,simple,semantic,,34
Qwen-3-235B,1505,simple,semantic,,35
Qwen-3-235B,1505,simple,semantic,,36
Qwen-3-235B,1505,simple,semantic,,37
Qwen-3-235B,1505,simple,semantic,,38
Qwen-3-235B,1505,simple,semantic,,39
Qwen-3-235B,1505,simple,semantic,,40
Qwen-3-235B,1505,simple,semantic,,41
Qwen-3-235B,1505,simple,semantic,,42
Qwen-3-235B,1505,simple,semantic,,43
Qwen-3-235B,1505,simple,semantic,,44
Qwen-3-235B,1505,simple,semantic,,45
Qwen-3-235B,1505,simple,semantic,,46
Qwen-3-235B,1505,simple,semantic,,47
Qwen-3-235B,1505,simple,semantic,,48
Qwen-3-235B,1505,simple,semantic,,49
Qwen-3-235B,1505,simple,semantic,,50
Qwen-3-235B,1314,simple,correct,1.35508320975449,1
Qwen-3-235B,1314,simple,correct,1.1681056373793803,2
Qwen-3-235B,1314,simple,correct,1.0009084714967067,3
Qwen-3-235B,1314,simple,correct,1.5889845094664372,4
Qwen-3-235B,1314,simple,correct,1.5314324974235658,5
Qwen-3-235B,1314,simple,correct,2.4658077304261643,6
Qwen-3-235B,1314,simple,correct,1.797343131712832,7
Qwen-3-235B,1314,simple,correct,1.439851485148515,8
Qwen-3-235B,1314,simple,correct,1.8783980078854534,9
Qwen-3-235B,1314,simple,correct,1.111717495987159,10
Qwen-3-235B,1314,simple,semantic,,11
Qwen-3-235B,1314,simple,semantic,,12
Qwen-3-235B,1314,simple,semantic,,13
Qwen-3-235B,1314,simple,semantic,,14
Qwen-3-235B,1314,simple,correct,2.6172161172161172,15
Qwen-3-235B,1314,simple,semantic,,16
Qwen-3-235B,1314,simple,correct,1.8961788031723144,17
Qwen-3-235B,1314,simple,correct,1.9099037138927097,18
Qwen-3-235B,1314,simple,correct,1.1437489455036274,19
Qwen-3-235B,1314,simple,semantic,,20
Qwen-3-235B,1314,simple,correct,1.809411068363421,21
Qwen-3-235B,1314,simple,semantic,,22
Qwen-3-235B,1314,simple,semantic,,23
Qwen-3-235B,1314,simple,semantic,,24
Qwen-3-235B,1314,simple,semantic,,25
Qwen-3-235B,1314,simple,correct,1.6797639608520438,26
Qwen-3-235B,1314,simple,semantic,,27
Qwen-3-235B,1314,simple,semantic,,28
Qwen-3-235B,1314,simple,semantic,,29
Qwen-3-235B,1314,simple,semantic,,30
Qwen-3-235B,1314,simple,correct,1.5091954022988505,31
Qwen-3-235B,1314,simple,semantic,,32
Qwen-3-235B,1314,simple,semantic,,33
Qwen-3-235B,1314,simple,correct,1.8034583536288358,34
Qwen-3-235B,1314,simple,semantic,,35
Qwen-3-235B,1314,simple,correct,1.6638441227351362,36
Qwen-3-235B,1314,simple,semantic,,37
Qwen-3-235B,1314,simple,semantic,,38
Qwen-3-235B,1314,simple,correct,1.003126172314618,39
Qwen-3-235B,1314,simple,semantic,,40
Qwen-3-235B,1314,simple,correct,2.020865425010503,41
Qwen-3-235B,1314,simple,semantic,,42
Qwen-3-235B,1314,simple,semantic,,43
Qwen-3-235B,1314,simple,semantic,,44
Qwen-3-235B,1314,simple,semantic,,45
Qwen-3-235B,1314,simple,semantic,,46
Qwen-3-235B,1314,simple,semantic,,47
Qwen-3-235B,1314,simple,semantic,,48
Qwen-3-235B,1314,simple,correct,1.7778787878787878,49
Qwen-3-235B,1314,simple,semantic,,50
Qwen-3-235B,1512,simple,correct,4.088320184721955,1
Qwen-3-235B,1512,simple,correct,3.4259113853056644,2
Qwen-3-235B,1512,simple,semantic,,3
Qwen-3-235B,1512,simple,semantic,,4
Qwen-3-235B,1512,simple,correct,1.9381230354737315,5
Qwen-3-235B,1512,simple,correct,1.454914436156209,6
Qwen-3-235B,1512,simple,semantic,,7
Qwen-3-235B,1512,simple,correct,2.0671565276828434,8
Qwen-3-235B,1512,simple,correct,1.0134261561412232,9
Qwen-3-235B,1512,simple,correct,2.222800624674649,10
Qwen-3-235B,1512,simple,semantic,,11
Qwen-3-235B,1512,simple,correct,1.7471587712388883,12
Qwen-3-235B,1512,simple,semantic,,13
Qwen-3-235B,1512,simple,semantic,,14
Qwen-3-235B,1512,simple,semantic,,15
Qwen-3-235B,1512,simple,semantic,,16
Qwen-3-235B,1512,simple,semantic,,17
Qwen-3-235B,1512,simple,correct,1.9928418038654259,18
Qwen-3-235B,1512,simple,semantic,,19
Qwen-3-235B,1512,simple,semantic,,20
Qwen-3-235B,1512,simple,semantic,,21
Qwen-3-235B,1512,simple,correct,1.6981981981981982,22
Qwen-3-235B,1512,simple,semantic,,23
Qwen-3-235B,1512,simple,semantic,,24
Qwen-3-235B,1512,simple,semantic,,25
Qwen-3-235B,1512,simple,semantic,,26
Qwen-3-235B,1512,simple,correct,1.5862606622030633,27
Qwen-3-235B,1512,simple,correct,1.7901106500691564,28
Qwen-3-235B,1512,simple,correct,1.3414007705225723,29
Qwen-3-235B,1512,simple,correct,5.077230093793654,30
Qwen-3-235B,1512,simple,semantic,,31
Qwen-3-235B,1512,simple,semantic,,32
Qwen-3-235B,1512,simple,correct,1.774668829413355,33
Qwen-3-235B,1512,simple,semantic,,34
Qwen-3-235B,1512,simple,semantic,,35
Qwen-3-235B,1512,simple,semantic,,36
Qwen-3-235B,1512,simple,semantic,,37
Qwen-3-235B,1512,simple,correct,2.063955326098409,38
Qwen-3-235B,1512,simple,semantic,,39
Qwen-3-235B,1512,simple,semantic,,40
Qwen-3-235B,1512,simple,semantic,,41
Qwen-3-235B,1512,simple,semantic,,42
Qwen-3-235B,1512,simple,correct,2.3816770186335403,43
Qwen-3-235B,1512,simple,semantic,,44
Qwen-3-235B,1512,simple,semantic,,45
Qwen-3-235B,1512,simple,semantic,,46
Qwen-3-235B,1512,simple,semantic,,47
Qwen-3-235B,1512,simple,semantic,,48
Qwen-3-235B,1512,simple,semantic,,49
Qwen-3-235B,1512,simple,semantic,,50
Qwen-3-235B,1361,simple,correct,1.611597554931439,1
Qwen-3-235B,1361,simple,correct,1.3303177916956623,2
Qwen-3-235B,1361,simple,correct,1.4312136691914743,3
Qwen-3-235B,1361,simple,correct,1.4870594035001232,4
Qwen-3-235B,1361,simple,correct,1.3731019522776573,5
Qwen-3-235B,1361,simple,correct,1.654049295774648,6
Qwen-3-235B,1361,simple,correct,1.3917231537638244,7
Qwen-3-235B,1361,simple,correct,1.3780234968901175,8
Qwen-3-235B,1361,simple,correct,1.2912487708947886,9
Qwen-3-235B,1361,simple,correct,0.7778821634679909,10
Qwen-3-235B,1361,simple,correct,1.349507974211062,11
Qwen-3-235B,1361,simple,correct,1.2326976314980007,12
Qwen-3-235B,1361,simple,correct,1.411916620549714,13
Qwen-3-235B,1361,simple,correct,1.4176023180007244,14
Qwen-3-235B,1361,simple,correct,1.2583742043201502,15
Qwen-3-235B,1361,simple,correct,1.487918381958117,16
Qwen-3-235B,1361,simple,correct,1.8815502183406114,17
Qwen-3-235B,1361,simple,correct,1.4226283724978241,18
Qwen-3-235B,1361,simple,correct,1.4155481959212133,19
Qwen-3-235B,1361,simple,correct,1.1394159601668685,20
Qwen-3-235B,1361,simple,correct,1.364425916275838,21
Qwen-3-235B,1361,simple,correct,1.5668301655426118,22
Qwen-3-235B,1361,simple,correct,0.7840570102751078,23
Qwen-3-235B,1361,simple,correct,1.6416456153013352,24
Qwen-3-235B,1361,simple,correct,1.422843665768194,25
Qwen-3-235B,1361,simple,correct,1.4703450754852625,26
Qwen-3-235B,1361,simple,correct,1.3251196596348165,27
Qwen-3-235B,1361,simple,correct,1.1698679471788715,28
Qwen-3-235B,1361,simple,correct,1.2666253294062937,29
Qwen-3-235B,1361,simple,correct,1.1138294755347202,30
Qwen-3-235B,1361,simple,correct,1.2946808510638297,31
Qwen-3-235B,1361,simple,correct,1.39420077078363,32
Qwen-3-235B,1361,simple,correct,1.2129694425005833,33
Qwen-3-235B,1361,simple,correct,1.3111264924727462,34
Qwen-3-235B,1361,simple,correct,1.701820464532329,35
Qwen-3-235B,1361,simple,correct,1.342251750763153,36
Qwen-3-235B,1361,simple,correct,1.3605214152700187,37
Qwen-3-235B,1361,simple,correct,1.5858888057840936,38
Qwen-3-235B,1361,simple,correct,2.002634550244637,39
Qwen-3-235B,1361,simple,correct,1.5099313831708199,40
Qwen-3-235B,1361,simple,correct,1.123037542662116,41
Qwen-3-235B,1361,simple,correct,1.3422214049282823,42
Qwen-3-235B,1361,simple,correct,1.7548951854411425,43
Qwen-3-235B,1361,simple,correct,1.342744110771444,44
Qwen-3-235B,1361,simple,correct,1.8906325446644132,45
Qwen-3-235B,1361,simple,correct,1.4806584362139918,46
Qwen-3-235B,1361,simple,correct,1.6328273244781784,47
Qwen-3-235B,1361,simple,correct,1.781570996978852,48
Qwen-3-235B,1361,simple,correct,1.465324384787472,49
Qwen-3-235B,1361,simple,correct,1.5819935691318328,50
Qwen-3-235B,476,simple,correct,8.276099974231338,1
Qwen-3-235B,476,simple,correct,0.71622481271731,2
Qwen-3-235B,476,simple,correct,0.9272647736223416,3
Qwen-3-235B,476,simple,correct,1.139064319733366,4
Qwen-3-235B,476,simple,correct,0.9198792199153372,5
Qwen-3-235B,476,simple,correct,0.8032872079403098,6
Qwen-3-235B,476,simple,correct,1.2142972648682564,7
Qwen-3-235B,476,simple,correct,0.8929482245307209,8
Qwen-3-235B,476,simple,correct,0.714788357209412,9
Qwen-3-235B,476,simple,correct,0.7523254867928622,10
Qwen-3-235B,476,simple,correct,0.9986306677352412,11
Qwen-3-235B,476,simple,correct,0.8744611535906605,12
Qwen-3-235B,476,simple,correct,1.0184420078578325,13
Qwen-3-235B,476,simple,correct,0.8933784024057453,14
Qwen-3-235B,476,simple,correct,0.7975787567372451,15
Qwen-3-235B,476,simple,correct,0.7158267827161078,16
Qwen-3-235B,476,simple,correct,0.9381313347364578,17
Qwen-3-235B,476,simple,correct,0.933877816308024,18
Qwen-3-235B,476,simple,correct,0.955087253782011,19
Qwen-3-235B,476,simple,correct,0.6216247546081082,20
Qwen-3-235B,476,simple,correct,0.9317704542367687,21
Qwen-3-235B,476,simple,correct,1.0193907634293125,22
Qwen-3-235B,476,simple,correct,0.9872023675055347,23
Qwen-3-235B,476,simple,correct,0.8751285619214714,24
Qwen-3-235B,476,simple,correct,0.8051964909441545,25
Qwen-3-235B,476,simple,correct,0.879809211529096,26
Qwen-3-235B,476,simple,correct,0.899342822485298,27
Qwen-3-235B,476,simple,correct,0.9747397231168367,28
Qwen-3-235B,476,simple,correct,0.921238888310415,29
Qwen-3-235B,476,simple,correct,0.8932263828131121,30
Qwen-3-235B,476,simple,correct,0.819597132748936,31
Qwen-3-235B,476,simple,correct,0.9460056911786731,32
Qwen-3-235B,476,simple,correct,0.9463957880094139,33
Qwen-3-235B,476,simple,correct,0.9444627880869049,34
Qwen-3-235B,476,simple,correct,1.2918444346208018,35
Qwen-3-235B,476,simple,correct,0.7648817536930497,36
Qwen-3-235B,476,simple,correct,1.1345307967196796,37
Qwen-3-235B,476,simple,correct,0.9977619813320914,38
Qwen-3-235B,476,simple,correct,0.8363832614341133,39
Qwen-3-235B,476,simple,correct,0.7545032068086174,40
Qwen-3-235B,476,simple,correct,1.310141699640689,41
Qwen-3-235B,476,simple,correct,1.001473637517918,42
Qwen-3-235B,476,simple,correct,0.9928661534778365,43
Qwen-3-235B,476,simple,correct,0.9713922159557279,44
Qwen-3-235B,476,simple,correct,0.9838382560788541,45
Qwen-3-235B,476,simple,correct,1.0645984589105333,46
Qwen-3-235B,476,simple,correct,0.859242579802128,47
Qwen-3-235B,476,simple,correct,0.7924810025656014,48
Qwen-3-235B,476,simple,correct,0.6046434071072476,49
Qwen-3-235B,476,simple,correct,0.7889236106709262,50
Qwen-3-235B,748,simple,correct,0.9566908018235452,1
Qwen-3-235B,748,simple,correct,1.3516884697292364,2
Qwen-3-235B,748,simple,correct,1.584303417198648,3
Qwen-3-235B,748,simple,correct,1.6435941530524505,4
Qwen-3-235B,748,simple,correct,1.1996464200025256,5
Qwen-3-235B,748,simple,correct,1.3804517687171474,6
Qwen-3-235B,748,simple,correct,1.2893569844789357,7
Qwen-3-235B,748,simple,correct,2.1523292369248357,8
Qwen-3-235B,748,simple,correct,1.5860544217687076,9
Qwen-3-235B,748,simple,correct,0.9174981747383791,10
Qwen-3-235B,748,simple,correct,1.7108213820078226,11
Qwen-3-235B,748,simple,correct,1.5625,12
Qwen-3-235B,748,simple,correct,1.7149220489977728,13
Qwen-3-235B,748,simple,correct,1.5583464154892726,14
Qwen-3-235B,748,simple,correct,1.4637595757218622,15
Qwen-3-235B,748,simple,correct,1.526722338204593,16
Qwen-3-235B,748,simple,correct,0.8764973151590252,17
Qwen-3-235B,748,simple,correct,2.051176096630642,18
Qwen-3-235B,748,simple,correct,1.5781544256120528,19
Qwen-3-235B,748,simple,correct,2.3301320528211282,20
Qwen-3-235B,748,simple,correct,1.6961325966850829,21
Qwen-3-235B,748,simple,correct,1.8918273645546373,22
Qwen-3-235B,748,simple,correct,1.3365613589458645,23
Qwen-3-235B,748,simple,correct,1.1960474308300395,24
Qwen-3-235B,748,simple,correct,1.5267175572519085,25
Qwen-3-235B,748,simple,correct,1.4635599159074983,26
Qwen-3-235B,748,simple,correct,2.1228128095080883,27
Qwen-3-235B,748,simple,correct,1.592208300704777,28
Qwen-3-235B,748,simple,correct,1.1048458149779736,29
Qwen-3-235B,748,simple,correct,1.7537482962289868,30
Qwen-3-235B,748,simple,correct,1.8352490421455938,31
Qwen-3-235B,748,simple,correct,2.461930659415364,32
Qwen-3-235B,748,simple,correct,2.2858870967741933,33
Qwen-3-235B,748,simple,correct,1.4221629485935985,34
Qwen-3-235B,748,simple,correct,1.3600204848071014,35
Qwen-3-235B,748,simple,correct,1.3512396694214877,36
Qwen-3-235B,748,simple,correct,1.3519827247742442,37
Qwen-3-235B,748,simple,correct,1.3215252442038365,38
Qwen-3-235B,748,simple,correct,1.3241834607366227,39
Qwen-3-235B,748,simple,correct,1.76266944734098,40
Qwen-3-235B,748,simple,correct,1.328212117457564,41
Qwen-3-235B,748,simple,correct,0.9797415855798373,42
Qwen-3-235B,748,simple,correct,1.107953643435466,43
Qwen-3-235B,748,simple,correct,1.293107738243344,44
Qwen-3-235B,748,simple,correct,1.2700173310225302,45
Qwen-3-235B,748,simple,correct,1.1846087332468656,46
Qwen-3-235B,748,simple,correct,1.7047577979013944,47
Qwen-3-235B,748,simple,correct,1.6223352713178294,48
Qwen-3-235B,748,simple,correct,1.333521021021021,49
Qwen-3-235B,748,simple,correct,1.2575398705195011,50
Qwen-3-235B,313,simple,correct,12.912228325770242,1
Qwen-3-235B,313,simple,correct,1.1810000725742071,2
Qwen-3-235B,313,simple,correct,1.4022950384717432,3
Qwen-3-235B,313,simple,correct,0.7369510888968226,4
Qwen-3-235B,313,simple,correct,1.4402560455192035,5
Qwen-3-235B,313,simple,correct,0.9841757741347905,6
Qwen-3-235B,313,simple,correct,1.237932507475438,7
Qwen-3-235B,313,simple,correct,1.714087876117336,8
Qwen-3-235B,313,simple,correct,1.2966846569005397,9
Qwen-3-235B,313,simple,correct,1.2091156874621443,10
Qwen-3-235B,313,simple,correct,0.8500490677134446,11
Qwen-3-235B,313,simple,correct,1.2030947775628626,12
Qwen-3-235B,313,simple,correct,1.3458533890949262,13
Qwen-3-235B,313,simple,correct,1.5230858022316276,14
Qwen-3-235B,313,simple,correct,1.624932658118737,15
Qwen-3-235B,313,simple,correct,1.1622396330976494,16
Qwen-3-235B,313,simple,correct,0.8110611633292467,17
Qwen-3-235B,313,simple,correct,1.104978354978355,18
Qwen-3-235B,313,simple,correct,1.3301435406698565,19
Qwen-3-235B,313,simple,correct,1.1405081157374735,20
Qwen-3-235B,313,simple,correct,1.1202590811965811,21
Qwen-3-235B,313,simple,correct,1.4778426286208388,22
Qwen-3-235B,313,simple,correct,1.1984618270493341,23
Qwen-3-235B,313,simple,correct,0.740590829456896,24
Qwen-3-235B,313,simple,correct,1.0076874205844981,25
Qwen-3-235B,313,simple,correct,1.1989464569201904,26
Qwen-3-235B,313,simple,correct,1.099364350666549,27
Qwen-3-235B,313,simple,correct,1.1538249483115093,28
Qwen-3-235B,313,simple,correct,2.201337638376384,29
Qwen-3-235B,313,simple,correct,1.4807897545357525,30
Qwen-3-235B,313,simple,correct,1.0356299635114832,31
Qwen-3-235B,313,simple,correct,1.2300124807282873,32
Qwen-3-235B,313,simple,correct,0.9862180060855558,33
Qwen-3-235B,313,simple,correct,1.1748444058474454,34
Qwen-3-235B,313,simple,correct,1.1036349008995832,35
Qwen-3-235B,313,simple,correct,0.6710389339995836,36
Qwen-3-235B,313,simple,correct,1.3250089509488006,37
Qwen-3-235B,313,simple,correct,1.5962966358052983,38
Qwen-3-235B,313,simple,correct,1.725481674634217,39
Qwen-3-235B,313,simple,correct,1.2447090763250448,40
Qwen-3-235B,313,simple,correct,0.7632045373980858,41
Qwen-3-235B,313,simple,correct,1.0296943862437684,42
Qwen-3-235B,313,simple,correct,1.315819209039548,43
Qwen-3-235B,313,simple,correct,1.7414016548699034,44
Qwen-3-235B,313,simple,correct,1.2049758893004403,45
Qwen-3-235B,313,simple,correct,1.3977200759974668,46
Qwen-3-235B,313,simple,correct,1.2739287998294606,47
Qwen-3-235B,313,simple,correct,1.0245947983415002,48
Qwen-3-235B,313,simple,correct,1.174768824306473,49
Qwen-3-235B,313,simple,correct,1.2341463414634146,50
Qwen-3-235B,389,simple,semantic,,1
Qwen-3-235B,389,simple,semantic,,2
Qwen-3-235B,389,simple,semantic,,3
Qwen-3-235B,389,simple,semantic,,4
Qwen-3-235B,389,simple,semantic,,5
Qwen-3-235B,389,simple,semantic,,6
Qwen-3-235B,389,simple,semantic,,7
Qwen-3-235B,389,simple,semantic,,8
Qwen-3-235B,389,simple,semantic,,9
Qwen-3-235B,389,simple,semantic,,10
Qwen-3-235B,389,simple,semantic,,11
Qwen-3-235B,389,simple,semantic,,12
Qwen-3-235B,389,simple,semantic,,13
Qwen-3-235B,389,simple,semantic,,14
Qwen-3-235B,389,simple,semantic,,15
Qwen-3-235B,389,simple,semantic,,16
Qwen-3-235B,389,simple,semantic,,17
Qwen-3-235B,389,simple,semantic,,18
Qwen-3-235B,389,simple,semantic,,19
Qwen-3-235B,389,simple,semantic,,20
Qwen-3-235B,389,simple,semantic,,21
Qwen-3-235B,389,simple,semantic,,22
Qwen-3-235B,389,simple,semantic,,23
Qwen-3-235B,389,simple,semantic,,24
Qwen-3-235B,389,simple,semantic,,25
Qwen-3-235B,389,simple,semantic,,26
Qwen-3-235B,389,simple,semantic,,27
Qwen-3-235B,389,simple,semantic,,28
Qwen-3-235B,389,simple,semantic,,29
Qwen-3-235B,389,simple,semantic,,30
Qwen-3-235B,389,simple,semantic,,31
Qwen-3-235B,389,simple,semantic,,32
Qwen-3-235B,389,simple,semantic,,33
Qwen-3-235B,389,simple,semantic,,34
Qwen-3-235B,389,simple,semantic,,35
Qwen-3-235B,389,simple,semantic,,36
Qwen-3-235B,389,simple,semantic,,37
Qwen-3-235B,389,simple,semantic,,38
Qwen-3-235B,389,simple,semantic,,39
Qwen-3-235B,389,simple,semantic,,40
Qwen-3-235B,389,simple,semantic,,41
Qwen-3-235B,389,simple,semantic,,42
Qwen-3-235B,389,simple,semantic,,43
Qwen-3-235B,389,simple,semantic,,44
Qwen-3-235B,389,simple,semantic,,45
Qwen-3-235B,389,simple,semantic,,46
Qwen-3-235B,389,simple,semantic,,47
Qwen-3-235B,389,simple,semantic,,48
Qwen-3-235B,389,simple,semantic,,49
Qwen-3-235B,389,simple,semantic,,50
Qwen-3-235B,181,simple,correct,3.0326392644672797,1
Qwen-3-235B,181,simple,correct,1.6958185296529107,2
Qwen-3-235B,181,simple,correct,0.7929951311449662,3
Qwen-3-235B,181,simple,correct,1.369707169303265,4
Qwen-3-235B,181,simple,correct,0.9089190891908919,5
Qwen-3-235B,181,simple,correct,0.911533362792753,6
Qwen-3-235B,181,simple,correct,0.8534964751640872,7
Qwen-3-235B,181,simple,correct,0.9024256793726062,8
Qwen-3-235B,181,simple,correct,1.0191004313000616,9
Qwen-3-235B,181,simple,correct,0.9066666666666666,10
Qwen-3-235B,181,simple,correct,1.2882906601724478,11
Qwen-3-235B,181,simple,correct,0.7509063984067814,12
Qwen-3-235B,181,simple,correct,0.9439180864171305,13
Qwen-3-235B,181,simple,correct,0.753467774402518,14
Qwen-3-235B,181,simple,correct,0.8732979554897363,15
Qwen-3-235B,181,simple,correct,0.6148618593387041,16
Qwen-3-235B,181,simple,correct,0.970782056371576,17
Qwen-3-235B,181,simple,correct,0.8971858800296223,18
Qwen-3-235B,181,simple,correct,0.9043299993787662,19
Qwen-3-235B,181,simple,correct,0.867372568332923,20
Qwen-3-235B,181,simple,correct,0.7187737928270888,21
Qwen-3-235B,181,simple,correct,0.8861594496155403,22
Qwen-3-235B,181,simple,correct,0.8476144109055501,23
Qwen-3-235B,181,simple,correct,0.8483008194334678,24
Qwen-3-235B,181,simple,correct,0.838693897517427,25
Qwen-3-235B,181,simple,correct,0.8195531637312459,26
Qwen-3-235B,181,simple,correct,0.8788734842887566,27
Qwen-3-235B,181,simple,correct,0.9415615739783613,28
Qwen-3-235B,181,simple,correct,0.8580281297869378,29
Qwen-3-235B,181,simple,correct,0.869326596393414,30
Qwen-3-235B,181,simple,correct,0.846137332474622,31
Qwen-3-235B,181,simple,correct,0.7898202441603384,32
Qwen-3-235B,181,simple,correct,1.0312323079826382,33
Qwen-3-235B,181,simple,correct,0.8228476821192053,34
Qwen-3-235B,181,simple,correct,0.8967941742696911,35
Qwen-3-235B,181,simple,correct,0.9188830889054602,36
Qwen-3-235B,181,simple,correct,0.8519207987815197,37
Qwen-3-235B,181,simple,correct,0.8429944203347799,38
Qwen-3-235B,181,simple,correct,1.1378659594001836,39
Qwen-3-235B,181,simple,correct,1.2869584803663938,40
Qwen-3-235B,181,simple,correct,0.9062447257383967,41
Qwen-3-235B,181,simple,correct,0.7110968907626289,42
Qwen-3-235B,181,simple,correct,1.2707068151147098,43
Qwen-3-235B,181,simple,correct,0.9142160676313469,44
Qwen-3-235B,181,simple,correct,1.1694879165335887,45
Qwen-3-235B,181,simple,correct,0.6224731789949182,46
Qwen-3-235B,181,simple,correct,0.6676384839650146,47
Qwen-3-235B,181,simple,correct,0.8958852613083806,48
Qwen-3-235B,181,simple,correct,0.7738897958217995,49
Qwen-3-235B,181,simple,correct,1.5822416302765647,50
Qwen-3-235B,614,simple,semantic,,1
Qwen-3-235B,614,simple,semantic,,2
Qwen-3-235B,614,simple,semantic,,3
Qwen-3-235B,614,simple,semantic,,4
Qwen-3-235B,614,simple,semantic,,5
Qwen-3-235B,614,simple,semantic,,6
Qwen-3-235B,614,simple,semantic,,7
Qwen-3-235B,614,simple,semantic,,8
Qwen-3-235B,614,simple,semantic,,9
Qwen-3-235B,614,simple,semantic,,10
Qwen-3-235B,614,simple,semantic,,11
Qwen-3-235B,614,simple,semantic,,12
Qwen-3-235B,614,simple,semantic,,13
Qwen-3-235B,614,simple,semantic,,14
Qwen-3-235B,614,simple,semantic,,15
Qwen-3-235B,614,simple,semantic,,16
Qwen-3-235B,614,simple,semantic,,17
Qwen-3-235B,614,simple,semantic,,18
Qwen-3-235B,614,simple,semantic,,19
Qwen-3-235B,614,simple,semantic,,20
Qwen-3-235B,614,simple,semantic,,21
Qwen-3-235B,614,simple,semantic,,22
Qwen-3-235B,614,simple,semantic,,23
Qwen-3-235B,614,simple,semantic,,24
Qwen-3-235B,614,simple,semantic,,25
Qwen-3-235B,614,simple,semantic,,26
Qwen-3-235B,614,simple,semantic,,27
Qwen-3-235B,614,simple,semantic,,28
Qwen-3-235B,614,simple,semantic,,29
Qwen-3-235B,614,simple,semantic,,30
Qwen-3-235B,614,simple,semantic,,31
Qwen-3-235B,614,simple,semantic,,32
Qwen-3-235B,614,simple,semantic,,33
Qwen-3-235B,614,simple,semantic,,34
Qwen-3-235B,614,simple,semantic,,35
Qwen-3-235B,614,simple,semantic,,36
Qwen-3-235B,614,simple,semantic,,37
Qwen-3-235B,614,simple,semantic,,38
Qwen-3-235B,614,simple,semantic,,39
Qwen-3-235B,614,simple,semantic,,40
Qwen-3-235B,614,simple,semantic,,41
Qwen-3-235B,614,simple,semantic,,42
Qwen-3-235B,614,simple,semantic,,43
Qwen-3-235B,614,simple,semantic,,44
Qwen-3-235B,614,simple,semantic,,45
Qwen-3-235B,614,simple,semantic,,46
Qwen-3-235B,614,simple,semantic,,47
Qwen-3-235B,614,simple,semantic,,48
Qwen-3-235B,614,simple,semantic,,49
Qwen-3-235B,614,simple,semantic,,50
Qwen-3-235B,132,simple,correct,0.955892731122089,1
Qwen-3-235B,132,simple,correct,0.989825202191495,2
Qwen-3-235B,132,simple,correct,0.9132685210189936,3
Qwen-3-235B,132,simple,correct,0.9312148891461898,4
Qwen-3-235B,132,simple,correct,0.8935949125067543,5
Qwen-3-235B,132,simple,correct,0.9558843614841793,6
Qwen-3-235B,132,simple,correct,0.5971497764530551,7
Qwen-3-235B,132,simple,correct,1.450762948635289,8
Qwen-3-235B,132,simple,correct,0.9839765290002257,9
Qwen-3-235B,132,simple,correct,0.9731591789866514,10
Qwen-3-235B,132,simple,correct,0.5796271946786294,11
Qwen-3-235B,132,simple,correct,0.8762365728357322,12
Qwen-3-235B,132,simple,correct,0.9001084094780858,13
Qwen-3-235B,132,simple,correct,0.8981733173861042,14
Qwen-3-235B,132,simple,correct,1.0267286461359675,15
Qwen-3-235B,132,simple,correct,0.9031666836371042,16
Qwen-3-235B,132,simple,correct,0.8141553255643387,17
Qwen-3-235B,132,simple,correct,0.6691686729924939,18
Qwen-3-235B,132,simple,correct,0.9052717911331845,19
Qwen-3-235B,132,simple,correct,0.8958113054087027,20
Qwen-3-235B,132,simple,correct,0.9173215531271798,21
Qwen-3-235B,132,simple,correct,0.9411010391333186,22
Qwen-3-235B,132,simple,correct,0.847564935064935,23
Qwen-3-235B,132,simple,correct,0.8818670139171482,24
Qwen-3-235B,132,simple,correct,0.9760137980827083,25
Qwen-3-235B,132,simple,correct,0.9591103429455108,26
Qwen-3-235B,132,simple,correct,0.9551449953227316,27
Qwen-3-235B,132,simple,correct,1.1346609351697516,28
Qwen-3-235B,132,simple,correct,1.6259147233876476,29
Qwen-3-235B,132,simple,correct,0.9762859483464839,30
Qwen-3-235B,132,simple,correct,1.0312704114957545,31
Qwen-3-235B,132,simple,correct,2.7895115286899,32
Qwen-3-235B,132,simple,correct,0.7202632398061274,33
Qwen-3-235B,132,simple,correct,1.243427458617332,34
Qwen-3-235B,132,simple,correct,1.3756379393355802,35
Qwen-3-235B,132,simple,correct,1.759970043063097,36
Qwen-3-235B,132,simple,correct,1.459985315712188,37
Qwen-3-235B,132,simple,correct,0.9754264238219138,38
Qwen-3-235B,132,simple,correct,1.2858810774747726,39
Qwen-3-235B,132,simple,correct,1.4696446554452596,40
Qwen-3-235B,132,simple,correct,1.0584163225649745,41
Qwen-3-235B,132,simple,correct,1.082291246470351,42
Qwen-3-235B,132,simple,correct,1.4597846205620058,43
Qwen-3-235B,132,simple,correct,0.9654422830388496,44
Qwen-3-235B,132,simple,correct,0.7569452192346313,45
Qwen-3-235B,132,simple,correct,0.5888774882002873,46
Qwen-3-235B,132,simple,correct,0.7975974216232053,47
Qwen-3-235B,132,simple,correct,1.0384541062801933,48
Qwen-3-235B,132,simple,correct,0.8774646183621628,49
Qwen-3-235B,132,simple,correct,0.8238443556292889,50
Qwen-3-235B,1585,Simple,semantic,,1
Qwen-3-235B,1585,Simple,semantic,,2
Qwen-3-235B,1585,Simple,semantic,,3
Qwen-3-235B,1585,Simple,semantic,,4
Qwen-3-235B,1585,Simple,semantic,,5
Qwen-3-235B,1585,Simple,semantic,,6
Qwen-3-235B,1585,Simple,semantic,,7
Qwen-3-235B,1585,Simple,semantic,,8
Qwen-3-235B,1585,Simple,semantic,,9
Qwen-3-235B,1585,Simple,semantic,,10
Qwen-3-235B,1585,Simple,semantic,,11
Qwen-3-235B,1585,Simple,semantic,,12
Qwen-3-235B,1585,Simple,semantic,,13
Qwen-3-235B,1585,Simple,semantic,,14
Qwen-3-235B,1585,Simple,semantic,,15
Qwen-3-235B,1585,Simple,semantic,,16
Qwen-3-235B,1585,Simple,semantic,,17
Qwen-3-235B,1585,Simple,semantic,,18
Qwen-3-235B,1585,Simple,semantic,,19
Qwen-3-235B,1585,Simple,semantic,,20
Qwen-3-235B,1585,Simple,semantic,,21
Qwen-3-235B,1585,Simple,semantic,,22
Qwen-3-235B,1585,Simple,semantic,,23
Qwen-3-235B,1585,Simple,semantic,,24
Qwen-3-235B,1585,Simple,semantic,,25
Qwen-3-235B,1585,Simple,semantic,,26
Qwen-3-235B,1585,Simple,semantic,,27
Qwen-3-235B,1585,Simple,semantic,,28
Qwen-3-235B,1585,Simple,semantic,,29
Qwen-3-235B,1585,Simple,semantic,,30
Qwen-3-235B,1585,Simple,semantic,,31
Qwen-3-235B,1585,Simple,semantic,,32
Qwen-3-235B,1585,Simple,semantic,,33
Qwen-3-235B,1585,Simple,semantic,,34
Qwen-3-235B,1585,Simple,semantic,,35
Qwen-3-235B,1585,Simple,semantic,,36
Qwen-3-235B,1585,Simple,semantic,,37
Qwen-3-235B,1585,Simple,semantic,,38
Qwen-3-235B,1585,Simple,semantic,,39
Qwen-3-235B,1585,Simple,semantic,,40
Qwen-3-235B,1585,Simple,semantic,,41
Qwen-3-235B,1585,Simple,semantic,,42
Qwen-3-235B,1585,Simple,semantic,,43
Qwen-3-235B,1585,Simple,semantic,,44
Qwen-3-235B,1585,Simple,semantic,,45
Qwen-3-235B,1585,Simple,semantic,,46
Qwen-3-235B,1585,Simple,semantic,,47
Qwen-3-235B,1585,Simple,semantic,,48
Qwen-3-235B,1585,Simple,semantic,,49
Qwen-3-235B,1585,Simple,semantic,,50
Qwen-3-235B,61,simple,correct,3.654811337786604,1
Qwen-3-235B,61,simple,correct,0.9734028241437384,2
Qwen-3-235B,61,simple,correct,1.0417806767824733,3
Qwen-3-235B,61,simple,correct,1.1419555083767943,4
Qwen-3-235B,61,simple,correct,1.2594214601244478,5
Qwen-3-235B,61,simple,correct,1.0460969205060873,6
Qwen-3-235B,61,simple,correct,1.0621617361147602,7
Qwen-3-235B,61,simple,correct,0.7752989510890771,8
Qwen-3-235B,61,simple,correct,1.1257229453007356,9
Qwen-3-235B,61,simple,correct,1.2382707543920082,10
Qwen-3-235B,61,simple,correct,1.0811852696447721,11
Qwen-3-235B,61,simple,correct,1.354205847592621,12
Qwen-3-235B,61,simple,correct,1.3635881372202294,13
Qwen-3-235B,61,simple,correct,1.2610967194200753,14
Qwen-3-235B,61,simple,correct,0.9963503649635036,15
Qwen-3-235B,61,simple,correct,1.2500125755792313,16
Qwen-3-235B,61,simple,correct,0.8660791966986742,17
Qwen-3-235B,61,simple,correct,1.262699564586357,18
Qwen-3-235B,61,simple,correct,0.7368330880234252,19
Qwen-3-235B,61,simple,correct,0.8490136860616255,20
Qwen-3-235B,61,simple,correct,0.937879924055076,21
Qwen-3-235B,61,simple,correct,0.8918011986844522,22
Qwen-3-235B,61,simple,correct,1.6893271193621693,23
Qwen-3-235B,61,simple,correct,0.9050524384894525,24
Qwen-3-235B,61,simple,correct,1.1390695395729065,25
Qwen-3-235B,61,simple,correct,1.0582307277843188,26
Qwen-3-235B,61,simple,correct,1.1655184120137392,27
Qwen-3-235B,61,simple,correct,1.1647637861184585,28
Qwen-3-235B,61,simple,correct,1.2435612848011555,29
Qwen-3-235B,61,simple,correct,0.8813851677556646,30
Qwen-3-235B,61,simple,correct,0.7486334222456132,31
Qwen-3-235B,61,simple,correct,0.9948995906881556,32
Qwen-3-235B,61,simple,correct,1.2171117319307665,33
Qwen-3-235B,61,simple,correct,0.9613701915286644,34
Qwen-3-235B,61,simple,correct,0.9295815818045154,35
Qwen-3-235B,61,simple,correct,0.9841522373766238,36
Qwen-3-235B,61,simple,correct,0.8950980774480365,37
Qwen-3-235B,61,simple,correct,0.9412538146873579,38
Qwen-3-235B,61,simple,correct,0.9366337158455463,39
Qwen-3-235B,61,simple,correct,0.7330872105816484,40
Qwen-3-235B,61,simple,correct,0.9837872028763566,41
Qwen-3-235B,61,simple,correct,0.7841833286091184,42
Qwen-3-235B,61,simple,correct,0.8647550269045596,43
Qwen-3-235B,61,simple,correct,0.9358367829686576,44
Qwen-3-235B,61,simple,correct,0.8383503167171578,45
Qwen-3-235B,61,simple,correct,0.8836048227246308,46
Qwen-3-235B,61,simple,correct,0.9602377208645364,47
Qwen-3-235B,61,simple,correct,1.049720394736842,48
Qwen-3-235B,61,simple,correct,0.8820301581463773,49
Qwen-3-235B,61,simple,correct,0.9498198038043215,50
Qwen-3-235B,464,simple,semantic,,1
Qwen-3-235B,464,simple,semantic,,2
Qwen-3-235B,464,simple,semantic,,3
Qwen-3-235B,464,simple,semantic,,4
Qwen-3-235B,464,simple,semantic,,5
Qwen-3-235B,464,simple,semantic,,6
Qwen-3-235B,464,simple,semantic,,7
Qwen-3-235B,464,simple,semantic,,8
Qwen-3-235B,464,simple,semantic,,9
Qwen-3-235B,464,simple,semantic,,10
Qwen-3-235B,464,simple,semantic,,11
Qwen-3-235B,464,simple,semantic,,12
Qwen-3-235B,464,simple,semantic,,13
Qwen-3-235B,464,simple,semantic,,14
Qwen-3-235B,464,simple,semantic,,15
Qwen-3-235B,464,simple,semantic,,16
Qwen-3-235B,464,simple,semantic,,17
Qwen-3-235B,464,simple,semantic,,18
Qwen-3-235B,464,simple,semantic,,19
Qwen-3-235B,464,simple,semantic,,20
Qwen-3-235B,464,simple,semantic,,21
Qwen-3-235B,464,simple,semantic,,22
Qwen-3-235B,464,simple,semantic,,23
Qwen-3-235B,464,simple,semantic,,24
Qwen-3-235B,464,simple,semantic,,25
Qwen-3-235B,464,simple,semantic,,26
Qwen-3-235B,464,simple,semantic,,27
Qwen-3-235B,464,simple,semantic,,28
Qwen-3-235B,464,simple,semantic,,29
Qwen-3-235B,464,simple,semantic,,30
Qwen-3-235B,464,simple,semantic,,31
Qwen-3-235B,464,simple,semantic,,32
Qwen-3-235B,464,simple,semantic,,33
Qwen-3-235B,464,simple,semantic,,34
Qwen-3-235B,464,simple,semantic,,35
Qwen-3-235B,464,simple,semantic,,36
Qwen-3-235B,464,simple,semantic,,37
Qwen-3-235B,464,simple,semantic,,38
Qwen-3-235B,464,simple,semantic,,39
Qwen-3-235B,464,simple,semantic,,40
Qwen-3-235B,464,simple,semantic,,41
Qwen-3-235B,464,simple,semantic,,42
Qwen-3-235B,464,simple,semantic,,43
Qwen-3-235B,464,simple,semantic,,44
Qwen-3-235B,464,simple,semantic,,45
Qwen-3-235B,464,simple,semantic,,46
Qwen-3-235B,464,simple,semantic,,47
Qwen-3-235B,464,simple,semantic,,48
Qwen-3-235B,464,simple,semantic,,49
Qwen-3-235B,464,simple,semantic,,50
Qwen-3-235B,496,simple,semantic,,1
Qwen-3-235B,496,simple,semantic,,2
Qwen-3-235B,496,simple,semantic,,3
Qwen-3-235B,496,simple,semantic,,4
Qwen-3-235B,496,simple,semantic,,5
Qwen-3-235B,496,simple,semantic,,6
Qwen-3-235B,496,simple,semantic,,7
Qwen-3-235B,496,simple,semantic,,8
Qwen-3-235B,496,simple,semantic,,9
Qwen-3-235B,496,simple,semantic,,10
Qwen-3-235B,496,simple,semantic,,11
Qwen-3-235B,496,simple,semantic,,12
Qwen-3-235B,496,simple,semantic,,13
Qwen-3-235B,496,simple,semantic,,14
Qwen-3-235B,496,simple,semantic,,15
Qwen-3-235B,496,simple,semantic,,16
Qwen-3-235B,496,simple,semantic,,17
Qwen-3-235B,496,simple,semantic,,18
Qwen-3-235B,496,simple,semantic,,19
Qwen-3-235B,496,simple,semantic,,20
Qwen-3-235B,496,simple,semantic,,21
Qwen-3-235B,496,simple,semantic,,22
Qwen-3-235B,496,simple,semantic,,23
Qwen-3-235B,496,simple,semantic,,24
Qwen-3-235B,496,simple,semantic,,25
Qwen-3-235B,496,simple,semantic,,26
Qwen-3-235B,496,simple,semantic,,27
Qwen-3-235B,496,simple,semantic,,28
Qwen-3-235B,496,simple,semantic,,29
Qwen-3-235B,496,simple,semantic,,30
Qwen-3-235B,496,simple,semantic,,31
Qwen-3-235B,496,simple,semantic,,32
Qwen-3-235B,496,simple,semantic,,33
Qwen-3-235B,496,simple,semantic,,34
Qwen-3-235B,496,simple,semantic,,35
Qwen-3-235B,496,simple,semantic,,36
Qwen-3-235B,496,simple,semantic,,37
Qwen-3-235B,496,simple,semantic,,38
Qwen-3-235B,496,simple,semantic,,39
Qwen-3-235B,496,simple,semantic,,40
Qwen-3-235B,496,simple,semantic,,41
Qwen-3-235B,496,simple,semantic,,42
Qwen-3-235B,496,simple,semantic,,43
Qwen-3-235B,496,simple,semantic,,44
Qwen-3-235B,496,simple,semantic,,45
Qwen-3-235B,496,simple,semantic,,46
Qwen-3-235B,496,simple,semantic,,47
Qwen-3-235B,496,simple,semantic,,48
Qwen-3-235B,496,simple,semantic,,49
Qwen-3-235B,496,simple,semantic,,50
Qwen-3-235B,1129,simple,semantic,,1
Qwen-3-235B,1129,simple,semantic,,2
Qwen-3-235B,1129,simple,semantic,,3
Qwen-3-235B,1129,simple,semantic,,4
Qwen-3-235B,1129,simple,semantic,,5
Qwen-3-235B,1129,simple,semantic,,6
Qwen-3-235B,1129,simple,semantic,,7
Qwen-3-235B,1129,simple,semantic,,8
Qwen-3-235B,1129,simple,semantic,,9
Qwen-3-235B,1129,simple,semantic,,10
Qwen-3-235B,1129,simple,semantic,,11
Qwen-3-235B,1129,simple,semantic,,12
Qwen-3-235B,1129,simple,semantic,,13
Qwen-3-235B,1129,simple,semantic,,14
Qwen-3-235B,1129,simple,semantic,,15
Qwen-3-235B,1129,simple,semantic,,16
Qwen-3-235B,1129,simple,semantic,,17
Qwen-3-235B,1129,simple,semantic,,18
Qwen-3-235B,1129,simple,semantic,,19
Qwen-3-235B,1129,simple,semantic,,20
Qwen-3-235B,1129,simple,semantic,,21
Qwen-3-235B,1129,simple,semantic,,22
Qwen-3-235B,1129,simple,semantic,,23
Qwen-3-235B,1129,simple,semantic,,24
Qwen-3-235B,1129,simple,semantic,,25
Qwen-3-235B,1129,simple,semantic,,26
Qwen-3-235B,1129,simple,semantic,,27
Qwen-3-235B,1129,simple,semantic,,28
Qwen-3-235B,1129,simple,semantic,,29
Qwen-3-235B,1129,simple,semantic,,30
Qwen-3-235B,1129,simple,semantic,,31
Qwen-3-235B,1129,simple,semantic,,32
Qwen-3-235B,1129,simple,semantic,,33
Qwen-3-235B,1129,simple,semantic,,34
Qwen-3-235B,1129,simple,semantic,,35
Qwen-3-235B,1129,simple,semantic,,36
Qwen-3-235B,1129,simple,semantic,,37
Qwen-3-235B,1129,simple,semantic,,38
Qwen-3-235B,1129,simple,semantic,,39
Qwen-3-235B,1129,simple,semantic,,40
Qwen-3-235B,1129,simple,semantic,,41
Qwen-3-235B,1129,simple,semantic,,42
Qwen-3-235B,1129,simple,semantic,,43
Qwen-3-235B,1129,simple,semantic,,44
Qwen-3-235B,1129,simple,semantic,,45
Qwen-3-235B,1129,simple,semantic,,46
Qwen-3-235B,1129,simple,semantic,,47
Qwen-3-235B,1129,simple,semantic,,48
Qwen-3-235B,1129,simple,semantic,,49
Qwen-3-235B,1129,simple,semantic,,50
Qwen-3-235B,1673,Simple,semantic,,1
Qwen-3-235B,1673,Simple,semantic,,2
Qwen-3-235B,1673,Simple,semantic,,3
Qwen-3-235B,1673,Simple,semantic,,4
Qwen-3-235B,1673,Simple,semantic,,5
Qwen-3-235B,1673,Simple,semantic,,6
Qwen-3-235B,1673,Simple,semantic,,7
Qwen-3-235B,1673,Simple,semantic,,8
Qwen-3-235B,1673,Simple,semantic,,9
Qwen-3-235B,1673,Simple,semantic,,10
Qwen-3-235B,1673,Simple,semantic,,11
Qwen-3-235B,1673,Simple,semantic,,12
Qwen-3-235B,1673,Simple,semantic,,13
Qwen-3-235B,1673,Simple,semantic,,14
Qwen-3-235B,1673,Simple,semantic,,15
Qwen-3-235B,1673,Simple,semantic,,16
Qwen-3-235B,1673,Simple,semantic,,17
Qwen-3-235B,1673,Simple,semantic,,18
Qwen-3-235B,1673,Simple,semantic,,19
Qwen-3-235B,1673,Simple,semantic,,20
Qwen-3-235B,1673,Simple,semantic,,21
Qwen-3-235B,1673,Simple,semantic,,22
Qwen-3-235B,1673,Simple,semantic,,23
Qwen-3-235B,1673,Simple,semantic,,24
Qwen-3-235B,1673,Simple,semantic,,25
Qwen-3-235B,1673,Simple,semantic,,26
Qwen-3-235B,1673,Simple,semantic,,27
Qwen-3-235B,1673,Simple,semantic,,28
Qwen-3-235B,1673,Simple,semantic,,29
Qwen-3-235B,1673,Simple,semantic,,30
Qwen-3-235B,1673,Simple,semantic,,31
Qwen-3-235B,1673,Simple,semantic,,32
Qwen-3-235B,1673,Simple,semantic,,33
Qwen-3-235B,1673,Simple,semantic,,34
Qwen-3-235B,1673,Simple,semantic,,35
Qwen-3-235B,1673,Simple,semantic,,36
Qwen-3-235B,1673,Simple,semantic,,37
Qwen-3-235B,1673,Simple,semantic,,38
Qwen-3-235B,1673,Simple,semantic,,39
Qwen-3-235B,1673,Simple,semantic,,40
Qwen-3-235B,1673,Simple,semantic,,41
Qwen-3-235B,1673,Simple,semantic,,42
Qwen-3-235B,1673,Simple,semantic,,43
Qwen-3-235B,1673,Simple,semantic,,44
Qwen-3-235B,1673,Simple,semantic,,45
Qwen-3-235B,1673,Simple,semantic,,46
Qwen-3-235B,1673,Simple,semantic,,47
Qwen-3-235B,1673,Simple,semantic,,48
Qwen-3-235B,1673,Simple,semantic,,49
Qwen-3-235B,1673,Simple,semantic,,50
Qwen-3-235B,84,simple,semantic,,1
Qwen-3-235B,84,simple,semantic,,2
Qwen-3-235B,84,simple,semantic,,3
Qwen-3-235B,84,simple,semantic,,4
Qwen-3-235B,84,simple,semantic,,5
Qwen-3-235B,84,simple,semantic,,6
Qwen-3-235B,84,simple,semantic,,7
Qwen-3-235B,84,simple,semantic,,8
Qwen-3-235B,84,simple,semantic,,9
Qwen-3-235B,84,simple,semantic,,10
Qwen-3-235B,84,simple,semantic,,11
Qwen-3-235B,84,simple,semantic,,12
Qwen-3-235B,84,simple,semantic,,13
Qwen-3-235B,84,simple,semantic,,14
Qwen-3-235B,84,simple,semantic,,15
Qwen-3-235B,84,simple,semantic,,16
Qwen-3-235B,84,simple,semantic,,17
Qwen-3-235B,84,simple,semantic,,18
Qwen-3-235B,84,simple,semantic,,19
Qwen-3-235B,84,simple,semantic,,20
Qwen-3-235B,84,simple,semantic,,21
Qwen-3-235B,84,simple,semantic,,22
Qwen-3-235B,84,simple,semantic,,23
Qwen-3-235B,84,simple,semantic,,24
Qwen-3-235B,84,simple,semantic,,25
Qwen-3-235B,84,simple,semantic,,26
Qwen-3-235B,84,simple,semantic,,27
Qwen-3-235B,84,simple,semantic,,28
Qwen-3-235B,84,simple,semantic,,29
Qwen-3-235B,84,simple,semantic,,30
Qwen-3-235B,84,simple,semantic,,31
Qwen-3-235B,84,simple,semantic,,32
Qwen-3-235B,84,simple,semantic,,33
Qwen-3-235B,84,simple,semantic,,34
Qwen-3-235B,84,simple,semantic,,35
Qwen-3-235B,84,simple,semantic,,36
Qwen-3-235B,84,simple,semantic,,37
Qwen-3-235B,84,simple,semantic,,38
Qwen-3-235B,84,simple,semantic,,39
Qwen-3-235B,84,simple,semantic,,40
Qwen-3-235B,84,simple,semantic,,41
Qwen-3-235B,84,simple,semantic,,42
Qwen-3-235B,84,simple,semantic,,43
Qwen-3-235B,84,simple,semantic,,44
Qwen-3-235B,84,simple,semantic,,45
Qwen-3-235B,84,simple,semantic,,46
Qwen-3-235B,84,simple,semantic,,47
Qwen-3-235B,84,simple,semantic,,48
Qwen-3-235B,84,simple,semantic,,49
Qwen-3-235B,84,simple,semantic,,50
Qwen-3-235B,502,simple,semantic,,1
Qwen-3-235B,502,simple,semantic,,2
Qwen-3-235B,502,simple,semantic,,3
Qwen-3-235B,502,simple,semantic,,4
Qwen-3-235B,502,simple,semantic,,5
Qwen-3-235B,502,simple,semantic,,6
Qwen-3-235B,502,simple,semantic,,7
Qwen-3-235B,502,simple,semantic,,8
Qwen-3-235B,502,simple,semantic,,9
Qwen-3-235B,502,simple,semantic,,10
Qwen-3-235B,502,simple,semantic,,11
Qwen-3-235B,502,simple,semantic,,12
Qwen-3-235B,502,simple,semantic,,13
Qwen-3-235B,502,simple,semantic,,14
Qwen-3-235B,502,simple,semantic,,15
Qwen-3-235B,502,simple,semantic,,16
Qwen-3-235B,502,simple,semantic,,17
Qwen-3-235B,502,simple,semantic,,18
Qwen-3-235B,502,simple,semantic,,19
Qwen-3-235B,502,simple,semantic,,20
Qwen-3-235B,502,simple,semantic,,21
Qwen-3-235B,502,simple,semantic,,22
Qwen-3-235B,502,simple,semantic,,23
Qwen-3-235B,502,simple,semantic,,24
Qwen-3-235B,502,simple,semantic,,25
Qwen-3-235B,502,simple,semantic,,26
Qwen-3-235B,502,simple,semantic,,27
Qwen-3-235B,502,simple,semantic,,28
Qwen-3-235B,502,simple,semantic,,29
Qwen-3-235B,502,simple,semantic,,30
Qwen-3-235B,502,simple,semantic,,31
Qwen-3-235B,502,simple,semantic,,32
Qwen-3-235B,502,simple,semantic,,33
Qwen-3-235B,502,simple,semantic,,34
Qwen-3-235B,502,simple,semantic,,35
Qwen-3-235B,502,simple,semantic,,36
Qwen-3-235B,502,simple,semantic,,37
Qwen-3-235B,502,simple,semantic,,38
Qwen-3-235B,502,simple,semantic,,39
Qwen-3-235B,502,simple,semantic,,40
Qwen-3-235B,502,simple,semantic,,41
Qwen-3-235B,502,simple,semantic,,42
Qwen-3-235B,502,simple,semantic,,43
Qwen-3-235B,502,simple,semantic,,44
Qwen-3-235B,502,simple,semantic,,45
Qwen-3-235B,502,simple,semantic,,46
Qwen-3-235B,502,simple,semantic,,47
Qwen-3-235B,502,simple,semantic,,48
Qwen-3-235B,502,simple,semantic,,49
Qwen-3-235B,502,simple,semantic,,50
Qwen-3-235B,953,simple,hallucination,,1
Qwen-3-235B,953,simple,semantic,,2
Qwen-3-235B,953,simple,semantic,,3
Qwen-3-235B,953,simple,hallucination,,4
Qwen-3-235B,953,simple,hallucination,,5
Qwen-3-235B,953,simple,semantic,,6
Qwen-3-235B,953,simple,hallucination,,7
Qwen-3-235B,953,simple,semantic,,8
Qwen-3-235B,953,simple,hallucination,,9
Qwen-3-235B,953,simple,semantic,,10
Qwen-3-235B,953,simple,hallucination,,11
Qwen-3-235B,953,simple,semantic,,12
Qwen-3-235B,953,simple,semantic,,13
Qwen-3-235B,953,simple,semantic,,14
Qwen-3-235B,953,simple,semantic,,15
Qwen-3-235B,953,simple,semantic,,16
Qwen-3-235B,953,simple,semantic,,17
Qwen-3-235B,953,simple,hallucination,,18
Qwen-3-235B,953,simple,semantic,,19
Qwen-3-235B,953,simple,semantic,,20
Qwen-3-235B,953,simple,semantic,,21
Qwen-3-235B,953,simple,semantic,,22
Qwen-3-235B,953,simple,semantic,,23
Qwen-3-235B,953,simple,semantic,,24
Qwen-3-235B,953,simple,semantic,,25
Qwen-3-235B,953,simple,semantic,,26
Qwen-3-235B,953,simple,semantic,,27
Qwen-3-235B,953,simple,semantic,,28
Qwen-3-235B,953,simple,semantic,,29
Qwen-3-235B,953,simple,semantic,,30
Qwen-3-235B,953,simple,semantic,,31
Qwen-3-235B,953,simple,semantic,,32
Qwen-3-235B,953,simple,semantic,,33
Qwen-3-235B,953,simple,semantic,,34
Qwen-3-235B,953,simple,semantic,,35
Qwen-3-235B,953,simple,semantic,,36
Qwen-3-235B,953,simple,semantic,,37
Qwen-3-235B,953,simple,semantic,,38
Qwen-3-235B,953,simple,semantic,,39
Qwen-3-235B,953,simple,semantic,,40
Qwen-3-235B,953,simple,semantic,,41
Qwen-3-235B,953,simple,semantic,,42
Qwen-3-235B,953,simple,semantic,,43
Qwen-3-235B,953,simple,hallucination,,44
Qwen-3-235B,953,simple,semantic,,45
Qwen-3-235B,953,simple,semantic,,46
Qwen-3-235B,953,simple,semantic,,47
Qwen-3-235B,953,simple,semantic,,48
Qwen-3-235B,953,simple,semantic,,49
Qwen-3-235B,953,simple,semantic,,50
Qwen-3-235B,54,simple,semantic,,1
Qwen-3-235B,54,simple,semantic,,2
Qwen-3-235B,54,simple,semantic,,3
Qwen-3-235B,54,simple,semantic,,4
Qwen-3-235B,54,simple,semantic,,5
Qwen-3-235B,54,simple,semantic,,6
Qwen-3-235B,54,simple,semantic,,7
Qwen-3-235B,54,simple,semantic,,8
Qwen-3-235B,54,simple,semantic,,9
Qwen-3-235B,54,simple,semantic,,10
Qwen-3-235B,54,simple,semantic,,11
Qwen-3-235B,54,simple,semantic,,12
Qwen-3-235B,54,simple,semantic,,13
Qwen-3-235B,54,simple,semantic,,14
Qwen-3-235B,54,simple,semantic,,15
Qwen-3-235B,54,simple,semantic,,16
Qwen-3-235B,54,simple,semantic,,17
Qwen-3-235B,54,simple,semantic,,18
Qwen-3-235B,54,simple,semantic,,19
Qwen-3-235B,54,simple,semantic,,20
Qwen-3-235B,54,simple,semantic,,21
Qwen-3-235B,54,simple,semantic,,22
Qwen-3-235B,54,simple,semantic,,23
Qwen-3-235B,54,simple,semantic,,24
Qwen-3-235B,54,simple,semantic,,25
Qwen-3-235B,54,simple,semantic,,26
Qwen-3-235B,54,simple,semantic,,27
Qwen-3-235B,54,simple,semantic,,28
Qwen-3-235B,54,simple,semantic,,29
Qwen-3-235B,54,simple,semantic,,30
Qwen-3-235B,54,simple,semantic,,31
Qwen-3-235B,54,simple,semantic,,32
Qwen-3-235B,54,simple,semantic,,33
Qwen-3-235B,54,simple,semantic,,34
Qwen-3-235B,54,simple,semantic,,35
Qwen-3-235B,54,simple,semantic,,36
Qwen-3-235B,54,simple,semantic,,37
Qwen-3-235B,54,simple,semantic,,38
Qwen-3-235B,54,simple,semantic,,39
Qwen-3-235B,54,simple,semantic,,40
Qwen-3-235B,54,simple,semantic,,41
Qwen-3-235B,54,simple,semantic,,42
Qwen-3-235B,54,simple,semantic,,43
Qwen-3-235B,54,simple,semantic,,44
Qwen-3-235B,54,simple,semantic,,45
Qwen-3-235B,54,simple,semantic,,46
Qwen-3-235B,54,simple,semantic,,47
Qwen-3-235B,54,simple,semantic,,48
Qwen-3-235B,54,simple,semantic,,49
Qwen-3-235B,54,simple,semantic,,50
Qwen-3-235B,1004,simple,semantic,,1
Qwen-3-235B,1004,simple,semantic,,2
Qwen-3-235B,1004,simple,semantic,,3
Qwen-3-235B,1004,simple,semantic,,4
Qwen-3-235B,1004,simple,semantic,,5
Qwen-3-235B,1004,simple,semantic,,6
Qwen-3-235B,1004,simple,semantic,,7
Qwen-3-235B,1004,simple,semantic,,8
Qwen-3-235B,1004,simple,semantic,,9
Qwen-3-235B,1004,simple,semantic,,10
Qwen-3-235B,1004,simple,semantic,,11
Qwen-3-235B,1004,simple,semantic,,12
Qwen-3-235B,1004,simple,semantic,,13
Qwen-3-235B,1004,simple,semantic,,14
Qwen-3-235B,1004,simple,semantic,,15
Qwen-3-235B,1004,simple,semantic,,16
Qwen-3-235B,1004,simple,semantic,,17
Qwen-3-235B,1004,simple,semantic,,18
Qwen-3-235B,1004,simple,semantic,,19
Qwen-3-235B,1004,simple,semantic,,20
Qwen-3-235B,1004,simple,semantic,,21
Qwen-3-235B,1004,simple,semantic,,22
Qwen-3-235B,1004,simple,semantic,,23
Qwen-3-235B,1004,simple,semantic,,24
Qwen-3-235B,1004,simple,semantic,,25
Qwen-3-235B,1004,simple,semantic,,26
Qwen-3-235B,1004,simple,semantic,,27
Qwen-3-235B,1004,simple,semantic,,28
Qwen-3-235B,1004,simple,semantic,,29
Qwen-3-235B,1004,simple,semantic,,30
Qwen-3-235B,1004,simple,semantic,,31
Qwen-3-235B,1004,simple,semantic,,32
Qwen-3-235B,1004,simple,semantic,,33
Qwen-3-235B,1004,simple,semantic,,34
Qwen-3-235B,1004,simple,semantic,,35
Qwen-3-235B,1004,simple,semantic,,36
Qwen-3-235B,1004,simple,semantic,,37
Qwen-3-235B,1004,simple,semantic,,38
Qwen-3-235B,1004,simple,semantic,,39
Qwen-3-235B,1004,simple,semantic,,40
Qwen-3-235B,1004,simple,semantic,,41
Qwen-3-235B,1004,simple,semantic,,42
Qwen-3-235B,1004,simple,semantic,,43
Qwen-3-235B,1004,simple,semantic,,44
Qwen-3-235B,1004,simple,semantic,,45
Qwen-3-235B,1004,simple,semantic,,46
Qwen-3-235B,1004,simple,semantic,,47
Qwen-3-235B,1004,simple,semantic,,48
Qwen-3-235B,1004,simple,semantic,,49
Qwen-3-235B,1004,simple,semantic,,50
Qwen-3-235B,1575,Simple,semantic,,1
Qwen-3-235B,1575,Simple,semantic,,2
Qwen-3-235B,1575,Simple,semantic,,3
Qwen-3-235B,1575,Simple,semantic,,4
Qwen-3-235B,1575,Simple,semantic,,5
Qwen-3-235B,1575,Simple,semantic,,6
Qwen-3-235B,1575,Simple,semantic,,7
Qwen-3-235B,1575,Simple,semantic,,8
Qwen-3-235B,1575,Simple,semantic,,9
Qwen-3-235B,1575,Simple,semantic,,10
Qwen-3-235B,1575,Simple,semantic,,11
Qwen-3-235B,1575,Simple,semantic,,12
Qwen-3-235B,1575,Simple,semantic,,13
Qwen-3-235B,1575,Simple,semantic,,14
Qwen-3-235B,1575,Simple,semantic,,15
Qwen-3-235B,1575,Simple,semantic,,16
Qwen-3-235B,1575,Simple,semantic,,17
Qwen-3-235B,1575,Simple,semantic,,18
Qwen-3-235B,1575,Simple,semantic,,19
Qwen-3-235B,1575,Simple,semantic,,20
Qwen-3-235B,1575,Simple,semantic,,21
Qwen-3-235B,1575,Simple,semantic,,22
Qwen-3-235B,1575,Simple,semantic,,23
Qwen-3-235B,1575,Simple,semantic,,24
Qwen-3-235B,1575,Simple,semantic,,25
Qwen-3-235B,1575,Simple,semantic,,26
Qwen-3-235B,1575,Simple,semantic,,27
Qwen-3-235B,1575,Simple,semantic,,28
Qwen-3-235B,1575,Simple,semantic,,29
Qwen-3-235B,1575,Simple,semantic,,30
Qwen-3-235B,1575,Simple,semantic,,31
Qwen-3-235B,1575,Simple,semantic,,32
Qwen-3-235B,1575,Simple,semantic,,33
Qwen-3-235B,1575,Simple,semantic,,34
Qwen-3-235B,1575,Simple,semantic,,35
Qwen-3-235B,1575,Simple,semantic,,36
Qwen-3-235B,1575,Simple,other,,37
Qwen-3-235B,1575,Simple,semantic,,38
Qwen-3-235B,1575,Simple,semantic,,39
Qwen-3-235B,1575,Simple,semantic,,40
Qwen-3-235B,1575,Simple,semantic,,41
Qwen-3-235B,1575,Simple,semantic,,42
Qwen-3-235B,1575,Simple,semantic,,43
Qwen-3-235B,1575,Simple,semantic,,44
Qwen-3-235B,1575,Simple,other,,45
Qwen-3-235B,1575,Simple,semantic,,46
Qwen-3-235B,1575,Simple,semantic,,47
Qwen-3-235B,1575,Simple,semantic,,48
Qwen-3-235B,1575,Simple,semantic,,49
Qwen-3-235B,1575,Simple,semantic,,50
Qwen-3-235B,549,simple,correct,3.7399110436103276,1
Qwen-3-235B,549,simple,correct,1.7457889841893148,2
Qwen-3-235B,549,simple,correct,1.2170140620325123,3
Qwen-3-235B,549,simple,correct,2.032689064729537,4
Qwen-3-235B,549,simple,correct,1.259891329302824,5
Qwen-3-235B,549,simple,correct,1.295507637017071,6
Qwen-3-235B,549,simple,correct,1.4359167024474022,7
Qwen-3-235B,549,simple,correct,1.0811170212765957,8
Qwen-3-235B,549,simple,correct,1.674933190807055,9
Qwen-3-235B,549,simple,correct,1.3106227106227106,10
Qwen-3-235B,549,simple,correct,1.2919708029197081,11
Qwen-3-235B,549,simple,correct,2.137995981918634,12
Qwen-3-235B,549,simple,correct,1.1812423873325213,13
Qwen-3-235B,549,simple,correct,0.9020771513353115,14
Qwen-3-235B,549,simple,correct,0.8551156098045053,15
Qwen-3-235B,549,simple,correct,1.1867682586879762,16
Qwen-3-235B,549,simple,correct,1.2175655368174987,17
Qwen-3-235B,549,simple,correct,1.2154861416630005,18
Qwen-3-235B,549,simple,correct,1.1916301703163017,19
Qwen-3-235B,549,simple,correct,0.8875252321356479,20
Qwen-3-235B,549,simple,correct,1.1056855540514408,21
Qwen-3-235B,549,simple,correct,0.7840767260067004,22
Qwen-3-235B,549,simple,correct,1.2843537414965986,23
Qwen-3-235B,549,simple,correct,1.8456413890857548,24
Qwen-3-235B,549,simple,correct,1.1451845116314314,25
Qwen-3-235B,549,simple,correct,0.7287854528819762,26
Qwen-3-235B,549,simple,correct,1.1775920222906584,27
Qwen-3-235B,549,simple,correct,0.7444903581267218,28
Qwen-3-235B,549,simple,correct,1.3107362201663686,29
Qwen-3-235B,549,simple,correct,1.2164733481037404,30
Qwen-3-235B,549,simple,correct,1.281127882920849,31
Qwen-3-235B,549,simple,correct,1.207563448127112,32
Qwen-3-235B,549,simple,correct,1.0631767483513799,33
Qwen-3-235B,549,simple,correct,2.3223640026863666,34
Qwen-3-235B,549,simple,correct,1.3701665459811732,35
Qwen-3-235B,549,simple,correct,1.179388540190322,36
Qwen-3-235B,549,simple,correct,0.9892163910855499,37
Qwen-3-235B,549,simple,correct,1.1516362960208255,38
Qwen-3-235B,549,simple,correct,0.5494054940549405,39
Qwen-3-235B,549,simple,correct,1.0779242875372181,40
Qwen-3-235B,549,simple,correct,0.8784655940369057,41
Qwen-3-235B,549,simple,correct,1.0255461274598303,42
Qwen-3-235B,549,simple,correct,1.4626019945602902,43
Qwen-3-235B,549,simple,correct,1.27827634799377,44
Qwen-3-235B,549,simple,correct,1.125834891798023,45
Qwen-3-235B,549,simple,correct,0.7483221476510067,46
Qwen-3-235B,549,simple,correct,1.4188336667179566,47
Qwen-3-235B,549,simple,correct,0.9718352977192714,48
Qwen-3-235B,549,simple,correct,1.3807101104135093,49
Qwen-3-235B,549,simple,correct,1.3264087468460892,50
Qwen-3-235B,1221,simple,semantic,,1
Qwen-3-235B,1221,simple,semantic,,2
Qwen-3-235B,1221,simple,semantic,,3
Qwen-3-235B,1221,simple,semantic,,4
Qwen-3-235B,1221,simple,semantic,,5
Qwen-3-235B,1221,simple,semantic,,6
Qwen-3-235B,1221,simple,semantic,,7
Qwen-3-235B,1221,simple,semantic,,8
Qwen-3-235B,1221,simple,semantic,,9
Qwen-3-235B,1221,simple,semantic,,10
Qwen-3-235B,1221,simple,semantic,,11
Qwen-3-235B,1221,simple,semantic,,12
Qwen-3-235B,1221,simple,correct,1.1294918421140436,13
Qwen-3-235B,1221,simple,semantic,,14
Qwen-3-235B,1221,simple,semantic,,15
Qwen-3-235B,1221,simple,semantic,,16
Qwen-3-235B,1221,simple,semantic,,17
Qwen-3-235B,1221,simple,semantic,,18
Qwen-3-235B,1221,simple,semantic,,19
Qwen-3-235B,1221,simple,semantic,,20
Qwen-3-235B,1221,simple,semantic,,21
Qwen-3-235B,1221,simple,semantic,,22
Qwen-3-235B,1221,simple,semantic,,23
Qwen-3-235B,1221,simple,semantic,,24
Qwen-3-235B,1221,simple,semantic,,25
Qwen-3-235B,1221,simple,semantic,,26
Qwen-3-235B,1221,simple,semantic,,27
Qwen-3-235B,1221,simple,semantic,,28
Qwen-3-235B,1221,simple,semantic,,29
Qwen-3-235B,1221,simple,semantic,,30
Qwen-3-235B,1221,simple,semantic,,31
Qwen-3-235B,1221,simple,semantic,,32
Qwen-3-235B,1221,simple,semantic,,33
Qwen-3-235B,1221,simple,semantic,,34
Qwen-3-235B,1221,simple,semantic,,35
Qwen-3-235B,1221,simple,semantic,,36
Qwen-3-235B,1221,simple,semantic,,37
Qwen-3-235B,1221,simple,semantic,,38
Qwen-3-235B,1221,simple,semantic,,39
Qwen-3-235B,1221,simple,semantic,,40
Qwen-3-235B,1221,simple,semantic,,41
Qwen-3-235B,1221,simple,semantic,,42
Qwen-3-235B,1221,simple,semantic,,43
Qwen-3-235B,1221,simple,semantic,,44
Qwen-3-235B,1221,simple,semantic,,45
Qwen-3-235B,1221,simple,semantic,,46
Qwen-3-235B,1221,simple,semantic,,47
Qwen-3-235B,1221,simple,semantic,,48
Qwen-3-235B,1221,simple,semantic,,49
Qwen-3-235B,1221,simple,semantic,,50
Qwen-3-235B,756,simple,semantic,,1
Qwen-3-235B,756,simple,semantic,,2
Qwen-3-235B,756,simple,semantic,,3
Qwen-3-235B,756,simple,semantic,,4
Qwen-3-235B,756,simple,semantic,,5
Qwen-3-235B,756,simple,semantic,,6
Qwen-3-235B,756,simple,semantic,,7
Qwen-3-235B,756,simple,semantic,,8
Qwen-3-235B,756,simple,semantic,,9
Qwen-3-235B,756,simple,semantic,,10
Qwen-3-235B,756,simple,semantic,,11
Qwen-3-235B,756,simple,semantic,,12
Qwen-3-235B,756,simple,semantic,,13
Qwen-3-235B,756,simple,semantic,,14
Qwen-3-235B,756,simple,semantic,,15
Qwen-3-235B,756,simple,semantic,,16
Qwen-3-235B,756,simple,semantic,,17
Qwen-3-235B,756,simple,semantic,,18
Qwen-3-235B,756,simple,semantic,,19
Qwen-3-235B,756,simple,semantic,,20
Qwen-3-235B,756,simple,semantic,,21
Qwen-3-235B,756,simple,semantic,,22
Qwen-3-235B,756,simple,semantic,,23
Qwen-3-235B,756,simple,semantic,,24
Qwen-3-235B,756,simple,semantic,,25
Qwen-3-235B,756,simple,semantic,,26
Qwen-3-235B,756,simple,semantic,,27
Qwen-3-235B,756,simple,semantic,,28
Qwen-3-235B,756,simple,semantic,,29
Qwen-3-235B,756,simple,semantic,,30
Qwen-3-235B,756,simple,semantic,,31
Qwen-3-235B,756,simple,semantic,,32
Qwen-3-235B,756,simple,semantic,,33
Qwen-3-235B,756,simple,semantic,,34
Qwen-3-235B,756,simple,semantic,,35
Qwen-3-235B,756,simple,semantic,,36
Qwen-3-235B,756,simple,semantic,,37
Qwen-3-235B,756,simple,semantic,,38
Qwen-3-235B,756,simple,semantic,,39
Qwen-3-235B,756,simple,semantic,,40
Qwen-3-235B,756,simple,semantic,,41
Qwen-3-235B,756,simple,semantic,,42
Qwen-3-235B,756,simple,semantic,,43
Qwen-3-235B,756,simple,semantic,,44
Qwen-3-235B,756,simple,semantic,,45
Qwen-3-235B,756,simple,semantic,,46
Qwen-3-235B,756,simple,semantic,,47
Qwen-3-235B,756,simple,semantic,,48
Qwen-3-235B,756,simple,semantic,,49
Qwen-3-235B,756,simple,semantic,,50
Qwen-3-235B,1313,simple,correct,2.202819463392451,1
Qwen-3-235B,1313,simple,correct,1.435914489311164,2
Qwen-3-235B,1313,simple,correct,1.0409252669039146,3
Qwen-3-235B,1313,simple,correct,0.9884972170686457,4
Qwen-3-235B,1313,simple,correct,0.9616563074498818,5
Qwen-3-235B,1313,simple,correct,1.1865051903114188,6
Qwen-3-235B,1313,simple,correct,0.9496970663265306,7
Qwen-3-235B,1313,simple,correct,1.204868154158215,8
Qwen-3-235B,1313,simple,correct,1.1376175796379733,9
Qwen-3-235B,1313,simple,correct,1.2278801376796922,10
Qwen-3-235B,1313,simple,correct,2.070163331032896,11
Qwen-3-235B,1313,simple,correct,0.9423923294561458,12
Qwen-3-235B,1313,simple,correct,1.2578332448220924,13
Qwen-3-235B,1313,simple,correct,1.8248673237300985,14
Qwen-3-235B,1313,simple,correct,1.2820158466924636,15
Qwen-3-235B,1313,simple,correct,1.8298027757487216,16
Qwen-3-235B,1313,simple,correct,1.2625600698995194,17
Qwen-3-235B,1313,simple,correct,1.3854085299172005,18
Qwen-3-235B,1313,simple,correct,1.435765673175745,19
Qwen-3-235B,1313,simple,correct,1.7046061415220293,20
Qwen-3-235B,1313,simple,correct,1.536995006808897,21
Qwen-3-235B,1313,simple,correct,1.597255369928401,22
Qwen-3-235B,1313,simple,correct,1.9739015526924348,23
Qwen-3-235B,1313,simple,correct,1.3752558139534883,24
Qwen-3-235B,1313,simple,correct,1.7069512546870493,25
Qwen-3-235B,1313,simple,correct,1.5955342902711325,26
Qwen-3-235B,1313,simple,correct,1.7072592592592593,27
Qwen-3-235B,1313,simple,correct,1.7162534435261707,28
Qwen-3-235B,1313,simple,correct,1.6777461221905667,29
Qwen-3-235B,1313,simple,correct,1.0287952572517467,30
Qwen-3-235B,1313,simple,correct,1.762748643761302,31
Qwen-3-235B,1313,simple,correct,1.7824104234527687,32
Qwen-3-235B,1313,simple,correct,1.5275695931477515,33
Qwen-3-235B,1313,simple,correct,1.6374884008660686,34
Qwen-3-235B,1313,simple,correct,1.8682855040470934,35
Qwen-3-235B,1313,simple,correct,1.7441447835344215,36
Qwen-3-235B,1313,simple,correct,1.6177673874926943,37
Qwen-3-235B,1313,simple,correct,1.6524141942990112,38
Qwen-3-235B,1313,simple,correct,1.6854186873585515,39
Qwen-3-235B,1313,simple,correct,1.7588447653429602,40
Qwen-3-235B,1313,simple,correct,1.5305048002477548,41
Qwen-3-235B,1313,simple,correct,1.681544456252214,42
Qwen-3-235B,1313,simple,correct,1.6080463273392258,43
Qwen-3-235B,1313,simple,correct,1.6325334821428572,44
Qwen-3-235B,1313,simple,correct,1.3729626078619368,45
Qwen-3-235B,1313,simple,correct,1.4642740619902122,46
Qwen-3-235B,1313,simple,correct,1.4451547779273217,47
Qwen-3-235B,1313,simple,correct,0.8923395445134575,48
Qwen-3-235B,1313,simple,correct,2.1151894956729334,49
Qwen-3-235B,1313,simple,correct,1.4612564165240773,50
Qwen-3-235B,1363,simple,semantic,,1
Qwen-3-235B,1363,simple,semantic,,2
Qwen-3-235B,1363,simple,semantic,,3
Qwen-3-235B,1363,simple,semantic,,4
Qwen-3-235B,1363,simple,semantic,,5
Qwen-3-235B,1363,simple,semantic,,6
Qwen-3-235B,1363,simple,semantic,,7
Qwen-3-235B,1363,simple,semantic,,8
Qwen-3-235B,1363,simple,semantic,,9
Qwen-3-235B,1363,simple,semantic,,10
Qwen-3-235B,1363,simple,semantic,,11
Qwen-3-235B,1363,simple,semantic,,12
Qwen-3-235B,1363,simple,semantic,,13
Qwen-3-235B,1363,simple,semantic,,14
Qwen-3-235B,1363,simple,semantic,,15
Qwen-3-235B,1363,simple,semantic,,16
Qwen-3-235B,1363,simple,semantic,,17
Qwen-3-235B,1363,simple,semantic,,18
Qwen-3-235B,1363,simple,semantic,,19
Qwen-3-235B,1363,simple,semantic,,20
Qwen-3-235B,1363,simple,semantic,,21
Qwen-3-235B,1363,simple,semantic,,22
Qwen-3-235B,1363,simple,semantic,,23
Qwen-3-235B,1363,simple,semantic,,24
Qwen-3-235B,1363,simple,semantic,,25
Qwen-3-235B,1363,simple,semantic,,26
Qwen-3-235B,1363,simple,semantic,,27
Qwen-3-235B,1363,simple,semantic,,28
Qwen-3-235B,1363,simple,semantic,,29
Qwen-3-235B,1363,simple,semantic,,30
Qwen-3-235B,1363,simple,semantic,,31
Qwen-3-235B,1363,simple,semantic,,32
Qwen-3-235B,1363,simple,semantic,,33
Qwen-3-235B,1363,simple,semantic,,34
Qwen-3-235B,1363,simple,semantic,,35
Qwen-3-235B,1363,simple,semantic,,36
Qwen-3-235B,1363,simple,semantic,,37
Qwen-3-235B,1363,simple,semantic,,38
Qwen-3-235B,1363,simple,semantic,,39
Qwen-3-235B,1363,simple,semantic,,40
Qwen-3-235B,1363,simple,semantic,,41
Qwen-3-235B,1363,simple,semantic,,42
Qwen-3-235B,1363,simple,semantic,,43
Qwen-3-235B,1363,simple,semantic,,44
Qwen-3-235B,1363,simple,semantic,,45
Qwen-3-235B,1363,simple,semantic,,46
Qwen-3-235B,1363,simple,semantic,,47
Qwen-3-235B,1363,simple,semantic,,48
Qwen-3-235B,1363,simple,semantic,,49
Qwen-3-235B,1363,simple,semantic,,50
Qwen-3-235B,1045,simple,semantic,,1
Qwen-3-235B,1045,simple,semantic,,2
Qwen-3-235B,1045,simple,semantic,,3
Qwen-3-235B,1045,simple,semantic,,4
Qwen-3-235B,1045,simple,semantic,,5
Qwen-3-235B,1045,simple,semantic,,6
Qwen-3-235B,1045,simple,semantic,,7
Qwen-3-235B,1045,simple,semantic,,8
Qwen-3-235B,1045,simple,semantic,,9
Qwen-3-235B,1045,simple,semantic,,10
Qwen-3-235B,1045,simple,semantic,,11
Qwen-3-235B,1045,simple,semantic,,12
Qwen-3-235B,1045,simple,semantic,,13
Qwen-3-235B,1045,simple,semantic,,14
Qwen-3-235B,1045,simple,semantic,,15
Qwen-3-235B,1045,simple,semantic,,16
Qwen-3-235B,1045,simple,semantic,,17
Qwen-3-235B,1045,simple,semantic,,18
Qwen-3-235B,1045,simple,semantic,,19
Qwen-3-235B,1045,simple,semantic,,20
Qwen-3-235B,1045,simple,semantic,,21
Qwen-3-235B,1045,simple,semantic,,22
Qwen-3-235B,1045,simple,semantic,,23
Qwen-3-235B,1045,simple,semantic,,24
Qwen-3-235B,1045,simple,semantic,,25
Qwen-3-235B,1045,simple,semantic,,26
Qwen-3-235B,1045,simple,semantic,,27
Qwen-3-235B,1045,simple,semantic,,28
Qwen-3-235B,1045,simple,semantic,,29
Qwen-3-235B,1045,simple,semantic,,30
Qwen-3-235B,1045,simple,semantic,,31
Qwen-3-235B,1045,simple,semantic,,32
Qwen-3-235B,1045,simple,semantic,,33
Qwen-3-235B,1045,simple,semantic,,34
Qwen-3-235B,1045,simple,semantic,,35
Qwen-3-235B,1045,simple,semantic,,36
Qwen-3-235B,1045,simple,semantic,,37
Qwen-3-235B,1045,simple,semantic,,38
Qwen-3-235B,1045,simple,semantic,,39
Qwen-3-235B,1045,simple,semantic,,40
Qwen-3-235B,1045,simple,semantic,,41
Qwen-3-235B,1045,simple,semantic,,42
Qwen-3-235B,1045,simple,semantic,,43
Qwen-3-235B,1045,simple,semantic,,44
Qwen-3-235B,1045,simple,semantic,,45
Qwen-3-235B,1045,simple,semantic,,46
Qwen-3-235B,1045,simple,semantic,,47
Qwen-3-235B,1045,simple,semantic,,48
Qwen-3-235B,1045,simple,semantic,,49
Qwen-3-235B,1045,simple,semantic,,50
Qwen-3-235B,1145,simple,correct,7.855287754724513,1
Qwen-3-235B,1145,simple,correct,0.8189060103193418,2
Qwen-3-235B,1145,simple,correct,1.1058534594807001,3
Qwen-3-235B,1145,simple,correct,0.7569277624361326,4
Qwen-3-235B,1145,simple,correct,1.0372883335100263,5
Qwen-3-235B,1145,simple,correct,0.9542245567693474,6
Qwen-3-235B,1145,simple,correct,1.1280535287629023,7
Qwen-3-235B,1145,simple,correct,1.0149672302919484,8
Qwen-3-235B,1145,simple,correct,0.8667412955765835,9
Qwen-3-235B,1145,simple,correct,1.0101526663528482,10
Qwen-3-235B,1145,simple,correct,0.9855509603187175,11
Qwen-3-235B,1145,simple,correct,1.0697032751387197,12
Qwen-3-235B,1145,simple,correct,0.8651838099296226,13
Qwen-3-235B,1145,simple,correct,1.112984756338362,14
Qwen-3-235B,1145,simple,correct,0.8974171048297965,15
Qwen-3-235B,1145,simple,correct,0.9176522467940115,16
Qwen-3-235B,1145,simple,correct,0.7469734417831304,17
Qwen-3-235B,1145,simple,correct,1.4692886971244263,18
Qwen-3-235B,1145,simple,correct,0.9384226984711416,19
Qwen-3-235B,1145,simple,correct,0.7809377475927523,20
Qwen-3-235B,1145,simple,correct,1.1173172530776256,21
Qwen-3-235B,1145,simple,correct,0.8573826807026796,22
Qwen-3-235B,1145,simple,correct,0.8840331269051093,23
Qwen-3-235B,1145,simple,correct,1.14323909196831,24
Qwen-3-235B,1145,simple,correct,1.0329370360465429,25
Qwen-3-235B,1145,simple,correct,1.098906949837289,26
Qwen-3-235B,1145,simple,correct,1.0835689319227315,27
Qwen-3-235B,1145,simple,correct,0.9361425373585819,28
Qwen-3-235B,1145,simple,correct,0.9592518890706062,29
Qwen-3-235B,1145,simple,correct,1.0332535122088236,30
Qwen-3-235B,1145,simple,correct,1.1078074167365914,31
Qwen-3-235B,1145,simple,correct,1.1355690379161885,32
Qwen-3-235B,1145,simple,correct,0.9723934061696337,33
Qwen-3-235B,1145,simple,correct,0.9694332416371156,34
Qwen-3-235B,1145,simple,correct,1.0332285035718043,35
Qwen-3-235B,1145,simple,correct,0.9910198196522113,36
Qwen-3-235B,1145,simple,correct,0.9499802720227505,37
Qwen-3-235B,1145,simple,correct,0.9749467284380486,38
Qwen-3-235B,1145,simple,correct,1.0792393215656544,39
Qwen-3-235B,1145,simple,correct,0.9231252123473068,40
Qwen-3-235B,1145,simple,correct,1.154403889559769,41
Qwen-3-235B,1145,simple,correct,0.9428629982580182,42
Qwen-3-235B,1145,simple,correct,1.0130916568189807,43
Qwen-3-235B,1145,simple,correct,1.321444492615305,44
Qwen-3-235B,1145,simple,correct,1.068484778699923,45
Qwen-3-235B,1145,simple,correct,1.0953209825794838,46
Qwen-3-235B,1145,simple,correct,1.1214013214819476,47
Qwen-3-235B,1145,simple,correct,0.9303009200468626,48
Qwen-3-235B,1145,simple,correct,0.7437783872695426,49
Qwen-3-235B,1145,simple,correct,0.9577305038678654,50
Qwen-3-235B,428,simple,semantic,,1
Qwen-3-235B,428,simple,semantic,,2
Qwen-3-235B,428,simple,semantic,,3
Qwen-3-235B,428,simple,semantic,,4
Qwen-3-235B,428,simple,semantic,,5
Qwen-3-235B,428,simple,semantic,,6
Qwen-3-235B,428,simple,semantic,,7
Qwen-3-235B,428,simple,semantic,,8
Qwen-3-235B,428,simple,semantic,,9
Qwen-3-235B,428,simple,semantic,,10
Qwen-3-235B,428,simple,semantic,,11
Qwen-3-235B,428,simple,semantic,,12
Qwen-3-235B,428,simple,semantic,,13
Qwen-3-235B,428,simple,semantic,,14
Qwen-3-235B,428,simple,semantic,,15
Qwen-3-235B,428,simple,semantic,,16
Qwen-3-235B,428,simple,semantic,,17
Qwen-3-235B,428,simple,semantic,,18
Qwen-3-235B,428,simple,semantic,,19
Qwen-3-235B,428,simple,semantic,,20
Qwen-3-235B,428,simple,semantic,,21
Qwen-3-235B,428,simple,semantic,,22
Qwen-3-235B,428,simple,semantic,,23
Qwen-3-235B,428,simple,semantic,,24
Qwen-3-235B,428,simple,semantic,,25
Qwen-3-235B,428,simple,semantic,,26
Qwen-3-235B,428,simple,semantic,,27
Qwen-3-235B,428,simple,semantic,,28
Qwen-3-235B,428,simple,semantic,,29
Qwen-3-235B,428,simple,semantic,,30
Qwen-3-235B,428,simple,semantic,,31
Qwen-3-235B,428,simple,semantic,,32
Qwen-3-235B,428,simple,semantic,,33
Qwen-3-235B,428,simple,semantic,,34
Qwen-3-235B,428,simple,semantic,,35
Qwen-3-235B,428,simple,semantic,,36
Qwen-3-235B,428,simple,semantic,,37
Qwen-3-235B,428,simple,semantic,,38
Qwen-3-235B,428,simple,semantic,,39
Qwen-3-235B,428,simple,semantic,,40
Qwen-3-235B,428,simple,semantic,,41
Qwen-3-235B,428,simple,semantic,,42
Qwen-3-235B,428,simple,semantic,,43
Qwen-3-235B,428,simple,semantic,,44
Qwen-3-235B,428,simple,semantic,,45
Qwen-3-235B,428,simple,semantic,,46
Qwen-3-235B,428,simple,semantic,,47
Qwen-3-235B,428,simple,semantic,,48
Qwen-3-235B,428,simple,semantic,,49
Qwen-3-235B,428,simple,semantic,,50
Qwen-3-235B,1157,simple,semantic,,1
Qwen-3-235B,1157,simple,semantic,,2
Qwen-3-235B,1157,simple,semantic,,3
Qwen-3-235B,1157,simple,correct,1.3677052849027371,4
Qwen-3-235B,1157,simple,correct,1.1799376128714496,5
Qwen-3-235B,1157,simple,semantic,,6
Qwen-3-235B,1157,simple,semantic,,7
Qwen-3-235B,1157,simple,semantic,,8
Qwen-3-235B,1157,simple,semantic,,9
Qwen-3-235B,1157,simple,semantic,,10
Qwen-3-235B,1157,simple,semantic,,11
Qwen-3-235B,1157,simple,semantic,,12
Qwen-3-235B,1157,simple,semantic,,13
Qwen-3-235B,1157,simple,correct,1.1263883031069872,14
Qwen-3-235B,1157,simple,semantic,,15
Qwen-3-235B,1157,simple,correct,1.2802331228751822,16
Qwen-3-235B,1157,simple,correct,1.3418776033322652,17
Qwen-3-235B,1157,simple,semantic,,18
Qwen-3-235B,1157,simple,correct,1.3470266040688577,19
Qwen-3-235B,1157,simple,correct,1.1281486146095718,20
Qwen-3-235B,1157,simple,semantic,,21
Qwen-3-235B,1157,simple,semantic,,22
Qwen-3-235B,1157,simple,semantic,,23
Qwen-3-235B,1157,simple,semantic,,24
Qwen-3-235B,1157,simple,semantic,,25
Qwen-3-235B,1157,simple,semantic,,26
Qwen-3-235B,1157,simple,semantic,,27
Qwen-3-235B,1157,simple,correct,1.4225959465286762,28
Qwen-3-235B,1157,simple,correct,1.5643044619422573,29
Qwen-3-235B,1157,simple,semantic,,30
Qwen-3-235B,1157,simple,correct,1.2329898911353032,31
Qwen-3-235B,1157,simple,semantic,,32
Qwen-3-235B,1157,simple,semantic,,33
Qwen-3-235B,1157,simple,correct,1.1988844008463166,34
Qwen-3-235B,1157,simple,semantic,,35
Qwen-3-235B,1157,simple,semantic,,36
Qwen-3-235B,1157,simple,semantic,,37
Qwen-3-235B,1157,simple,semantic,,38
Qwen-3-235B,1157,simple,semantic,,39
Qwen-3-235B,1157,simple,correct,1.3164537712895377,40
Qwen-3-235B,1157,simple,semantic,,41
Qwen-3-235B,1157,simple,semantic,,42
Qwen-3-235B,1157,simple,semantic,,43
Qwen-3-235B,1157,simple,semantic,,44
Qwen-3-235B,1157,simple,correct,1.2034519956850054,45
Qwen-3-235B,1157,simple,correct,1.2434718257743949,46
Qwen-3-235B,1157,simple,semantic,,47
Qwen-3-235B,1157,simple,semantic,,48
Qwen-3-235B,1157,simple,semantic,,49
Qwen-3-235B,1157,simple,correct,0.7890980554406288,50
Qwen-3-235B,13,simple,correct,0.4356634967507552,1
Qwen-3-235B,13,simple,correct,0.1815864381397039,2
Qwen-3-235B,13,simple,correct,0.20330319849588507,3
Qwen-3-235B,13,simple,correct,0.20256672300617115,4
Qwen-3-235B,13,simple,correct,0.2157325640847604,5
Qwen-3-235B,13,simple,correct,0.18620537297466994,6
Qwen-3-235B,13,simple,correct,0.19557804912882035,7
Qwen-3-235B,13,simple,correct,0.29359362148106877,8
Qwen-3-235B,13,simple,correct,0.264231340440256,9
Qwen-3-235B,13,simple,correct,0.1576795463579651,10
Qwen-3-235B,13,simple,correct,0.20377846913814804,11
Qwen-3-235B,13,simple,correct,0.1663913603171529,12
Qwen-3-235B,13,simple,correct,0.31581458124869105,13
Qwen-3-235B,13,simple,correct,0.3008063458764914,14
Qwen-3-235B,13,simple,correct,0.22989268629056586,15
Qwen-3-235B,13,simple,correct,0.28500058318105825,16
Qwen-3-235B,13,simple,correct,0.5595776063734839,17
Qwen-3-235B,13,simple,correct,0.17963234067787187,18
Qwen-3-235B,13,simple,correct,0.2184283080738046,19
Qwen-3-235B,13,simple,correct,0.2103657567765102,20
Qwen-3-235B,13,simple,correct,0.1882047525004778,21
Qwen-3-235B,13,simple,correct,0.19103537692165215,22
Qwen-3-235B,13,simple,correct,0.1499228019711935,23
Qwen-3-235B,13,simple,correct,0.1878515726415185,24
Qwen-3-235B,13,simple,correct,0.18479430222133678,25
Qwen-3-235B,13,simple,correct,0.12224107772237161,26
Qwen-3-235B,13,simple,correct,0.2252263397626947,27
Qwen-3-235B,13,simple,correct,0.1819557867831667,28
Qwen-3-235B,13,simple,correct,0.2859870137077529,29
Qwen-3-235B,13,simple,correct,0.18038404403656347,30
Qwen-3-235B,13,simple,correct,0.1361191648204478,31
Qwen-3-235B,13,simple,correct,0.25740759596782403,32
Qwen-3-235B,13,simple,correct,0.2269969324738855,33
Qwen-3-235B,13,simple,correct,0.17385092518381712,34
Qwen-3-235B,13,simple,correct,0.1494682824285891,35
Qwen-3-235B,13,simple,correct,0.35908353017798644,36
Qwen-3-235B,13,simple,correct,0.22676068701173305,37
Qwen-3-235B,13,simple,correct,0.19001133319596125,38
Qwen-3-235B,13,simple,correct,0.17885820171181505,39
Qwen-3-235B,13,simple,correct,0.14740982830777422,40
Qwen-3-235B,13,simple,correct,0.23751735078326394,41
Qwen-3-235B,13,simple,correct,0.23378296182332106,42
Qwen-3-235B,13,simple,correct,0.1845347189418989,43
Qwen-3-235B,13,simple,correct,0.3561240206254604,44
Qwen-3-235B,13,simple,correct,0.20374311213962634,45
Qwen-3-235B,13,simple,correct,0.21652137693017168,46
Qwen-3-235B,13,simple,correct,0.17991012089372746,47
Qwen-3-235B,13,simple,correct,0.1558035440554295,48
Qwen-3-235B,13,simple,correct,0.22243624383356286,49
Qwen-3-235B,13,simple,correct,0.23634465530740836,50
Qwen-3-235B,190,simple,semantic,,1
Qwen-3-235B,190,simple,semantic,,2
Qwen-3-235B,190,simple,semantic,,3
Qwen-3-235B,190,simple,semantic,,4
Qwen-3-235B,190,simple,semantic,,5
Qwen-3-235B,190,simple,semantic,,6
Qwen-3-235B,190,simple,semantic,,7
Qwen-3-235B,190,simple,semantic,,8
Qwen-3-235B,190,simple,semantic,,9
Qwen-3-235B,190,simple,semantic,,10
Qwen-3-235B,190,simple,semantic,,11
Qwen-3-235B,190,simple,semantic,,12
Qwen-3-235B,190,simple,semantic,,13
Qwen-3-235B,190,simple,semantic,,14
Qwen-3-235B,190,simple,semantic,,15
Qwen-3-235B,190,simple,semantic,,16
Qwen-3-235B,190,simple,semantic,,17
Qwen-3-235B,190,simple,semantic,,18
Qwen-3-235B,190,simple,semantic,,19
Qwen-3-235B,190,simple,semantic,,20
Qwen-3-235B,190,simple,semantic,,21
Qwen-3-235B,190,simple,semantic,,22
Qwen-3-235B,190,simple,semantic,,23
Qwen-3-235B,190,simple,semantic,,24
Qwen-3-235B,190,simple,semantic,,25
Qwen-3-235B,190,simple,semantic,,26
Qwen-3-235B,190,simple,correct,1.3602469434693136,27
Qwen-3-235B,190,simple,correct,0.8903517201614454,28
Qwen-3-235B,190,simple,semantic,,29
Qwen-3-235B,190,simple,semantic,,30
Qwen-3-235B,190,simple,semantic,,31
Qwen-3-235B,190,simple,semantic,,32
Qwen-3-235B,190,simple,semantic,,33
Qwen-3-235B,190,simple,semantic,,34
Qwen-3-235B,190,simple,semantic,,35
Qwen-3-235B,190,simple,correct,1.2477464546133088,36
Qwen-3-235B,190,simple,correct,1.086371017414189,37
Qwen-3-235B,190,simple,semantic,,38
Qwen-3-235B,190,simple,correct,1.1397158874435314,39
Qwen-3-235B,190,simple,correct,0.5347521952671529,40
Qwen-3-235B,190,simple,semantic,,41
Qwen-3-235B,190,simple,semantic,,42
Qwen-3-235B,190,simple,correct,0.9265751247295686,43
Qwen-3-235B,190,simple,semantic,,44
Qwen-3-235B,190,simple,semantic,,45
Qwen-3-235B,190,simple,semantic,,46
Qwen-3-235B,190,simple,semantic,,47
Qwen-3-235B,190,simple,correct,1.0123183828174354,48
Qwen-3-235B,190,simple,correct,1.0841380782158672,49
Qwen-3-235B,190,simple,correct,1.1028636206811573,50
Qwen-3-235B,1619,Simple,semantic,,1
Qwen-3-235B,1619,Simple,semantic,,2
Qwen-3-235B,1619,Simple,semantic,,3
Qwen-3-235B,1619,Simple,semantic,,4
Qwen-3-235B,1619,Simple,semantic,,5
Qwen-3-235B,1619,Simple,semantic,,6
Qwen-3-235B,1619,Simple,semantic,,7
Qwen-3-235B,1619,Simple,semantic,,8
Qwen-3-235B,1619,Simple,semantic,,9
Qwen-3-235B,1619,Simple,semantic,,10
Qwen-3-235B,1619,Simple,semantic,,11
Qwen-3-235B,1619,Simple,semantic,,12
Qwen-3-235B,1619,Simple,semantic,,13
Qwen-3-235B,1619,Simple,semantic,,14
Qwen-3-235B,1619,Simple,semantic,,15
Qwen-3-235B,1619,Simple,semantic,,16
Qwen-3-235B,1619,Simple,semantic,,17
Qwen-3-235B,1619,Simple,semantic,,18
Qwen-3-235B,1619,Simple,semantic,,19
Qwen-3-235B,1619,Simple,semantic,,20
Qwen-3-235B,1619,Simple,semantic,,21
Qwen-3-235B,1619,Simple,semantic,,22
Qwen-3-235B,1619,Simple,semantic,,23
Qwen-3-235B,1619,Simple,other,,24
Qwen-3-235B,1619,Simple,semantic,,25
Qwen-3-235B,1619,Simple,other,,26
Qwen-3-235B,1619,Simple,semantic,,27
Qwen-3-235B,1619,Simple,semantic,,28
Qwen-3-235B,1619,Simple,semantic,,29
Qwen-3-235B,1619,Simple,semantic,,30
Qwen-3-235B,1619,Simple,semantic,,31
Qwen-3-235B,1619,Simple,semantic,,32
Qwen-3-235B,1619,Simple,semantic,,33
Qwen-3-235B,1619,Simple,semantic,,34
Qwen-3-235B,1619,Simple,semantic,,35
Qwen-3-235B,1619,Simple,semantic,,36
Qwen-3-235B,1619,Simple,semantic,,37
Qwen-3-235B,1619,Simple,semantic,,38
Qwen-3-235B,1619,Simple,semantic,,39
Qwen-3-235B,1619,Simple,semantic,,40
Qwen-3-235B,1619,Simple,semantic,,41
Qwen-3-235B,1619,Simple,semantic,,42
Qwen-3-235B,1619,Simple,semantic,,43
Qwen-3-235B,1619,Simple,semantic,,44
Qwen-3-235B,1619,Simple,semantic,,45
Qwen-3-235B,1619,Simple,semantic,,46
Qwen-3-235B,1619,Simple,semantic,,47
Qwen-3-235B,1619,Simple,semantic,,48
Qwen-3-235B,1619,Simple,semantic,,49
Qwen-3-235B,1619,Simple,semantic,,50
Qwen-3-235B,1517,simple,semantic,,1
Qwen-3-235B,1517,simple,semantic,,2
Qwen-3-235B,1517,simple,semantic,,3
Qwen-3-235B,1517,simple,semantic,,4
Qwen-3-235B,1517,simple,semantic,,5
Qwen-3-235B,1517,simple,semantic,,6
Qwen-3-235B,1517,simple,semantic,,7
Qwen-3-235B,1517,simple,semantic,,8
Qwen-3-235B,1517,simple,semantic,,9
Qwen-3-235B,1517,simple,semantic,,10
Qwen-3-235B,1517,simple,semantic,,11
Qwen-3-235B,1517,simple,semantic,,12
Qwen-3-235B,1517,simple,semantic,,13
Qwen-3-235B,1517,simple,semantic,,14
Qwen-3-235B,1517,simple,semantic,,15
Qwen-3-235B,1517,simple,semantic,,16
Qwen-3-235B,1517,simple,semantic,,17
Qwen-3-235B,1517,simple,semantic,,18
Qwen-3-235B,1517,simple,semantic,,19
Qwen-3-235B,1517,simple,semantic,,20
Qwen-3-235B,1517,simple,semantic,,21
Qwen-3-235B,1517,simple,semantic,,22
Qwen-3-235B,1517,simple,semantic,,23
Qwen-3-235B,1517,simple,semantic,,24
Qwen-3-235B,1517,simple,semantic,,25
Qwen-3-235B,1517,simple,semantic,,26
Qwen-3-235B,1517,simple,semantic,,27
Qwen-3-235B,1517,simple,semantic,,28
Qwen-3-235B,1517,simple,semantic,,29
Qwen-3-235B,1517,simple,semantic,,30
Qwen-3-235B,1517,simple,semantic,,31
Qwen-3-235B,1517,simple,semantic,,32
Qwen-3-235B,1517,simple,semantic,,33
Qwen-3-235B,1517,simple,semantic,,34
Qwen-3-235B,1517,simple,semantic,,35
Qwen-3-235B,1517,simple,semantic,,36
Qwen-3-235B,1517,simple,semantic,,37
Qwen-3-235B,1517,simple,semantic,,38
Qwen-3-235B,1517,simple,semantic,,39
Qwen-3-235B,1517,simple,semantic,,40
Qwen-3-235B,1517,simple,semantic,,41
Qwen-3-235B,1517,simple,semantic,,42
Qwen-3-235B,1517,simple,semantic,,43
Qwen-3-235B,1517,simple,semantic,,44
Qwen-3-235B,1517,simple,semantic,,45
Qwen-3-235B,1517,simple,semantic,,46
Qwen-3-235B,1517,simple,semantic,,47
Qwen-3-235B,1517,simple,semantic,,48
Qwen-3-235B,1517,simple,semantic,,49
Qwen-3-235B,1517,simple,semantic,,50
Qwen-3-235B,1508,simple,correct,11.6663139329806,1
Qwen-3-235B,1508,simple,correct,1.0665807560137457,2
Qwen-3-235B,1508,simple,correct,0.9672206832871653,3
Qwen-3-235B,1508,simple,correct,1.1485484867201976,4
Qwen-3-235B,1508,simple,correct,1.6281546654318129,5
Qwen-3-235B,1508,simple,correct,1.2836320661808154,6
Qwen-3-235B,1508,simple,correct,1.7807318075921612,7
Qwen-3-235B,1508,simple,correct,1.415912439486424,8
Qwen-3-235B,1508,simple,correct,1.1898842691813116,9
Qwen-3-235B,1508,simple,correct,1.2365727550912735,10
Qwen-3-235B,1508,simple,correct,1.2606304493628437,11
Qwen-3-235B,1508,simple,correct,1.2224334600760456,12
Qwen-3-235B,1508,simple,correct,1.3406678460858028,13
Qwen-3-235B,1508,simple,correct,1.5160355486862442,14
Qwen-3-235B,1508,simple,correct,1.4223857194548306,15
Qwen-3-235B,1508,simple,correct,1.8490666666666666,16
Qwen-3-235B,1508,simple,correct,1.3052715291979096,17
Qwen-3-235B,1508,simple,correct,1.933487416538264,18
Qwen-3-235B,1508,simple,correct,1.1910915589771789,19
Qwen-3-235B,1508,simple,correct,1.3659689399054693,20
Qwen-3-235B,1508,simple,correct,1.4548596990646605,21
Qwen-3-235B,1508,simple,correct,1.46738768718802,22
Qwen-3-235B,1508,simple,correct,0.8672862855290177,23
Qwen-3-235B,1508,simple,correct,1.342110177404295,24
Qwen-3-235B,1508,simple,correct,1.5491350754508648,25
Qwen-3-235B,1508,simple,correct,1.2653151167915382,26
Qwen-3-235B,1508,simple,correct,1.7214484679665738,27
Qwen-3-235B,1508,simple,correct,1.3697303456133687,28
Qwen-3-235B,1508,simple,correct,1.10514190932547,29
Qwen-3-235B,1508,simple,correct,1.5433835182250397,30
Qwen-3-235B,1508,simple,correct,1.438120202209324,31
Qwen-3-235B,1508,simple,correct,1.1196824268278232,32
Qwen-3-235B,1508,simple,correct,1.1422147273749297,33
Qwen-3-235B,1508,simple,correct,1.3070561701213619,34
Qwen-3-235B,1508,simple,correct,1.452029520295203,35
Qwen-3-235B,1508,simple,correct,1.7411654575239879,36
Qwen-3-235B,1508,simple,correct,1.3087921270077059,37
Qwen-3-235B,1508,simple,correct,1.2961679576029352,38
Qwen-3-235B,1508,simple,correct,2.6623056035546777,39
Qwen-3-235B,1508,simple,correct,1.1449480642115204,40
Qwen-3-235B,1508,simple,correct,1.2762857644374233,41
Qwen-3-235B,1508,simple,correct,1.8369201339072214,42
Qwen-3-235B,1508,simple,correct,1.0098844825532929,43
Qwen-3-235B,1508,simple,correct,1.368866653838753,44
Qwen-3-235B,1508,simple,correct,1.4408834274327467,45
Qwen-3-235B,1508,simple,correct,1.4971804511278195,46
Qwen-3-235B,1508,simple,correct,1.4446944131983501,47
Qwen-3-235B,1508,simple,correct,1.3626227325678149,48
Qwen-3-235B,1508,simple,correct,1.5207673682249954,49
Qwen-3-235B,1508,simple,correct,1.4548440065681445,50
Qwen-3-235B,143,simple,correct,16.492032834379525,1
Qwen-3-235B,143,simple,correct,1.716570195232022,2
Qwen-3-235B,143,simple,correct,1.574426775147929,3
Qwen-3-235B,143,simple,correct,1.7329405989199804,4
Qwen-3-235B,143,simple,correct,1.8607054594473151,5
Qwen-3-235B,143,simple,correct,1.829562758320644,6
Qwen-3-235B,143,simple,correct,1.3615412315448325,7
Qwen-3-235B,143,simple,correct,1.708049535603715,8
Qwen-3-235B,143,simple,correct,1.39710035774807,9
Qwen-3-235B,143,simple,correct,2.8088388576193455,10
Qwen-3-235B,143,simple,correct,1.75813044250933,11
Qwen-3-235B,143,simple,correct,1.3576719576719576,12
Qwen-3-235B,143,simple,correct,1.6479946967185946,13
Qwen-3-235B,143,simple,correct,1.538602460088982,14
Qwen-3-235B,143,simple,correct,1.6751152073732718,15
Qwen-3-235B,143,simple,correct,1.5725126475548061,16
Qwen-3-235B,143,simple,correct,1.4621478873239437,17
Qwen-3-235B,143,simple,correct,1.3850719013923762,18
Qwen-3-235B,143,simple,correct,0.8226680040120361,19
Qwen-3-235B,143,simple,correct,1.4403669724770642,20
Qwen-3-235B,143,simple,correct,1.8123418765812342,21
Qwen-3-235B,143,simple,correct,3.6086781840096425,22
Qwen-3-235B,143,simple,correct,2.608108108108108,23
Qwen-3-235B,143,simple,correct,1.259032379047381,24
Qwen-3-235B,143,simple,correct,1.6894482090997096,25
Qwen-3-235B,143,simple,correct,1.6912779753189708,26
Qwen-3-235B,143,simple,correct,1.582946536015128,27
Qwen-3-235B,143,simple,correct,1.434985885673959,28
Qwen-3-235B,143,simple,correct,1.5820750121773015,29
Qwen-3-235B,143,simple,correct,2.2983970406905057,30
Qwen-3-235B,143,simple,correct,2.1365010073875084,31
Qwen-3-235B,143,simple,correct,1.7833333333333334,32
Qwen-3-235B,143,simple,correct,1.7845070422535212,33
Qwen-3-235B,143,simple,correct,1.6331442324222107,34
Qwen-3-235B,143,simple,correct,1.3479265631018102,35
Qwen-3-235B,143,simple,correct,1.5040013337779259,36
Qwen-3-235B,143,simple,correct,1.5273577552611068,37
Qwen-3-235B,143,simple,correct,1.936996599248255,38
Qwen-3-235B,143,simple,correct,1.2842532018796646,39
Qwen-3-235B,143,simple,correct,1.7030399049410834,40
Qwen-3-235B,143,simple,correct,2.114999396645348,41
Qwen-3-235B,143,simple,correct,1.8608069164265129,42
Qwen-3-235B,143,simple,correct,2.121528424976701,43
Qwen-3-235B,143,simple,correct,1.6538160469667318,44
Qwen-3-235B,143,simple,correct,1.1842467324008255,45
Qwen-3-235B,143,simple,correct,1.1866451131559315,46
Qwen-3-235B,143,simple,correct,1.7097668351540845,47
Qwen-3-235B,143,simple,correct,1.0411833921667508,48
Qwen-3-235B,143,simple,correct,1.0302924385413026,49
Qwen-3-235B,143,simple,correct,0.6722481991659295,50
Qwen-3-235B,599,simple,semantic,,1
Qwen-3-235B,599,simple,semantic,,2
Qwen-3-235B,599,simple,semantic,,3
Qwen-3-235B,599,simple,semantic,,4
Qwen-3-235B,599,simple,semantic,,5
Qwen-3-235B,599,simple,semantic,,6
Qwen-3-235B,599,simple,semantic,,7
Qwen-3-235B,599,simple,semantic,,8
Qwen-3-235B,599,simple,semantic,,9
Qwen-3-235B,599,simple,semantic,,10
Qwen-3-235B,599,simple,semantic,,11
Qwen-3-235B,599,simple,semantic,,12
Qwen-3-235B,599,simple,semantic,,13
Qwen-3-235B,599,simple,semantic,,14
Qwen-3-235B,599,simple,semantic,,15
Qwen-3-235B,599,simple,semantic,,16
Qwen-3-235B,599,simple,semantic,,17
Qwen-3-235B,599,simple,semantic,,18
Qwen-3-235B,599,simple,semantic,,19
Qwen-3-235B,599,simple,semantic,,20
Qwen-3-235B,599,simple,semantic,,21
Qwen-3-235B,599,simple,semantic,,22
Qwen-3-235B,599,simple,semantic,,23
Qwen-3-235B,599,simple,semantic,,24
Qwen-3-235B,599,simple,semantic,,25
Qwen-3-235B,599,simple,semantic,,26
Qwen-3-235B,599,simple,semantic,,27
Qwen-3-235B,599,simple,semantic,,28
Qwen-3-235B,599,simple,semantic,,29
Qwen-3-235B,599,simple,semantic,,30
Qwen-3-235B,599,simple,semantic,,31
Qwen-3-235B,599,simple,semantic,,32
Qwen-3-235B,599,simple,semantic,,33
Qwen-3-235B,599,simple,semantic,,34
Qwen-3-235B,599,simple,semantic,,35
Qwen-3-235B,599,simple,semantic,,36
Qwen-3-235B,599,simple,semantic,,37
Qwen-3-235B,599,simple,semantic,,38
Qwen-3-235B,599,simple,semantic,,39
Qwen-3-235B,599,simple,semantic,,40
Qwen-3-235B,599,simple,semantic,,41
Qwen-3-235B,599,simple,semantic,,42
Qwen-3-235B,599,simple,semantic,,43
Qwen-3-235B,599,simple,semantic,,44
Qwen-3-235B,599,simple,semantic,,45
Qwen-3-235B,599,simple,semantic,,46
Qwen-3-235B,599,simple,semantic,,47
Qwen-3-235B,599,simple,semantic,,48
Qwen-3-235B,599,simple,semantic,,49
Qwen-3-235B,599,simple,semantic,,50
Qwen-3-235B,225,simple,semantic,,1
Qwen-3-235B,225,simple,semantic,,2
Qwen-3-235B,225,simple,semantic,,3
Qwen-3-235B,225,simple,semantic,,4
Qwen-3-235B,225,simple,semantic,,5
Qwen-3-235B,225,simple,semantic,,6
Qwen-3-235B,225,simple,semantic,,7
Qwen-3-235B,225,simple,semantic,,8
Qwen-3-235B,225,simple,semantic,,9
Qwen-3-235B,225,simple,semantic,,10
Qwen-3-235B,225,simple,semantic,,11
Qwen-3-235B,225,simple,semantic,,12
Qwen-3-235B,225,simple,semantic,,13
Qwen-3-235B,225,simple,semantic,,14
Qwen-3-235B,225,simple,semantic,,15
Qwen-3-235B,225,simple,semantic,,16
Qwen-3-235B,225,simple,semantic,,17
Qwen-3-235B,225,simple,semantic,,18
Qwen-3-235B,225,simple,semantic,,19
Qwen-3-235B,225,simple,semantic,,20
Qwen-3-235B,225,simple,semantic,,21
Qwen-3-235B,225,simple,semantic,,22
Qwen-3-235B,225,simple,semantic,,23
Qwen-3-235B,225,simple,semantic,,24
Qwen-3-235B,225,simple,semantic,,25
Qwen-3-235B,225,simple,semantic,,26
Qwen-3-235B,225,simple,semantic,,27
Qwen-3-235B,225,simple,semantic,,28
Qwen-3-235B,225,simple,semantic,,29
Qwen-3-235B,225,simple,semantic,,30
Qwen-3-235B,225,simple,semantic,,31
Qwen-3-235B,225,simple,semantic,,32
Qwen-3-235B,225,simple,semantic,,33
Qwen-3-235B,225,simple,semantic,,34
Qwen-3-235B,225,simple,semantic,,35
Qwen-3-235B,225,simple,semantic,,36
Qwen-3-235B,225,simple,semantic,,37
Qwen-3-235B,225,simple,semantic,,38
Qwen-3-235B,225,simple,semantic,,39
Qwen-3-235B,225,simple,semantic,,40
Qwen-3-235B,225,simple,semantic,,41
Qwen-3-235B,225,simple,semantic,,42
Qwen-3-235B,225,simple,semantic,,43
Qwen-3-235B,225,simple,semantic,,44
Qwen-3-235B,225,simple,semantic,,45
Qwen-3-235B,225,simple,semantic,,46
Qwen-3-235B,225,simple,semantic,,47
Qwen-3-235B,225,simple,semantic,,48
Qwen-3-235B,225,simple,semantic,,49
Qwen-3-235B,225,simple,semantic,,50
Qwen-3-235B,858,simple,correct,7.698772603766514,1
Qwen-3-235B,858,simple,correct,1.8062940857297884,2
Qwen-3-235B,858,simple,correct,1.1909241265247055,3
Qwen-3-235B,858,simple,correct,0.9150047483380817,4
Qwen-3-235B,858,simple,correct,1.2834094936118623,5
Qwen-3-235B,858,simple,correct,0.7122333011686501,6
Qwen-3-235B,858,simple,correct,1.5691878703380968,7
Qwen-3-235B,858,simple,correct,0.8690681374238768,8
Qwen-3-235B,858,simple,correct,1.2534283554691719,9
Qwen-3-235B,858,simple,correct,1.1258059316569955,10
Qwen-3-235B,858,simple,correct,1.2553556715188134,11
Qwen-3-235B,858,simple,correct,1.1488823529411765,12
Qwen-3-235B,858,simple,correct,1.0634055801700395,13
Qwen-3-235B,858,simple,correct,0.8537200504413619,14
Qwen-3-235B,858,simple,correct,0.9484914648670107,15
Qwen-3-235B,858,simple,correct,1.262713936430318,16
Qwen-3-235B,858,simple,correct,1.1911438252132258,17
Qwen-3-235B,858,simple,correct,1.7504043126684636,18
Qwen-3-235B,858,simple,correct,1.1133668341708542,19
Qwen-3-235B,858,simple,correct,1.172357552480665,20
Qwen-3-235B,858,simple,correct,0.8847445642566731,21
Qwen-3-235B,858,simple,correct,1.7530457359696425,22
Qwen-3-235B,858,simple,correct,1.174131576008042,23
Qwen-3-235B,858,simple,correct,0.7430762925229815,24
Qwen-3-235B,858,simple,correct,0.8113424524875923,25
Qwen-3-235B,858,simple,correct,1.1637698220344852,26
Qwen-3-235B,858,simple,correct,1.688716945837939,27
Qwen-3-235B,858,simple,correct,1.0871387798787013,28
Qwen-3-235B,858,simple,correct,1.2620967741935485,29
Qwen-3-235B,858,simple,correct,1.315336180068032,30
Qwen-3-235B,858,simple,correct,1.7674957515835006,31
Qwen-3-235B,858,simple,correct,0.8772185045097469,32
Qwen-3-235B,858,simple,correct,1.296311818943839,33
Qwen-3-235B,858,simple,correct,1.181046845124283,34
Qwen-3-235B,858,simple,correct,1.2581154192966637,35
Qwen-3-235B,858,simple,correct,1.5398998031848274,36
Qwen-3-235B,858,simple,correct,1.164671006742618,37
Qwen-3-235B,858,simple,correct,1.1807736720554272,38
Qwen-3-235B,858,simple,correct,1.4020314160859808,39
Qwen-3-235B,858,simple,correct,1.2484237894052648,40
Qwen-3-235B,858,simple,correct,1.3459943977591036,41
Qwen-3-235B,858,simple,correct,1.1621811608756778,42
Qwen-3-235B,858,simple,correct,1.2434461391801717,43
Qwen-3-235B,858,simple,correct,1.12188044109112,44
Qwen-3-235B,858,simple,correct,0.6323509346431982,45
Qwen-3-235B,858,simple,correct,1.3226979666060505,46
Qwen-3-235B,858,simple,correct,1.2689483164749895,47
Qwen-3-235B,858,simple,correct,1.092676272486998,48
Qwen-3-235B,858,simple,correct,1.333028362305581,49
Qwen-3-235B,858,simple,correct,2.3715257417614635,50
Qwen-3-235B,809,simple,correct,1.4820545541553676,1
Qwen-3-235B,809,simple,correct,1.3710323574730354,2
Qwen-3-235B,809,simple,correct,1.3368006304176516,3
Qwen-3-235B,809,simple,correct,1.555318011758418,4
Qwen-3-235B,809,simple,correct,1.4549819927971188,5
Qwen-3-235B,809,simple,correct,1.4523809523809523,6
Qwen-3-235B,809,simple,correct,1.1427904806346243,7
Qwen-3-235B,809,simple,correct,1.6906779661016949,8
Qwen-3-235B,809,simple,correct,2.6345541401273884,9
Qwen-3-235B,809,simple,correct,1.1060730406237176,10
Qwen-3-235B,809,simple,correct,1.4067421939762366,11
Qwen-3-235B,809,simple,correct,1.1429848078641645,12
Qwen-3-235B,809,simple,correct,1.424029262802476,13
Qwen-3-235B,809,simple,correct,1.574693607154687,14
Qwen-3-235B,809,simple,correct,1.6045333333333334,15
Qwen-3-235B,809,simple,correct,1.4172682645105399,16
Qwen-3-235B,809,simple,correct,2.0937389458790236,17
Qwen-3-235B,809,simple,correct,2.387636179376742,18
Qwen-3-235B,809,simple,correct,2.565507551808922,19
Qwen-3-235B,809,simple,correct,1.5951742627345844,20
Qwen-3-235B,809,simple,correct,1.5467276364675622,21
Qwen-3-235B,809,simple,correct,2.0458177943526903,22
Qwen-3-235B,809,simple,correct,1.778205128205128,23
Qwen-3-235B,809,simple,correct,1.68414442700157,24
Qwen-3-235B,809,simple,correct,1.5271943995691977,25
Qwen-3-235B,809,simple,correct,1.2753834915997078,26
Qwen-3-235B,809,simple,correct,1.5534435261707988,27
Qwen-3-235B,809,simple,correct,1.4651680842446335,28
Qwen-3-235B,809,simple,correct,1.4263479710950528,29
Qwen-3-235B,809,simple,correct,1.3351947508027362,30
Qwen-3-235B,809,simple,correct,1.43659200968523,31
Qwen-3-235B,809,simple,correct,1.4399574920297555,32
Qwen-3-235B,809,simple,correct,1.5924058142984279,33
Qwen-3-235B,809,simple,correct,1.0973337616447156,34
Qwen-3-235B,809,simple,correct,1.014480408858603,35
Qwen-3-235B,809,simple,correct,1.3585805084745763,36
Qwen-3-235B,809,simple,correct,1.6427615734546428,37
Qwen-3-235B,809,simple,correct,1.2748439750360057,38
Qwen-3-235B,809,simple,correct,0.9337606837606838,39
Qwen-3-235B,809,simple,correct,2.8700167504187606,40
Qwen-3-235B,809,simple,correct,1.303729746254968,41
Qwen-3-235B,809,simple,correct,1.390653891410321,42
Qwen-3-235B,809,simple,correct,1.6085509472606248,43
Qwen-3-235B,809,simple,correct,1.4978425026968716,44
Qwen-3-235B,809,simple,correct,1.1422149570903146,45
Qwen-3-235B,809,simple,correct,1.9119170984455958,46
Qwen-3-235B,809,simple,correct,1.8828639115556725,47
Qwen-3-235B,809,simple,correct,1.2686353211009174,48
Qwen-3-235B,809,simple,correct,1.5673746813933729,49
Qwen-3-235B,809,simple,correct,1.3728944521712254,50
Qwen-3-235B,742,simple,correct,5.379981746273198,1
Qwen-3-235B,742,simple,correct,1.1835435844982385,2
Qwen-3-235B,742,simple,correct,1.6517094017094016,3
Qwen-3-235B,742,simple,correct,1.2121504339440694,4
Qwen-3-235B,742,simple,correct,1.5771583956492181,5
Qwen-3-235B,742,simple,correct,1.3471456517873022,6
Qwen-3-235B,742,simple,correct,2.1075491209927613,7
Qwen-3-235B,742,simple,correct,1.5978431813075713,8
Qwen-3-235B,742,simple,correct,0.9756795422031473,9
Qwen-3-235B,742,simple,correct,1.5530003045994518,10
Qwen-3-235B,742,simple,correct,1.5270955165692008,11
Qwen-3-235B,742,simple,correct,1.1683619782532444,12
Qwen-3-235B,742,simple,correct,1.5527627302275189,13
Qwen-3-235B,742,simple,correct,1.392077922077922,14
Qwen-3-235B,742,simple,correct,1.3044925124792013,15
Qwen-3-235B,742,simple,correct,1.4019149409930973,16
Qwen-3-235B,742,simple,correct,1.0064655172413792,17
Qwen-3-235B,742,simple,correct,1.3611847412700242,18
Qwen-3-235B,742,simple,correct,1.294508708948278,19
Qwen-3-235B,742,simple,correct,1.1487774554496477,20
Qwen-3-235B,742,simple,correct,1.556311881188119,21
Qwen-3-235B,742,simple,correct,1.2828054298642535,22
Qwen-3-235B,742,simple,correct,1.3658218853623876,23
Qwen-3-235B,742,simple,correct,1.4075363760726278,24
Qwen-3-235B,742,simple,correct,1.3883983321069413,25
Qwen-3-235B,742,simple,correct,1.3204825596643064,26
Qwen-3-235B,742,simple,correct,1.2581139007960809,27
Qwen-3-235B,742,simple,correct,1.368421052631579,28
Qwen-3-235B,742,simple,correct,0.5271082103389454,29
Qwen-3-235B,742,simple,correct,1.2590406695997425,30
Qwen-3-235B,742,simple,correct,1.3723417183132822,31
Qwen-3-235B,742,simple,correct,1.6504317024573831,32
Qwen-3-235B,742,simple,correct,1.391688770999116,33
Qwen-3-235B,742,simple,correct,1.4020040558272695,34
Qwen-3-235B,742,simple,correct,1.3962752836704488,35
Qwen-3-235B,742,simple,correct,1.5630616671831423,36
Qwen-3-235B,742,simple,correct,2.0368349249658935,37
Qwen-3-235B,742,simple,correct,1.489272284892723,38
Qwen-3-235B,742,simple,correct,1.58788522848034,39
Qwen-3-235B,742,simple,correct,1.5533049040511726,40
Qwen-3-235B,742,simple,correct,1.6421298844248762,41
Qwen-3-235B,742,simple,correct,1.2658150851581509,42
Qwen-3-235B,742,simple,correct,1.486459709379128,43
Qwen-3-235B,742,simple,correct,1.1794094173982441,44
Qwen-3-235B,742,simple,correct,1.221199808795411,45
Qwen-3-235B,742,simple,correct,1.3969986357435198,46
Qwen-3-235B,742,simple,correct,1.558050032071841,47
Qwen-3-235B,742,simple,correct,1.5683610867659947,48
Qwen-3-235B,742,simple,correct,1.3685462764691887,49
Qwen-3-235B,742,simple,correct,2.0687800735918485,50
Qwen-3-235B,103,simple,correct,12.848567530695771,1
Qwen-3-235B,103,simple,correct,1.357511131942817,2
Qwen-3-235B,103,simple,correct,1.491445331595242,3
Qwen-3-235B,103,simple,correct,1.292828685258964,4
Qwen-3-235B,103,simple,correct,1.4229059007330849,5
Qwen-3-235B,103,simple,correct,1.1033865814696486,6
Qwen-3-235B,103,simple,correct,1.274673304293715,7
Qwen-3-235B,103,simple,correct,1.4218498659517427,8
Qwen-3-235B,103,simple,correct,1.1807192505288606,9
Qwen-3-235B,103,simple,correct,1.0017541062031574,10
Qwen-3-235B,103,simple,correct,1.462529920824894,11
Qwen-3-235B,103,simple,correct,1.7186247301880975,12
Qwen-3-235B,103,simple,correct,1.4504726674886972,13
Qwen-3-235B,103,simple,correct,1.4678830757773227,14
Qwen-3-235B,103,simple,correct,1.3956466069142126,15
Qwen-3-235B,103,simple,correct,1.9629292008508052,16
Qwen-3-235B,103,simple,correct,1.3168016194331984,17
Qwen-3-235B,103,simple,correct,1.5063441712926249,18
Qwen-3-235B,103,simple,correct,1.290590405904059,19
Qwen-3-235B,103,simple,correct,1.7541377469300587,20
Qwen-3-235B,103,simple,correct,1.2732017245291583,21
Qwen-3-235B,103,simple,correct,1.5997071352502663,22
Qwen-3-235B,103,simple,correct,1.3832153690596563,23
Qwen-3-235B,103,simple,correct,1.0895573997233747,24
Qwen-3-235B,103,simple,correct,1.01221017972287,25
Qwen-3-235B,103,simple,correct,1.5614406779661016,26
Qwen-3-235B,103,simple,correct,2.0220933443800053,27
Qwen-3-235B,103,simple,correct,1.3103189493433396,28
Qwen-3-235B,103,simple,correct,2.200584484590861,29
Qwen-3-235B,103,simple,correct,1.1180567647570956,30
Qwen-3-235B,103,simple,correct,1.2850367947669665,31
Qwen-3-235B,103,simple,correct,1.5041449186367823,32
Qwen-3-235B,103,simple,correct,1.3433098591549295,33
Qwen-3-235B,103,simple,correct,1.4763249348392702,34
Qwen-3-235B,103,simple,correct,1.4235086946951354,35
Qwen-3-235B,103,simple,correct,0.7121107266435986,36
Qwen-3-235B,103,simple,correct,0.9087398635603038,37
Qwen-3-235B,103,simple,correct,1.2272727272727273,38
Qwen-3-235B,103,simple,correct,1.2562578786241672,39
Qwen-3-235B,103,simple,correct,1.5825545171339563,40
Qwen-3-235B,103,simple,correct,1.4659610983981692,41
Qwen-3-235B,103,simple,correct,1.3703265098968025,42
Qwen-3-235B,103,simple,correct,0.855804268610099,43
Qwen-3-235B,103,simple,correct,1.29025588007237,44
Qwen-3-235B,103,simple,correct,1.3514028874965949,45
Qwen-3-235B,103,simple,correct,1.5525925925925925,46
Qwen-3-235B,103,simple,correct,1.4897765097479791,47
Qwen-3-235B,103,simple,correct,1.4210687022900763,48
Qwen-3-235B,103,simple,correct,1.4576323987538942,49
Qwen-3-235B,103,simple,correct,1.3475529965977493,50
Qwen-3-235B,878,simple,correct,12.014086531550955,1
Qwen-3-235B,878,simple,correct,1.2155876807039598,2
Qwen-3-235B,878,simple,correct,1.120373457819273,3
Qwen-3-235B,878,simple,correct,1.2162162162162162,4
Qwen-3-235B,878,simple,correct,1.3584447144592953,5
Qwen-3-235B,878,simple,correct,1.2590132827324478,6
Qwen-3-235B,878,simple,correct,1.2581988547631442,7
Qwen-3-235B,878,simple,correct,1.163157048705996,8
Qwen-3-235B,878,simple,correct,1.1329954384186518,9
Qwen-3-235B,878,simple,correct,1.50109950522265,10
Qwen-3-235B,878,simple,correct,1.462448255470136,11
Qwen-3-235B,878,simple,correct,1.4167927382753405,12
Qwen-3-235B,878,simple,correct,1.7292688624153236,13
Qwen-3-235B,878,simple,correct,1.134548351757793,14
Qwen-3-235B,878,simple,correct,0.9862215156332803,15
Qwen-3-235B,878,simple,correct,1.2614503816793894,16
Qwen-3-235B,878,simple,correct,0.8293798532071056,17
Qwen-3-235B,878,simple,correct,1.0363427697016068,18
Qwen-3-235B,878,simple,correct,1.144731182795699,19
Qwen-3-235B,878,simple,correct,1.887952074550699,20
Qwen-3-235B,878,simple,correct,1.3835329910629397,21
Qwen-3-235B,878,simple,correct,0.918443561016745,22
Qwen-3-235B,878,simple,correct,1.2733333333333334,23
Qwen-3-235B,878,simple,correct,1.3311985361390668,24
Qwen-3-235B,878,simple,correct,1.127046866177301,25
Qwen-3-235B,878,simple,correct,1.2571587433972755,26
Qwen-3-235B,878,simple,correct,1.2275349456401154,27
Qwen-3-235B,878,simple,correct,1.114199281527699,28
Qwen-3-235B,878,simple,correct,1.4058404230857668,29
Qwen-3-235B,878,simple,correct,1.4857480431250922,30
Qwen-3-235B,878,simple,correct,1.2238636363636364,31
Qwen-3-235B,878,simple,correct,1.1137543977215614,32
Qwen-3-235B,878,simple,correct,1.0885023857164846,33
Qwen-3-235B,878,simple,correct,1.399864376130199,34
Qwen-3-235B,878,simple,correct,1.105072463768116,35
Qwen-3-235B,878,simple,correct,1.3257855822550833,36
Qwen-3-235B,878,simple,correct,1.4030780505679736,37
Qwen-3-235B,878,simple,correct,1.2292051756007394,38
Qwen-3-235B,878,simple,correct,1.2684530659214204,39
Qwen-3-235B,878,simple,correct,1.5909090909090908,40
Qwen-3-235B,878,simple,correct,1.1576060338916643,41
Qwen-3-235B,878,simple,correct,1.0538148459202792,42
Qwen-3-235B,878,simple,correct,4.750313152400835,43
Qwen-3-235B,878,simple,correct,1.0847800237812129,44
Qwen-3-235B,878,simple,correct,1.2774513644078862,45
Qwen-3-235B,878,simple,correct,0.9154559505409583,46
Qwen-3-235B,878,simple,correct,1.035786826578973,47
Qwen-3-235B,878,simple,correct,1.019125858417303,48
Qwen-3-235B,878,simple,correct,1.2375777507685708,49
Qwen-3-235B,878,simple,correct,0.7680917327293318,50
Qwen-3-235B,900,simple,correct,10.477267141803884,1
Qwen-3-235B,900,simple,correct,0.9452375380294875,2
Qwen-3-235B,900,simple,correct,1.2117665918563643,3
Qwen-3-235B,900,simple,correct,1.350613154960981,4
Qwen-3-235B,900,simple,correct,0.6267433751743375,5
Qwen-3-235B,900,simple,correct,2.790920449812578,6
Qwen-3-235B,900,simple,correct,0.9829510501801564,7
Qwen-3-235B,900,simple,correct,1.2207623260049434,8
Qwen-3-235B,900,simple,correct,1.0364604670217124,9
Qwen-3-235B,900,simple,correct,1.300371448649734,10
Qwen-3-235B,900,simple,correct,1.347578001699648,11
Qwen-3-235B,900,simple,correct,1.071832693473429,12
Qwen-3-235B,900,simple,correct,1.1800359712230215,13
Qwen-3-235B,900,simple,correct,1.3207391064533922,14
Qwen-3-235B,900,simple,correct,1.0770409809616006,15
Qwen-3-235B,900,simple,correct,1.3398212226066897,16
Qwen-3-235B,900,simple,correct,1.2198396419914228,17
Qwen-3-235B,900,simple,correct,1.416745698414849,18
Qwen-3-235B,900,simple,correct,1.074734703093249,19
Qwen-3-235B,900,simple,correct,1.1822880290543372,20
Qwen-3-235B,900,simple,correct,1.2444280442804427,21
Qwen-3-235B,900,simple,correct,1.056608639587363,22
Qwen-3-235B,900,simple,correct,1.6323708824725498,23
Qwen-3-235B,900,simple,correct,1.1678522571819425,24
Qwen-3-235B,900,simple,correct,1.1864915894267078,25
Qwen-3-235B,900,simple,correct,1.4250203748981256,26
Qwen-3-235B,900,simple,correct,1.0492413398225022,27
Qwen-3-235B,900,simple,correct,0.8853205785218085,28
Qwen-3-235B,900,simple,correct,1.2357019064124783,29
Qwen-3-235B,900,simple,correct,1.494000311672121,30
Qwen-3-235B,900,simple,correct,0.9723098492814581,31
Qwen-3-235B,900,simple,correct,1.2387521968365554,32
Qwen-3-235B,900,simple,correct,2.231128808864266,33
Qwen-3-235B,900,simple,correct,1.3723873169344518,34
Qwen-3-235B,900,simple,correct,1.2176180817154447,35
Qwen-3-235B,900,simple,correct,1.1673587638821825,36
Qwen-3-235B,900,simple,correct,0.8620325560932688,37
Qwen-3-235B,900,simple,correct,1.162844880441447,38
Qwen-3-235B,900,simple,correct,1.1673630454967503,39
Qwen-3-235B,900,simple,correct,1.242442785460776,40
Qwen-3-235B,900,simple,correct,1.1000996467071293,41
Qwen-3-235B,900,simple,correct,1.7585868498527968,42
Qwen-3-235B,900,simple,correct,1.2677179626608663,43
Qwen-3-235B,900,simple,correct,1.2854311199207136,44
Qwen-3-235B,900,simple,correct,1.041354237673256,45
Qwen-3-235B,900,simple,correct,1.038498972639775,46
Qwen-3-235B,900,simple,correct,1.64324569356301,47
Qwen-3-235B,900,simple,correct,1.3069540823859442,48
Qwen-3-235B,900,simple,correct,1.4344721366563988,49
Qwen-3-235B,900,simple,correct,1.9083023543990087,50
Qwen-3-235B,540,simple,correct,1.7500877775993897,1
Qwen-3-235B,540,simple,correct,0.5402082246354503,2
Qwen-3-235B,540,simple,correct,0.6180117962618,3
Qwen-3-235B,540,simple,correct,0.6015385043730771,4
Qwen-3-235B,540,simple,correct,0.5404046146353562,5
Qwen-3-235B,540,simple,correct,0.9167474551326049,6
Qwen-3-235B,540,simple,correct,0.526089913955365,7
Qwen-3-235B,540,simple,correct,0.6195840453440211,8
Qwen-3-235B,540,simple,correct,0.56689075730477,9
Qwen-3-235B,540,simple,correct,0.5551879708590525,10
Qwen-3-235B,540,simple,correct,0.5787896460431595,11
Qwen-3-235B,540,simple,correct,0.5448853402626603,12
Qwen-3-235B,540,simple,correct,0.5780149258484187,13
Qwen-3-235B,540,simple,correct,0.8188117019344942,14
Qwen-3-235B,540,simple,correct,1.1076512947228154,15
Qwen-3-235B,540,simple,correct,0.4847330911852391,16
Qwen-3-235B,540,simple,correct,0.5522868039921404,17
Qwen-3-235B,540,simple,correct,0.583651622765784,18
Qwen-3-235B,540,simple,correct,0.5561228361963043,19
Qwen-3-235B,540,simple,correct,0.5639955629575896,20
Qwen-3-235B,540,simple,correct,0.6118094511585764,21
Qwen-3-235B,540,simple,correct,0.6515887336117646,22
Qwen-3-235B,540,simple,correct,0.5863980659769223,23
Qwen-3-235B,540,simple,correct,0.5942164241697374,24
Qwen-3-235B,540,simple,correct,0.5145189663800086,25
Qwen-3-235B,540,simple,correct,0.5230083062467917,26
Qwen-3-235B,540,simple,correct,0.5931296465036396,27
Qwen-3-235B,540,simple,correct,0.5388648506603335,28
Qwen-3-235B,540,simple,correct,0.5679897938688825,29
Qwen-3-235B,540,simple,correct,0.5741702350832503,30
Qwen-3-235B,540,simple,correct,0.5489089794774406,31
Qwen-3-235B,540,simple,correct,0.5272182576844039,32
Qwen-3-235B,540,simple,correct,0.5754824529702808,33
Qwen-3-235B,540,simple,correct,0.5983655301963616,34
Qwen-3-235B,540,simple,correct,0.5413192568691558,35
Qwen-3-235B,540,simple,correct,0.5840092418375775,36
Qwen-3-235B,540,simple,correct,0.9826328466711907,37
Qwen-3-235B,540,simple,correct,0.5831837121949266,38
Qwen-3-235B,540,simple,correct,0.5523771910192893,39
Qwen-3-235B,540,simple,correct,0.5593219430973927,40
Qwen-3-235B,540,simple,correct,0.5576383361898225,41
Qwen-3-235B,540,simple,correct,0.609952321492818,42
Qwen-3-235B,540,simple,correct,0.5462624715900726,43
Qwen-3-235B,540,simple,correct,0.5641053667358829,44
Qwen-3-235B,540,simple,correct,0.5738739525564448,45
Qwen-3-235B,540,simple,correct,0.5948346722760944,46
Qwen-3-235B,540,simple,correct,0.5821977572118822,47
Qwen-3-235B,540,simple,correct,0.5644834537376601,48
Qwen-3-235B,540,simple,correct,0.5860933137013987,49
Qwen-3-235B,540,simple,correct,0.5533741499797392,50
Qwen-3-235B,1522,simple,semantic,,1
Qwen-3-235B,1522,simple,semantic,,2
Qwen-3-235B,1522,simple,semantic,,3
Qwen-3-235B,1522,simple,semantic,,4
Qwen-3-235B,1522,simple,semantic,,5
Qwen-3-235B,1522,simple,semantic,,6
Qwen-3-235B,1522,simple,semantic,,7
Qwen-3-235B,1522,simple,semantic,,8
Qwen-3-235B,1522,simple,semantic,,9
Qwen-3-235B,1522,simple,semantic,,10
Qwen-3-235B,1522,simple,semantic,,11
Qwen-3-235B,1522,simple,semantic,,12
Qwen-3-235B,1522,simple,semantic,,13
Qwen-3-235B,1522,simple,semantic,,14
Qwen-3-235B,1522,simple,semantic,,15
Qwen-3-235B,1522,simple,semantic,,16
Qwen-3-235B,1522,simple,semantic,,17
Qwen-3-235B,1522,simple,semantic,,18
Qwen-3-235B,1522,simple,semantic,,19
Qwen-3-235B,1522,simple,semantic,,20
Qwen-3-235B,1522,simple,semantic,,21
Qwen-3-235B,1522,simple,semantic,,22
Qwen-3-235B,1522,simple,semantic,,23
Qwen-3-235B,1522,simple,semantic,,24
Qwen-3-235B,1522,simple,semantic,,25
Qwen-3-235B,1522,simple,semantic,,26
Qwen-3-235B,1522,simple,semantic,,27
Qwen-3-235B,1522,simple,semantic,,28
Qwen-3-235B,1522,simple,semantic,,29
Qwen-3-235B,1522,simple,semantic,,30
Qwen-3-235B,1522,simple,semantic,,31
Qwen-3-235B,1522,simple,semantic,,32
Qwen-3-235B,1522,simple,semantic,,33
Qwen-3-235B,1522,simple,semantic,,34
Qwen-3-235B,1522,simple,semantic,,35
Qwen-3-235B,1522,simple,semantic,,36
Qwen-3-235B,1522,simple,semantic,,37
Qwen-3-235B,1522,simple,semantic,,38
Qwen-3-235B,1522,simple,semantic,,39
Qwen-3-235B,1522,simple,semantic,,40
Qwen-3-235B,1522,simple,semantic,,41
Qwen-3-235B,1522,simple,semantic,,42
Qwen-3-235B,1522,simple,semantic,,43
Qwen-3-235B,1522,simple,semantic,,44
Qwen-3-235B,1522,simple,semantic,,45
Qwen-3-235B,1522,simple,semantic,,46
Qwen-3-235B,1522,simple,semantic,,47
Qwen-3-235B,1522,simple,semantic,,48
Qwen-3-235B,1522,simple,semantic,,49
Qwen-3-235B,1522,simple,semantic,,50
Qwen-3-235B,1153,simple,semantic,,1
Qwen-3-235B,1153,simple,semantic,,2
Qwen-3-235B,1153,simple,semantic,,3
Qwen-3-235B,1153,simple,semantic,,4
Qwen-3-235B,1153,simple,semantic,,5
Qwen-3-235B,1153,simple,semantic,,6
Qwen-3-235B,1153,simple,semantic,,7
Qwen-3-235B,1153,simple,semantic,,8
Qwen-3-235B,1153,simple,semantic,,9
Qwen-3-235B,1153,simple,semantic,,10
Qwen-3-235B,1153,simple,semantic,,11
Qwen-3-235B,1153,simple,semantic,,12
Qwen-3-235B,1153,simple,semantic,,13
Qwen-3-235B,1153,simple,semantic,,14
Qwen-3-235B,1153,simple,semantic,,15
Qwen-3-235B,1153,simple,semantic,,16
Qwen-3-235B,1153,simple,semantic,,17
Qwen-3-235B,1153,simple,semantic,,18
Qwen-3-235B,1153,simple,semantic,,19
Qwen-3-235B,1153,simple,semantic,,20
Qwen-3-235B,1153,simple,semantic,,21
Qwen-3-235B,1153,simple,semantic,,22
Qwen-3-235B,1153,simple,semantic,,23
Qwen-3-235B,1153,simple,semantic,,24
Qwen-3-235B,1153,simple,semantic,,25
Qwen-3-235B,1153,simple,semantic,,26
Qwen-3-235B,1153,simple,semantic,,27
Qwen-3-235B,1153,simple,semantic,,28
Qwen-3-235B,1153,simple,semantic,,29
Qwen-3-235B,1153,simple,semantic,,30
Qwen-3-235B,1153,simple,semantic,,31
Qwen-3-235B,1153,simple,semantic,,32
Qwen-3-235B,1153,simple,semantic,,33
Qwen-3-235B,1153,simple,semantic,,34
Qwen-3-235B,1153,simple,semantic,,35
Qwen-3-235B,1153,simple,semantic,,36
Qwen-3-235B,1153,simple,semantic,,37
Qwen-3-235B,1153,simple,semantic,,38
Qwen-3-235B,1153,simple,semantic,,39
Qwen-3-235B,1153,simple,semantic,,40
Qwen-3-235B,1153,simple,semantic,,41
Qwen-3-235B,1153,simple,semantic,,42
Qwen-3-235B,1153,simple,semantic,,43
Qwen-3-235B,1153,simple,semantic,,44
Qwen-3-235B,1153,simple,semantic,,45
Qwen-3-235B,1153,simple,semantic,,46
Qwen-3-235B,1153,simple,semantic,,47
Qwen-3-235B,1153,simple,semantic,,48
Qwen-3-235B,1153,simple,semantic,,49
Qwen-3-235B,1153,simple,semantic,,50
Qwen-3-235B,396,simple,correct,13.625281293732181,1
Qwen-3-235B,396,simple,correct,1.0640587423238803,2
Qwen-3-235B,396,simple,correct,0.9354256922155437,3
Qwen-3-235B,396,simple,correct,1.012424457310937,4
Qwen-3-235B,396,simple,correct,0.949307802608891,5
Qwen-3-235B,396,simple,correct,0.8400363820553672,6
Qwen-3-235B,396,simple,correct,1.0211115621019589,7
Qwen-3-235B,396,simple,correct,1.0676826256654641,8
Qwen-3-235B,396,simple,correct,0.9374689026323284,9
Qwen-3-235B,396,simple,correct,0.9393550387145299,10
Qwen-3-235B,396,simple,correct,1.0258242405063975,11
Qwen-3-235B,396,simple,correct,0.9891272124954403,12
Qwen-3-235B,396,simple,correct,0.8516703161880309,13
Qwen-3-235B,396,simple,correct,1.0442019185975513,14
Qwen-3-235B,396,simple,correct,1.0088757603614724,15
Qwen-3-235B,396,simple,correct,1.0024261890356558,16
Qwen-3-235B,396,simple,correct,1.091817879789669,17
Qwen-3-235B,396,simple,correct,0.8537373606518925,18
Qwen-3-235B,396,simple,correct,1.1631550645003559,19
Qwen-3-235B,396,simple,correct,1.0400112452462575,20
Qwen-3-235B,396,simple,correct,0.9306261010568372,21
Qwen-3-235B,396,simple,correct,1.0930023561352273,22
Qwen-3-235B,396,simple,correct,0.9643135278294888,23
Qwen-3-235B,396,simple,correct,0.9603432595715811,24
Qwen-3-235B,396,simple,correct,1.0349222180107556,25
Qwen-3-235B,396,simple,correct,0.9522551643130294,26
Qwen-3-235B,396,simple,correct,1.0083926813958355,27
Qwen-3-235B,396,simple,correct,1.03277886793673,28
Qwen-3-235B,396,simple,correct,1.0035511184279355,29
Qwen-3-235B,396,simple,correct,0.8802421220715654,30
Qwen-3-235B,396,simple,correct,1.3007242044214586,31
Qwen-3-235B,396,simple,correct,0.9418796126269278,32
Qwen-3-235B,396,simple,correct,0.8799949018608209,33
Qwen-3-235B,396,simple,correct,0.8898415510321753,34
Qwen-3-235B,396,simple,correct,0.909015554593824,35
Qwen-3-235B,396,simple,correct,0.8976687959712247,36
Qwen-3-235B,396,simple,correct,1.0563248535093677,37
Qwen-3-235B,396,simple,correct,1.0838934248546712,38
Qwen-3-235B,396,simple,correct,0.9614498247158381,39
Qwen-3-235B,396,simple,correct,0.9681736908272001,40
Qwen-3-235B,396,simple,correct,1.0018208748618436,41
Qwen-3-235B,396,simple,correct,0.9634050711768236,42
Qwen-3-235B,396,simple,correct,0.9315720393773194,43
Qwen-3-235B,396,simple,correct,0.9137946764379501,44
Qwen-3-235B,396,simple,correct,0.9229211214219796,45
Qwen-3-235B,396,simple,correct,0.9718888337797821,46
Qwen-3-235B,396,simple,correct,0.8803575688498954,47
Qwen-3-235B,396,simple,correct,0.9195512444180154,48
Qwen-3-235B,396,simple,correct,0.903569216771668,49
Qwen-3-235B,396,simple,correct,1.0173268983441264,50
Qwen-3-235B,1133,simple,correct,11.342740666766987,1
Qwen-3-235B,1133,simple,correct,0.8105434975839165,2
Qwen-3-235B,1133,simple,correct,1.0801532897932746,3
Qwen-3-235B,1133,simple,correct,1.0637639194787993,4
Qwen-3-235B,1133,simple,correct,1.1174231158170245,5
Qwen-3-235B,1133,simple,correct,1.3004281683471124,6
Qwen-3-235B,1133,simple,correct,1.0443085528238094,7
Qwen-3-235B,1133,simple,correct,1.0157270425163267,8
Qwen-3-235B,1133,simple,correct,1.224246112521772,9
Qwen-3-235B,1133,simple,correct,0.8756645656344204,10
Qwen-3-235B,1133,simple,correct,1.2461700676052845,11
Qwen-3-235B,1133,simple,correct,1.3813209076175041,12
Qwen-3-235B,1133,simple,correct,1.204209069890222,13
Qwen-3-235B,1133,simple,correct,1.2581854996433584,14
Qwen-3-235B,1133,simple,correct,1.2281795765319639,15
Qwen-3-235B,1133,simple,correct,0.8267468360568297,16
Qwen-3-235B,1133,simple,correct,0.9854649523487283,17
Qwen-3-235B,1133,simple,correct,1.3531610401551037,18
Qwen-3-235B,1133,simple,correct,1.3043359396358467,19
Qwen-3-235B,1133,simple,correct,0.7308194302576325,20
Qwen-3-235B,1133,simple,correct,1.2694298501654018,21
Qwen-3-235B,1133,simple,correct,0.823251817580965,22
Qwen-3-235B,1133,simple,correct,0.9640580496405805,23
Qwen-3-235B,1133,simple,correct,0.8986812820784569,24
Qwen-3-235B,1133,simple,correct,0.5137843475106557,25
Qwen-3-235B,1133,simple,correct,0.9081645910280444,26
Qwen-3-235B,1133,simple,correct,1.0383234754232102,27
Qwen-3-235B,1133,simple,correct,1.3470902612826603,28
Qwen-3-235B,1133,simple,correct,0.941709179823105,29
Qwen-3-235B,1133,simple,correct,1.1236476281478285,30
Qwen-3-235B,1133,simple,correct,0.9409799873845978,31
Qwen-3-235B,1133,simple,correct,1.0413444584820004,32
Qwen-3-235B,1133,simple,correct,1.3500116954090204,33
Qwen-3-235B,1133,simple,correct,1.0553858253425694,34
Qwen-3-235B,1133,simple,correct,0.7747765006385696,35
Qwen-3-235B,1133,simple,correct,1.3154033285708768,36
Qwen-3-235B,1133,simple,correct,0.7101066039041949,37
Qwen-3-235B,1133,simple,correct,1.264369012911287,38
Qwen-3-235B,1133,simple,correct,0.9317183608784243,39
Qwen-3-235B,1133,simple,correct,1.0173989422340166,40
Qwen-3-235B,1133,simple,correct,0.9360030334309368,41
Qwen-3-235B,1133,simple,correct,0.8450914520343412,42
Qwen-3-235B,1133,simple,correct,0.746833682893197,43
Qwen-3-235B,1133,simple,correct,1.7415311348728546,44
Qwen-3-235B,1133,simple,correct,0.6985156787574953,45
Qwen-3-235B,1133,simple,correct,1.0073338847532396,46
Qwen-3-235B,1133,simple,correct,0.7719511229579583,47
Qwen-3-235B,1133,simple,correct,1.050266525892926,48
Qwen-3-235B,1133,simple,correct,0.9940910280863159,49
Qwen-3-235B,1133,simple,correct,1.0265553869499242,50
Qwen-3-235B,88,simple,correct,14.209118209118209,1
Qwen-3-235B,88,simple,hallucination,,2
Qwen-3-235B,88,simple,correct,1.0585698886094144,3
Qwen-3-235B,88,simple,correct,1.290913076838759,4
Qwen-3-235B,88,simple,correct,1.2904331828064894,5
Qwen-3-235B,88,simple,correct,1.2698412698412698,6
Qwen-3-235B,88,simple,correct,0.9759799310128567,7
Qwen-3-235B,88,simple,correct,1.0623621869169446,8
Qwen-3-235B,88,simple,correct,1.1483816220147898,9
Qwen-3-235B,88,simple,correct,1.1827214346298316,10
Qwen-3-235B,88,simple,correct,1.1387086808773557,11
Qwen-3-235B,88,simple,hallucination,,12
Qwen-3-235B,88,simple,correct,1.3511403073872088,13
Qwen-3-235B,88,simple,hallucination,,14
Qwen-3-235B,88,simple,correct,1.0849364791288567,15
Qwen-3-235B,88,simple,correct,0.8401060070671378,16
Qwen-3-235B,88,simple,correct,0.8214460185637519,17
Qwen-3-235B,88,simple,correct,1.1365507222984423,18
Qwen-3-235B,88,simple,hallucination,,19
Qwen-3-235B,88,simple,correct,1.2603833865814698,20
Qwen-3-235B,88,simple,hallucination,,21
Qwen-3-235B,88,simple,correct,1.105565019875071,22
Qwen-3-235B,88,simple,correct,1.1845162919929275,23
Qwen-3-235B,88,simple,correct,1.388593523441276,24
Qwen-3-235B,88,simple,correct,1.2609582059123343,25
Qwen-3-235B,88,simple,correct,1.0173977695167287,26
Qwen-3-235B,88,simple,hallucination,,27
Qwen-3-235B,88,simple,correct,1.174488420536699,28
Qwen-3-235B,88,simple,correct,1.153918238256999,29
Qwen-3-235B,88,simple,correct,1.1663391904788638,30
Qwen-3-235B,88,simple,hallucination,,31
Qwen-3-235B,88,simple,correct,1.2198495720584421,32
Qwen-3-235B,88,simple,hallucination,,33
Qwen-3-235B,88,simple,correct,1.3808584577815346,34
Qwen-3-235B,88,simple,hallucination,,35
Qwen-3-235B,88,simple,correct,1.1547426458450263,36
Qwen-3-235B,88,simple,correct,1.1219464720194647,37
Qwen-3-235B,88,simple,correct,1.4141441081033026,38
Qwen-3-235B,88,simple,correct,1.1505029981664106,39
Qwen-3-235B,88,simple,correct,1.6242577119133954,40
Qwen-3-235B,88,simple,correct,1.0056613484302626,41
Qwen-3-235B,88,simple,correct,1.2075497787610618,42
Qwen-3-235B,88,simple,correct,1.381485504219233,43
Qwen-3-235B,88,simple,correct,1.0329900506196543,44
Qwen-3-235B,88,simple,correct,1.1080280592361653,45
Qwen-3-235B,88,simple,hallucination,,46
Qwen-3-235B,88,simple,correct,1.347073504548748,47
Qwen-3-235B,88,simple,correct,0.8611198391252435,48
Qwen-3-235B,88,simple,correct,1.080113519797579,49
Qwen-3-235B,88,simple,correct,0.7033273381294964,50
Qwen-3-235B,311,simple,semantic,,1
Qwen-3-235B,311,simple,semantic,,2
Qwen-3-235B,311,simple,semantic,,3
Qwen-3-235B,311,simple,semantic,,4
Qwen-3-235B,311,simple,semantic,,5
Qwen-3-235B,311,simple,semantic,,6
Qwen-3-235B,311,simple,semantic,,7
Qwen-3-235B,311,simple,semantic,,8
Qwen-3-235B,311,simple,semantic,,9
Qwen-3-235B,311,simple,semantic,,10
Qwen-3-235B,311,simple,semantic,,11
Qwen-3-235B,311,simple,semantic,,12
Qwen-3-235B,311,simple,semantic,,13
Qwen-3-235B,311,simple,semantic,,14
Qwen-3-235B,311,simple,semantic,,15
Qwen-3-235B,311,simple,semantic,,16
Qwen-3-235B,311,simple,semantic,,17
Qwen-3-235B,311,simple,semantic,,18
Qwen-3-235B,311,simple,semantic,,19
Qwen-3-235B,311,simple,semantic,,20
Qwen-3-235B,311,simple,semantic,,21
Qwen-3-235B,311,simple,semantic,,22
Qwen-3-235B,311,simple,semantic,,23
Qwen-3-235B,311,simple,semantic,,24
Qwen-3-235B,311,simple,semantic,,25
Qwen-3-235B,311,simple,semantic,,26
Qwen-3-235B,311,simple,semantic,,27
Qwen-3-235B,311,simple,semantic,,28
Qwen-3-235B,311,simple,semantic,,29
Qwen-3-235B,311,simple,semantic,,30
Qwen-3-235B,311,simple,semantic,,31
Qwen-3-235B,311,simple,semantic,,32
Qwen-3-235B,311,simple,semantic,,33
Qwen-3-235B,311,simple,semantic,,34
Qwen-3-235B,311,simple,semantic,,35
Qwen-3-235B,311,simple,semantic,,36
Qwen-3-235B,311,simple,semantic,,37
Qwen-3-235B,311,simple,semantic,,38
Qwen-3-235B,311,simple,semantic,,39
Qwen-3-235B,311,simple,semantic,,40
Qwen-3-235B,311,simple,semantic,,41
Qwen-3-235B,311,simple,semantic,,42
Qwen-3-235B,311,simple,semantic,,43
Qwen-3-235B,311,simple,semantic,,44
Qwen-3-235B,311,simple,semantic,,45
Qwen-3-235B,311,simple,semantic,,46
Qwen-3-235B,311,simple,semantic,,47
Qwen-3-235B,311,simple,semantic,,48
Qwen-3-235B,311,simple,semantic,,49
Qwen-3-235B,311,simple,semantic,,50
Qwen-3-235B,873,simple,correct,5.239933867480605,1
Qwen-3-235B,873,simple,correct,1.0845238568984041,2
Qwen-3-235B,873,simple,correct,0.7497348160821214,3
Qwen-3-235B,873,simple,correct,1.0493898895990703,4
Qwen-3-235B,873,simple,correct,1.4,5
Qwen-3-235B,873,simple,correct,1.1811872872740132,6
Qwen-3-235B,873,simple,correct,1.8604526822313314,7
Qwen-3-235B,873,simple,correct,1.0719983029274502,8
Qwen-3-235B,873,simple,correct,0.6557217953902144,9
Qwen-3-235B,873,simple,correct,0.7562390357082225,10
Qwen-3-235B,873,simple,correct,0.8515347157629808,11
Qwen-3-235B,873,simple,correct,0.9872561303024879,12
Qwen-3-235B,873,simple,correct,0.9789802211025044,13
Qwen-3-235B,873,simple,correct,1.9513267776844394,14
Qwen-3-235B,873,simple,correct,0.8344526988130158,15
Qwen-3-235B,873,simple,correct,1.311961234378985,16
Qwen-3-235B,873,simple,correct,1.3561257938946938,17
Qwen-3-235B,873,simple,correct,0.9814610128617364,18
Qwen-3-235B,873,simple,correct,0.8345292136476791,19
Qwen-3-235B,873,simple,correct,1.3096176586519512,20
Qwen-3-235B,873,simple,correct,0.7716193488465497,21
Qwen-3-235B,873,simple,correct,0.8133057090239411,22
Qwen-3-235B,873,simple,correct,1.1826637462870173,23
Qwen-3-235B,873,simple,correct,0.9389880952380952,24
Qwen-3-235B,873,simple,correct,1.0908323440179395,25
Qwen-3-235B,873,simple,correct,0.8280476944389472,26
Qwen-3-235B,873,simple,correct,0.7727405588682333,27
Qwen-3-235B,873,simple,correct,1.2295538663588967,28
Qwen-3-235B,873,simple,correct,1.3800635283200686,29
Qwen-3-235B,873,simple,correct,0.9265324186766983,30
Qwen-3-235B,873,simple,correct,1.2443896066192481,31
Qwen-3-235B,873,simple,correct,1.170777663583419,32
Qwen-3-235B,873,simple,correct,1.0911969756480755,33
Qwen-3-235B,873,simple,correct,0.9713640365989051,34
Qwen-3-235B,873,simple,correct,1.028080358825525,35
Qwen-3-235B,873,simple,correct,1.2611500580620187,36
Qwen-3-235B,873,simple,correct,1.3475137076952164,37
Qwen-3-235B,873,simple,correct,1.2950009650646592,38
Qwen-3-235B,873,simple,correct,0.7773692262272203,39
Qwen-3-235B,873,simple,correct,1.1517737413141533,40
Qwen-3-235B,873,simple,correct,0.9741390754852243,41
Qwen-3-235B,873,simple,correct,0.8600799109852316,42
Qwen-3-235B,873,simple,correct,1.2674124436714365,43
Qwen-3-235B,873,simple,correct,0.9871563853851167,44
Qwen-3-235B,873,simple,correct,0.8113124171453823,45
Qwen-3-235B,873,simple,correct,1.1032371595116766,46
Qwen-3-235B,873,simple,correct,1.0578799742885525,47
Qwen-3-235B,873,simple,correct,0.9753401011055854,48
Qwen-3-235B,873,simple,correct,0.8758398481404701,49
Qwen-3-235B,873,simple,correct,0.8848661323987941,50
Qwen-3-235B,713,simple,correct,4.167056965233597,1
Qwen-3-235B,713,simple,correct,1.1499734440373734,2
Qwen-3-235B,713,simple,correct,1.0700574958931506,3
Qwen-3-235B,713,simple,correct,0.9187062831363246,4
Qwen-3-235B,713,simple,correct,0.9218486992632013,5
Qwen-3-235B,713,simple,correct,1.0028400156296162,6
Qwen-3-235B,713,simple,correct,0.8891113569359906,7
Qwen-3-235B,713,simple,correct,0.9853430167695151,8
Qwen-3-235B,713,simple,correct,0.9107375452008661,9
Qwen-3-235B,713,simple,correct,0.9568045298775576,10
Qwen-3-235B,713,simple,correct,0.981605617010002,11
Qwen-3-235B,713,simple,correct,1.0013605000581527,12
Qwen-3-235B,713,simple,correct,0.8732461818296222,13
Qwen-3-235B,713,simple,correct,0.9264420497933167,14
Qwen-3-235B,713,simple,correct,0.9018304669350103,15
Qwen-3-235B,713,simple,correct,1.120855899733749,16
Qwen-3-235B,713,simple,correct,0.9760270606837574,17
Qwen-3-235B,713,simple,correct,0.8954744300338289,18
Qwen-3-235B,713,simple,correct,1.049875887089075,19
Qwen-3-235B,713,simple,correct,1.0547246877208785,20
Qwen-3-235B,713,simple,correct,1.0255999400059994,21
Qwen-3-235B,713,simple,correct,0.8765862828822765,22
Qwen-3-235B,713,simple,correct,1.015665564575266,23
Qwen-3-235B,713,simple,correct,0.9053218894681914,24
Qwen-3-235B,713,simple,correct,0.9832011530484078,25
Qwen-3-235B,713,simple,correct,1.0218771259172463,26
Qwen-3-235B,713,simple,correct,0.9143959959472053,27
Qwen-3-235B,713,simple,correct,1.0072641454168096,28
Qwen-3-235B,713,simple,correct,0.967401509840791,29
Qwen-3-235B,713,simple,correct,0.9722580386817763,30
Qwen-3-235B,713,simple,correct,1.0167865274331254,31
Qwen-3-235B,713,simple,correct,0.9582282252199628,32
Qwen-3-235B,713,simple,correct,1.0090677307929385,33
Qwen-3-235B,713,simple,correct,0.9840388804327508,34
Qwen-3-235B,713,simple,correct,1.0354998402850877,35
Qwen-3-235B,713,simple,correct,0.9037413633788249,36
Qwen-3-235B,713,simple,correct,0.916341316000449,37
Qwen-3-235B,713,simple,correct,0.9864200795929676,38
Qwen-3-235B,713,simple,correct,0.9590136050038787,39
Qwen-3-235B,713,simple,correct,1.0490434562270365,40
Qwen-3-235B,713,simple,correct,1.0403132918682332,41
Qwen-3-235B,713,simple,correct,1.0972411877555504,42
Qwen-3-235B,713,simple,correct,0.8927963655340895,43
Qwen-3-235B,713,simple,correct,1.101807036040248,44
Qwen-3-235B,713,simple,correct,0.8866238782437789,45
Qwen-3-235B,713,simple,correct,1.0755172552769747,46
Qwen-3-235B,713,simple,correct,1.0815016561617945,47
Qwen-3-235B,713,simple,correct,1.094304860480966,48
Qwen-3-235B,713,simple,correct,1.035837695848373,49
Qwen-3-235B,713,simple,correct,1.065650359305865,50
Qwen-3-235B,312,simple,correct,0.8695453110198926,1
Qwen-3-235B,312,simple,correct,0.563006035624908,2
Qwen-3-235B,312,simple,correct,0.5503302126424269,3
Qwen-3-235B,312,simple,correct,0.4870967741935484,4
Qwen-3-235B,312,simple,correct,0.4291770573566085,5
Qwen-3-235B,312,simple,correct,0.6425173801683132,6
Qwen-3-235B,312,simple,correct,0.46201979791762837,7
Qwen-3-235B,312,simple,correct,0.5908695308173115,8
Qwen-3-235B,312,simple,correct,0.8169419187233253,9
Qwen-3-235B,312,simple,correct,0.38304044630404466,10
Qwen-3-235B,312,simple,correct,0.7319956019791094,11
Qwen-3-235B,312,simple,correct,0.42475922953451045,12
Qwen-3-235B,312,simple,correct,0.4833916083916084,13
Qwen-3-235B,312,simple,correct,0.4924333151878062,14
Qwen-3-235B,312,simple,correct,0.3562531833124971,15
Qwen-3-235B,312,simple,correct,0.6866288865063562,16
Qwen-3-235B,312,simple,correct,0.4870768526989936,17
Qwen-3-235B,312,simple,correct,0.448685806712495,18
Qwen-3-235B,312,simple,correct,0.5207019070408238,19
Qwen-3-235B,312,simple,correct,0.7951676528599606,20
Qwen-3-235B,312,simple,correct,0.4773382398037412,21
Qwen-3-235B,312,simple,correct,0.4477335800185014,22
Qwen-3-235B,312,simple,correct,0.3483379189030716,23
Qwen-3-235B,312,simple,correct,0.43734155532716684,24
Qwen-3-235B,312,simple,correct,0.4703245232519237,25
Qwen-3-235B,312,simple,correct,0.44025041428834466,26
Qwen-3-235B,312,simple,correct,0.4422822883853267,27
Qwen-3-235B,312,simple,correct,0.5655549673548614,28
Qwen-3-235B,312,simple,correct,0.4912700432680071,29
Qwen-3-235B,312,simple,correct,0.5344436625224802,30
Qwen-3-235B,312,simple,correct,0.4245413478381119,31
Qwen-3-235B,312,simple,correct,0.3251856137305949,32
Qwen-3-235B,312,simple,correct,0.45902553930076867,33
Qwen-3-235B,312,simple,correct,0.34217595701813297,34
Qwen-3-235B,312,simple,correct,0.29379978571761306,35
Qwen-3-235B,312,simple,correct,0.6714194960118586,36
Qwen-3-235B,312,simple,correct,0.348135352098364,37
Qwen-3-235B,312,simple,correct,0.5856112694952206,38
Qwen-3-235B,312,simple,correct,0.3423428413181944,39
Qwen-3-235B,312,simple,correct,0.5620369648288233,40
Qwen-3-235B,312,simple,correct,0.41883541563303417,41
Qwen-3-235B,312,simple,correct,0.424334085778781,42
Qwen-3-235B,312,simple,correct,0.44969731911213606,43
Qwen-3-235B,312,simple,correct,0.4511167711598746,44
Qwen-3-235B,312,simple,correct,0.38075219998878984,45
Qwen-3-235B,312,simple,correct,0.43414634146341463,46
Qwen-3-235B,312,simple,correct,0.5110776511077652,47
Qwen-3-235B,312,simple,correct,0.4489644627716258,48
Qwen-3-235B,312,simple,correct,0.5046351153551265,49
Qwen-3-235B,312,simple,correct,0.4459768015343867,50
Qwen-3-235B,902,simple,semantic,,1
Qwen-3-235B,902,simple,semantic,,2
Qwen-3-235B,902,simple,semantic,,3
Qwen-3-235B,902,simple,semantic,,4
Qwen-3-235B,902,simple,semantic,,5
Qwen-3-235B,902,simple,semantic,,6
Qwen-3-235B,902,simple,semantic,,7
Qwen-3-235B,902,simple,semantic,,8
Qwen-3-235B,902,simple,semantic,,9
Qwen-3-235B,902,simple,semantic,,10
Qwen-3-235B,902,simple,semantic,,11
Qwen-3-235B,902,simple,semantic,,12
Qwen-3-235B,902,simple,semantic,,13
Qwen-3-235B,902,simple,semantic,,14
Qwen-3-235B,902,simple,semantic,,15
Qwen-3-235B,902,simple,semantic,,16
Qwen-3-235B,902,simple,semantic,,17
Qwen-3-235B,902,simple,semantic,,18
Qwen-3-235B,902,simple,semantic,,19
Qwen-3-235B,902,simple,semantic,,20
Qwen-3-235B,902,simple,semantic,,21
Qwen-3-235B,902,simple,semantic,,22
Qwen-3-235B,902,simple,semantic,,23
Qwen-3-235B,902,simple,semantic,,24
Qwen-3-235B,902,simple,semantic,,25
Qwen-3-235B,902,simple,semantic,,26
Qwen-3-235B,902,simple,semantic,,27
Qwen-3-235B,902,simple,semantic,,28
Qwen-3-235B,902,simple,semantic,,29
Qwen-3-235B,902,simple,semantic,,30
Qwen-3-235B,902,simple,semantic,,31
Qwen-3-235B,902,simple,semantic,,32
Qwen-3-235B,902,simple,semantic,,33
Qwen-3-235B,902,simple,semantic,,34
Qwen-3-235B,902,simple,semantic,,35
Qwen-3-235B,902,simple,semantic,,36
Qwen-3-235B,902,simple,semantic,,37
Qwen-3-235B,902,simple,semantic,,38
Qwen-3-235B,902,simple,semantic,,39
Qwen-3-235B,902,simple,semantic,,40
Qwen-3-235B,902,simple,semantic,,41
Qwen-3-235B,902,simple,semantic,,42
Qwen-3-235B,902,simple,semantic,,43
Qwen-3-235B,902,simple,semantic,,44
Qwen-3-235B,902,simple,semantic,,45
Qwen-3-235B,902,simple,semantic,,46
Qwen-3-235B,902,simple,semantic,,47
Qwen-3-235B,902,simple,semantic,,48
Qwen-3-235B,902,simple,semantic,,49
Qwen-3-235B,902,simple,semantic,,50
Qwen-3-235B,442,simple,semantic,,1
Qwen-3-235B,442,simple,semantic,,2
Qwen-3-235B,442,simple,semantic,,3
Qwen-3-235B,442,simple,semantic,,4
Qwen-3-235B,442,simple,semantic,,5
Qwen-3-235B,442,simple,semantic,,6
Qwen-3-235B,442,simple,semantic,,7
Qwen-3-235B,442,simple,semantic,,8
Qwen-3-235B,442,simple,semantic,,9
Qwen-3-235B,442,simple,semantic,,10
Qwen-3-235B,442,simple,semantic,,11
Qwen-3-235B,442,simple,semantic,,12
Qwen-3-235B,442,simple,semantic,,13
Qwen-3-235B,442,simple,semantic,,14
Qwen-3-235B,442,simple,semantic,,15
Qwen-3-235B,442,simple,semantic,,16
Qwen-3-235B,442,simple,semantic,,17
Qwen-3-235B,442,simple,semantic,,18
Qwen-3-235B,442,simple,semantic,,19
Qwen-3-235B,442,simple,semantic,,20
Qwen-3-235B,442,simple,semantic,,21
Qwen-3-235B,442,simple,semantic,,22
Qwen-3-235B,442,simple,semantic,,23
Qwen-3-235B,442,simple,semantic,,24
Qwen-3-235B,442,simple,semantic,,25
Qwen-3-235B,442,simple,semantic,,26
Qwen-3-235B,442,simple,semantic,,27
Qwen-3-235B,442,simple,semantic,,28
Qwen-3-235B,442,simple,semantic,,29
Qwen-3-235B,442,simple,semantic,,30
Qwen-3-235B,442,simple,semantic,,31
Qwen-3-235B,442,simple,semantic,,32
Qwen-3-235B,442,simple,semantic,,33
Qwen-3-235B,442,simple,semantic,,34
Qwen-3-235B,442,simple,semantic,,35
Qwen-3-235B,442,simple,semantic,,36
Qwen-3-235B,442,simple,semantic,,37
Qwen-3-235B,442,simple,semantic,,38
Qwen-3-235B,442,simple,semantic,,39
Qwen-3-235B,442,simple,semantic,,40
Qwen-3-235B,442,simple,semantic,,41
Qwen-3-235B,442,simple,semantic,,42
Qwen-3-235B,442,simple,semantic,,43
Qwen-3-235B,442,simple,semantic,,44
Qwen-3-235B,442,simple,semantic,,45
Qwen-3-235B,442,simple,semantic,,46
Qwen-3-235B,442,simple,semantic,,47
Qwen-3-235B,442,simple,semantic,,48
Qwen-3-235B,442,simple,semantic,,49
Qwen-3-235B,442,simple,semantic,,50
Qwen-3-235B,697,simple,semantic,,1
Qwen-3-235B,697,simple,semantic,,2
Qwen-3-235B,697,simple,semantic,,3
Qwen-3-235B,697,simple,semantic,,4
Qwen-3-235B,697,simple,semantic,,5
Qwen-3-235B,697,simple,semantic,,6
Qwen-3-235B,697,simple,semantic,,7
Qwen-3-235B,697,simple,semantic,,8
Qwen-3-235B,697,simple,semantic,,9
Qwen-3-235B,697,simple,semantic,,10
Qwen-3-235B,697,simple,semantic,,11
Qwen-3-235B,697,simple,semantic,,12
Qwen-3-235B,697,simple,semantic,,13
Qwen-3-235B,697,simple,semantic,,14
Qwen-3-235B,697,simple,semantic,,15
Qwen-3-235B,697,simple,semantic,,16
Qwen-3-235B,697,simple,semantic,,17
Qwen-3-235B,697,simple,semantic,,18
Qwen-3-235B,697,simple,semantic,,19
Qwen-3-235B,697,simple,semantic,,20
Qwen-3-235B,697,simple,semantic,,21
Qwen-3-235B,697,simple,semantic,,22
Qwen-3-235B,697,simple,semantic,,23
Qwen-3-235B,697,simple,semantic,,24
Qwen-3-235B,697,simple,semantic,,25
Qwen-3-235B,697,simple,semantic,,26
Qwen-3-235B,697,simple,semantic,,27
Qwen-3-235B,697,simple,semantic,,28
Qwen-3-235B,697,simple,semantic,,29
Qwen-3-235B,697,simple,semantic,,30
Qwen-3-235B,697,simple,semantic,,31
Qwen-3-235B,697,simple,semantic,,32
Qwen-3-235B,697,simple,semantic,,33
Qwen-3-235B,697,simple,semantic,,34
Qwen-3-235B,697,simple,semantic,,35
Qwen-3-235B,697,simple,semantic,,36
Qwen-3-235B,697,simple,semantic,,37
Qwen-3-235B,697,simple,semantic,,38
Qwen-3-235B,697,simple,semantic,,39
Qwen-3-235B,697,simple,semantic,,40
Qwen-3-235B,697,simple,semantic,,41
Qwen-3-235B,697,simple,semantic,,42
Qwen-3-235B,697,simple,semantic,,43
Qwen-3-235B,697,simple,semantic,,44
Qwen-3-235B,697,simple,semantic,,45
Qwen-3-235B,697,simple,semantic,,46
Qwen-3-235B,697,simple,semantic,,47
Qwen-3-235B,697,simple,semantic,,48
Qwen-3-235B,697,simple,correct,1.4217768444119796,49
Qwen-3-235B,697,simple,semantic,,50
Qwen-3-235B,161,simple,correct,5.801021163238123,1
Qwen-3-235B,161,simple,correct,1.187018701870187,2
Qwen-3-235B,161,simple,correct,0.964213094753965,3
Qwen-3-235B,161,simple,correct,1.5379723157500935,4
Qwen-3-235B,161,simple,correct,1.1516543035440951,5
Qwen-3-235B,161,simple,correct,0.8276977087952697,6
Qwen-3-235B,161,simple,correct,2.3733970329394016,7
Qwen-3-235B,161,simple,correct,2.0819996700214487,8
Qwen-3-235B,161,simple,correct,1.834077143767931,9
Qwen-3-235B,161,simple,correct,1.14856385329209,10
Qwen-3-235B,161,simple,correct,1.6145231639750088,11
Qwen-3-235B,161,simple,correct,1.5119633273703041,12
Qwen-3-235B,161,simple,correct,1.2955920484010373,13
Qwen-3-235B,161,simple,correct,1.585644007155635,14
Qwen-3-235B,161,simple,correct,1.2128788560122312,15
Qwen-3-235B,161,simple,correct,1.0784333070244672,16
Qwen-3-235B,161,simple,correct,0.9662121080517676,17
Qwen-3-235B,161,simple,correct,1.2782082324455206,18
Qwen-3-235B,161,simple,correct,1.4146640510053947,19
Qwen-3-235B,161,simple,correct,1.44406970207982,20
Qwen-3-235B,161,simple,correct,1.2108514940462818,21
Qwen-3-235B,161,simple,correct,1.5288830428587088,22
Qwen-3-235B,161,simple,correct,1.0439469320066335,23
Qwen-3-235B,161,simple,correct,1.1893396976929196,24
Qwen-3-235B,161,simple,correct,1.1480467778054242,25
Qwen-3-235B,161,simple,correct,1.0483680027059024,26
Qwen-3-235B,161,simple,correct,1.4342361479907948,27
Qwen-3-235B,161,simple,correct,1.117326168376486,28
Qwen-3-235B,161,simple,correct,1.1867047759542688,29
Qwen-3-235B,161,simple,correct,0.9356756277171502,30
Qwen-3-235B,161,simple,correct,1.3253908457336598,31
Qwen-3-235B,161,simple,correct,1.2075127168383983,32
Qwen-3-235B,161,simple,correct,2.0036041447664816,33
Qwen-3-235B,161,simple,correct,1.3866502192982457,34
Qwen-3-235B,161,simple,correct,1.2979295824072992,35
Qwen-3-235B,161,simple,correct,0.8577758470894874,36
Qwen-3-235B,161,simple,correct,0.752191380569759,37
Qwen-3-235B,161,simple,correct,1.1939404772544464,38
Qwen-3-235B,161,simple,correct,1.0879432624113474,39
Qwen-3-235B,161,simple,correct,1.1884159106769017,40
Qwen-3-235B,161,simple,correct,1.045325510976533,41
Qwen-3-235B,161,simple,correct,1.3012912482065997,42
Qwen-3-235B,161,simple,correct,1.217830009496676,43
Qwen-3-235B,161,simple,correct,1.0317353894289865,44
Qwen-3-235B,161,simple,correct,1.2456598355306097,45
Qwen-3-235B,161,simple,correct,0.9479695431472082,46
Qwen-3-235B,161,simple,correct,0.9468632958801498,47
Qwen-3-235B,161,simple,correct,1.0168321513002363,48
Qwen-3-235B,161,simple,correct,1.0913742105683908,49
Qwen-3-235B,161,simple,correct,1.3687360801781736,50
Qwen-3-235B,1713,Simple,semantic,,1
Qwen-3-235B,1713,Simple,semantic,,2
Qwen-3-235B,1713,Simple,semantic,,3
Qwen-3-235B,1713,Simple,semantic,,4
Qwen-3-235B,1713,Simple,semantic,,5
Qwen-3-235B,1713,Simple,semantic,,6
Qwen-3-235B,1713,Simple,semantic,,7
Qwen-3-235B,1713,Simple,semantic,,8
Qwen-3-235B,1713,Simple,semantic,,9
Qwen-3-235B,1713,Simple,semantic,,10
Qwen-3-235B,1713,Simple,semantic,,11
Qwen-3-235B,1713,Simple,semantic,,12
Qwen-3-235B,1713,Simple,semantic,,13
Qwen-3-235B,1713,Simple,semantic,,14
Qwen-3-235B,1713,Simple,semantic,,15
Qwen-3-235B,1713,Simple,semantic,,16
Qwen-3-235B,1713,Simple,semantic,,17
Qwen-3-235B,1713,Simple,semantic,,18
Qwen-3-235B,1713,Simple,semantic,,19
Qwen-3-235B,1713,Simple,semantic,,20
Qwen-3-235B,1713,Simple,semantic,,21
Qwen-3-235B,1713,Simple,semantic,,22
Qwen-3-235B,1713,Simple,semantic,,23
Qwen-3-235B,1713,Simple,semantic,,24
Qwen-3-235B,1713,Simple,semantic,,25
Qwen-3-235B,1713,Simple,semantic,,26
Qwen-3-235B,1713,Simple,semantic,,27
Qwen-3-235B,1713,Simple,semantic,,28
Qwen-3-235B,1713,Simple,semantic,,29
Qwen-3-235B,1713,Simple,semantic,,30
Qwen-3-235B,1713,Simple,semantic,,31
Qwen-3-235B,1713,Simple,semantic,,32
Qwen-3-235B,1713,Simple,semantic,,33
Qwen-3-235B,1713,Simple,semantic,,34
Qwen-3-235B,1713,Simple,semantic,,35
Qwen-3-235B,1713,Simple,semantic,,36
Qwen-3-235B,1713,Simple,semantic,,37
Qwen-3-235B,1713,Simple,semantic,,38
Qwen-3-235B,1713,Simple,semantic,,39
Qwen-3-235B,1713,Simple,semantic,,40
Qwen-3-235B,1713,Simple,semantic,,41
Qwen-3-235B,1713,Simple,semantic,,42
Qwen-3-235B,1713,Simple,semantic,,43
Qwen-3-235B,1713,Simple,semantic,,44
Qwen-3-235B,1713,Simple,semantic,,45
Qwen-3-235B,1713,Simple,semantic,,46
Qwen-3-235B,1713,Simple,semantic,,47
Qwen-3-235B,1713,Simple,semantic,,48
Qwen-3-235B,1713,Simple,semantic,,49
Qwen-3-235B,1713,Simple,semantic,,50
Qwen-3-235B,564,simple,correct,4.220682856459763,1
Qwen-3-235B,564,simple,correct,0.9677244293453653,2
Qwen-3-235B,564,simple,correct,1.0871402154098009,3
Qwen-3-235B,564,simple,correct,1.2250541915563395,4
Qwen-3-235B,564,simple,correct,1.0748633956305527,5
Qwen-3-235B,564,simple,correct,0.9810722115855784,6
Qwen-3-235B,564,simple,correct,0.9084266748757517,7
Qwen-3-235B,564,simple,correct,1.126984755155149,8
Qwen-3-235B,564,simple,correct,0.903935453595506,9
Qwen-3-235B,564,simple,correct,0.9753409591405449,10
Qwen-3-235B,564,simple,correct,1.0474413025910725,11
Qwen-3-235B,564,simple,correct,0.8832987078539947,12
Qwen-3-235B,564,simple,correct,1.1252732927107554,13
Qwen-3-235B,564,simple,correct,1.1902825396132135,14
Qwen-3-235B,564,simple,correct,0.9155327738262333,15
Qwen-3-235B,564,simple,correct,0.9989657349326384,16
Qwen-3-235B,564,simple,correct,0.8844120124974636,17
Qwen-3-235B,564,simple,correct,1.2343599891922183,18
Qwen-3-235B,564,simple,correct,1.0284674532298186,19
Qwen-3-235B,564,simple,correct,0.9734750289875418,20
Qwen-3-235B,564,simple,correct,0.8994406493555607,21
Qwen-3-235B,564,simple,correct,0.947178500459485,22
Qwen-3-235B,564,simple,correct,0.8651848532499399,23
Qwen-3-235B,564,simple,correct,1.1831962843918404,24
Qwen-3-235B,564,simple,correct,1.0302239251756111,25
Qwen-3-235B,564,simple,correct,0.8613940104586428,26
Qwen-3-235B,564,simple,correct,1.0532916841398896,27
Qwen-3-235B,564,simple,correct,0.9500674731086818,28
Qwen-3-235B,564,simple,correct,0.7692660999440508,29
Qwen-3-235B,564,simple,correct,1.1315141638384565,30
Qwen-3-235B,564,simple,correct,0.9693461257948932,31
Qwen-3-235B,564,simple,correct,1.1206050274024324,32
Qwen-3-235B,564,simple,correct,0.9374171176777981,33
Qwen-3-235B,564,simple,correct,0.9187979988217434,34
Qwen-3-235B,564,simple,correct,1.0838263059911435,35
Qwen-3-235B,564,simple,correct,0.9901065209732565,36
Qwen-3-235B,564,simple,correct,1.0252802627674373,37
Qwen-3-235B,564,simple,correct,0.8811028984811243,38
Qwen-3-235B,564,simple,correct,1.0089533908294908,39
Qwen-3-235B,564,simple,correct,1.0994207322732226,40
Qwen-3-235B,564,simple,correct,1.1459038160792108,41
Qwen-3-235B,564,simple,correct,1.1149218937005005,42
Qwen-3-235B,564,simple,correct,1.1330267085204502,43
Qwen-3-235B,564,simple,correct,0.8479358291349232,44
Qwen-3-235B,564,simple,correct,1.2097932667777507,45
Qwen-3-235B,564,simple,correct,1.4696781402821573,46
Qwen-3-235B,564,simple,correct,1.0000273892561078,47
Qwen-3-235B,564,simple,correct,0.9652014549493018,48
Qwen-3-235B,564,simple,correct,1.001920418812996,49
Qwen-3-235B,564,simple,correct,1.0183515838914383,50
Qwen-3-235B,841,simple,correct,1.374413145539906,1
Qwen-3-235B,841,simple,correct,2.293036408624956,2
Qwen-3-235B,841,simple,correct,1.693916349809886,3
Qwen-3-235B,841,simple,correct,1.397196261682243,4
Qwen-3-235B,841,simple,correct,1.797337278106509,5
Qwen-3-235B,841,simple,correct,1.525940996948118,6
Qwen-3-235B,841,simple,correct,1.4614745931584192,7
Qwen-3-235B,841,simple,correct,1.5046396535725333,8
Qwen-3-235B,841,simple,correct,1.347686936281641,9
Qwen-3-235B,841,simple,correct,2.0245772266065387,10
Qwen-3-235B,841,simple,correct,2.483148183016381,11
Qwen-3-235B,841,simple,correct,1.7191011235955056,12
Qwen-3-235B,841,simple,correct,1.384460141271443,13
Qwen-3-235B,841,simple,correct,1.036806342015855,14
Qwen-3-235B,841,simple,correct,1.0651050080775444,15
Qwen-3-235B,841,simple,correct,1.0507527549278286,16
Qwen-3-235B,841,simple,correct,1.3071407230355543,17
Qwen-3-235B,841,simple,correct,1.2754406580493538,18
Qwen-3-235B,841,simple,correct,1.439925295704503,19
Qwen-3-235B,841,simple,correct,1.3200173686495875,20
Qwen-3-235B,841,simple,correct,1.5020454917362134,21
Qwen-3-235B,841,simple,correct,1.7116698551516807,22
Qwen-3-235B,841,simple,correct,1.6716961498439127,23
Qwen-3-235B,841,simple,correct,1.7283113173866476,24
Qwen-3-235B,841,simple,correct,1.5853539064413422,25
Qwen-3-235B,841,simple,correct,1.4595081967213115,26
Qwen-3-235B,841,simple,correct,1.4200463499420626,27
Qwen-3-235B,841,simple,correct,1.6277888626881916,28
Qwen-3-235B,841,simple,correct,1.144311064718163,29
Qwen-3-235B,841,simple,correct,1.7378693412849011,30
Qwen-3-235B,841,simple,correct,1.492656315568611,31
Qwen-3-235B,841,simple,correct,1.5065213159431574,32
Qwen-3-235B,841,simple,correct,1.5130185979971387,33
Qwen-3-235B,841,simple,correct,1.161132364192808,34
Qwen-3-235B,841,simple,correct,1.5257124140189977,35
Qwen-3-235B,841,simple,correct,1.4567901234567902,36
Qwen-3-235B,841,simple,correct,1.4627584822324835,37
Qwen-3-235B,841,simple,correct,1.0298194713088331,38
Qwen-3-235B,841,simple,correct,1.4795279383429671,39
Qwen-3-235B,841,simple,correct,1.9974603174603174,40
Qwen-3-235B,841,simple,correct,1.4222669557138432,41
Qwen-3-235B,841,simple,correct,32.137416446448,42
Qwen-3-235B,841,simple,correct,1.5274021352313167,43
Qwen-3-235B,841,simple,correct,1.3969042885543879,44
Qwen-3-235B,841,simple,correct,1.3283395755305867,45
Qwen-3-235B,841,simple,correct,1.3403990024937655,46
Qwen-3-235B,841,simple,correct,1.4510181618051734,47
Qwen-3-235B,841,simple,correct,1.5123603115475788,48
Qwen-3-235B,841,simple,correct,1.468031968031968,49
Qwen-3-235B,841,simple,correct,1.4597268016957137,50
Qwen-3-235B,580,simple,semantic,,1
Qwen-3-235B,580,simple,semantic,,2
Qwen-3-235B,580,simple,semantic,,3
Qwen-3-235B,580,simple,semantic,,4
Qwen-3-235B,580,simple,semantic,,5
Qwen-3-235B,580,simple,semantic,,6
Qwen-3-235B,580,simple,semantic,,7
Qwen-3-235B,580,simple,semantic,,8
Qwen-3-235B,580,simple,semantic,,9
Qwen-3-235B,580,simple,semantic,,10
Qwen-3-235B,580,simple,semantic,,11
Qwen-3-235B,580,simple,semantic,,12
Qwen-3-235B,580,simple,semantic,,13
Qwen-3-235B,580,simple,semantic,,14
Qwen-3-235B,580,simple,semantic,,15
Qwen-3-235B,580,simple,semantic,,16
Qwen-3-235B,580,simple,semantic,,17
Qwen-3-235B,580,simple,semantic,,18
Qwen-3-235B,580,simple,semantic,,19
Qwen-3-235B,580,simple,semantic,,20
Qwen-3-235B,580,simple,semantic,,21
Qwen-3-235B,580,simple,semantic,,22
Qwen-3-235B,580,simple,semantic,,23
Qwen-3-235B,580,simple,semantic,,24
Qwen-3-235B,580,simple,semantic,,25
Qwen-3-235B,580,simple,semantic,,26
Qwen-3-235B,580,simple,semantic,,27
Qwen-3-235B,580,simple,semantic,,28
Qwen-3-235B,580,simple,semantic,,29
Qwen-3-235B,580,simple,semantic,,30
Qwen-3-235B,580,simple,semantic,,31
Qwen-3-235B,580,simple,semantic,,32
Qwen-3-235B,580,simple,semantic,,33
Qwen-3-235B,580,simple,semantic,,34
Qwen-3-235B,580,simple,semantic,,35
Qwen-3-235B,580,simple,semantic,,36
Qwen-3-235B,580,simple,semantic,,37
Qwen-3-235B,580,simple,semantic,,38
Qwen-3-235B,580,simple,semantic,,39
Qwen-3-235B,580,simple,semantic,,40
Qwen-3-235B,580,simple,semantic,,41
Qwen-3-235B,580,simple,semantic,,42
Qwen-3-235B,580,simple,semantic,,43
Qwen-3-235B,580,simple,semantic,,44
Qwen-3-235B,580,simple,semantic,,45
Qwen-3-235B,580,simple,semantic,,46
Qwen-3-235B,580,simple,semantic,,47
Qwen-3-235B,580,simple,semantic,,48
Qwen-3-235B,580,simple,semantic,,49
Qwen-3-235B,580,simple,semantic,,50
Qwen-3-235B,722,simple,correct,5.830419931685754,1
Qwen-3-235B,722,simple,correct,1.628853847964227,2
Qwen-3-235B,722,simple,correct,1.4893975903614458,3
Qwen-3-235B,722,simple,correct,1.5387138171966348,4
Qwen-3-235B,722,simple,correct,1.30775379696243,5
Qwen-3-235B,722,simple,correct,1.389723801787165,6
Qwen-3-235B,722,simple,correct,1.3634430126360566,7
Qwen-3-235B,722,simple,correct,1.254339791689999,8
Qwen-3-235B,722,simple,correct,1.833116714322849,9
Qwen-3-235B,722,simple,correct,1.2763840224246672,10
Qwen-3-235B,722,simple,correct,1.4858641130870953,11
Qwen-3-235B,722,simple,correct,1.3662041625371655,12
Qwen-3-235B,722,simple,correct,1.3508771929824561,13
Qwen-3-235B,722,simple,correct,1.2653551912568306,14
Qwen-3-235B,722,simple,correct,1.3659912798153373,15
Qwen-3-235B,722,simple,correct,1.4040876631371584,16
Qwen-3-235B,722,simple,correct,1.5951708999686423,17
Qwen-3-235B,722,simple,correct,1.2657647828933014,18
Qwen-3-235B,722,simple,correct,1.4418314626759308,19
Qwen-3-235B,722,simple,correct,1.3886514719848053,20
Qwen-3-235B,722,simple,correct,1.3496406213772316,21
Qwen-3-235B,722,simple,correct,1.317837555497519,22
Qwen-3-235B,722,simple,correct,1.4733699546214474,23
Qwen-3-235B,722,simple,correct,1.254289977617508,24
Qwen-3-235B,722,simple,correct,1.274284285535692,25
Qwen-3-235B,722,simple,correct,1.2661885678126978,26
Qwen-3-235B,722,simple,correct,1.2191822311963654,27
Qwen-3-235B,722,simple,correct,1.3673102828917827,28
Qwen-3-235B,722,simple,correct,1.9072727272727272,29
Qwen-3-235B,722,simple,correct,1.4926523729221874,30
Qwen-3-235B,722,simple,correct,1.6326081642630164,31
Qwen-3-235B,722,simple,correct,1.3648046825295839,32
Qwen-3-235B,722,simple,correct,1.3064682785699524,33
Qwen-3-235B,722,simple,correct,1.1498988608538274,34
Qwen-3-235B,722,simple,correct,1.3098097173471273,35
Qwen-3-235B,722,simple,correct,2.1344116006692695,36
Qwen-3-235B,722,simple,correct,1.2946976073103282,37
Qwen-3-235B,722,simple,correct,1.3504831548707235,38
Qwen-3-235B,722,simple,correct,1.0621809744779582,39
Qwen-3-235B,722,simple,correct,1.1811856790839252,40
Qwen-3-235B,722,simple,correct,1.5974726200505476,41
Qwen-3-235B,722,simple,correct,1.3497588319645417,42
Qwen-3-235B,722,simple,correct,1.2139152435167615,43
Qwen-3-235B,722,simple,correct,1.4984146341463416,44
Qwen-3-235B,722,simple,correct,1.3359213250517599,45
Qwen-3-235B,722,simple,correct,1.95379899277425,46
Qwen-3-235B,722,simple,correct,1.1952848722986247,47
Qwen-3-235B,722,simple,correct,1.4653379549393415,48
Qwen-3-235B,722,simple,correct,1.9296155928532757,49
Qwen-3-235B,722,simple,correct,1.5917340247064207,50
Qwen-3-235B,10,simple,correct,8.431742445636825,1
Qwen-3-235B,10,simple,correct,0.8018310348823734,2
Qwen-3-235B,10,simple,correct,1.3132598851927122,3
Qwen-3-235B,10,simple,correct,1.0647548118773575,4
Qwen-3-235B,10,simple,correct,1.021060376143836,5
Qwen-3-235B,10,simple,correct,1.1585472898836955,6
Qwen-3-235B,10,simple,correct,1.6194274988268418,7
Qwen-3-235B,10,simple,correct,0.9038986838837845,8
Qwen-3-235B,10,simple,correct,1.0989342308231664,9
Qwen-3-235B,10,simple,correct,1.008975356679637,10
Qwen-3-235B,10,simple,correct,0.8413418277363856,11
Qwen-3-235B,10,simple,correct,0.9342046800947867,12
Qwen-3-235B,10,simple,correct,1.3781808691113142,13
Qwen-3-235B,10,simple,correct,0.7507535555083846,14
Qwen-3-235B,10,simple,correct,1.081682919473208,15
Qwen-3-235B,10,simple,correct,1.1667552625983415,16
Qwen-3-235B,10,simple,correct,0.999565185883035,17
Qwen-3-235B,10,simple,correct,1.126840196287604,18
Qwen-3-235B,10,simple,correct,1.7697566713225024,19
Qwen-3-235B,10,simple,correct,1.3011656411026065,20
Qwen-3-235B,10,simple,correct,1.408848118903855,21
Qwen-3-235B,10,simple,correct,0.971450265755505,22
Qwen-3-235B,10,simple,correct,1.2634633004173879,23
Qwen-3-235B,10,simple,correct,0.8019652570626425,24
Qwen-3-235B,10,simple,correct,0.9985058697972252,25
Qwen-3-235B,10,simple,correct,1.1435430740885488,26
Qwen-3-235B,10,simple,correct,0.7882445989260293,27
Qwen-3-235B,10,simple,correct,0.7841492190718754,28
Qwen-3-235B,10,simple,correct,0.9314837695158935,29
Qwen-3-235B,10,simple,correct,0.9622379564070526,30
Qwen-3-235B,10,simple,correct,1.1051887605585244,31
Qwen-3-235B,10,simple,correct,0.9885403803408249,32
Qwen-3-235B,10,simple,correct,1.0304828973843059,33
Qwen-3-235B,10,simple,correct,1.0294882047181129,34
Qwen-3-235B,10,simple,correct,0.8932376507880603,35
Qwen-3-235B,10,simple,correct,1.1322597224601678,36
Qwen-3-235B,10,simple,correct,1.2648783162512127,37
Qwen-3-235B,10,simple,correct,1.2942093124727296,38
Qwen-3-235B,10,simple,correct,0.8677163089974478,39
Qwen-3-235B,10,simple,correct,1.0796646622481676,40
Qwen-3-235B,10,simple,correct,1.2265847773634568,41
Qwen-3-235B,10,simple,correct,1.2823143208863357,42
Qwen-3-235B,10,simple,correct,0.7107146710786606,43
Qwen-3-235B,10,simple,correct,0.8230066206102475,44
Qwen-3-235B,10,simple,correct,1.1540632284978118,45
Qwen-3-235B,10,simple,correct,1.0617600390577322,46
Qwen-3-235B,10,simple,correct,1.0870229007633587,47
Qwen-3-235B,10,simple,correct,1.18714187485675,48
Qwen-3-235B,10,simple,correct,0.9146358005154406,49
Qwen-3-235B,10,simple,correct,0.9590764392283205,50
Qwen-3-235B,1197,simple,semantic,,1
Qwen-3-235B,1197,simple,semantic,,2
Qwen-3-235B,1197,simple,semantic,,3
Qwen-3-235B,1197,simple,semantic,,4
Qwen-3-235B,1197,simple,semantic,,5
Qwen-3-235B,1197,simple,semantic,,6
Qwen-3-235B,1197,simple,semantic,,7
Qwen-3-235B,1197,simple,semantic,,8
Qwen-3-235B,1197,simple,semantic,,9
Qwen-3-235B,1197,simple,semantic,,10
Qwen-3-235B,1197,simple,semantic,,11
Qwen-3-235B,1197,simple,semantic,,12
Qwen-3-235B,1197,simple,semantic,,13
Qwen-3-235B,1197,simple,semantic,,14
Qwen-3-235B,1197,simple,semantic,,15
Qwen-3-235B,1197,simple,semantic,,16
Qwen-3-235B,1197,simple,semantic,,17
Qwen-3-235B,1197,simple,semantic,,18
Qwen-3-235B,1197,simple,semantic,,19
Qwen-3-235B,1197,simple,semantic,,20
Qwen-3-235B,1197,simple,semantic,,21
Qwen-3-235B,1197,simple,semantic,,22
Qwen-3-235B,1197,simple,semantic,,23
Qwen-3-235B,1197,simple,semantic,,24
Qwen-3-235B,1197,simple,semantic,,25
Qwen-3-235B,1197,simple,semantic,,26
Qwen-3-235B,1197,simple,semantic,,27
Qwen-3-235B,1197,simple,semantic,,28
Qwen-3-235B,1197,simple,semantic,,29
Qwen-3-235B,1197,simple,semantic,,30
Qwen-3-235B,1197,simple,semantic,,31
Qwen-3-235B,1197,simple,semantic,,32
Qwen-3-235B,1197,simple,semantic,,33
Qwen-3-235B,1197,simple,semantic,,34
Qwen-3-235B,1197,simple,semantic,,35
Qwen-3-235B,1197,simple,semantic,,36
Qwen-3-235B,1197,simple,semantic,,37
Qwen-3-235B,1197,simple,semantic,,38
Qwen-3-235B,1197,simple,semantic,,39
Qwen-3-235B,1197,simple,semantic,,40
Qwen-3-235B,1197,simple,semantic,,41
Qwen-3-235B,1197,simple,semantic,,42
Qwen-3-235B,1197,simple,semantic,,43
Qwen-3-235B,1197,simple,semantic,,44
Qwen-3-235B,1197,simple,semantic,,45
Qwen-3-235B,1197,simple,semantic,,46
Qwen-3-235B,1197,simple,semantic,,47
Qwen-3-235B,1197,simple,semantic,,48
Qwen-3-235B,1197,simple,semantic,,49
Qwen-3-235B,1197,simple,semantic,,50
Qwen-3-235B,679,simple,semantic,,1
Qwen-3-235B,679,simple,semantic,,2
Qwen-3-235B,679,simple,semantic,,3
Qwen-3-235B,679,simple,semantic,,4
Qwen-3-235B,679,simple,semantic,,5
Qwen-3-235B,679,simple,semantic,,6
Qwen-3-235B,679,simple,semantic,,7
Qwen-3-235B,679,simple,semantic,,8
Qwen-3-235B,679,simple,semantic,,9
Qwen-3-235B,679,simple,semantic,,10
Qwen-3-235B,679,simple,semantic,,11
Qwen-3-235B,679,simple,semantic,,12
Qwen-3-235B,679,simple,semantic,,13
Qwen-3-235B,679,simple,semantic,,14
Qwen-3-235B,679,simple,semantic,,15
Qwen-3-235B,679,simple,semantic,,16
Qwen-3-235B,679,simple,semantic,,17
Qwen-3-235B,679,simple,semantic,,18
Qwen-3-235B,679,simple,semantic,,19
Qwen-3-235B,679,simple,semantic,,20
Qwen-3-235B,679,simple,semantic,,21
Qwen-3-235B,679,simple,semantic,,22
Qwen-3-235B,679,simple,semantic,,23
Qwen-3-235B,679,simple,semantic,,24
Qwen-3-235B,679,simple,semantic,,25
Qwen-3-235B,679,simple,semantic,,26
Qwen-3-235B,679,simple,semantic,,27
Qwen-3-235B,679,simple,semantic,,28
Qwen-3-235B,679,simple,semantic,,29
Qwen-3-235B,679,simple,semantic,,30
Qwen-3-235B,679,simple,semantic,,31
Qwen-3-235B,679,simple,semantic,,32
Qwen-3-235B,679,simple,semantic,,33
Qwen-3-235B,679,simple,semantic,,34
Qwen-3-235B,679,simple,semantic,,35
Qwen-3-235B,679,simple,semantic,,36
Qwen-3-235B,679,simple,semantic,,37
Qwen-3-235B,679,simple,semantic,,38
Qwen-3-235B,679,simple,semantic,,39
Qwen-3-235B,679,simple,semantic,,40
Qwen-3-235B,679,simple,semantic,,41
Qwen-3-235B,679,simple,semantic,,42
Qwen-3-235B,679,simple,semantic,,43
Qwen-3-235B,679,simple,semantic,,44
Qwen-3-235B,679,simple,semantic,,45
Qwen-3-235B,679,simple,semantic,,46
Qwen-3-235B,679,simple,semantic,,47
Qwen-3-235B,679,simple,semantic,,48
Qwen-3-235B,679,simple,semantic,,49
Qwen-3-235B,679,simple,semantic,,50
Qwen-3-235B,430,simple,semantic,,1
Qwen-3-235B,430,simple,semantic,,2
Qwen-3-235B,430,simple,semantic,,3
Qwen-3-235B,430,simple,semantic,,4
Qwen-3-235B,430,simple,semantic,,5
Qwen-3-235B,430,simple,semantic,,6
Qwen-3-235B,430,simple,semantic,,7
Qwen-3-235B,430,simple,semantic,,8
Qwen-3-235B,430,simple,semantic,,9
Qwen-3-235B,430,simple,semantic,,10
Qwen-3-235B,430,simple,semantic,,11
Qwen-3-235B,430,simple,semantic,,12
Qwen-3-235B,430,simple,semantic,,13
Qwen-3-235B,430,simple,semantic,,14
Qwen-3-235B,430,simple,semantic,,15
Qwen-3-235B,430,simple,semantic,,16
Qwen-3-235B,430,simple,semantic,,17
Qwen-3-235B,430,simple,semantic,,18
Qwen-3-235B,430,simple,semantic,,19
Qwen-3-235B,430,simple,semantic,,20
Qwen-3-235B,430,simple,semantic,,21
Qwen-3-235B,430,simple,semantic,,22
Qwen-3-235B,430,simple,semantic,,23
Qwen-3-235B,430,simple,semantic,,24
Qwen-3-235B,430,simple,semantic,,25
Qwen-3-235B,430,simple,semantic,,26
Qwen-3-235B,430,simple,semantic,,27
Qwen-3-235B,430,simple,semantic,,28
Qwen-3-235B,430,simple,semantic,,29
Qwen-3-235B,430,simple,semantic,,30
Qwen-3-235B,430,simple,semantic,,31
Qwen-3-235B,430,simple,semantic,,32
Qwen-3-235B,430,simple,semantic,,33
Qwen-3-235B,430,simple,semantic,,34
Qwen-3-235B,430,simple,semantic,,35
Qwen-3-235B,430,simple,semantic,,36
Qwen-3-235B,430,simple,semantic,,37
Qwen-3-235B,430,simple,semantic,,38
Qwen-3-235B,430,simple,semantic,,39
Qwen-3-235B,430,simple,semantic,,40
Qwen-3-235B,430,simple,semantic,,41
Qwen-3-235B,430,simple,semantic,,42
Qwen-3-235B,430,simple,semantic,,43
Qwen-3-235B,430,simple,semantic,,44
Qwen-3-235B,430,simple,semantic,,45
Qwen-3-235B,430,simple,semantic,,46
Qwen-3-235B,430,simple,semantic,,47
Qwen-3-235B,430,simple,semantic,,48
Qwen-3-235B,430,simple,semantic,,49
Qwen-3-235B,430,simple,semantic,,50
Qwen-3-235B,1536,Simple,semantic,,1
Qwen-3-235B,1536,Simple,semantic,,2
Qwen-3-235B,1536,Simple,semantic,,3
Qwen-3-235B,1536,Simple,semantic,,4
Qwen-3-235B,1536,Simple,other,,5
Qwen-3-235B,1536,Simple,semantic,,6
Qwen-3-235B,1536,Simple,other,,7
Qwen-3-235B,1536,Simple,semantic,,8
Qwen-3-235B,1536,Simple,semantic,,9
Qwen-3-235B,1536,Simple,semantic,,10
Qwen-3-235B,1536,Simple,semantic,,11
Qwen-3-235B,1536,Simple,semantic,,12
Qwen-3-235B,1536,Simple,other,,13
Qwen-3-235B,1536,Simple,other,,14
Qwen-3-235B,1536,Simple,semantic,,15
Qwen-3-235B,1536,Simple,semantic,,16
Qwen-3-235B,1536,Simple,semantic,,17
Qwen-3-235B,1536,Simple,semantic,,18
Qwen-3-235B,1536,Simple,other,,19
Qwen-3-235B,1536,Simple,semantic,,20
Qwen-3-235B,1536,Simple,semantic,,21
Qwen-3-235B,1536,Simple,semantic,,22
Qwen-3-235B,1536,Simple,semantic,,23
Qwen-3-235B,1536,Simple,other,,24
Qwen-3-235B,1536,Simple,other,,25
Qwen-3-235B,1536,Simple,other,,26
Qwen-3-235B,1536,Simple,semantic,,27
Qwen-3-235B,1536,Simple,semantic,,28
Qwen-3-235B,1536,Simple,other,,29
Qwen-3-235B,1536,Simple,semantic,,30
Qwen-3-235B,1536,Simple,semantic,,31
Qwen-3-235B,1536,Simple,semantic,,32
Qwen-3-235B,1536,Simple,semantic,,33
Qwen-3-235B,1536,Simple,semantic,,34
Qwen-3-235B,1536,Simple,other,,35
Qwen-3-235B,1536,Simple,semantic,,36
Qwen-3-235B,1536,Simple,semantic,,37
Qwen-3-235B,1536,Simple,other,,38
Qwen-3-235B,1536,Simple,semantic,,39
Qwen-3-235B,1536,Simple,semantic,,40
Qwen-3-235B,1536,Simple,semantic,,41
Qwen-3-235B,1536,Simple,semantic,,42
Qwen-3-235B,1536,Simple,semantic,,43
Qwen-3-235B,1536,Simple,semantic,,44
Qwen-3-235B,1536,Simple,semantic,,45
Qwen-3-235B,1536,Simple,other,,46
Qwen-3-235B,1536,Simple,other,,47
Qwen-3-235B,1536,Simple,semantic,,48
Qwen-3-235B,1536,Simple,other,,49
Qwen-3-235B,1536,Simple,other,,50
Qwen-3-235B,577,simple,correct,3.5960312214046746,1
Qwen-3-235B,577,simple,correct,0.7978050944875144,2
Qwen-3-235B,577,simple,correct,0.9577381783381521,3
Qwen-3-235B,577,simple,correct,1.0066693525955344,4
Qwen-3-235B,577,simple,correct,0.9482476000456088,5
Qwen-3-235B,577,simple,correct,0.8429189371276716,6
Qwen-3-235B,577,simple,correct,0.9910733309853947,7
Qwen-3-235B,577,simple,correct,0.9929824693378396,8
Qwen-3-235B,577,simple,correct,0.8456943655295811,9
Qwen-3-235B,577,simple,correct,1.0151191849731565,10
Qwen-3-235B,577,simple,correct,0.9145410013223939,11
Qwen-3-235B,577,simple,correct,0.9263546393801039,12
Qwen-3-235B,577,simple,correct,1.0422462212625,13
Qwen-3-235B,577,simple,correct,0.9928769799234192,14
Qwen-3-235B,577,simple,correct,0.9639704440159831,15
Qwen-3-235B,577,simple,correct,1.0547840404762863,16
Qwen-3-235B,577,simple,correct,0.8852498214018275,17
Qwen-3-235B,577,simple,correct,0.48089597226203756,18
Qwen-3-235B,577,simple,correct,0.8555097064487779,19
Qwen-3-235B,577,simple,correct,0.8523932699922616,20
Qwen-3-235B,577,simple,correct,0.8906314406796331,21
Qwen-3-235B,577,simple,correct,1.0459067757985163,22
Qwen-3-235B,577,simple,correct,0.9493482486792048,23
Qwen-3-235B,577,simple,correct,1.0013405150662875,24
Qwen-3-235B,577,simple,correct,0.9165985469187269,25
Qwen-3-235B,577,simple,correct,0.7830513273814983,26
Qwen-3-235B,577,simple,correct,0.9361546203628778,27
Qwen-3-235B,577,simple,correct,1.0526888466479816,28
Qwen-3-235B,577,simple,correct,0.9443188060970596,29
Qwen-3-235B,577,simple,correct,0.7946639493682184,30
Qwen-3-235B,577,simple,correct,1.0119205575573886,31
Qwen-3-235B,577,simple,correct,0.940858803296475,32
Qwen-3-235B,577,simple,correct,0.9887980344050438,33
Qwen-3-235B,577,simple,correct,0.9253516205541235,34
Qwen-3-235B,577,simple,correct,1.01434866080705,35
Qwen-3-235B,577,simple,correct,0.9387230148551886,36
Qwen-3-235B,577,simple,correct,0.906801624070265,37
Qwen-3-235B,577,simple,correct,0.9189789817625658,38
Qwen-3-235B,577,simple,correct,0.941721558110995,39
Qwen-3-235B,577,simple,correct,0.9222157839097647,40
Qwen-3-235B,577,simple,correct,0.9358745023040335,41
Qwen-3-235B,577,simple,correct,1.0167211181007265,42
Qwen-3-235B,577,simple,correct,1.0769890687486932,43
Qwen-3-235B,577,simple,correct,1.0203594466365857,44
Qwen-3-235B,577,simple,correct,1.0123483968268998,45
Qwen-3-235B,577,simple,correct,0.9733290755570937,46
Qwen-3-235B,577,simple,correct,0.9391681590084392,47
Qwen-3-235B,577,simple,correct,0.9526764320538501,48
Qwen-3-235B,577,simple,correct,0.9252859042919377,49
Qwen-3-235B,577,simple,correct,0.8835899033529748,50
Qwen-3-235B,323,simple,correct,13.833752515090543,1
Qwen-3-235B,323,simple,correct,1.5959818836372082,2
Qwen-3-235B,323,simple,correct,1.2379698852269139,3
Qwen-3-235B,323,simple,correct,1.2547549179437019,4
Qwen-3-235B,323,simple,correct,1.0830294189156333,5
Qwen-3-235B,323,simple,correct,1.4019689406544649,6
Qwen-3-235B,323,simple,correct,1.0602748282323549,7
Qwen-3-235B,323,simple,correct,1.3892872205820328,8
Qwen-3-235B,323,simple,correct,1.4139435989256939,9
Qwen-3-235B,323,simple,correct,1.7980610938357418,10
Qwen-3-235B,323,simple,correct,1.3544345898004435,11
Qwen-3-235B,323,simple,correct,1.273867662549076,12
Qwen-3-235B,323,simple,correct,1.6352261790182867,13
Qwen-3-235B,323,simple,correct,1.3858688210324523,14
Qwen-3-235B,323,simple,correct,1.1506082725060827,15
Qwen-3-235B,323,simple,correct,1.3146712987707108,16
Qwen-3-235B,323,simple,correct,1.4256816182937555,17
Qwen-3-235B,323,simple,correct,1.3930242450021268,18
Qwen-3-235B,323,simple,correct,1.3590955113061087,19
Qwen-3-235B,323,simple,correct,1.3983458961474038,20
Qwen-3-235B,323,simple,correct,2.3128616763113685,21
Qwen-3-235B,323,simple,correct,1.2976595525311887,22
Qwen-3-235B,323,simple,correct,5.634084302325581,23
Qwen-3-235B,323,simple,correct,1.3220562390158173,24
Qwen-3-235B,323,simple,correct,2.2692239072256912,25
Qwen-3-235B,323,simple,correct,1.096984033116499,26
Qwen-3-235B,323,simple,correct,14.610794064894831,27
Qwen-3-235B,323,simple,correct,1.4143550998381005,28
Qwen-3-235B,323,simple,correct,1.1943241943241942,29
Qwen-3-235B,323,simple,correct,1.062037311222979,30
Qwen-3-235B,323,simple,correct,1.0216904276985743,31
Qwen-3-235B,323,simple,correct,1.2877263581488934,32
Qwen-3-235B,323,simple,correct,2.782560502493996,33
Qwen-3-235B,323,simple,correct,1.1667978855021932,34
Qwen-3-235B,323,simple,correct,1.1803424223208625,35
Qwen-3-235B,323,simple,correct,1.440305952776854,36
Qwen-3-235B,323,simple,correct,1.3647010052855217,37
Qwen-3-235B,323,simple,correct,1.0423501661841965,38
Qwen-3-235B,323,simple,correct,1.3102625298329356,39
Qwen-3-235B,323,simple,correct,1.1485487151044556,40
Qwen-3-235B,323,simple,correct,0.9827095893527471,41
Qwen-3-235B,323,simple,correct,1.363042590828684,42
Qwen-3-235B,323,simple,correct,1.486160906353076,43
Qwen-3-235B,323,simple,correct,1.182476749877631,44
Qwen-3-235B,323,simple,correct,2.1458459062562865,45
Qwen-3-235B,323,simple,correct,1.3671047053836372,46
Qwen-3-235B,323,simple,correct,1.5518372703412073,47
Qwen-3-235B,323,simple,correct,1.4042110417431755,48
Qwen-3-235B,323,simple,correct,1.511941333861857,49
Qwen-3-235B,323,simple,correct,1.342723527446832,50
Qwen-3-235B,393,simple,semantic,,1
Qwen-3-235B,393,simple,semantic,,2
Qwen-3-235B,393,simple,semantic,,3
Qwen-3-235B,393,simple,semantic,,4
Qwen-3-235B,393,simple,semantic,,5
Qwen-3-235B,393,simple,semantic,,6
Qwen-3-235B,393,simple,semantic,,7
Qwen-3-235B,393,simple,semantic,,8
Qwen-3-235B,393,simple,semantic,,9
Qwen-3-235B,393,simple,semantic,,10
Qwen-3-235B,393,simple,semantic,,11
Qwen-3-235B,393,simple,semantic,,12
Qwen-3-235B,393,simple,semantic,,13
Qwen-3-235B,393,simple,semantic,,14
Qwen-3-235B,393,simple,semantic,,15
Qwen-3-235B,393,simple,semantic,,16
Qwen-3-235B,393,simple,semantic,,17
Qwen-3-235B,393,simple,semantic,,18
Qwen-3-235B,393,simple,semantic,,19
Qwen-3-235B,393,simple,semantic,,20
Qwen-3-235B,393,simple,semantic,,21
Qwen-3-235B,393,simple,semantic,,22
Qwen-3-235B,393,simple,semantic,,23
Qwen-3-235B,393,simple,semantic,,24
Qwen-3-235B,393,simple,semantic,,25
Qwen-3-235B,393,simple,semantic,,26
Qwen-3-235B,393,simple,semantic,,27
Qwen-3-235B,393,simple,semantic,,28
Qwen-3-235B,393,simple,semantic,,29
Qwen-3-235B,393,simple,semantic,,30
Qwen-3-235B,393,simple,semantic,,31
Qwen-3-235B,393,simple,semantic,,32
Qwen-3-235B,393,simple,semantic,,33
Qwen-3-235B,393,simple,semantic,,34
Qwen-3-235B,393,simple,semantic,,35
Qwen-3-235B,393,simple,semantic,,36
Qwen-3-235B,393,simple,semantic,,37
Qwen-3-235B,393,simple,semantic,,38
Qwen-3-235B,393,simple,semantic,,39
Qwen-3-235B,393,simple,semantic,,40
Qwen-3-235B,393,simple,semantic,,41
Qwen-3-235B,393,simple,semantic,,42
Qwen-3-235B,393,simple,semantic,,43
Qwen-3-235B,393,simple,semantic,,44
Qwen-3-235B,393,simple,semantic,,45
Qwen-3-235B,393,simple,semantic,,46
Qwen-3-235B,393,simple,semantic,,47
Qwen-3-235B,393,simple,semantic,,48
Qwen-3-235B,393,simple,semantic,,49
Qwen-3-235B,393,simple,semantic,,50
Qwen-3-235B,369,simple,correct,7.3587211428728,1
Qwen-3-235B,369,simple,correct,0.9028268588036954,2
Qwen-3-235B,369,simple,correct,1.0782422583227198,3
Qwen-3-235B,369,simple,correct,1.8823967576544274,4
Qwen-3-235B,369,simple,correct,0.7770746826043796,5
Qwen-3-235B,369,simple,correct,1.1091318670606758,6
Qwen-3-235B,369,simple,correct,1.2044929441676446,7
Qwen-3-235B,369,simple,correct,1.0557455787943004,8
Qwen-3-235B,369,simple,correct,1.0040873655067906,9
Qwen-3-235B,369,simple,correct,0.99631938123386,10
Qwen-3-235B,369,simple,correct,0.9193432277523926,11
Qwen-3-235B,369,simple,correct,0.8715655718763518,12
Qwen-3-235B,369,simple,correct,0.9440173670022811,13
Qwen-3-235B,369,simple,correct,0.812198895509715,14
Qwen-3-235B,369,simple,correct,1.083691862732744,15
Qwen-3-235B,369,simple,correct,1.230125228200074,16
Qwen-3-235B,369,simple,correct,1.1424280791614811,17
Qwen-3-235B,369,simple,correct,0.8296584559550118,18
Qwen-3-235B,369,simple,correct,0.9945986859155813,19
Qwen-3-235B,369,simple,correct,1.2512641239300832,20
Qwen-3-235B,369,simple,correct,1.2364452116622777,21
Qwen-3-235B,369,simple,correct,1.0789631053642412,22
Qwen-3-235B,369,simple,correct,0.7827464488207607,23
Qwen-3-235B,369,simple,correct,1.062389032770771,24
Qwen-3-235B,369,simple,correct,1.1161148474398002,25
Qwen-3-235B,369,simple,correct,1.1207826130813854,26
Qwen-3-235B,369,simple,correct,1.333639644734216,27
Qwen-3-235B,369,simple,correct,1.0446418993076472,28
Qwen-3-235B,369,simple,correct,0.9589019311956055,29
Qwen-3-235B,369,simple,correct,1.0673468232369712,30
Qwen-3-235B,369,simple,correct,1.3733355553788276,31
Qwen-3-235B,369,simple,correct,1.039493454507545,32
Qwen-3-235B,369,simple,correct,0.9410357452736916,33
Qwen-3-235B,369,simple,correct,1.0673644496083083,34
Qwen-3-235B,369,simple,correct,1.0309302063209007,35
Qwen-3-235B,369,simple,correct,1.2339585991999282,36
Qwen-3-235B,369,simple,correct,1.0479298204038796,37
Qwen-3-235B,369,simple,correct,1.111789352092785,38
Qwen-3-235B,369,simple,correct,0.9555910055767118,39
Qwen-3-235B,369,simple,correct,0.9045219514614169,40
Qwen-3-235B,369,simple,correct,0.9730294769829466,41
Qwen-3-235B,369,simple,correct,5.742769972259031,42
Qwen-3-235B,369,simple,correct,1.1551080882968991,43
Qwen-3-235B,369,simple,correct,0.9656373033850013,44
Qwen-3-235B,369,simple,correct,0.965789025944344,45
Qwen-3-235B,369,simple,correct,0.9493488756851456,46
Qwen-3-235B,369,simple,correct,0.9078519380248757,47
Qwen-3-235B,369,simple,correct,0.9391719112186956,48
Qwen-3-235B,369,simple,correct,0.9907102554935855,49
Qwen-3-235B,369,simple,correct,1.0114176960353796,50
Qwen-3-235B,725,simple,correct,14.316532258064516,1
Qwen-3-235B,725,simple,correct,1.4540104620749783,2
Qwen-3-235B,725,simple,correct,1.2315149211176581,3
Qwen-3-235B,725,simple,correct,1.3788501026694044,4
Qwen-3-235B,725,simple,correct,1.2199783627839884,5
Qwen-3-235B,725,simple,correct,1.341175195143105,6
Qwen-3-235B,725,simple,correct,0.932643733461631,7
Qwen-3-235B,725,simple,correct,1.279166003501512,8
Qwen-3-235B,725,simple,correct,1.4503428445034285,9
Qwen-3-235B,725,simple,correct,1.3515532835233977,10
Qwen-3-235B,725,simple,correct,2.1160520607375273,11
Qwen-3-235B,725,simple,correct,1.557830658550083,12
Qwen-3-235B,725,simple,correct,1.6425619834710743,13
Qwen-3-235B,725,simple,correct,1.317225059160543,14
Qwen-3-235B,725,simple,correct,1.4505494505494505,15
Qwen-3-235B,725,simple,correct,1.4521831735889243,16
Qwen-3-235B,725,simple,correct,1.0708960900654192,17
Qwen-3-235B,725,simple,correct,2.443471542621684,18
Qwen-3-235B,725,simple,correct,1.71443141254462,19
Qwen-3-235B,725,simple,correct,1.4938093866973798,20
Qwen-3-235B,725,simple,correct,0.8692748091603053,21
Qwen-3-235B,725,simple,correct,1.4572098475967175,22
Qwen-3-235B,725,simple,correct,1.6406333870101986,23
Qwen-3-235B,725,simple,correct,1.4277016742770168,24
Qwen-3-235B,725,simple,correct,1.365348073933322,25
Qwen-3-235B,725,simple,correct,1.405182041545678,26
Qwen-3-235B,725,simple,correct,1.2481333742456786,27
Qwen-3-235B,725,simple,correct,1.0053592695514093,28
Qwen-3-235B,725,simple,correct,1.1804158937811189,29
Qwen-3-235B,725,simple,correct,1.1932865731462925,30
Qwen-3-235B,725,simple,correct,1.043012249443207,31
Qwen-3-235B,725,simple,correct,1.2832915783387937,32
Qwen-3-235B,725,simple,correct,1.3587975730832873,33
Qwen-3-235B,725,simple,correct,2.166787527193619,34
Qwen-3-235B,725,simple,correct,1.4410664736397636,35
Qwen-3-235B,725,simple,correct,1.246241696771938,36
Qwen-3-235B,725,simple,correct,1.346169686985173,37
Qwen-3-235B,725,simple,correct,1.7706955831790532,38
Qwen-3-235B,725,simple,correct,1.326968659468001,39
Qwen-3-235B,725,simple,correct,1.0649278579356272,40
Qwen-3-235B,725,simple,correct,1.1652653342522399,41
Qwen-3-235B,725,simple,correct,1.1185177182368193,42
Qwen-3-235B,725,simple,correct,2.0753478603307953,43
Qwen-3-235B,725,simple,correct,1.473928372610874,44
Qwen-3-235B,725,simple,correct,1.0097875885047898,45
Qwen-3-235B,725,simple,correct,1.6566221142162818,46
Qwen-3-235B,725,simple,correct,1.3264947245017584,47
Qwen-3-235B,725,simple,correct,2.445692883895131,48
Qwen-3-235B,725,simple,correct,1.2728849489304297,49
Qwen-3-235B,725,simple,correct,1.5097936798119613,50
Qwen-3-235B,1506,moderate,correct,10.076225215114103,1
Qwen-3-235B,1506,moderate,correct,1.129086284969915,2
Qwen-3-235B,1506,moderate,correct,1.1715421946616338,3
Qwen-3-235B,1506,moderate,correct,0.7528294998174516,4
Qwen-3-235B,1506,moderate,correct,1.9644811675072433,5
Qwen-3-235B,1506,moderate,correct,1.369835111542192,6
Qwen-3-235B,1506,moderate,correct,1.6558946738479952,7
Qwen-3-235B,1506,moderate,correct,1.1507417651496104,8
Qwen-3-235B,1506,moderate,correct,1.0860172430879,9
Qwen-3-235B,1506,moderate,correct,1.1905043108539033,10
Qwen-3-235B,1506,moderate,correct,0.5998702983138781,11
Qwen-3-235B,1506,moderate,correct,0.5569323716170397,12
Qwen-3-235B,1506,moderate,correct,1.466994623040842,13
Qwen-3-235B,1506,moderate,correct,1.1295774647887324,14
Qwen-3-235B,1506,moderate,correct,0.9396759360630611,15
Qwen-3-235B,1506,moderate,correct,1.3005181347150259,16
Qwen-3-235B,1506,moderate,correct,1.128752374920836,17
Qwen-3-235B,1506,moderate,correct,1.129988597491448,18
Qwen-3-235B,1506,moderate,correct,0.9138761602631889,19
Qwen-3-235B,1506,moderate,correct,1.1465364120781527,20
Qwen-3-235B,1506,moderate,correct,1.2657829892089387,21
Qwen-3-235B,1506,moderate,correct,0.9867665661185171,22
Qwen-3-235B,1506,moderate,correct,1.0087221095334686,23
Qwen-3-235B,1506,moderate,correct,1.2567928190198931,24
Qwen-3-235B,1506,moderate,correct,1.304944571529122,25
Qwen-3-235B,1506,moderate,correct,1.1377884487128185,26
Qwen-3-235B,1506,moderate,correct,0.9641117245859046,27
Qwen-3-235B,1506,moderate,correct,1.0430150353480037,28
Qwen-3-235B,1506,moderate,correct,1.3856276043570437,29
Qwen-3-235B,1506,moderate,correct,1.2940151884623423,30
Qwen-3-235B,1506,moderate,correct,1.282176312074939,31
Qwen-3-235B,1506,moderate,correct,1.1459327488625013,32
Qwen-3-235B,1506,moderate,correct,0.7593189461883408,33
Qwen-3-235B,1506,moderate,correct,1.1805258942872396,34
Qwen-3-235B,1506,moderate,correct,1.3621873182082607,35
Qwen-3-235B,1506,moderate,correct,0.8003360739362659,36
Qwen-3-235B,1506,moderate,correct,0.7405954536310602,37
Qwen-3-235B,1506,moderate,correct,1.3701465816269442,38
Qwen-3-235B,1506,moderate,correct,1.4360996799268404,39
Qwen-3-235B,1506,moderate,correct,1.2703379224030038,40
Qwen-3-235B,1506,moderate,correct,1.4321639898562974,41
Qwen-3-235B,1506,moderate,correct,1.0485531592066761,42
Qwen-3-235B,1506,moderate,correct,0.7854951796669588,43
Qwen-3-235B,1506,moderate,correct,1.0092989028632593,44
Qwen-3-235B,1506,moderate,correct,1.1032643358265206,45
Qwen-3-235B,1506,moderate,correct,1.236498367244411,46
Qwen-3-235B,1506,moderate,correct,1.159374264878852,47
Qwen-3-235B,1506,moderate,correct,1.5955994986770645,48
Qwen-3-235B,1506,moderate,correct,1.6019293775027303,49
Qwen-3-235B,1506,moderate,correct,0.9476826672972334,50
Qwen-3-235B,906,moderate,correct,2.116685645388171,1
Qwen-3-235B,906,moderate,correct,1.1585660475386415,2
Qwen-3-235B,906,moderate,correct,0.9317260193172602,3
Qwen-3-235B,906,moderate,correct,0.8472583668492603,4
Qwen-3-235B,906,moderate,correct,1.8135134678142066,5
Qwen-3-235B,906,moderate,correct,1.1287623600999674,6
Qwen-3-235B,906,moderate,correct,0.7799887394061519,7
Qwen-3-235B,906,moderate,correct,0.9841834181332888,8
Qwen-3-235B,906,moderate,correct,0.8966137004207344,9
Qwen-3-235B,906,moderate,correct,0.9727474881916603,10
Qwen-3-235B,906,moderate,correct,1.286153158688488,11
Qwen-3-235B,906,moderate,correct,1.0361554463283076,12
Qwen-3-235B,906,moderate,correct,1.2448799474982462,13
Qwen-3-235B,906,moderate,correct,0.9527649421642355,14
Qwen-3-235B,906,moderate,correct,2.253866739238899,15
Qwen-3-235B,906,moderate,correct,0.9625269766529331,16
Qwen-3-235B,906,moderate,correct,1.8604774211929425,17
Qwen-3-235B,906,moderate,correct,0.9293599464763604,18
Qwen-3-235B,906,moderate,correct,1.0297014925373134,19
Qwen-3-235B,906,moderate,correct,1.1697163326556297,20
Qwen-3-235B,906,moderate,correct,1.0343035884959597,21
Qwen-3-235B,906,moderate,correct,1.038039592228646,22
Qwen-3-235B,906,moderate,correct,1.0834105116925214,23
Qwen-3-235B,906,moderate,correct,0.7937274693583273,24
Qwen-3-235B,906,moderate,correct,0.7955275732460665,25
Qwen-3-235B,906,moderate,correct,1.235966206599376,26
Qwen-3-235B,906,moderate,correct,1.8376169504152151,27
Qwen-3-235B,906,moderate,correct,0.8239427504206809,28
Qwen-3-235B,906,moderate,correct,1.2547979928612074,29
Qwen-3-235B,906,moderate,correct,0.6020892481740752,30
Qwen-3-235B,906,moderate,correct,0.9444232238349886,31
Qwen-3-235B,906,moderate,correct,1.2937468438191095,32
Qwen-3-235B,906,moderate,correct,0.8955090260425714,33
Qwen-3-235B,906,moderate,correct,0.993930617026816,34
Qwen-3-235B,906,moderate,correct,1.2032755490833649,35
Qwen-3-235B,906,moderate,correct,0.9645764040994024,36
Qwen-3-235B,906,moderate,correct,1.059220170038112,37
Qwen-3-235B,906,moderate,correct,0.8564992202090995,38
Qwen-3-235B,906,moderate,correct,0.8502274306652347,39
Qwen-3-235B,906,moderate,correct,0.816114911536093,40
Qwen-3-235B,906,moderate,correct,0.5517376279585317,41
Qwen-3-235B,906,moderate,correct,0.8375795631959099,42
Qwen-3-235B,906,moderate,correct,0.6569192199490939,43
Qwen-3-235B,906,moderate,correct,0.9841791603196237,44
Qwen-3-235B,906,moderate,correct,1.0671069275376603,45
Qwen-3-235B,906,moderate,correct,0.7693744432631247,46
Qwen-3-235B,906,moderate,correct,0.5541071587541809,47
Qwen-3-235B,906,moderate,correct,0.8929418181413418,48
Qwen-3-235B,906,moderate,correct,0.9319102412445782,49
Qwen-3-235B,906,moderate,correct,0.8737282479529879,50
Qwen-3-235B,222,moderate,correct,6.365040228393459,1
Qwen-3-235B,222,moderate,correct,1.2782052954219383,2
Qwen-3-235B,222,moderate,correct,1.396794694667035,3
Qwen-3-235B,222,moderate,correct,1.1985452586206897,4
Qwen-3-235B,222,moderate,correct,1.6769465067580431,5
Qwen-3-235B,222,moderate,correct,1.3781368821292777,6
Qwen-3-235B,222,moderate,correct,1.4820851914500999,7
Qwen-3-235B,222,moderate,correct,1.5706137348847822,8
Qwen-3-235B,222,moderate,correct,1.1920724247614387,9
Qwen-3-235B,222,moderate,correct,1.5280202759785977,10
Qwen-3-235B,222,moderate,correct,1.7983286908077993,11
Qwen-3-235B,222,moderate,correct,1.498180991359709,12
Qwen-3-235B,222,moderate,correct,1.4124126813541107,13
Qwen-3-235B,222,moderate,correct,1.4598685216327778,14
Qwen-3-235B,222,moderate,correct,1.9668317897910834,15
Qwen-3-235B,222,moderate,correct,1.1983365323096609,16
Qwen-3-235B,222,moderate,correct,1.2154391492713668,17
Qwen-3-235B,222,moderate,correct,1.2194570135746607,18
Qwen-3-235B,222,moderate,correct,2.0267963006876926,19
Qwen-3-235B,222,moderate,correct,1.21599382874775,20
Qwen-3-235B,222,moderate,correct,1.5697820095214232,21
Qwen-3-235B,222,moderate,correct,1.4513297185644203,22
Qwen-3-235B,222,moderate,correct,1.202193475815523,23
Qwen-3-235B,222,moderate,correct,1.7360230547550433,24
Qwen-3-235B,222,moderate,correct,1.4996671105193076,25
Qwen-3-235B,222,moderate,correct,1.317967746539175,26
Qwen-3-235B,222,moderate,correct,1.4230960676953708,27
Qwen-3-235B,222,moderate,correct,1.4868798235942668,28
Qwen-3-235B,222,moderate,correct,1.351592356687898,29
Qwen-3-235B,222,moderate,correct,1.1174952692241527,30
Qwen-3-235B,222,moderate,correct,1.2226964112512124,31
Qwen-3-235B,222,moderate,correct,1.5267657992565056,32
Qwen-3-235B,222,moderate,correct,1.374607329842932,33
Qwen-3-235B,222,moderate,correct,1.6209360485887816,34
Qwen-3-235B,222,moderate,correct,1.1694011484823625,35
Qwen-3-235B,222,moderate,correct,1.545816733067729,36
Qwen-3-235B,222,moderate,correct,1.3942740880685947,37
Qwen-3-235B,222,moderate,correct,1.6049129989764586,38
Qwen-3-235B,222,moderate,correct,1.352158273381295,39
Qwen-3-235B,222,moderate,correct,0.8893264248704663,40
Qwen-3-235B,222,moderate,correct,1.2660300136425648,41
Qwen-3-235B,222,moderate,correct,1.4143718429199934,42
Qwen-3-235B,222,moderate,correct,1.3415855752718946,43
Qwen-3-235B,222,moderate,correct,1.1155412045486452,44
Qwen-3-235B,222,moderate,correct,1.2003472685989047,45
Qwen-3-235B,222,moderate,correct,1.503380281690141,46
Qwen-3-235B,222,moderate,correct,1.4242424242424243,47
Qwen-3-235B,222,moderate,correct,1.4976462676529927,48
Qwen-3-235B,222,moderate,correct,1.50384193194292,49
Qwen-3-235B,222,moderate,correct,1.3093196112064036,50
Qwen-3-235B,1106,moderate,correct,1.0509985206676162,1
Qwen-3-235B,1106,moderate,correct,1.0958907241453246,2
Qwen-3-235B,1106,moderate,correct,0.9153826449215117,3
Qwen-3-235B,1106,moderate,correct,0.953937109038118,4
Qwen-3-235B,1106,moderate,correct,0.7135128230861167,5
Qwen-3-235B,1106,moderate,correct,1.0828344371797387,6
Qwen-3-235B,1106,moderate,correct,0.7358474095042759,7
Qwen-3-235B,1106,moderate,correct,0.898465178120824,8
Qwen-3-235B,1106,moderate,correct,0.7962878627189206,9
Qwen-3-235B,1106,moderate,correct,0.7577605714165616,10
Qwen-3-235B,1106,moderate,correct,0.9327655507225824,11
Qwen-3-235B,1106,moderate,correct,0.9382460494713248,12
Qwen-3-235B,1106,moderate,correct,1.1942300054543817,13
Qwen-3-235B,1106,moderate,correct,1.1154891698952711,14
Qwen-3-235B,1106,moderate,correct,0.8541200712242901,15
Qwen-3-235B,1106,moderate,correct,1.1359571701757134,16
Qwen-3-235B,1106,moderate,correct,1.097165047046277,17
Qwen-3-235B,1106,moderate,correct,0.8553448200668942,18
Qwen-3-235B,1106,moderate,correct,0.9128398463451612,19
Qwen-3-235B,1106,moderate,correct,0.7624362878961781,20
Qwen-3-235B,1106,moderate,correct,1.1159949081103981,21
Qwen-3-235B,1106,moderate,correct,0.9090795932985098,22
Qwen-3-235B,1106,moderate,correct,0.9492085398404814,23
Qwen-3-235B,1106,moderate,correct,1.1855034920751673,24
Qwen-3-235B,1106,moderate,correct,1.0352814597855766,25
Qwen-3-235B,1106,moderate,correct,0.7770353621171779,26
Qwen-3-235B,1106,moderate,correct,0.8791152182254953,27
Qwen-3-235B,1106,moderate,correct,0.7105359289714903,28
Qwen-3-235B,1106,moderate,correct,0.837387759251537,29
Qwen-3-235B,1106,moderate,correct,0.8982575882455148,30
Qwen-3-235B,1106,moderate,correct,0.6910838925130418,31
Qwen-3-235B,1106,moderate,correct,1.0374410871073472,32
Qwen-3-235B,1106,moderate,correct,1.00984771627529,33
Qwen-3-235B,1106,moderate,correct,0.9790201430535355,34
Qwen-3-235B,1106,moderate,correct,0.9439428108701141,35
Qwen-3-235B,1106,moderate,correct,1.2342072142700065,36
Qwen-3-235B,1106,moderate,correct,0.7153081849823614,37
Qwen-3-235B,1106,moderate,correct,0.8668685253758537,38
Qwen-3-235B,1106,moderate,correct,0.888513497456404,39
Qwen-3-235B,1106,moderate,correct,0.9408635018743602,40
Qwen-3-235B,1106,moderate,correct,0.936089145111644,41
Qwen-3-235B,1106,moderate,correct,0.9505868340776613,42
Qwen-3-235B,1106,moderate,correct,0.9355570520766807,43
Qwen-3-235B,1106,moderate,correct,0.8574897159614353,44
Qwen-3-235B,1106,moderate,correct,0.9408458437196925,45
Qwen-3-235B,1106,moderate,correct,0.9808781020566695,46
Qwen-3-235B,1106,moderate,correct,0.8220340628823335,47
Qwen-3-235B,1106,moderate,correct,0.8866974405152774,48
Qwen-3-235B,1106,moderate,correct,0.8076627066564049,49
Qwen-3-235B,1106,moderate,correct,0.9467279400105518,50
Qwen-3-235B,68,moderate,correct,2.5844670861194325,1
Qwen-3-235B,68,moderate,correct,1.0557661636117368,2
Qwen-3-235B,68,moderate,correct,0.7371577597118513,3
Qwen-3-235B,68,moderate,correct,0.6356289803732597,4
Qwen-3-235B,68,moderate,correct,0.988773510450567,5
Qwen-3-235B,68,moderate,correct,0.9197777458447095,6
Qwen-3-235B,68,moderate,correct,0.9248242559621576,7
Qwen-3-235B,68,moderate,correct,0.7827674230906395,8
Qwen-3-235B,68,moderate,correct,0.6524666917141123,9
Qwen-3-235B,68,moderate,correct,0.6723920894239037,10
Qwen-3-235B,68,moderate,correct,0.853866774228788,11
Qwen-3-235B,68,moderate,correct,0.8898145314921381,12
Qwen-3-235B,68,moderate,correct,0.9951240748802787,13
Qwen-3-235B,68,moderate,correct,0.7688422197829952,14
Qwen-3-235B,68,moderate,correct,0.7860857893853811,15
Qwen-3-235B,68,moderate,correct,1.1543805177902182,16
Qwen-3-235B,68,moderate,correct,1.1260050595381963,17
Qwen-3-235B,68,moderate,correct,0.8368534501120359,18
Qwen-3-235B,68,moderate,correct,0.7022865376182422,19
Qwen-3-235B,68,moderate,correct,0.6878358354163236,20
Qwen-3-235B,68,moderate,correct,0.7674791695271681,21
Qwen-3-235B,68,moderate,correct,0.7004340921122287,22
Qwen-3-235B,68,moderate,correct,0.9959404034485645,23
Qwen-3-235B,68,moderate,correct,1.0317888794389183,24
Qwen-3-235B,68,moderate,correct,0.9088310788466687,25
Qwen-3-235B,68,moderate,correct,0.822211659357846,26
Qwen-3-235B,68,moderate,correct,0.7256331420964215,27
Qwen-3-235B,68,moderate,correct,0.7407937824739117,28
Qwen-3-235B,68,moderate,correct,0.7162893088025819,29
Qwen-3-235B,68,moderate,correct,0.8934013337157608,30
Qwen-3-235B,68,moderate,correct,0.643707958841063,31
Qwen-3-235B,68,moderate,correct,0.932485008044464,32
Qwen-3-235B,68,moderate,correct,0.9472421070054207,33
Qwen-3-235B,68,moderate,correct,0.6936934583101996,34
Qwen-3-235B,68,moderate,correct,0.8776511226252159,35
Qwen-3-235B,68,moderate,correct,0.9547891745142955,36
Qwen-3-235B,68,moderate,correct,0.8320089299653417,37
Qwen-3-235B,68,moderate,correct,0.850852081519837,38
Qwen-3-235B,68,moderate,correct,0.850092010217254,39
Qwen-3-235B,68,moderate,correct,0.7749651669737966,40
Qwen-3-235B,68,moderate,correct,1.4391479918093735,41
Qwen-3-235B,68,moderate,correct,1.204715017160862,42
Qwen-3-235B,68,moderate,correct,0.7264944240493177,43
Qwen-3-235B,68,moderate,correct,1.4858677251765804,44
Qwen-3-235B,68,moderate,correct,1.181676868712225,45
Qwen-3-235B,68,moderate,correct,0.6784757277868448,46
Qwen-3-235B,68,moderate,correct,0.732446968529647,47
Qwen-3-235B,68,moderate,correct,0.7746715848055393,48
Qwen-3-235B,68,moderate,correct,1.0132957332512487,49
Qwen-3-235B,68,moderate,correct,0.8554325825761164,50
Qwen-3-235B,1240,moderate,correct,7.221938002759921,1
Qwen-3-235B,1240,moderate,correct,0.5947243291596891,2
Qwen-3-235B,1240,moderate,correct,1.0268306672614875,3
Qwen-3-235B,1240,moderate,correct,1.05027250038201,4
Qwen-3-235B,1240,moderate,correct,0.9061174675819985,5
Qwen-3-235B,1240,moderate,correct,1.0231539187913126,6
Qwen-3-235B,1240,moderate,correct,0.9072184687764983,7
Qwen-3-235B,1240,moderate,correct,0.9038469284994964,8
Qwen-3-235B,1240,moderate,correct,0.9180128009753125,9
Qwen-3-235B,1240,moderate,correct,0.9306257547971553,10
Qwen-3-235B,1240,moderate,correct,0.9777856604442868,11
Qwen-3-235B,1240,moderate,correct,0.9484427801625719,12
Qwen-3-235B,1240,moderate,correct,1.2316342157077227,13
Qwen-3-235B,1240,moderate,correct,0.7217169253722778,14
Qwen-3-235B,1240,moderate,correct,0.9669026468864138,15
Qwen-3-235B,1240,moderate,correct,0.9230151215173166,16
Qwen-3-235B,1240,moderate,correct,0.9702071954137137,17
Qwen-3-235B,1240,moderate,correct,0.9570031124944419,18
Qwen-3-235B,1240,moderate,correct,0.7973312705472829,19
Qwen-3-235B,1240,moderate,correct,0.9489520554106323,20
Qwen-3-235B,1240,moderate,correct,0.9307709497206704,21
Qwen-3-235B,1240,moderate,correct,0.9570646221248631,22
Qwen-3-235B,1240,moderate,correct,0.9580176486317854,23
Qwen-3-235B,1240,moderate,correct,0.7873347355769231,24
Qwen-3-235B,1240,moderate,correct,0.9170828043447595,25
Qwen-3-235B,1240,moderate,correct,0.9834898313381691,26
Qwen-3-235B,1240,moderate,correct,0.9508794313314499,27
Qwen-3-235B,1240,moderate,correct,1.0163188957332214,28
Qwen-3-235B,1240,moderate,correct,0.9014932971321907,29
Qwen-3-235B,1240,moderate,correct,0.9468212184223334,30
Qwen-3-235B,1240,moderate,correct,0.9900411069203713,31
Qwen-3-235B,1240,moderate,correct,0.9764136276817839,32
Qwen-3-235B,1240,moderate,correct,0.9669786332332686,33
Qwen-3-235B,1240,moderate,correct,1.2322816288467517,34
Qwen-3-235B,1240,moderate,correct,0.9894789126704597,35
Qwen-3-235B,1240,moderate,correct,0.9453265100817916,36
Qwen-3-235B,1240,moderate,correct,0.9412216499503027,37
Qwen-3-235B,1240,moderate,correct,0.9378060724779628,38
Qwen-3-235B,1240,moderate,correct,0.9449293620084586,39
Qwen-3-235B,1240,moderate,correct,0.9097480380008262,40
Qwen-3-235B,1240,moderate,correct,0.9501560450495273,41
Qwen-3-235B,1240,moderate,correct,0.9309342869915065,42
Qwen-3-235B,1240,moderate,correct,0.9481822525300786,43
Qwen-3-235B,1240,moderate,correct,0.7420088130377002,44
Qwen-3-235B,1240,moderate,correct,1.0139759969028261,45
Qwen-3-235B,1240,moderate,correct,0.8588658146964856,46
Qwen-3-235B,1240,moderate,correct,0.9457406094968108,47
Qwen-3-235B,1240,moderate,correct,0.9539127331132328,48
Qwen-3-235B,1240,moderate,correct,0.9569560154080444,49
Qwen-3-235B,1240,moderate,correct,0.944055316091954,50
Qwen-3-235B,970,moderate,semantic,,1
Qwen-3-235B,970,moderate,semantic,,2
Qwen-3-235B,970,moderate,semantic,,3
Qwen-3-235B,970,moderate,semantic,,4
Qwen-3-235B,970,moderate,semantic,,5
Qwen-3-235B,970,moderate,semantic,,6
Qwen-3-235B,970,moderate,semantic,,7
Qwen-3-235B,970,moderate,semantic,,8
Qwen-3-235B,970,moderate,semantic,,9
Qwen-3-235B,970,moderate,semantic,,10
Qwen-3-235B,970,moderate,semantic,,11
Qwen-3-235B,970,moderate,semantic,,12
Qwen-3-235B,970,moderate,semantic,,13
Qwen-3-235B,970,moderate,semantic,,14
Qwen-3-235B,970,moderate,semantic,,15
Qwen-3-235B,970,moderate,semantic,,16
Qwen-3-235B,970,moderate,semantic,,17
Qwen-3-235B,970,moderate,semantic,,18
Qwen-3-235B,970,moderate,semantic,,19
Qwen-3-235B,970,moderate,semantic,,20
Qwen-3-235B,970,moderate,semantic,,21
Qwen-3-235B,970,moderate,semantic,,22
Qwen-3-235B,970,moderate,semantic,,23
Qwen-3-235B,970,moderate,semantic,,24
Qwen-3-235B,970,moderate,semantic,,25
Qwen-3-235B,970,moderate,semantic,,26
Qwen-3-235B,970,moderate,semantic,,27
Qwen-3-235B,970,moderate,semantic,,28
Qwen-3-235B,970,moderate,semantic,,29
Qwen-3-235B,970,moderate,semantic,,30
Qwen-3-235B,970,moderate,semantic,,31
Qwen-3-235B,970,moderate,semantic,,32
Qwen-3-235B,970,moderate,semantic,,33
Qwen-3-235B,970,moderate,semantic,,34
Qwen-3-235B,970,moderate,semantic,,35
Qwen-3-235B,970,moderate,semantic,,36
Qwen-3-235B,970,moderate,semantic,,37
Qwen-3-235B,970,moderate,semantic,,38
Qwen-3-235B,970,moderate,semantic,,39
Qwen-3-235B,970,moderate,semantic,,40
Qwen-3-235B,970,moderate,semantic,,41
Qwen-3-235B,970,moderate,semantic,,42
Qwen-3-235B,970,moderate,semantic,,43
Qwen-3-235B,970,moderate,semantic,,44
Qwen-3-235B,970,moderate,semantic,,45
Qwen-3-235B,970,moderate,semantic,,46
Qwen-3-235B,970,moderate,semantic,,47
Qwen-3-235B,970,moderate,semantic,,48
Qwen-3-235B,970,moderate,semantic,,49
Qwen-3-235B,970,moderate,semantic,,50
Qwen-3-235B,360,moderate,semantic,,1
Qwen-3-235B,360,moderate,semantic,,2
Qwen-3-235B,360,moderate,semantic,,3
Qwen-3-235B,360,moderate,semantic,,4
Qwen-3-235B,360,moderate,semantic,,5
Qwen-3-235B,360,moderate,semantic,,6
Qwen-3-235B,360,moderate,semantic,,7
Qwen-3-235B,360,moderate,semantic,,8
Qwen-3-235B,360,moderate,semantic,,9
Qwen-3-235B,360,moderate,semantic,,10
Qwen-3-235B,360,moderate,semantic,,11
Qwen-3-235B,360,moderate,semantic,,12
Qwen-3-235B,360,moderate,semantic,,13
Qwen-3-235B,360,moderate,semantic,,14
Qwen-3-235B,360,moderate,semantic,,15
Qwen-3-235B,360,moderate,semantic,,16
Qwen-3-235B,360,moderate,semantic,,17
Qwen-3-235B,360,moderate,semantic,,18
Qwen-3-235B,360,moderate,semantic,,19
Qwen-3-235B,360,moderate,semantic,,20
Qwen-3-235B,360,moderate,semantic,,21
Qwen-3-235B,360,moderate,semantic,,22
Qwen-3-235B,360,moderate,semantic,,23
Qwen-3-235B,360,moderate,semantic,,24
Qwen-3-235B,360,moderate,semantic,,25
Qwen-3-235B,360,moderate,semantic,,26
Qwen-3-235B,360,moderate,semantic,,27
Qwen-3-235B,360,moderate,semantic,,28
Qwen-3-235B,360,moderate,semantic,,29
Qwen-3-235B,360,moderate,semantic,,30
Qwen-3-235B,360,moderate,semantic,,31
Qwen-3-235B,360,moderate,semantic,,32
Qwen-3-235B,360,moderate,semantic,,33
Qwen-3-235B,360,moderate,semantic,,34
Qwen-3-235B,360,moderate,semantic,,35
Qwen-3-235B,360,moderate,semantic,,36
Qwen-3-235B,360,moderate,semantic,,37
Qwen-3-235B,360,moderate,semantic,,38
Qwen-3-235B,360,moderate,semantic,,39
Qwen-3-235B,360,moderate,semantic,,40
Qwen-3-235B,360,moderate,semantic,,41
Qwen-3-235B,360,moderate,semantic,,42
Qwen-3-235B,360,moderate,semantic,,43
Qwen-3-235B,360,moderate,semantic,,44
Qwen-3-235B,360,moderate,semantic,,45
Qwen-3-235B,360,moderate,semantic,,46
Qwen-3-235B,360,moderate,semantic,,47
Qwen-3-235B,360,moderate,semantic,,48
Qwen-3-235B,360,moderate,semantic,,49
Qwen-3-235B,360,moderate,semantic,,50
Qwen-3-235B,761,moderate,correct,3.4472380253257477,1
Qwen-3-235B,761,moderate,correct,1.4751060504576914,2
Qwen-3-235B,761,moderate,correct,1.435116598079561,3
Qwen-3-235B,761,moderate,correct,1.3854256233877902,4
Qwen-3-235B,761,moderate,correct,2.624972760950098,5
Qwen-3-235B,761,moderate,correct,0.8321964529331515,6
Qwen-3-235B,761,moderate,correct,1.3232784282595753,7
Qwen-3-235B,761,moderate,correct,1.125,8
Qwen-3-235B,761,moderate,correct,1.1127361365021329,9
Qwen-3-235B,761,moderate,correct,0.5755296707328258,10
Qwen-3-235B,761,moderate,correct,2.2302712160979876,11
Qwen-3-235B,761,moderate,correct,2.574478816408877,12
Qwen-3-235B,761,moderate,correct,1.2460809332847247,13
Qwen-3-235B,761,moderate,correct,1.6417648533467035,14
Qwen-3-235B,761,moderate,correct,2.6295254833040422,15
Qwen-3-235B,761,moderate,correct,4.311963106971697,16
Qwen-3-235B,761,moderate,correct,1.3723970944309927,17
Qwen-3-235B,761,moderate,correct,2.870223370869485,18
Qwen-3-235B,761,moderate,correct,1.8146174343357442,19
Qwen-3-235B,761,moderate,correct,0.9851707317073171,20
Qwen-3-235B,761,moderate,correct,0.9424559080807603,21
Qwen-3-235B,761,moderate,correct,0.9722793850623411,22
Qwen-3-235B,761,moderate,correct,1.6496121921349844,23
Qwen-3-235B,761,moderate,correct,1.8225897653378569,24
Qwen-3-235B,761,moderate,correct,1.5046881369751326,25
Qwen-3-235B,761,moderate,correct,1.455522971652004,26
Qwen-3-235B,761,moderate,correct,0.8152380952380952,27
Qwen-3-235B,761,moderate,correct,1.6200120312813315,28
Qwen-3-235B,761,moderate,correct,1.7753496503496504,29
Qwen-3-235B,761,moderate,correct,1.2209151737535076,30
Qwen-3-235B,761,moderate,correct,1.1293960031260466,31
Qwen-3-235B,761,moderate,correct,1.4274673761560877,32
Qwen-3-235B,761,moderate,correct,1.3396513396513396,33
Qwen-3-235B,761,moderate,correct,1.2886039371500813,34
Qwen-3-235B,761,moderate,correct,1.9179620034542315,35
Qwen-3-235B,761,moderate,correct,0.9480193882667558,36
Qwen-3-235B,761,moderate,correct,0.9829409757761856,37
Qwen-3-235B,761,moderate,correct,1.1659165302782324,38
Qwen-3-235B,761,moderate,correct,1.3692372170997484,39
Qwen-3-235B,761,moderate,correct,1.166188197767145,40
Qwen-3-235B,761,moderate,correct,2.0168741355463347,41
Qwen-3-235B,761,moderate,correct,2.033597838932973,42
Qwen-3-235B,761,moderate,correct,1.226095402546946,43
Qwen-3-235B,761,moderate,correct,1.4032432432432433,44
Qwen-3-235B,761,moderate,correct,1.5771240032994227,45
Qwen-3-235B,761,moderate,correct,1.1122732472626247,46
Qwen-3-235B,761,moderate,correct,2.164506839452844,47
Qwen-3-235B,761,moderate,correct,1.2492274780128358,48
Qwen-3-235B,761,moderate,correct,1.3628062699741288,49
Qwen-3-235B,761,moderate,correct,1.3883566691230655,50
Qwen-3-235B,1182,moderate,correct,7.900648648648649,1
Qwen-3-235B,1182,moderate,correct,0.81455467759243,2
Qwen-3-235B,1182,moderate,correct,2.15984555984556,3
Qwen-3-235B,1182,moderate,correct,1.7534329259091594,4
Qwen-3-235B,1182,moderate,correct,0.9929932390903503,5
Qwen-3-235B,1182,moderate,correct,1.4439428141459745,6
Qwen-3-235B,1182,moderate,correct,1.3686576108669597,7
Qwen-3-235B,1182,moderate,correct,1.3905517490082944,8
Qwen-3-235B,1182,moderate,correct,1.3788554109466928,9
Qwen-3-235B,1182,moderate,correct,1.4755844155844156,10
Qwen-3-235B,1182,moderate,correct,1.659907120743034,11
Qwen-3-235B,1182,moderate,correct,1.5024757014487438,12
Qwen-3-235B,1182,moderate,correct,1.3107752956636005,13
Qwen-3-235B,1182,moderate,correct,1.010216529429704,14
Qwen-3-235B,1182,moderate,correct,1.728476821192053,15
Qwen-3-235B,1182,moderate,correct,1.3307358453343854,16
Qwen-3-235B,1182,moderate,correct,2.254397578967278,17
Qwen-3-235B,1182,moderate,correct,1.3774427140164667,18
Qwen-3-235B,1182,moderate,correct,0.947291495386864,19
Qwen-3-235B,1182,moderate,correct,1.578546307151231,20
Qwen-3-235B,1182,moderate,correct,0.9375186846038864,21
Qwen-3-235B,1182,moderate,correct,0.7557487380818845,22
Qwen-3-235B,1182,moderate,correct,1.7608395123790372,23
Qwen-3-235B,1182,moderate,correct,1.37101760141316,24
Qwen-3-235B,1182,moderate,correct,2.176855591143295,25
Qwen-3-235B,1182,moderate,correct,1.033363802559415,26
Qwen-3-235B,1182,moderate,correct,0.9058726024153445,27
Qwen-3-235B,1182,moderate,correct,1.6289078359723914,28
Qwen-3-235B,1182,moderate,correct,1.257158489877804,29
Qwen-3-235B,1182,moderate,correct,1.4234468416948272,30
Qwen-3-235B,1182,moderate,correct,1.630970489808336,31
Qwen-3-235B,1182,moderate,correct,4.4622448205206044,32
Qwen-3-235B,1182,moderate,correct,1.3232611800901,33
Qwen-3-235B,1182,moderate,correct,1.8090164999350395,34
Qwen-3-235B,1182,moderate,correct,1.853985398539854,35
Qwen-3-235B,1182,moderate,correct,1.3570341047503045,36
Qwen-3-235B,1182,moderate,correct,0.40452479938122404,37
Qwen-3-235B,1182,moderate,correct,1.760013164390324,38
Qwen-3-235B,1182,moderate,correct,1.1921155418294123,39
Qwen-3-235B,1182,moderate,correct,2.006923540036123,40
Qwen-3-235B,1182,moderate,correct,0.8700535554894376,41
Qwen-3-235B,1182,moderate,correct,0.9301804325899361,42
Qwen-3-235B,1182,moderate,correct,2.037699966439199,43
Qwen-3-235B,1182,moderate,correct,2.538101319710515,44
Qwen-3-235B,1182,moderate,correct,1.8650240198357353,45
Qwen-3-235B,1182,moderate,correct,2.4664320519761778,46
Qwen-3-235B,1182,moderate,correct,1.995925597874225,47
Qwen-3-235B,1182,moderate,correct,1.4699915469146239,48
Qwen-3-235B,1182,moderate,correct,1.1388570492877026,49
Qwen-3-235B,1182,moderate,correct,0.9639151163877723,50
Qwen-3-235B,1375,moderate,correct,0.8613007083065035,1
Qwen-3-235B,1375,moderate,correct,1.669485294117647,2
Qwen-3-235B,1375,moderate,correct,1.1860799835509406,3
Qwen-3-235B,1375,moderate,correct,2.325067224380042,4
Qwen-3-235B,1375,moderate,correct,1.057591623036649,5
Qwen-3-235B,1375,moderate,correct,1.6957459321701627,6
Qwen-3-235B,1375,moderate,correct,1.8807397959183674,7
Qwen-3-235B,1375,moderate,correct,1.4541649225617412,8
Qwen-3-235B,1375,moderate,correct,1.4635681433067054,9
Qwen-3-235B,1375,moderate,correct,1.4093497864261983,10
Qwen-3-235B,1375,moderate,correct,1.3303417987397366,11
Qwen-3-235B,1375,moderate,correct,3.0866038149528614,12
Qwen-3-235B,1375,moderate,correct,0.8600225910157269,13
Qwen-3-235B,1375,moderate,correct,0.9210624071322436,14
Qwen-3-235B,1375,moderate,correct,1.5792938360263316,15
Qwen-3-235B,1375,moderate,correct,1.1391854487939896,16
Qwen-3-235B,1375,moderate,correct,1.1686182669789227,17
Qwen-3-235B,1375,moderate,correct,1.4638898219684247,18
Qwen-3-235B,1375,moderate,correct,1.2623958746529156,19
Qwen-3-235B,1375,moderate,correct,1.5525588738323906,20
Qwen-3-235B,1375,moderate,correct,1.2442988840368754,21
Qwen-3-235B,1375,moderate,correct,1.1117950186086458,22
Qwen-3-235B,1375,moderate,correct,1.1055488540410132,23
Qwen-3-235B,1375,moderate,correct,1.3697759946506185,24
Qwen-3-235B,1375,moderate,correct,1.358283745693705,25
Qwen-3-235B,1375,moderate,correct,2.3205251360870958,26
Qwen-3-235B,1375,moderate,correct,0.35269342543065324,27
Qwen-3-235B,1375,moderate,correct,1.7985055398093275,28
Qwen-3-235B,1375,moderate,correct,2.2843026538678712,29
Qwen-3-235B,1375,moderate,correct,1.3214285714285714,30
Qwen-3-235B,1375,moderate,correct,1.2125557296059766,31
Qwen-3-235B,1375,moderate,correct,2.4110344827586205,32
Qwen-3-235B,1375,moderate,correct,1.1998229914445866,33
Qwen-3-235B,1375,moderate,correct,1.8857709318285802,34
Qwen-3-235B,1375,moderate,correct,1.4347396641738395,35
Qwen-3-235B,1375,moderate,correct,1.5913815913815914,36
Qwen-3-235B,1375,moderate,correct,1.8352960418711155,37
Qwen-3-235B,1375,moderate,correct,0.96693427677235,38
Qwen-3-235B,1375,moderate,correct,2.1113374066530888,39
Qwen-3-235B,1375,moderate,correct,1.2648038490007403,40
Qwen-3-235B,1375,moderate,correct,1.3557831325301204,41
Qwen-3-235B,1375,moderate,correct,0.7005169442848937,42
Qwen-3-235B,1375,moderate,correct,1.893534994068802,43
Qwen-3-235B,1375,moderate,correct,1.5194605009633912,44
Qwen-3-235B,1375,moderate,correct,1.0676502903782765,45
Qwen-3-235B,1375,moderate,correct,1.4683252706749597,46
Qwen-3-235B,1375,moderate,correct,1.1085372201978136,47
Qwen-3-235B,1375,moderate,correct,1.1427015250544663,48
Qwen-3-235B,1375,moderate,correct,0.9969585400992477,49
Qwen-3-235B,1375,moderate,correct,0.8073627142357468,50
Qwen-3-235B,723,moderate,correct,2.0525701671397036,1
Qwen-3-235B,723,moderate,correct,1.5514780540164197,2
Qwen-3-235B,723,moderate,correct,2.825154345417128,3
Qwen-3-235B,723,moderate,correct,2.1710483609217786,4
Qwen-3-235B,723,moderate,correct,0.8119949056385319,5
Qwen-3-235B,723,moderate,correct,0.3795739144576354,6
Qwen-3-235B,723,moderate,correct,1.6227540500736377,7
Qwen-3-235B,723,moderate,correct,0.9806572990769593,8
Qwen-3-235B,723,moderate,correct,1.3387993372663787,9
Qwen-3-235B,723,moderate,correct,0.9459846181362904,10
Qwen-3-235B,723,moderate,correct,1.1019845965817603,11
Qwen-3-235B,723,moderate,correct,0.9420999495204442,12
Qwen-3-235B,723,moderate,correct,0.3839274585566496,13
Qwen-3-235B,723,moderate,correct,0.5979376498800959,14
Qwen-3-235B,723,moderate,correct,0.8238236943114676,15
Qwen-3-235B,723,moderate,correct,1.2042103013464416,16
Qwen-3-235B,723,moderate,correct,1.0010403548157476,17
Qwen-3-235B,723,moderate,correct,1.183675184936113,18
Qwen-3-235B,723,moderate,correct,0.7377536659554184,19
Qwen-3-235B,723,moderate,correct,0.9852606419303437,20
Qwen-3-235B,723,moderate,correct,0.785160859972292,21
Qwen-3-235B,723,moderate,correct,0.7335997937080969,22
Qwen-3-235B,723,moderate,correct,1.8466643381068808,23
Qwen-3-235B,723,moderate,correct,1.5979391100702576,24
Qwen-3-235B,723,moderate,correct,0.7714673094305514,25
Qwen-3-235B,723,moderate,correct,1.3260478503327937,26
Qwen-3-235B,723,moderate,correct,0.8292587978822796,27
Qwen-3-235B,723,moderate,correct,1.6795355587808418,28
Qwen-3-235B,723,moderate,correct,0.7208418268965897,29
Qwen-3-235B,723,moderate,correct,1.0925561244584483,30
Qwen-3-235B,723,moderate,correct,2.0656670942912125,31
Qwen-3-235B,723,moderate,correct,0.8832873585085133,32
Qwen-3-235B,723,moderate,correct,1.1050926996926533,33
Qwen-3-235B,723,moderate,correct,1.6770919521209113,34
Qwen-3-235B,723,moderate,correct,0.9873197201199486,35
Qwen-3-235B,723,moderate,correct,0.6050009641961818,36
Qwen-3-235B,723,moderate,correct,0.9859596339475993,37
Qwen-3-235B,723,moderate,correct,1.0316526852892849,38
Qwen-3-235B,723,moderate,correct,3.220689655172414,39
Qwen-3-235B,723,moderate,correct,1.1156278991313149,40
Qwen-3-235B,723,moderate,correct,1.6150706090026479,41
Qwen-3-235B,723,moderate,correct,1.3731562619060578,42
Qwen-3-235B,723,moderate,correct,0.9706009823750361,43
Qwen-3-235B,723,moderate,correct,0.7806962025316456,44
Qwen-3-235B,723,moderate,correct,1.2011925042589437,45
Qwen-3-235B,723,moderate,correct,1.2270843373493976,46
Qwen-3-235B,723,moderate,correct,0.9799238749160385,47
Qwen-3-235B,723,moderate,correct,0.7364654818464426,48
Qwen-3-235B,723,moderate,correct,1.2338820301783264,49
Qwen-3-235B,723,moderate,correct,1.271408975112679,50
Qwen-3-235B,1158,moderate,semantic,,1
Qwen-3-235B,1158,moderate,semantic,,2
Qwen-3-235B,1158,moderate,semantic,,3
Qwen-3-235B,1158,moderate,semantic,,4
Qwen-3-235B,1158,moderate,semantic,,5
Qwen-3-235B,1158,moderate,semantic,,6
Qwen-3-235B,1158,moderate,semantic,,7
Qwen-3-235B,1158,moderate,semantic,,8
Qwen-3-235B,1158,moderate,semantic,,9
Qwen-3-235B,1158,moderate,semantic,,10
Qwen-3-235B,1158,moderate,semantic,,11
Qwen-3-235B,1158,moderate,semantic,,12
Qwen-3-235B,1158,moderate,semantic,,13
Qwen-3-235B,1158,moderate,semantic,,14
Qwen-3-235B,1158,moderate,semantic,,15
Qwen-3-235B,1158,moderate,semantic,,16
Qwen-3-235B,1158,moderate,semantic,,17
Qwen-3-235B,1158,moderate,semantic,,18
Qwen-3-235B,1158,moderate,semantic,,19
Qwen-3-235B,1158,moderate,semantic,,20
Qwen-3-235B,1158,moderate,semantic,,21
Qwen-3-235B,1158,moderate,semantic,,22
Qwen-3-235B,1158,moderate,semantic,,23
Qwen-3-235B,1158,moderate,semantic,,24
Qwen-3-235B,1158,moderate,semantic,,25
Qwen-3-235B,1158,moderate,semantic,,26
Qwen-3-235B,1158,moderate,semantic,,27
Qwen-3-235B,1158,moderate,semantic,,28
Qwen-3-235B,1158,moderate,semantic,,29
Qwen-3-235B,1158,moderate,semantic,,30
Qwen-3-235B,1158,moderate,correct,0.4656258086776503,31
Qwen-3-235B,1158,moderate,semantic,,32
Qwen-3-235B,1158,moderate,semantic,,33
Qwen-3-235B,1158,moderate,semantic,,34
Qwen-3-235B,1158,moderate,semantic,,35
Qwen-3-235B,1158,moderate,semantic,,36
Qwen-3-235B,1158,moderate,semantic,,37
Qwen-3-235B,1158,moderate,semantic,,38
Qwen-3-235B,1158,moderate,semantic,,39
Qwen-3-235B,1158,moderate,correct,0.8719325153374233,40
Qwen-3-235B,1158,moderate,semantic,,41
Qwen-3-235B,1158,moderate,semantic,,42
Qwen-3-235B,1158,moderate,semantic,,43
Qwen-3-235B,1158,moderate,semantic,,44
Qwen-3-235B,1158,moderate,semantic,,45
Qwen-3-235B,1158,moderate,semantic,,46
Qwen-3-235B,1158,moderate,semantic,,47
Qwen-3-235B,1158,moderate,semantic,,48
Qwen-3-235B,1158,moderate,semantic,,49
Qwen-3-235B,1158,moderate,semantic,,50
Qwen-3-235B,100,moderate,correct,2.7154907500979646,1
Qwen-3-235B,100,moderate,correct,1.1097568130481974,2
Qwen-3-235B,100,moderate,correct,0.8470200273465777,3
Qwen-3-235B,100,moderate,correct,0.75170293568027,4
Qwen-3-235B,100,moderate,correct,1.7010103954143592,5
Qwen-3-235B,100,moderate,correct,1.0387280376144519,6
Qwen-3-235B,100,moderate,semantic,,7
Qwen-3-235B,100,moderate,semantic,,8
Qwen-3-235B,100,moderate,correct,0.8868785462048169,9
Qwen-3-235B,100,moderate,correct,1.6098782488558847,10
Qwen-3-235B,100,moderate,correct,0.9440715883668904,11
Qwen-3-235B,100,moderate,correct,1.1876771410967344,12
Qwen-3-235B,100,moderate,semantic,,13
Qwen-3-235B,100,moderate,correct,0.9699711513244165,14
Qwen-3-235B,100,moderate,correct,0.9475248489573183,15
Qwen-3-235B,100,moderate,correct,0.9784169264191933,16
Qwen-3-235B,100,moderate,correct,1.0178692297279004,17
Qwen-3-235B,100,moderate,correct,0.8262610504420177,18
Qwen-3-235B,100,moderate,correct,3.7434774563621787,19
Qwen-3-235B,100,moderate,semantic,,20
Qwen-3-235B,100,moderate,correct,2.896019160885365,21
Qwen-3-235B,100,moderate,correct,1.0949237354554773,22
Qwen-3-235B,100,moderate,correct,0.8502151986069586,23
Qwen-3-235B,100,moderate,correct,1.317439982175681,24
Qwen-3-235B,100,moderate,correct,1.215913073957238,25
Qwen-3-235B,100,moderate,correct,1.3774474256707758,26
Qwen-3-235B,100,moderate,correct,1.6869625419035126,27
Qwen-3-235B,100,moderate,correct,2.6428761808866645,28
Qwen-3-235B,100,moderate,correct,0.903322165260566,29
Qwen-3-235B,100,moderate,semantic,,30
Qwen-3-235B,100,moderate,semantic,,31
Qwen-3-235B,100,moderate,semantic,,32
Qwen-3-235B,100,moderate,correct,1.0757922535211268,33
Qwen-3-235B,100,moderate,correct,1.384716055153073,34
Qwen-3-235B,100,moderate,semantic,,35
Qwen-3-235B,100,moderate,correct,1.7209804981087586,36
Qwen-3-235B,100,moderate,correct,0.9231606147150823,37
Qwen-3-235B,100,moderate,correct,1.1364607329842933,38
Qwen-3-235B,100,moderate,semantic,,39
Qwen-3-235B,100,moderate,correct,0.8284056066579063,40
Qwen-3-235B,100,moderate,correct,0.9312995788855156,41
Qwen-3-235B,100,moderate,correct,0.5165883844031909,42
Qwen-3-235B,100,moderate,semantic,,43
Qwen-3-235B,100,moderate,correct,1.0316811235026848,44
Qwen-3-235B,100,moderate,semantic,,45
Qwen-3-235B,100,moderate,correct,1.3156926678371375,46
Qwen-3-235B,100,moderate,correct,1.075575417226924,47
Qwen-3-235B,100,moderate,correct,2.3572399971369267,48
Qwen-3-235B,100,moderate,correct,0.5858337612794365,49
Qwen-3-235B,100,moderate,correct,0.6560614610009115,50
Qwen-3-235B,402,moderate,semantic,,1
Qwen-3-235B,402,moderate,semantic,,2
Qwen-3-235B,402,moderate,semantic,,3
Qwen-3-235B,402,moderate,semantic,,4
Qwen-3-235B,402,moderate,semantic,,5
Qwen-3-235B,402,moderate,semantic,,6
Qwen-3-235B,402,moderate,semantic,,7
Qwen-3-235B,402,moderate,semantic,,8
Qwen-3-235B,402,moderate,semantic,,9
Qwen-3-235B,402,moderate,semantic,,10
Qwen-3-235B,402,moderate,semantic,,11
Qwen-3-235B,402,moderate,semantic,,12
Qwen-3-235B,402,moderate,semantic,,13
Qwen-3-235B,402,moderate,semantic,,14
Qwen-3-235B,402,moderate,semantic,,15
Qwen-3-235B,402,moderate,semantic,,16
Qwen-3-235B,402,moderate,semantic,,17
Qwen-3-235B,402,moderate,semantic,,18
Qwen-3-235B,402,moderate,semantic,,19
Qwen-3-235B,402,moderate,semantic,,20
Qwen-3-235B,402,moderate,semantic,,21
Qwen-3-235B,402,moderate,semantic,,22
Qwen-3-235B,402,moderate,semantic,,23
Qwen-3-235B,402,moderate,semantic,,24
Qwen-3-235B,402,moderate,semantic,,25
Qwen-3-235B,402,moderate,semantic,,26
Qwen-3-235B,402,moderate,semantic,,27
Qwen-3-235B,402,moderate,semantic,,28
Qwen-3-235B,402,moderate,semantic,,29
Qwen-3-235B,402,moderate,semantic,,30
Qwen-3-235B,402,moderate,semantic,,31
Qwen-3-235B,402,moderate,semantic,,32
Qwen-3-235B,402,moderate,semantic,,33
Qwen-3-235B,402,moderate,semantic,,34
Qwen-3-235B,402,moderate,semantic,,35
Qwen-3-235B,402,moderate,semantic,,36
Qwen-3-235B,402,moderate,semantic,,37
Qwen-3-235B,402,moderate,semantic,,38
Qwen-3-235B,402,moderate,semantic,,39
Qwen-3-235B,402,moderate,semantic,,40
Qwen-3-235B,402,moderate,semantic,,41
Qwen-3-235B,402,moderate,semantic,,42
Qwen-3-235B,402,moderate,semantic,,43
Qwen-3-235B,402,moderate,semantic,,44
Qwen-3-235B,402,moderate,semantic,,45
Qwen-3-235B,402,moderate,semantic,,46
Qwen-3-235B,402,moderate,semantic,,47
Qwen-3-235B,402,moderate,semantic,,48
Qwen-3-235B,402,moderate,semantic,,49
Qwen-3-235B,402,moderate,semantic,,50
Qwen-3-235B,466,moderate,semantic,,1
Qwen-3-235B,466,moderate,semantic,,2
Qwen-3-235B,466,moderate,semantic,,3
Qwen-3-235B,466,moderate,semantic,,4
Qwen-3-235B,466,moderate,semantic,,5
Qwen-3-235B,466,moderate,semantic,,6
Qwen-3-235B,466,moderate,semantic,,7
Qwen-3-235B,466,moderate,semantic,,8
Qwen-3-235B,466,moderate,semantic,,9
Qwen-3-235B,466,moderate,semantic,,10
Qwen-3-235B,466,moderate,semantic,,11
Qwen-3-235B,466,moderate,semantic,,12
Qwen-3-235B,466,moderate,semantic,,13
Qwen-3-235B,466,moderate,semantic,,14
Qwen-3-235B,466,moderate,semantic,,15
Qwen-3-235B,466,moderate,semantic,,16
Qwen-3-235B,466,moderate,semantic,,17
Qwen-3-235B,466,moderate,semantic,,18
Qwen-3-235B,466,moderate,semantic,,19
Qwen-3-235B,466,moderate,semantic,,20
Qwen-3-235B,466,moderate,semantic,,21
Qwen-3-235B,466,moderate,semantic,,22
Qwen-3-235B,466,moderate,semantic,,23
Qwen-3-235B,466,moderate,semantic,,24
Qwen-3-235B,466,moderate,semantic,,25
Qwen-3-235B,466,moderate,semantic,,26
Qwen-3-235B,466,moderate,semantic,,27
Qwen-3-235B,466,moderate,semantic,,28
Qwen-3-235B,466,moderate,semantic,,29
Qwen-3-235B,466,moderate,semantic,,30
Qwen-3-235B,466,moderate,semantic,,31
Qwen-3-235B,466,moderate,semantic,,32
Qwen-3-235B,466,moderate,semantic,,33
Qwen-3-235B,466,moderate,semantic,,34
Qwen-3-235B,466,moderate,semantic,,35
Qwen-3-235B,466,moderate,semantic,,36
Qwen-3-235B,466,moderate,semantic,,37
Qwen-3-235B,466,moderate,semantic,,38
Qwen-3-235B,466,moderate,semantic,,39
Qwen-3-235B,466,moderate,semantic,,40
Qwen-3-235B,466,moderate,semantic,,41
Qwen-3-235B,466,moderate,semantic,,42
Qwen-3-235B,466,moderate,semantic,,43
Qwen-3-235B,466,moderate,semantic,,44
Qwen-3-235B,466,moderate,semantic,,45
Qwen-3-235B,466,moderate,semantic,,46
Qwen-3-235B,466,moderate,semantic,,47
Qwen-3-235B,466,moderate,semantic,,48
Qwen-3-235B,466,moderate,semantic,,49
Qwen-3-235B,466,moderate,semantic,,50
Qwen-3-235B,943,moderate,correct,7.258071635767436,1
Qwen-3-235B,943,moderate,correct,0.813879781420765,2
Qwen-3-235B,943,moderate,correct,1.4048883784365802,3
Qwen-3-235B,943,moderate,correct,1.0452083333333333,4
Qwen-3-235B,943,moderate,correct,1.0371725731895223,5
Qwen-3-235B,943,moderate,correct,0.9886434349719975,6
Qwen-3-235B,943,moderate,correct,0.6453583389149363,7
Qwen-3-235B,943,moderate,correct,1.0841741534208709,8
Qwen-3-235B,943,moderate,semantic,,9
Qwen-3-235B,943,moderate,correct,1.1051157978027328,10
Qwen-3-235B,943,moderate,correct,0.7185935302390999,11
Qwen-3-235B,943,moderate,semantic,,12
Qwen-3-235B,943,moderate,correct,1.2299689724402263,13
Qwen-3-235B,943,moderate,correct,1.2455074547267373,14
Qwen-3-235B,943,moderate,correct,1.0981394194988836,15
Qwen-3-235B,943,moderate,correct,1.0191675410982861,16
Qwen-3-235B,943,moderate,correct,1.782253533301638,17
Qwen-3-235B,943,moderate,correct,0.8795845605332506,18
Qwen-3-235B,943,moderate,correct,0.7329787234042553,19
Qwen-3-235B,943,moderate,correct,0.6921977522250373,20
Qwen-3-235B,943,moderate,correct,0.898930608365019,21
Qwen-3-235B,943,moderate,correct,0.6892396648869943,22
Qwen-3-235B,943,moderate,semantic,,23
Qwen-3-235B,943,moderate,correct,0.8685753867467098,24
Qwen-3-235B,943,moderate,correct,0.6652088062152836,25
Qwen-3-235B,943,moderate,correct,1.0452097721257112,26
Qwen-3-235B,943,moderate,correct,0.8094602563704646,27
Qwen-3-235B,943,moderate,correct,1.045379899277425,28
Qwen-3-235B,943,moderate,correct,1.2391079221835934,29
Qwen-3-235B,943,moderate,correct,0.7043908686547016,30
Qwen-3-235B,943,moderate,correct,0.703695662662228,31
Qwen-3-235B,943,moderate,correct,0.5852692758696871,32
Qwen-3-235B,943,moderate,semantic,,33
Qwen-3-235B,943,moderate,correct,1.026401045811072,34
Qwen-3-235B,943,moderate,correct,0.5595085251412587,35
Qwen-3-235B,943,moderate,semantic,,36
Qwen-3-235B,943,moderate,correct,1.264105597870295,37
Qwen-3-235B,943,moderate,correct,1.0141320262270037,38
Qwen-3-235B,943,moderate,correct,1.0174829093354254,39
Qwen-3-235B,943,moderate,correct,1.0294991826422946,40
Qwen-3-235B,943,moderate,correct,0.7806318552545233,41
Qwen-3-235B,943,moderate,correct,0.6224667349027636,42
Qwen-3-235B,943,moderate,correct,0.8934124258507649,43
Qwen-3-235B,943,moderate,correct,1.1309453904873752,44
Qwen-3-235B,943,moderate,correct,0.9063882063882064,45
Qwen-3-235B,943,moderate,correct,0.42276275186059176,46
Qwen-3-235B,943,moderate,correct,0.9494189211578973,47
Qwen-3-235B,943,moderate,correct,1.136204608517312,48
Qwen-3-235B,943,moderate,correct,0.9573729594880417,49
Qwen-3-235B,943,moderate,correct,1.1374546801810146,50
Qwen-3-235B,1127,moderate,semantic,,1
Qwen-3-235B,1127,moderate,semantic,,2
Qwen-3-235B,1127,moderate,semantic,,3
Qwen-3-235B,1127,moderate,semantic,,4
Qwen-3-235B,1127,moderate,semantic,,5
Qwen-3-235B,1127,moderate,semantic,,6
Qwen-3-235B,1127,moderate,hallucination,,7
Qwen-3-235B,1127,moderate,semantic,,8
Qwen-3-235B,1127,moderate,semantic,,9
Qwen-3-235B,1127,moderate,semantic,,10
Qwen-3-235B,1127,moderate,semantic,,11
Qwen-3-235B,1127,moderate,semantic,,12
Qwen-3-235B,1127,moderate,semantic,,13
Qwen-3-235B,1127,moderate,semantic,,14
Qwen-3-235B,1127,moderate,semantic,,15
Qwen-3-235B,1127,moderate,semantic,,16
Qwen-3-235B,1127,moderate,semantic,,17
Qwen-3-235B,1127,moderate,semantic,,18
Qwen-3-235B,1127,moderate,semantic,,19
Qwen-3-235B,1127,moderate,semantic,,20
Qwen-3-235B,1127,moderate,semantic,,21
Qwen-3-235B,1127,moderate,semantic,,22
Qwen-3-235B,1127,moderate,semantic,,23
Qwen-3-235B,1127,moderate,semantic,,24
Qwen-3-235B,1127,moderate,semantic,,25
Qwen-3-235B,1127,moderate,semantic,,26
Qwen-3-235B,1127,moderate,semantic,,27
Qwen-3-235B,1127,moderate,semantic,,28
Qwen-3-235B,1127,moderate,semantic,,29
Qwen-3-235B,1127,moderate,semantic,,30
Qwen-3-235B,1127,moderate,semantic,,31
Qwen-3-235B,1127,moderate,semantic,,32
Qwen-3-235B,1127,moderate,semantic,,33
Qwen-3-235B,1127,moderate,semantic,,34
Qwen-3-235B,1127,moderate,semantic,,35
Qwen-3-235B,1127,moderate,semantic,,36
Qwen-3-235B,1127,moderate,hallucination,,37
Qwen-3-235B,1127,moderate,semantic,,38
Qwen-3-235B,1127,moderate,semantic,,39
Qwen-3-235B,1127,moderate,semantic,,40
Qwen-3-235B,1127,moderate,semantic,,41
Qwen-3-235B,1127,moderate,semantic,,42
Qwen-3-235B,1127,moderate,semantic,,43
Qwen-3-235B,1127,moderate,semantic,,44
Qwen-3-235B,1127,moderate,semantic,,45
Qwen-3-235B,1127,moderate,semantic,,46
Qwen-3-235B,1127,moderate,semantic,,47
Qwen-3-235B,1127,moderate,semantic,,48
Qwen-3-235B,1127,moderate,semantic,,49
Qwen-3-235B,1127,moderate,semantic,,50
Qwen-3-235B,1501,moderate,semantic,,1
Qwen-3-235B,1501,moderate,semantic,,2
Qwen-3-235B,1501,moderate,semantic,,3
Qwen-3-235B,1501,moderate,semantic,,4
Qwen-3-235B,1501,moderate,semantic,,5
Qwen-3-235B,1501,moderate,semantic,,6
Qwen-3-235B,1501,moderate,semantic,,7
Qwen-3-235B,1501,moderate,semantic,,8
Qwen-3-235B,1501,moderate,semantic,,9
Qwen-3-235B,1501,moderate,semantic,,10
Qwen-3-235B,1501,moderate,semantic,,11
Qwen-3-235B,1501,moderate,semantic,,12
Qwen-3-235B,1501,moderate,semantic,,13
Qwen-3-235B,1501,moderate,semantic,,14
Qwen-3-235B,1501,moderate,semantic,,15
Qwen-3-235B,1501,moderate,semantic,,16
Qwen-3-235B,1501,moderate,semantic,,17
Qwen-3-235B,1501,moderate,semantic,,18
Qwen-3-235B,1501,moderate,semantic,,19
Qwen-3-235B,1501,moderate,semantic,,20
Qwen-3-235B,1501,moderate,semantic,,21
Qwen-3-235B,1501,moderate,semantic,,22
Qwen-3-235B,1501,moderate,semantic,,23
Qwen-3-235B,1501,moderate,semantic,,24
Qwen-3-235B,1501,moderate,semantic,,25
Qwen-3-235B,1501,moderate,semantic,,26
Qwen-3-235B,1501,moderate,semantic,,27
Qwen-3-235B,1501,moderate,semantic,,28
Qwen-3-235B,1501,moderate,semantic,,29
Qwen-3-235B,1501,moderate,semantic,,30
Qwen-3-235B,1501,moderate,semantic,,31
Qwen-3-235B,1501,moderate,semantic,,32
Qwen-3-235B,1501,moderate,semantic,,33
Qwen-3-235B,1501,moderate,semantic,,34
Qwen-3-235B,1501,moderate,semantic,,35
Qwen-3-235B,1501,moderate,semantic,,36
Qwen-3-235B,1501,moderate,semantic,,37
Qwen-3-235B,1501,moderate,semantic,,38
Qwen-3-235B,1501,moderate,semantic,,39
Qwen-3-235B,1501,moderate,semantic,,40
Qwen-3-235B,1501,moderate,semantic,,41
Qwen-3-235B,1501,moderate,semantic,,42
Qwen-3-235B,1501,moderate,semantic,,43
Qwen-3-235B,1501,moderate,semantic,,44
Qwen-3-235B,1501,moderate,semantic,,45
Qwen-3-235B,1501,moderate,semantic,,46
Qwen-3-235B,1501,moderate,semantic,,47
Qwen-3-235B,1501,moderate,semantic,,48
Qwen-3-235B,1501,moderate,semantic,,49
Qwen-3-235B,1501,moderate,semantic,,50
Qwen-3-235B,766,moderate,semantic,,1
Qwen-3-235B,766,moderate,semantic,,2
Qwen-3-235B,766,moderate,semantic,,3
Qwen-3-235B,766,moderate,semantic,,4
Qwen-3-235B,766,moderate,semantic,,5
Qwen-3-235B,766,moderate,semantic,,6
Qwen-3-235B,766,moderate,semantic,,7
Qwen-3-235B,766,moderate,semantic,,8
Qwen-3-235B,766,moderate,semantic,,9
Qwen-3-235B,766,moderate,semantic,,10
Qwen-3-235B,766,moderate,semantic,,11
Qwen-3-235B,766,moderate,semantic,,12
Qwen-3-235B,766,moderate,semantic,,13
Qwen-3-235B,766,moderate,semantic,,14
Qwen-3-235B,766,moderate,semantic,,15
Qwen-3-235B,766,moderate,semantic,,16
Qwen-3-235B,766,moderate,semantic,,17
Qwen-3-235B,766,moderate,semantic,,18
Qwen-3-235B,766,moderate,semantic,,19
Qwen-3-235B,766,moderate,semantic,,20
Qwen-3-235B,766,moderate,semantic,,21
Qwen-3-235B,766,moderate,semantic,,22
Qwen-3-235B,766,moderate,semantic,,23
Qwen-3-235B,766,moderate,semantic,,24
Qwen-3-235B,766,moderate,semantic,,25
Qwen-3-235B,766,moderate,semantic,,26
Qwen-3-235B,766,moderate,semantic,,27
Qwen-3-235B,766,moderate,semantic,,28
Qwen-3-235B,766,moderate,semantic,,29
Qwen-3-235B,766,moderate,semantic,,30
Qwen-3-235B,766,moderate,semantic,,31
Qwen-3-235B,766,moderate,semantic,,32
Qwen-3-235B,766,moderate,semantic,,33
Qwen-3-235B,766,moderate,semantic,,34
Qwen-3-235B,766,moderate,semantic,,35
Qwen-3-235B,766,moderate,semantic,,36
Qwen-3-235B,766,moderate,semantic,,37
Qwen-3-235B,766,moderate,semantic,,38
Qwen-3-235B,766,moderate,semantic,,39
Qwen-3-235B,766,moderate,semantic,,40
Qwen-3-235B,766,moderate,semantic,,41
Qwen-3-235B,766,moderate,semantic,,42
Qwen-3-235B,766,moderate,semantic,,43
Qwen-3-235B,766,moderate,semantic,,44
Qwen-3-235B,766,moderate,semantic,,45
Qwen-3-235B,766,moderate,semantic,,46
Qwen-3-235B,766,moderate,semantic,,47
Qwen-3-235B,766,moderate,semantic,,48
Qwen-3-235B,766,moderate,semantic,,49
Qwen-3-235B,766,moderate,semantic,,50
Qwen-3-235B,31,moderate,semantic,,1
Qwen-3-235B,31,moderate,semantic,,2
Qwen-3-235B,31,moderate,semantic,,3
Qwen-3-235B,31,moderate,semantic,,4
Qwen-3-235B,31,moderate,semantic,,5
Qwen-3-235B,31,moderate,semantic,,6
Qwen-3-235B,31,moderate,semantic,,7
Qwen-3-235B,31,moderate,semantic,,8
Qwen-3-235B,31,moderate,semantic,,9
Qwen-3-235B,31,moderate,semantic,,10
Qwen-3-235B,31,moderate,correct,1.872215323935432,11
Qwen-3-235B,31,moderate,semantic,,12
Qwen-3-235B,31,moderate,semantic,,13
Qwen-3-235B,31,moderate,semantic,,14
Qwen-3-235B,31,moderate,semantic,,15
Qwen-3-235B,31,moderate,correct,0.9644530529422616,16
Qwen-3-235B,31,moderate,semantic,,17
Qwen-3-235B,31,moderate,semantic,,18
Qwen-3-235B,31,moderate,semantic,,19
Qwen-3-235B,31,moderate,semantic,,20
Qwen-3-235B,31,moderate,semantic,,21
Qwen-3-235B,31,moderate,semantic,,22
Qwen-3-235B,31,moderate,semantic,,23
Qwen-3-235B,31,moderate,semantic,,24
Qwen-3-235B,31,moderate,semantic,,25
Qwen-3-235B,31,moderate,semantic,,26
Qwen-3-235B,31,moderate,semantic,,27
Qwen-3-235B,31,moderate,semantic,,28
Qwen-3-235B,31,moderate,semantic,,29
Qwen-3-235B,31,moderate,semantic,,30
Qwen-3-235B,31,moderate,semantic,,31
Qwen-3-235B,31,moderate,semantic,,32
Qwen-3-235B,31,moderate,semantic,,33
Qwen-3-235B,31,moderate,semantic,,34
Qwen-3-235B,31,moderate,semantic,,35
Qwen-3-235B,31,moderate,semantic,,36
Qwen-3-235B,31,moderate,semantic,,37
Qwen-3-235B,31,moderate,semantic,,38
Qwen-3-235B,31,moderate,semantic,,39
Qwen-3-235B,31,moderate,correct,0.9502128024222343,40
Qwen-3-235B,31,moderate,semantic,,41
Qwen-3-235B,31,moderate,semantic,,42
Qwen-3-235B,31,moderate,semantic,,43
Qwen-3-235B,31,moderate,semantic,,44
Qwen-3-235B,31,moderate,semantic,,45
Qwen-3-235B,31,moderate,semantic,,46
Qwen-3-235B,31,moderate,semantic,,47
Qwen-3-235B,31,moderate,semantic,,48
Qwen-3-235B,31,moderate,semantic,,49
Qwen-3-235B,31,moderate,semantic,,50
Qwen-3-235B,615,moderate,correct,9.53553464544984,1
Qwen-3-235B,615,moderate,correct,1.2767975033009242,2
Qwen-3-235B,615,moderate,correct,1.101791522536011,3
Qwen-3-235B,615,moderate,correct,1.0295900218639902,4
Qwen-3-235B,615,moderate,correct,0.7586999967237821,5
Qwen-3-235B,615,moderate,correct,1.1204171660879558,6
Qwen-3-235B,615,moderate,correct,1.296766275130343,7
Qwen-3-235B,615,moderate,correct,1.2351586823997278,8
Qwen-3-235B,615,moderate,correct,1.2565824778852979,9
Qwen-3-235B,615,moderate,correct,1.0403451209138412,10
Qwen-3-235B,615,moderate,correct,1.1090704403569003,11
Qwen-3-235B,615,moderate,correct,0.8019299674267101,12
Qwen-3-235B,615,moderate,correct,1.0449682750479563,13
Qwen-3-235B,615,moderate,correct,1.2762436875470076,14
Qwen-3-235B,615,moderate,correct,1.4984455045502032,15
Qwen-3-235B,615,moderate,correct,1.0376665049811573,16
Qwen-3-235B,615,moderate,correct,1.2868134900921786,17
Qwen-3-235B,615,moderate,correct,0.9406951811307979,18
Qwen-3-235B,615,moderate,correct,1.3927588397205166,19
Qwen-3-235B,615,moderate,correct,1.1706115134771895,20
Qwen-3-235B,615,moderate,correct,1.0699437835011112,21
Qwen-3-235B,615,moderate,correct,1.048314912615016,22
Qwen-3-235B,615,moderate,correct,0.7194139013930911,23
Qwen-3-235B,615,moderate,correct,1.794812077025636,24
Qwen-3-235B,615,moderate,correct,0.6217811948204827,25
Qwen-3-235B,615,moderate,correct,1.0242957154858583,26
Qwen-3-235B,615,moderate,correct,1.1293810032017075,27
Qwen-3-235B,615,moderate,correct,0.8754305794766376,28
Qwen-3-235B,615,moderate,correct,1.5325484764542936,29
Qwen-3-235B,615,moderate,correct,1.091406278934828,30
Qwen-3-235B,615,moderate,correct,1.0019638844969627,31
Qwen-3-235B,615,moderate,correct,1.060931777240867,32
Qwen-3-235B,615,moderate,correct,1.141595419651339,33
Qwen-3-235B,615,moderate,correct,0.556313127179269,34
Qwen-3-235B,615,moderate,correct,0.9651818247879662,35
Qwen-3-235B,615,moderate,correct,0.7436249374147545,36
Qwen-3-235B,615,moderate,correct,0.6500525020226189,37
Qwen-3-235B,615,moderate,correct,1.1224905368096243,38
Qwen-3-235B,615,moderate,correct,0.809061026154066,39
Qwen-3-235B,615,moderate,correct,1.022342162746803,40
Qwen-3-235B,615,moderate,correct,0.8927627376799488,41
Qwen-3-235B,615,moderate,correct,1.4525407585859151,42
Qwen-3-235B,615,moderate,correct,0.9853449590726524,43
Qwen-3-235B,615,moderate,correct,1.7166622916393228,44
Qwen-3-235B,615,moderate,correct,0.9186796265999423,45
Qwen-3-235B,615,moderate,correct,1.980638697204465,46
Qwen-3-235B,615,moderate,correct,1.0114711033274957,47
Qwen-3-235B,615,moderate,correct,1.7920564733050792,48
Qwen-3-235B,615,moderate,correct,1.2487173520383852,49
Qwen-3-235B,615,moderate,correct,1.1458634287275993,50
Qwen-3-235B,397,moderate,semantic,,1
Qwen-3-235B,397,moderate,semantic,,2
Qwen-3-235B,397,moderate,semantic,,3
Qwen-3-235B,397,moderate,semantic,,4
Qwen-3-235B,397,moderate,semantic,,5
Qwen-3-235B,397,moderate,semantic,,6
Qwen-3-235B,397,moderate,semantic,,7
Qwen-3-235B,397,moderate,semantic,,8
Qwen-3-235B,397,moderate,semantic,,9
Qwen-3-235B,397,moderate,semantic,,10
Qwen-3-235B,397,moderate,semantic,,11
Qwen-3-235B,397,moderate,semantic,,12
Qwen-3-235B,397,moderate,semantic,,13
Qwen-3-235B,397,moderate,semantic,,14
Qwen-3-235B,397,moderate,semantic,,15
Qwen-3-235B,397,moderate,semantic,,16
Qwen-3-235B,397,moderate,semantic,,17
Qwen-3-235B,397,moderate,semantic,,18
Qwen-3-235B,397,moderate,semantic,,19
Qwen-3-235B,397,moderate,semantic,,20
Qwen-3-235B,397,moderate,semantic,,21
Qwen-3-235B,397,moderate,semantic,,22
Qwen-3-235B,397,moderate,semantic,,23
Qwen-3-235B,397,moderate,semantic,,24
Qwen-3-235B,397,moderate,semantic,,25
Qwen-3-235B,397,moderate,semantic,,26
Qwen-3-235B,397,moderate,semantic,,27
Qwen-3-235B,397,moderate,semantic,,28
Qwen-3-235B,397,moderate,semantic,,29
Qwen-3-235B,397,moderate,semantic,,30
Qwen-3-235B,397,moderate,semantic,,31
Qwen-3-235B,397,moderate,semantic,,32
Qwen-3-235B,397,moderate,semantic,,33
Qwen-3-235B,397,moderate,semantic,,34
Qwen-3-235B,397,moderate,semantic,,35
Qwen-3-235B,397,moderate,semantic,,36
Qwen-3-235B,397,moderate,semantic,,37
Qwen-3-235B,397,moderate,semantic,,38
Qwen-3-235B,397,moderate,semantic,,39
Qwen-3-235B,397,moderate,semantic,,40
Qwen-3-235B,397,moderate,semantic,,41
Qwen-3-235B,397,moderate,semantic,,42
Qwen-3-235B,397,moderate,semantic,,43
Qwen-3-235B,397,moderate,semantic,,44
Qwen-3-235B,397,moderate,semantic,,45
Qwen-3-235B,397,moderate,semantic,,46
Qwen-3-235B,397,moderate,semantic,,47
Qwen-3-235B,397,moderate,semantic,,48
Qwen-3-235B,397,moderate,semantic,,49
Qwen-3-235B,397,moderate,semantic,,50
Qwen-3-235B,1112,moderate,correct,4.024788828048728,1
Qwen-3-235B,1112,moderate,correct,1.1195245074092168,2
Qwen-3-235B,1112,moderate,correct,1.2341835188152255,3
Qwen-3-235B,1112,moderate,correct,1.1557276540819619,4
Qwen-3-235B,1112,moderate,correct,1.3758259077408013,5
Qwen-3-235B,1112,moderate,correct,0.9570058239122987,6
Qwen-3-235B,1112,moderate,correct,1.3331834981520327,7
Qwen-3-235B,1112,moderate,correct,1.1745757258907745,8
Qwen-3-235B,1112,moderate,correct,1.075894834319765,9
Qwen-3-235B,1112,moderate,correct,0.7916427724891998,10
Qwen-3-235B,1112,moderate,correct,1.6341268024719615,11
Qwen-3-235B,1112,moderate,correct,1.1316514974130443,12
Qwen-3-235B,1112,moderate,correct,1.1823734109793338,13
Qwen-3-235B,1112,moderate,correct,0.7815263837821723,14
Qwen-3-235B,1112,moderate,correct,0.8621903462841554,15
Qwen-3-235B,1112,moderate,correct,1.1732221747185407,16
Qwen-3-235B,1112,moderate,correct,0.7365115867680877,17
Qwen-3-235B,1112,moderate,correct,0.9984208233500327,18
Qwen-3-235B,1112,moderate,correct,1.025838849577722,19
Qwen-3-235B,1112,moderate,correct,1.1494658963381688,20
Qwen-3-235B,1112,moderate,correct,1.1205554707767436,21
Qwen-3-235B,1112,moderate,correct,1.4447174447174447,22
Qwen-3-235B,1112,moderate,correct,1.1294338572819584,23
Qwen-3-235B,1112,moderate,correct,1.3534715025906736,24
Qwen-3-235B,1112,moderate,correct,1.1775472849298352,25
Qwen-3-235B,1112,moderate,correct,1.4349944179437735,26
Qwen-3-235B,1112,moderate,correct,1.013591072140295,27
Qwen-3-235B,1112,moderate,correct,1.1177515197049381,28
Qwen-3-235B,1112,moderate,correct,1.1761898173768677,29
Qwen-3-235B,1112,moderate,correct,1.1952324527775842,30
Qwen-3-235B,1112,moderate,correct,1.0533146809668144,31
Qwen-3-235B,1112,moderate,correct,1.066309067688378,32
Qwen-3-235B,1112,moderate,correct,1.2832954492740176,33
Qwen-3-235B,1112,moderate,correct,1.136530474258669,34
Qwen-3-235B,1112,moderate,correct,1.0900694444444445,35
Qwen-3-235B,1112,moderate,correct,1.3909172330224961,36
Qwen-3-235B,1112,moderate,correct,0.9358533791523482,37
Qwen-3-235B,1112,moderate,correct,1.1212897630966927,38
Qwen-3-235B,1112,moderate,correct,1.1262949973797718,39
Qwen-3-235B,1112,moderate,correct,1.1330443481160386,40
Qwen-3-235B,1112,moderate,correct,1.0977379601102644,41
Qwen-3-235B,1112,moderate,correct,2.2569466624081764,42
Qwen-3-235B,1112,moderate,correct,1.1757919530836898,43
Qwen-3-235B,1112,moderate,correct,1.4479774406845585,44
Qwen-3-235B,1112,moderate,correct,1.1528990989751702,45
Qwen-3-235B,1112,moderate,correct,0.883486568726892,46
Qwen-3-235B,1112,moderate,correct,1.2899002097502066,47
Qwen-3-235B,1112,moderate,correct,1.023874695863747,48
Qwen-3-235B,1112,moderate,correct,1.6803794405188268,49
Qwen-3-235B,1112,moderate,correct,1.1338718274632007,50
Qwen-3-235B,1560,Moderate,semantic,,1
Qwen-3-235B,1560,Moderate,semantic,,2
Qwen-3-235B,1560,Moderate,semantic,,3
Qwen-3-235B,1560,Moderate,semantic,,4
Qwen-3-235B,1560,Moderate,hallucination,,5
Qwen-3-235B,1560,Moderate,semantic,,6
Qwen-3-235B,1560,Moderate,semantic,,7
Qwen-3-235B,1560,Moderate,semantic,,8
Qwen-3-235B,1560,Moderate,semantic,,9
Qwen-3-235B,1560,Moderate,semantic,,10
Qwen-3-235B,1560,Moderate,semantic,,11
Qwen-3-235B,1560,Moderate,semantic,,12
Qwen-3-235B,1560,Moderate,hallucination,,13
Qwen-3-235B,1560,Moderate,semantic,,14
Qwen-3-235B,1560,Moderate,hallucination,,15
Qwen-3-235B,1560,Moderate,semantic,,16
Qwen-3-235B,1560,Moderate,semantic,,17
Qwen-3-235B,1560,Moderate,semantic,,18
Qwen-3-235B,1560,Moderate,semantic,,19
Qwen-3-235B,1560,Moderate,semantic,,20
Qwen-3-235B,1560,Moderate,semantic,,21
Qwen-3-235B,1560,Moderate,hallucination,,22
Qwen-3-235B,1560,Moderate,semantic,,23
Qwen-3-235B,1560,Moderate,semantic,,24
Qwen-3-235B,1560,Moderate,semantic,,25
Qwen-3-235B,1560,Moderate,semantic,,26
Qwen-3-235B,1560,Moderate,semantic,,27
Qwen-3-235B,1560,Moderate,semantic,,28
Qwen-3-235B,1560,Moderate,semantic,,29
Qwen-3-235B,1560,Moderate,semantic,,30
Qwen-3-235B,1560,Moderate,semantic,,31
Qwen-3-235B,1560,Moderate,semantic,,32
Qwen-3-235B,1560,Moderate,hallucination,,33
Qwen-3-235B,1560,Moderate,semantic,,34
Qwen-3-235B,1560,Moderate,semantic,,35
Qwen-3-235B,1560,Moderate,semantic,,36
Qwen-3-235B,1560,Moderate,semantic,,37
Qwen-3-235B,1560,Moderate,semantic,,38
Qwen-3-235B,1560,Moderate,hallucination,,39
Qwen-3-235B,1560,Moderate,semantic,,40
Qwen-3-235B,1560,Moderate,semantic,,41
Qwen-3-235B,1560,Moderate,semantic,,42
Qwen-3-235B,1560,Moderate,semantic,,43
Qwen-3-235B,1560,Moderate,semantic,,44
Qwen-3-235B,1560,Moderate,semantic,,45
Qwen-3-235B,1560,Moderate,semantic,,46
Qwen-3-235B,1560,Moderate,hallucination,,47
Qwen-3-235B,1560,Moderate,semantic,,48
Qwen-3-235B,1560,Moderate,semantic,,49
Qwen-3-235B,1560,Moderate,hallucination,,50
Qwen-3-235B,1200,moderate,correct,2.0491652061617933,1
Qwen-3-235B,1200,moderate,correct,1.6441472494140357,2
Qwen-3-235B,1200,moderate,correct,1.5222946544980442,3
Qwen-3-235B,1200,moderate,correct,0.8476272648835202,4
Qwen-3-235B,1200,moderate,semantic,,5
Qwen-3-235B,1200,moderate,correct,1.4696477317041465,6
Qwen-3-235B,1200,moderate,semantic,,7
Qwen-3-235B,1200,moderate,correct,1.6657704587464293,8
Qwen-3-235B,1200,moderate,correct,1.7584112149532711,9
Qwen-3-235B,1200,moderate,correct,1.6673922507618633,10
Qwen-3-235B,1200,moderate,correct,6.413833391751373,11
Qwen-3-235B,1200,moderate,correct,1.5067051784609036,12
Qwen-3-235B,1200,moderate,correct,1.4965197215777262,13
Qwen-3-235B,1200,moderate,correct,1.4802475638662103,14
Qwen-3-235B,1200,moderate,correct,2.6477750719504094,15
Qwen-3-235B,1200,moderate,correct,1.9944199706314243,16
Qwen-3-235B,1200,moderate,correct,1.7505131128848346,17
Qwen-3-235B,1200,moderate,correct,1.4560499186109603,18
Qwen-3-235B,1200,moderate,correct,1.4420840787119857,19
Qwen-3-235B,1200,moderate,correct,1.2475439660400243,20
Qwen-3-235B,1200,moderate,correct,1.6272377067754362,21
Qwen-3-235B,1200,moderate,correct,1.2778020696691443,22
Qwen-3-235B,1200,moderate,correct,1.2757635292016432,23
Qwen-3-235B,1200,moderate,correct,1.526049110042874,24
Qwen-3-235B,1200,moderate,correct,1.3086130627114234,25
Qwen-3-235B,1200,moderate,correct,1.1825260862793958,26
Qwen-3-235B,1200,moderate,correct,1.860336483060613,27
Qwen-3-235B,1200,moderate,correct,1.5425648520277677,28
Qwen-3-235B,1200,moderate,correct,1.9812811980033278,29
Qwen-3-235B,1200,moderate,correct,1.4933456561922367,30
Qwen-3-235B,1200,moderate,correct,1.3904494382022472,31
Qwen-3-235B,1200,moderate,correct,1.3875286455192377,32
Qwen-3-235B,1200,moderate,correct,1.454054054054054,33
Qwen-3-235B,1200,moderate,correct,1.4008401890425346,34
Qwen-3-235B,1200,moderate,correct,1.361789342363215,35
Qwen-3-235B,1200,moderate,correct,2.3471736896197326,36
Qwen-3-235B,1200,moderate,correct,1.5062338273347449,37
Qwen-3-235B,1200,moderate,correct,1.5618402189495635,38
Qwen-3-235B,1200,moderate,correct,1.3822539949537427,39
Qwen-3-235B,1200,moderate,correct,1.3446010674695497,40
Qwen-3-235B,1200,moderate,correct,1.5162707675408484,41
Qwen-3-235B,1200,moderate,correct,1.3202819107282693,42
Qwen-3-235B,1200,moderate,correct,1.3599225215706991,43
Qwen-3-235B,1200,moderate,correct,1.5613368020812488,44
Qwen-3-235B,1200,moderate,correct,1.556767158434894,45
Qwen-3-235B,1200,moderate,correct,1.3483087371033042,46
Qwen-3-235B,1200,moderate,correct,1.447117296222664,47
Qwen-3-235B,1200,moderate,correct,1.7292770466586909,48
Qwen-3-235B,1200,moderate,correct,1.525765496639283,49
Qwen-3-235B,1200,moderate,correct,1.6301591583490693,50
Qwen-3-235B,185,moderate,semantic,,1
Qwen-3-235B,185,moderate,semantic,,2
Qwen-3-235B,185,moderate,semantic,,3
Qwen-3-235B,185,moderate,semantic,,4
Qwen-3-235B,185,moderate,correct,30.409469376234828,5
Qwen-3-235B,185,moderate,semantic,,6
Qwen-3-235B,185,moderate,semantic,,7
Qwen-3-235B,185,moderate,semantic,,8
Qwen-3-235B,185,moderate,semantic,,9
Qwen-3-235B,185,moderate,semantic,,10
Qwen-3-235B,185,moderate,semantic,,11
Qwen-3-235B,185,moderate,semantic,,12
Qwen-3-235B,185,moderate,semantic,,13
Qwen-3-235B,185,moderate,semantic,,14
Qwen-3-235B,185,moderate,semantic,,15
Qwen-3-235B,185,moderate,semantic,,16
Qwen-3-235B,185,moderate,semantic,,17
Qwen-3-235B,185,moderate,semantic,,18
Qwen-3-235B,185,moderate,semantic,,19
Qwen-3-235B,185,moderate,correct,17.904984338077703,20
Qwen-3-235B,185,moderate,semantic,,21
Qwen-3-235B,185,moderate,semantic,,22
Qwen-3-235B,185,moderate,semantic,,23
Qwen-3-235B,185,moderate,semantic,,24
Qwen-3-235B,185,moderate,semantic,,25
Qwen-3-235B,185,moderate,semantic,,26
Qwen-3-235B,185,moderate,semantic,,27
Qwen-3-235B,185,moderate,semantic,,28
Qwen-3-235B,185,moderate,semantic,,29
Qwen-3-235B,185,moderate,correct,16.505607678205543,30
Qwen-3-235B,185,moderate,semantic,,31
Qwen-3-235B,185,moderate,semantic,,32
Qwen-3-235B,185,moderate,semantic,,33
Qwen-3-235B,185,moderate,correct,31.2686630113876,34
Qwen-3-235B,185,moderate,semantic,,35
Qwen-3-235B,185,moderate,semantic,,36
Qwen-3-235B,185,moderate,semantic,,37
Qwen-3-235B,185,moderate,semantic,,38
Qwen-3-235B,185,moderate,semantic,,39
Qwen-3-235B,185,moderate,semantic,,40
Qwen-3-235B,185,moderate,semantic,,41
Qwen-3-235B,185,moderate,semantic,,42
Qwen-3-235B,185,moderate,semantic,,43
Qwen-3-235B,185,moderate,semantic,,44
Qwen-3-235B,185,moderate,semantic,,45
Qwen-3-235B,185,moderate,semantic,,46
Qwen-3-235B,185,moderate,semantic,,47
Qwen-3-235B,185,moderate,semantic,,48
Qwen-3-235B,185,moderate,semantic,,49
Qwen-3-235B,185,moderate,semantic,,50
Qwen-3-235B,93,moderate,semantic,,1
Qwen-3-235B,93,moderate,semantic,,2
Qwen-3-235B,93,moderate,semantic,,3
Qwen-3-235B,93,moderate,semantic,,4
Qwen-3-235B,93,moderate,semantic,,5
Qwen-3-235B,93,moderate,semantic,,6
Qwen-3-235B,93,moderate,semantic,,7
Qwen-3-235B,93,moderate,semantic,,8
Qwen-3-235B,93,moderate,semantic,,9
Qwen-3-235B,93,moderate,semantic,,10
Qwen-3-235B,93,moderate,semantic,,11
Qwen-3-235B,93,moderate,semantic,,12
Qwen-3-235B,93,moderate,semantic,,13
Qwen-3-235B,93,moderate,semantic,,14
Qwen-3-235B,93,moderate,semantic,,15
Qwen-3-235B,93,moderate,semantic,,16
Qwen-3-235B,93,moderate,semantic,,17
Qwen-3-235B,93,moderate,semantic,,18
Qwen-3-235B,93,moderate,semantic,,19
Qwen-3-235B,93,moderate,semantic,,20
Qwen-3-235B,93,moderate,semantic,,21
Qwen-3-235B,93,moderate,semantic,,22
Qwen-3-235B,93,moderate,semantic,,23
Qwen-3-235B,93,moderate,semantic,,24
Qwen-3-235B,93,moderate,semantic,,25
Qwen-3-235B,93,moderate,semantic,,26
Qwen-3-235B,93,moderate,semantic,,27
Qwen-3-235B,93,moderate,semantic,,28
Qwen-3-235B,93,moderate,semantic,,29
Qwen-3-235B,93,moderate,semantic,,30
Qwen-3-235B,93,moderate,semantic,,31
Qwen-3-235B,93,moderate,semantic,,32
Qwen-3-235B,93,moderate,semantic,,33
Qwen-3-235B,93,moderate,semantic,,34
Qwen-3-235B,93,moderate,semantic,,35
Qwen-3-235B,93,moderate,semantic,,36
Qwen-3-235B,93,moderate,semantic,,37
Qwen-3-235B,93,moderate,semantic,,38
Qwen-3-235B,93,moderate,semantic,,39
Qwen-3-235B,93,moderate,semantic,,40
Qwen-3-235B,93,moderate,semantic,,41
Qwen-3-235B,93,moderate,semantic,,42
Qwen-3-235B,93,moderate,semantic,,43
Qwen-3-235B,93,moderate,semantic,,44
Qwen-3-235B,93,moderate,semantic,,45
Qwen-3-235B,93,moderate,semantic,,46
Qwen-3-235B,93,moderate,semantic,,47
Qwen-3-235B,93,moderate,semantic,,48
Qwen-3-235B,93,moderate,semantic,,49
Qwen-3-235B,93,moderate,semantic,,50
Qwen-3-235B,958,moderate,semantic,,1
Qwen-3-235B,958,moderate,semantic,,2
Qwen-3-235B,958,moderate,semantic,,3
Qwen-3-235B,958,moderate,semantic,,4
Qwen-3-235B,958,moderate,semantic,,5
Qwen-3-235B,958,moderate,semantic,,6
Qwen-3-235B,958,moderate,semantic,,7
Qwen-3-235B,958,moderate,semantic,,8
Qwen-3-235B,958,moderate,semantic,,9
Qwen-3-235B,958,moderate,semantic,,10
Qwen-3-235B,958,moderate,semantic,,11
Qwen-3-235B,958,moderate,semantic,,12
Qwen-3-235B,958,moderate,semantic,,13
Qwen-3-235B,958,moderate,semantic,,14
Qwen-3-235B,958,moderate,semantic,,15
Qwen-3-235B,958,moderate,semantic,,16
Qwen-3-235B,958,moderate,semantic,,17
Qwen-3-235B,958,moderate,semantic,,18
Qwen-3-235B,958,moderate,semantic,,19
Qwen-3-235B,958,moderate,semantic,,20
Qwen-3-235B,958,moderate,semantic,,21
Qwen-3-235B,958,moderate,semantic,,22
Qwen-3-235B,958,moderate,semantic,,23
Qwen-3-235B,958,moderate,semantic,,24
Qwen-3-235B,958,moderate,semantic,,25
Qwen-3-235B,958,moderate,semantic,,26
Qwen-3-235B,958,moderate,semantic,,27
Qwen-3-235B,958,moderate,semantic,,28
Qwen-3-235B,958,moderate,semantic,,29
Qwen-3-235B,958,moderate,semantic,,30
Qwen-3-235B,958,moderate,semantic,,31
Qwen-3-235B,958,moderate,semantic,,32
Qwen-3-235B,958,moderate,semantic,,33
Qwen-3-235B,958,moderate,semantic,,34
Qwen-3-235B,958,moderate,semantic,,35
Qwen-3-235B,958,moderate,semantic,,36
Qwen-3-235B,958,moderate,semantic,,37
Qwen-3-235B,958,moderate,semantic,,38
Qwen-3-235B,958,moderate,semantic,,39
Qwen-3-235B,958,moderate,semantic,,40
Qwen-3-235B,958,moderate,semantic,,41
Qwen-3-235B,958,moderate,semantic,,42
Qwen-3-235B,958,moderate,semantic,,43
Qwen-3-235B,958,moderate,semantic,,44
Qwen-3-235B,958,moderate,semantic,,45
Qwen-3-235B,958,moderate,semantic,,46
Qwen-3-235B,958,moderate,semantic,,47
Qwen-3-235B,958,moderate,semantic,,48
Qwen-3-235B,958,moderate,semantic,,49
Qwen-3-235B,958,moderate,semantic,,50
Qwen-3-235B,1316,moderate,correct,3.1938278289117488,1
Qwen-3-235B,1316,moderate,correct,1.045680546923555,2
Qwen-3-235B,1316,moderate,correct,0.8756864702945582,3
Qwen-3-235B,1316,moderate,correct,1.5497177594442033,4
Qwen-3-235B,1316,moderate,correct,1.4649067341131836,5
Qwen-3-235B,1316,moderate,correct,1.3760475804271424,6
Qwen-3-235B,1316,moderate,correct,1.2576835975412488,7
Qwen-3-235B,1316,moderate,correct,1.0615896318385136,8
Qwen-3-235B,1316,moderate,correct,1.30078125,9
Qwen-3-235B,1316,moderate,correct,1.1951602765556253,10
Qwen-3-235B,1316,moderate,correct,1.2611266728913788,11
Qwen-3-235B,1316,moderate,correct,1.5850868232890705,12
Qwen-3-235B,1316,moderate,correct,1.4692242833052276,13
Qwen-3-235B,1316,moderate,correct,1.4676287833233113,14
Qwen-3-235B,1316,moderate,correct,1.3069368667186283,15
Qwen-3-235B,1316,moderate,correct,1.4038527691778466,16
Qwen-3-235B,1316,moderate,correct,1.5428745185485506,17
Qwen-3-235B,1316,moderate,correct,2.1446700507614214,18
Qwen-3-235B,1316,moderate,correct,1.8969327490950658,19
Qwen-3-235B,1316,moderate,correct,1.3585581551550432,20
Qwen-3-235B,1316,moderate,correct,1.2911105815061963,21
Qwen-3-235B,1316,moderate,correct,1.5644381796214257,22
Qwen-3-235B,1316,moderate,correct,1.5141716566866268,23
Qwen-3-235B,1316,moderate,correct,1.3344602752958223,24
Qwen-3-235B,1316,moderate,correct,1.0564720812182742,25
Qwen-3-235B,1316,moderate,correct,1.4431018660140715,26
Qwen-3-235B,1316,moderate,correct,1.2635590412018116,27
Qwen-3-235B,1316,moderate,correct,1.2985450169565693,28
Qwen-3-235B,1316,moderate,correct,1.378761256314518,29
Qwen-3-235B,1316,moderate,correct,1.3466919611097936,30
Qwen-3-235B,1316,moderate,correct,1.60259266761191,31
Qwen-3-235B,1316,moderate,correct,1.1497803806734992,32
Qwen-3-235B,1316,moderate,correct,1.4891485809682805,33
Qwen-3-235B,1316,moderate,correct,1.262335936202027,34
Qwen-3-235B,1316,moderate,correct,1.1994177583697234,35
Qwen-3-235B,1316,moderate,correct,1.3866904469958756,36
Qwen-3-235B,1316,moderate,correct,0.8182967959527825,37
Qwen-3-235B,1316,moderate,correct,2.58373786407767,38
Qwen-3-235B,1316,moderate,correct,1.3901149425287356,39
Qwen-3-235B,1316,moderate,correct,1.5581256231306082,40
Qwen-3-235B,1316,moderate,correct,0.9462116830537883,41
Qwen-3-235B,1316,moderate,correct,1.5375478155828468,42
Qwen-3-235B,1316,moderate,correct,1.2259924595253937,43
Qwen-3-235B,1316,moderate,correct,1.149501661129568,44
Qwen-3-235B,1316,moderate,correct,1.2524370430544274,45
Qwen-3-235B,1316,moderate,correct,1.2520685010583028,46
Qwen-3-235B,1316,moderate,correct,1.3016449885233359,47
Qwen-3-235B,1316,moderate,correct,1.4271302854689847,48
Qwen-3-235B,1316,moderate,correct,1.4373243395165824,49
Qwen-3-235B,1316,moderate,correct,1.1354815737938402,50
Qwen-3-235B,459,moderate,correct,1.239558955052992,1
Qwen-3-235B,459,moderate,correct,0.9004215815024708,2
Qwen-3-235B,459,moderate,correct,1.3460540314802478,3
Qwen-3-235B,459,moderate,correct,0.9877525366162417,4
Qwen-3-235B,459,moderate,correct,1.4878478596079008,5
Qwen-3-235B,459,moderate,correct,1.0102694671244339,6
Qwen-3-235B,459,moderate,correct,0.8821874903411256,7
Qwen-3-235B,459,moderate,correct,0.9064746909061513,8
Qwen-3-235B,459,moderate,correct,0.7355170462755033,9
Qwen-3-235B,459,moderate,correct,0.694565103311451,10
Qwen-3-235B,459,moderate,correct,0.9421350529189073,11
Qwen-3-235B,459,moderate,correct,1.1709092013907236,12
Qwen-3-235B,459,moderate,correct,1.0787837775175915,13
Qwen-3-235B,459,moderate,correct,1.007342081782099,14
Qwen-3-235B,459,moderate,correct,0.9938606660173636,15
Qwen-3-235B,459,moderate,correct,1.0787594507370581,16
Qwen-3-235B,459,moderate,correct,0.9661653859097635,17
Qwen-3-235B,459,moderate,correct,1.053713001602651,18
Qwen-3-235B,459,moderate,correct,1.0729821201608776,19
Qwen-3-235B,459,moderate,correct,1.159954360601524,20
Qwen-3-235B,459,moderate,correct,0.82319011098596,21
Qwen-3-235B,459,moderate,correct,0.8209475279048833,22
Qwen-3-235B,459,moderate,correct,1.1367403126661124,23
Qwen-3-235B,459,moderate,correct,1.3012212048233187,24
Qwen-3-235B,459,moderate,correct,0.9186783892046726,25
Qwen-3-235B,459,moderate,correct,1.3780116050717448,26
Qwen-3-235B,459,moderate,correct,1.1024750968222023,27
Qwen-3-235B,459,moderate,correct,1.1473750384680579,28
Qwen-3-235B,459,moderate,correct,1.3610206307590254,29
Qwen-3-235B,459,moderate,correct,0.9049095703485728,30
Qwen-3-235B,459,moderate,correct,1.0057684688656134,31
Qwen-3-235B,459,moderate,correct,1.2260283131491652,32
Qwen-3-235B,459,moderate,correct,0.9811087377022576,33
Qwen-3-235B,459,moderate,correct,0.8360258438748908,34
Qwen-3-235B,459,moderate,correct,1.0149540364153482,35
Qwen-3-235B,459,moderate,correct,1.0294541317709365,36
Qwen-3-235B,459,moderate,correct,0.9289199942768251,37
Qwen-3-235B,459,moderate,correct,1.0962534687821925,38
Qwen-3-235B,459,moderate,correct,1.1558220075803134,39
Qwen-3-235B,459,moderate,correct,0.9178087675249045,40
Qwen-3-235B,459,moderate,correct,0.8449487720540857,41
Qwen-3-235B,459,moderate,correct,1.1428168508119165,42
Qwen-3-235B,459,moderate,correct,1.2212392745146348,43
Qwen-3-235B,459,moderate,correct,0.9049579250839943,44
Qwen-3-235B,459,moderate,correct,0.8550109279664876,45
Qwen-3-235B,459,moderate,correct,1.016961016235134,46
Qwen-3-235B,459,moderate,correct,0.89279605770444,47
Qwen-3-235B,459,moderate,correct,1.0429719819146286,48
Qwen-3-235B,459,moderate,correct,1.1811073493014677,49
Qwen-3-235B,459,moderate,correct,1.0677070369135964,50
Qwen-3-235B,408,moderate,semantic,,1
Qwen-3-235B,408,moderate,semantic,,2
Qwen-3-235B,408,moderate,semantic,,3
Qwen-3-235B,408,moderate,semantic,,4
Qwen-3-235B,408,moderate,semantic,,5
Qwen-3-235B,408,moderate,semantic,,6
Qwen-3-235B,408,moderate,semantic,,7
Qwen-3-235B,408,moderate,semantic,,8
Qwen-3-235B,408,moderate,semantic,,9
Qwen-3-235B,408,moderate,semantic,,10
Qwen-3-235B,408,moderate,semantic,,11
Qwen-3-235B,408,moderate,semantic,,12
Qwen-3-235B,408,moderate,semantic,,13
Qwen-3-235B,408,moderate,semantic,,14
Qwen-3-235B,408,moderate,semantic,,15
Qwen-3-235B,408,moderate,semantic,,16
Qwen-3-235B,408,moderate,semantic,,17
Qwen-3-235B,408,moderate,semantic,,18
Qwen-3-235B,408,moderate,semantic,,19
Qwen-3-235B,408,moderate,semantic,,20
Qwen-3-235B,408,moderate,semantic,,21
Qwen-3-235B,408,moderate,semantic,,22
Qwen-3-235B,408,moderate,semantic,,23
Qwen-3-235B,408,moderate,semantic,,24
Qwen-3-235B,408,moderate,semantic,,25
Qwen-3-235B,408,moderate,semantic,,26
Qwen-3-235B,408,moderate,semantic,,27
Qwen-3-235B,408,moderate,semantic,,28
Qwen-3-235B,408,moderate,semantic,,29
Qwen-3-235B,408,moderate,semantic,,30
Qwen-3-235B,408,moderate,semantic,,31
Qwen-3-235B,408,moderate,semantic,,32
Qwen-3-235B,408,moderate,semantic,,33
Qwen-3-235B,408,moderate,semantic,,34
Qwen-3-235B,408,moderate,semantic,,35
Qwen-3-235B,408,moderate,semantic,,36
Qwen-3-235B,408,moderate,semantic,,37
Qwen-3-235B,408,moderate,semantic,,38
Qwen-3-235B,408,moderate,semantic,,39
Qwen-3-235B,408,moderate,semantic,,40
Qwen-3-235B,408,moderate,semantic,,41
Qwen-3-235B,408,moderate,semantic,,42
Qwen-3-235B,408,moderate,semantic,,43
Qwen-3-235B,408,moderate,semantic,,44
Qwen-3-235B,408,moderate,semantic,,45
Qwen-3-235B,408,moderate,semantic,,46
Qwen-3-235B,408,moderate,semantic,,47
Qwen-3-235B,408,moderate,semantic,,48
Qwen-3-235B,408,moderate,semantic,,49
Qwen-3-235B,408,moderate,semantic,,50
Qwen-3-235B,1291,moderate,semantic,,1
Qwen-3-235B,1291,moderate,semantic,,2
Qwen-3-235B,1291,moderate,semantic,,3
Qwen-3-235B,1291,moderate,semantic,,4
Qwen-3-235B,1291,moderate,semantic,,5
Qwen-3-235B,1291,moderate,semantic,,6
Qwen-3-235B,1291,moderate,semantic,,7
Qwen-3-235B,1291,moderate,semantic,,8
Qwen-3-235B,1291,moderate,semantic,,9
Qwen-3-235B,1291,moderate,semantic,,10
Qwen-3-235B,1291,moderate,semantic,,11
Qwen-3-235B,1291,moderate,semantic,,12
Qwen-3-235B,1291,moderate,semantic,,13
Qwen-3-235B,1291,moderate,semantic,,14
Qwen-3-235B,1291,moderate,semantic,,15
Qwen-3-235B,1291,moderate,semantic,,16
Qwen-3-235B,1291,moderate,semantic,,17
Qwen-3-235B,1291,moderate,semantic,,18
Qwen-3-235B,1291,moderate,semantic,,19
Qwen-3-235B,1291,moderate,semantic,,20
Qwen-3-235B,1291,moderate,semantic,,21
Qwen-3-235B,1291,moderate,semantic,,22
Qwen-3-235B,1291,moderate,semantic,,23
Qwen-3-235B,1291,moderate,semantic,,24
Qwen-3-235B,1291,moderate,semantic,,25
Qwen-3-235B,1291,moderate,semantic,,26
Qwen-3-235B,1291,moderate,semantic,,27
Qwen-3-235B,1291,moderate,semantic,,28
Qwen-3-235B,1291,moderate,semantic,,29
Qwen-3-235B,1291,moderate,semantic,,30
Qwen-3-235B,1291,moderate,semantic,,31
Qwen-3-235B,1291,moderate,semantic,,32
Qwen-3-235B,1291,moderate,semantic,,33
Qwen-3-235B,1291,moderate,semantic,,34
Qwen-3-235B,1291,moderate,semantic,,35
Qwen-3-235B,1291,moderate,semantic,,36
Qwen-3-235B,1291,moderate,semantic,,37
Qwen-3-235B,1291,moderate,semantic,,38
Qwen-3-235B,1291,moderate,semantic,,39
Qwen-3-235B,1291,moderate,semantic,,40
Qwen-3-235B,1291,moderate,semantic,,41
Qwen-3-235B,1291,moderate,semantic,,42
Qwen-3-235B,1291,moderate,semantic,,43
Qwen-3-235B,1291,moderate,semantic,,44
Qwen-3-235B,1291,moderate,semantic,,45
Qwen-3-235B,1291,moderate,semantic,,46
Qwen-3-235B,1291,moderate,semantic,,47
Qwen-3-235B,1291,moderate,semantic,,48
Qwen-3-235B,1291,moderate,semantic,,49
Qwen-3-235B,1291,moderate,semantic,,50
Qwen-3-235B,1430,moderate,correct,1.4735689709102284,1
Qwen-3-235B,1430,moderate,correct,2.0474358974358973,2
Qwen-3-235B,1430,moderate,correct,1.5675534689619197,3
Qwen-3-235B,1430,moderate,correct,1.948726322664925,4
Qwen-3-235B,1430,moderate,correct,1.5634509803921568,5
Qwen-3-235B,1430,moderate,correct,1.5804892781636968,6
Qwen-3-235B,1430,moderate,correct,1.627739176910743,7
Qwen-3-235B,1430,moderate,correct,1.6246825799898426,8
Qwen-3-235B,1430,moderate,correct,1.349128706817487,9
Qwen-3-235B,1430,moderate,correct,1.495543393275997,10
Qwen-3-235B,1430,moderate,correct,1.6291023166023166,11
Qwen-3-235B,1430,moderate,correct,1.4183367524065016,12
Qwen-3-235B,1430,moderate,correct,1.5253386853988962,13
Qwen-3-235B,1430,moderate,correct,1.4424947145877378,14
Qwen-3-235B,1430,moderate,correct,1.3179008452125647,15
Qwen-3-235B,1430,moderate,correct,1.4983229516051748,16
Qwen-3-235B,1430,moderate,correct,1.4131483715319662,17
Qwen-3-235B,1430,moderate,correct,2.2738589211618256,18
Qwen-3-235B,1430,moderate,correct,1.545270612038442,19
Qwen-3-235B,1430,moderate,correct,1.3473959848705266,20
Qwen-3-235B,1430,moderate,correct,1.4745864661654136,21
Qwen-3-235B,1430,moderate,correct,1.6765899864682003,22
Qwen-3-235B,1430,moderate,correct,0.9304213374565133,23
Qwen-3-235B,1430,moderate,correct,1.566528681253696,24
Qwen-3-235B,1430,moderate,correct,1.5743183817062445,25
Qwen-3-235B,1430,moderate,correct,1.509684266383656,26
Qwen-3-235B,1430,moderate,correct,1.067976424361493,27
Qwen-3-235B,1430,moderate,correct,1.338813151563753,28
Qwen-3-235B,1430,moderate,correct,1.334336055006446,29
Qwen-3-235B,1430,moderate,correct,1.3852735870299482,30
Qwen-3-235B,1430,moderate,correct,1.6457247132429613,31
Qwen-3-235B,1430,moderate,correct,1.603262884686689,32
Qwen-3-235B,1430,moderate,correct,1.3470964304741608,33
Qwen-3-235B,1430,moderate,correct,1.6214154169955275,34
Qwen-3-235B,1430,moderate,correct,1.3805121988180027,35
Qwen-3-235B,1430,moderate,correct,0.924903368304804,36
Qwen-3-235B,1430,moderate,correct,1.529740134744947,37
Qwen-3-235B,1430,moderate,correct,1.3986875800256082,38
Qwen-3-235B,1430,moderate,correct,2.093967194884626,39
Qwen-3-235B,1430,moderate,correct,1.1381260096930532,40
Qwen-3-235B,1430,moderate,correct,1.5126692120791392,41
Qwen-3-235B,1430,moderate,correct,1.477165790202048,42
Qwen-3-235B,1430,moderate,correct,1.2672380952380953,43
Qwen-3-235B,1430,moderate,correct,1.2102766798418971,44
Qwen-3-235B,1430,moderate,correct,1.577251445882677,45
Qwen-3-235B,1430,moderate,correct,1.6558554636482368,46
Qwen-3-235B,1430,moderate,correct,1.2955589586523737,47
Qwen-3-235B,1430,moderate,correct,1.5744070888715143,48
Qwen-3-235B,1430,moderate,correct,1.4512663085188027,49
Qwen-3-235B,1430,moderate,correct,1.6470879801734821,50
Qwen-3-235B,1602,Moderate,semantic,,1
Qwen-3-235B,1602,Moderate,semantic,,2
Qwen-3-235B,1602,Moderate,semantic,,3
Qwen-3-235B,1602,Moderate,semantic,,4
Qwen-3-235B,1602,Moderate,semantic,,5
Qwen-3-235B,1602,Moderate,semantic,,6
Qwen-3-235B,1602,Moderate,semantic,,7
Qwen-3-235B,1602,Moderate,semantic,,8
Qwen-3-235B,1602,Moderate,semantic,,9
Qwen-3-235B,1602,Moderate,semantic,,10
Qwen-3-235B,1602,Moderate,semantic,,11
Qwen-3-235B,1602,Moderate,semantic,,12
Qwen-3-235B,1602,Moderate,semantic,,13
Qwen-3-235B,1602,Moderate,semantic,,14
Qwen-3-235B,1602,Moderate,semantic,,15
Qwen-3-235B,1602,Moderate,semantic,,16
Qwen-3-235B,1602,Moderate,semantic,,17
Qwen-3-235B,1602,Moderate,semantic,,18
Qwen-3-235B,1602,Moderate,semantic,,19
Qwen-3-235B,1602,Moderate,semantic,,20
Qwen-3-235B,1602,Moderate,semantic,,21
Qwen-3-235B,1602,Moderate,semantic,,22
Qwen-3-235B,1602,Moderate,semantic,,23
Qwen-3-235B,1602,Moderate,semantic,,24
Qwen-3-235B,1602,Moderate,semantic,,25
Qwen-3-235B,1602,Moderate,semantic,,26
Qwen-3-235B,1602,Moderate,semantic,,27
Qwen-3-235B,1602,Moderate,semantic,,28
Qwen-3-235B,1602,Moderate,semantic,,29
Qwen-3-235B,1602,Moderate,semantic,,30
Qwen-3-235B,1602,Moderate,semantic,,31
Qwen-3-235B,1602,Moderate,semantic,,32
Qwen-3-235B,1602,Moderate,semantic,,33
Qwen-3-235B,1602,Moderate,semantic,,34
Qwen-3-235B,1602,Moderate,semantic,,35
Qwen-3-235B,1602,Moderate,semantic,,36
Qwen-3-235B,1602,Moderate,semantic,,37
Qwen-3-235B,1602,Moderate,semantic,,38
Qwen-3-235B,1602,Moderate,semantic,,39
Qwen-3-235B,1602,Moderate,semantic,,40
Qwen-3-235B,1602,Moderate,semantic,,41
Qwen-3-235B,1602,Moderate,semantic,,42
Qwen-3-235B,1602,Moderate,semantic,,43
Qwen-3-235B,1602,Moderate,semantic,,44
Qwen-3-235B,1602,Moderate,semantic,,45
Qwen-3-235B,1602,Moderate,semantic,,46
Qwen-3-235B,1602,Moderate,semantic,,47
Qwen-3-235B,1602,Moderate,semantic,,48
Qwen-3-235B,1602,Moderate,semantic,,49
Qwen-3-235B,1602,Moderate,semantic,,50
Qwen-3-235B,40,moderate,semantic,,1
Qwen-3-235B,40,moderate,correct,1.1781162375732857,2
Qwen-3-235B,40,moderate,semantic,,3
Qwen-3-235B,40,moderate,correct,1.0068961213218086,4
Qwen-3-235B,40,moderate,correct,1.021517989091897,5
Qwen-3-235B,40,moderate,correct,1.0474723428091304,6
Qwen-3-235B,40,moderate,correct,1.012103640634175,7
Qwen-3-235B,40,moderate,semantic,,8
Qwen-3-235B,40,moderate,correct,1.085558692251936,9
Qwen-3-235B,40,moderate,semantic,,10
Qwen-3-235B,40,moderate,correct,0.8444838704927928,11
Qwen-3-235B,40,moderate,semantic,,12
Qwen-3-235B,40,moderate,correct,1.2144287658039168,13
Qwen-3-235B,40,moderate,semantic,,14
Qwen-3-235B,40,moderate,semantic,,15
Qwen-3-235B,40,moderate,correct,0.9773933339115761,16
Qwen-3-235B,40,moderate,semantic,,17
Qwen-3-235B,40,moderate,semantic,,18
Qwen-3-235B,40,moderate,correct,1.104415966750368,19
Qwen-3-235B,40,moderate,semantic,,20
Qwen-3-235B,40,moderate,correct,1.2626780858059017,21
Qwen-3-235B,40,moderate,correct,1.0479405753187157,22
Qwen-3-235B,40,moderate,semantic,,23
Qwen-3-235B,40,moderate,semantic,,24
Qwen-3-235B,40,moderate,correct,1.2456451504664028,25
Qwen-3-235B,40,moderate,semantic,,26
Qwen-3-235B,40,moderate,correct,1.009258999663564,27
Qwen-3-235B,40,moderate,semantic,,28
Qwen-3-235B,40,moderate,correct,1.2825863784902083,29
Qwen-3-235B,40,moderate,semantic,,30
Qwen-3-235B,40,moderate,correct,1.0958119817763954,31
Qwen-3-235B,40,moderate,semantic,,32
Qwen-3-235B,40,moderate,semantic,,33
Qwen-3-235B,40,moderate,semantic,,34
Qwen-3-235B,40,moderate,semantic,,35
Qwen-3-235B,40,moderate,semantic,,36
Qwen-3-235B,40,moderate,semantic,,37
Qwen-3-235B,40,moderate,semantic,,38
Qwen-3-235B,40,moderate,correct,1.0432833954083052,39
Qwen-3-235B,40,moderate,semantic,,40
Qwen-3-235B,40,moderate,correct,1.0631867902645784,41
Qwen-3-235B,40,moderate,correct,1.0685500897287026,42
Qwen-3-235B,40,moderate,correct,1.208661557654607,43
Qwen-3-235B,40,moderate,semantic,,44
Qwen-3-235B,40,moderate,correct,0.9350630459074709,45
Qwen-3-235B,40,moderate,correct,1.0863900971672185,46
Qwen-3-235B,40,moderate,semantic,,47
Qwen-3-235B,40,moderate,semantic,,48
Qwen-3-235B,40,moderate,correct,1.178438163761266,49
Qwen-3-235B,40,moderate,semantic,,50
Qwen-3-235B,1475,moderate,semantic,,1
Qwen-3-235B,1475,moderate,semantic,,2
Qwen-3-235B,1475,moderate,semantic,,3
Qwen-3-235B,1475,moderate,semantic,,4
Qwen-3-235B,1475,moderate,semantic,,5
Qwen-3-235B,1475,moderate,semantic,,6
Qwen-3-235B,1475,moderate,semantic,,7
Qwen-3-235B,1475,moderate,semantic,,8
Qwen-3-235B,1475,moderate,semantic,,9
Qwen-3-235B,1475,moderate,semantic,,10
Qwen-3-235B,1475,moderate,semantic,,11
Qwen-3-235B,1475,moderate,semantic,,12
Qwen-3-235B,1475,moderate,semantic,,13
Qwen-3-235B,1475,moderate,semantic,,14
Qwen-3-235B,1475,moderate,semantic,,15
Qwen-3-235B,1475,moderate,semantic,,16
Qwen-3-235B,1475,moderate,semantic,,17
Qwen-3-235B,1475,moderate,semantic,,18
Qwen-3-235B,1475,moderate,semantic,,19
Qwen-3-235B,1475,moderate,semantic,,20
Qwen-3-235B,1475,moderate,semantic,,21
Qwen-3-235B,1475,moderate,semantic,,22
Qwen-3-235B,1475,moderate,semantic,,23
Qwen-3-235B,1475,moderate,semantic,,24
Qwen-3-235B,1475,moderate,semantic,,25
Qwen-3-235B,1475,moderate,semantic,,26
Qwen-3-235B,1475,moderate,semantic,,27
Qwen-3-235B,1475,moderate,semantic,,28
Qwen-3-235B,1475,moderate,semantic,,29
Qwen-3-235B,1475,moderate,semantic,,30
Qwen-3-235B,1475,moderate,semantic,,31
Qwen-3-235B,1475,moderate,semantic,,32
Qwen-3-235B,1475,moderate,semantic,,33
Qwen-3-235B,1475,moderate,semantic,,34
Qwen-3-235B,1475,moderate,semantic,,35
Qwen-3-235B,1475,moderate,semantic,,36
Qwen-3-235B,1475,moderate,semantic,,37
Qwen-3-235B,1475,moderate,semantic,,38
Qwen-3-235B,1475,moderate,semantic,,39
Qwen-3-235B,1475,moderate,semantic,,40
Qwen-3-235B,1475,moderate,semantic,,41
Qwen-3-235B,1475,moderate,semantic,,42
Qwen-3-235B,1475,moderate,semantic,,43
Qwen-3-235B,1475,moderate,semantic,,44
Qwen-3-235B,1475,moderate,semantic,,45
Qwen-3-235B,1475,moderate,semantic,,46
Qwen-3-235B,1475,moderate,semantic,,47
Qwen-3-235B,1475,moderate,semantic,,48
Qwen-3-235B,1475,moderate,semantic,,49
Qwen-3-235B,1475,moderate,semantic,,50
Qwen-3-235B,1327,moderate,correct,3.7207739307535643,1
Qwen-3-235B,1327,moderate,correct,1.2208777686628385,2
Qwen-3-235B,1327,moderate,correct,0.9647012031420901,3
Qwen-3-235B,1327,moderate,correct,1.331800766283525,4
Qwen-3-235B,1327,moderate,correct,1.365358993338268,5
Qwen-3-235B,1327,moderate,correct,1.0743752242018414,6
Qwen-3-235B,1327,moderate,correct,1.2709691438504997,7
Qwen-3-235B,1327,moderate,correct,0.535013609530206,8
Qwen-3-235B,1327,moderate,correct,1.186173438447544,9
Qwen-3-235B,1327,moderate,correct,1.5351279396538973,10
Qwen-3-235B,1327,moderate,correct,1.0905424052648338,11
Qwen-3-235B,1327,moderate,correct,1.2286684590349513,12
Qwen-3-235B,1327,moderate,correct,1.570967268457361,13
Qwen-3-235B,1327,moderate,correct,1.1209386281588447,14
Qwen-3-235B,1327,moderate,correct,1.5846153846153845,15
Qwen-3-235B,1327,moderate,correct,1.4596072079368294,16
Qwen-3-235B,1327,moderate,correct,1.2708108108108107,17
Qwen-3-235B,1327,moderate,correct,1.2138419483101393,18
Qwen-3-235B,1327,moderate,correct,1.224548736462094,19
Qwen-3-235B,1327,moderate,correct,1.4721144519883609,20
Qwen-3-235B,1327,moderate,correct,0.917971038754499,21
Qwen-3-235B,1327,moderate,correct,0.9190127627627628,22
Qwen-3-235B,1327,moderate,correct,1.4950320714375551,23
Qwen-3-235B,1327,moderate,correct,1.8879228580461587,24
Qwen-3-235B,1327,moderate,correct,1.8747075643358462,25
Qwen-3-235B,1327,moderate,correct,2.1930558080349027,26
Qwen-3-235B,1327,moderate,correct,1.092497022628027,27
Qwen-3-235B,1327,moderate,correct,1.2570422535211268,28
Qwen-3-235B,1327,moderate,correct,1.187994350282486,29
Qwen-3-235B,1327,moderate,correct,1.421285018270402,30
Qwen-3-235B,1327,moderate,correct,0.7831759656652361,31
Qwen-3-235B,1327,moderate,correct,0.873637672218795,32
Qwen-3-235B,1327,moderate,correct,1.8130379343321645,33
Qwen-3-235B,1327,moderate,correct,1.4099216710182767,34
Qwen-3-235B,1327,moderate,correct,1.1380174574366952,35
Qwen-3-235B,1327,moderate,correct,1.8317685085424043,36
Qwen-3-235B,1327,moderate,correct,1.7345775012960083,37
Qwen-3-235B,1327,moderate,correct,1.605324373223055,38
Qwen-3-235B,1327,moderate,correct,2.048550724637681,39
Qwen-3-235B,1327,moderate,correct,1.2595180974235944,40
Qwen-3-235B,1327,moderate,correct,1.3284351354315167,41
Qwen-3-235B,1327,moderate,correct,1.3266160690918607,42
Qwen-3-235B,1327,moderate,correct,1.3585070528023968,43
Qwen-3-235B,1327,moderate,correct,1.0728466218379764,44
Qwen-3-235B,1327,moderate,correct,1.2760872404335901,45
Qwen-3-235B,1327,moderate,correct,1.4226670506912442,46
Qwen-3-235B,1327,moderate,correct,1.4821831303563373,47
Qwen-3-235B,1327,moderate,correct,1.777555110220441,48
Qwen-3-235B,1327,moderate,correct,1.3548010506858643,49
Qwen-3-235B,1327,moderate,correct,1.463558765594222,50
Qwen-3-235B,1225,moderate,semantic,,1
Qwen-3-235B,1225,moderate,semantic,,2
Qwen-3-235B,1225,moderate,semantic,,3
Qwen-3-235B,1225,moderate,semantic,,4
Qwen-3-235B,1225,moderate,semantic,,5
Qwen-3-235B,1225,moderate,semantic,,6
Qwen-3-235B,1225,moderate,semantic,,7
Qwen-3-235B,1225,moderate,semantic,,8
Qwen-3-235B,1225,moderate,semantic,,9
Qwen-3-235B,1225,moderate,semantic,,10
Qwen-3-235B,1225,moderate,semantic,,11
Qwen-3-235B,1225,moderate,semantic,,12
Qwen-3-235B,1225,moderate,semantic,,13
Qwen-3-235B,1225,moderate,semantic,,14
Qwen-3-235B,1225,moderate,semantic,,15
Qwen-3-235B,1225,moderate,semantic,,16
Qwen-3-235B,1225,moderate,semantic,,17
Qwen-3-235B,1225,moderate,semantic,,18
Qwen-3-235B,1225,moderate,semantic,,19
Qwen-3-235B,1225,moderate,semantic,,20
Qwen-3-235B,1225,moderate,semantic,,21
Qwen-3-235B,1225,moderate,semantic,,22
Qwen-3-235B,1225,moderate,semantic,,23
Qwen-3-235B,1225,moderate,semantic,,24
Qwen-3-235B,1225,moderate,semantic,,25
Qwen-3-235B,1225,moderate,semantic,,26
Qwen-3-235B,1225,moderate,semantic,,27
Qwen-3-235B,1225,moderate,semantic,,28
Qwen-3-235B,1225,moderate,semantic,,29
Qwen-3-235B,1225,moderate,semantic,,30
Qwen-3-235B,1225,moderate,semantic,,31
Qwen-3-235B,1225,moderate,semantic,,32
Qwen-3-235B,1225,moderate,semantic,,33
Qwen-3-235B,1225,moderate,semantic,,34
Qwen-3-235B,1225,moderate,semantic,,35
Qwen-3-235B,1225,moderate,semantic,,36
Qwen-3-235B,1225,moderate,semantic,,37
Qwen-3-235B,1225,moderate,semantic,,38
Qwen-3-235B,1225,moderate,semantic,,39
Qwen-3-235B,1225,moderate,semantic,,40
Qwen-3-235B,1225,moderate,semantic,,41
Qwen-3-235B,1225,moderate,semantic,,42
Qwen-3-235B,1225,moderate,semantic,,43
Qwen-3-235B,1225,moderate,semantic,,44
Qwen-3-235B,1225,moderate,semantic,,45
Qwen-3-235B,1225,moderate,semantic,,46
Qwen-3-235B,1225,moderate,semantic,,47
Qwen-3-235B,1225,moderate,semantic,,48
Qwen-3-235B,1225,moderate,semantic,,49
Qwen-3-235B,1225,moderate,semantic,,50
Qwen-3-235B,427,moderate,correct,2.5345141102845674,1
Qwen-3-235B,427,moderate,correct,2.032482488424552,2
Qwen-3-235B,427,moderate,correct,2.110351698253093,3
Qwen-3-235B,427,moderate,correct,0.9899997635877916,4
Qwen-3-235B,427,moderate,correct,1.0892206035914203,5
Qwen-3-235B,427,moderate,correct,1.125252914538973,6
Qwen-3-235B,427,moderate,correct,1.5218959761656916,7
Qwen-3-235B,427,moderate,correct,1.7417651395891038,8
Qwen-3-235B,427,moderate,correct,1.7919525822693378,9
Qwen-3-235B,427,moderate,correct,1.7224634155469891,10
Qwen-3-235B,427,moderate,correct,1.826448657642298,11
Qwen-3-235B,427,moderate,correct,1.0927691963286321,12
Qwen-3-235B,427,moderate,correct,2.081053789017795,13
Qwen-3-235B,427,moderate,correct,2.236840832123851,14
Qwen-3-235B,427,moderate,correct,1.9994583161370203,15
Qwen-3-235B,427,moderate,correct,1.7782164762919161,16
Qwen-3-235B,427,moderate,correct,1.856228771776049,17
Qwen-3-235B,427,moderate,correct,1.797863818424566,18
Qwen-3-235B,427,moderate,correct,0.9654538960044905,19
Qwen-3-235B,427,moderate,correct,0.5429652005206415,20
Qwen-3-235B,427,moderate,correct,1.640397405369899,21
Qwen-3-235B,427,moderate,correct,2.0474993416169887,22
Qwen-3-235B,427,moderate,correct,1.9233390119250426,23
Qwen-3-235B,427,moderate,correct,2.369844766637635,24
Qwen-3-235B,427,moderate,correct,1.4158049208656773,25
Qwen-3-235B,427,moderate,correct,1.434586561666455,26
Qwen-3-235B,427,moderate,correct,1.1467603501952217,27
Qwen-3-235B,427,moderate,correct,2.4664182264758194,28
Qwen-3-235B,427,moderate,correct,2.059800004962656,29
Qwen-3-235B,427,moderate,correct,2.3751001258725255,30
Qwen-3-235B,427,moderate,correct,2.164812844569107,31
Qwen-3-235B,427,moderate,correct,0.9398863543455155,32
Qwen-3-235B,427,moderate,correct,2.227286663260092,33
Qwen-3-235B,427,moderate,correct,2.1467764645645775,34
Qwen-3-235B,427,moderate,correct,1.793529201407841,35
Qwen-3-235B,427,moderate,correct,1.77507187915719,36
Qwen-3-235B,427,moderate,correct,0.6008863982612958,37
Qwen-3-235B,427,moderate,correct,2.025957045483774,38
Qwen-3-235B,427,moderate,correct,2.1039945389920676,39
Qwen-3-235B,427,moderate,correct,1.9933401165479605,40
Qwen-3-235B,427,moderate,correct,0.9963997230556196,41
Qwen-3-235B,427,moderate,correct,2.015481848023125,42
Qwen-3-235B,427,moderate,correct,1.0316740312047863,43
Qwen-3-235B,427,moderate,correct,1.1807291241253506,44
Qwen-3-235B,427,moderate,correct,1.7669627836968391,45
Qwen-3-235B,427,moderate,correct,1.7183231379771535,46
Qwen-3-235B,427,moderate,correct,1.553140651564582,47
Qwen-3-235B,427,moderate,correct,2.305445287047937,48
Qwen-3-235B,427,moderate,correct,2.2754636424282855,49
Qwen-3-235B,427,moderate,correct,1.8296942257510538,50
Qwen-3-235B,732,moderate,hallucination,,1
Qwen-3-235B,732,moderate,correct,5.658939802336029,2
Qwen-3-235B,732,moderate,semantic,,3
Qwen-3-235B,732,moderate,semantic,,4
Qwen-3-235B,732,moderate,correct,1.0845263288933151,5
Qwen-3-235B,732,moderate,correct,1.333846293111252,6
Qwen-3-235B,732,moderate,semantic,,7
Qwen-3-235B,732,moderate,correct,1.001784134694673,8
Qwen-3-235B,732,moderate,correct,1.3351743182602693,9
Qwen-3-235B,732,moderate,correct,1.1790411800860479,10
Qwen-3-235B,732,moderate,correct,1.9078655248969236,11
Qwen-3-235B,732,moderate,correct,0.8603824400754108,12
Qwen-3-235B,732,moderate,semantic,,13
Qwen-3-235B,732,moderate,semantic,,14
Qwen-3-235B,732,moderate,correct,1.143329850226402,15
Qwen-3-235B,732,moderate,correct,1.2059249252147062,16
Qwen-3-235B,732,moderate,correct,1.2262090483619346,17
Qwen-3-235B,732,moderate,correct,0.9182210637777959,18
Qwen-3-235B,732,moderate,semantic,,19
Qwen-3-235B,732,moderate,correct,1.587135736196319,20
Qwen-3-235B,732,moderate,correct,1.5816182480124823,21
Qwen-3-235B,732,moderate,correct,0.6793808411214953,22
Qwen-3-235B,732,moderate,semantic,,23
Qwen-3-235B,732,moderate,hallucination,,24
Qwen-3-235B,732,moderate,semantic,,25
Qwen-3-235B,732,moderate,semantic,,26
Qwen-3-235B,732,moderate,correct,1.1604205528234695,27
Qwen-3-235B,732,moderate,correct,1.0384706048748291,28
Qwen-3-235B,732,moderate,correct,0.8688552188552189,29
Qwen-3-235B,732,moderate,correct,1.0498031496062992,30
Qwen-3-235B,732,moderate,semantic,,31
Qwen-3-235B,732,moderate,hallucination,,32
Qwen-3-235B,732,moderate,semantic,,33
Qwen-3-235B,732,moderate,hallucination,,34
Qwen-3-235B,732,moderate,correct,1.7500697609524696,35
Qwen-3-235B,732,moderate,semantic,,36
Qwen-3-235B,732,moderate,hallucination,,37
Qwen-3-235B,732,moderate,correct,0.9316945680582044,38
Qwen-3-235B,732,moderate,semantic,,39
Qwen-3-235B,732,moderate,hallucination,,40
Qwen-3-235B,732,moderate,correct,0.7735671413440037,41
Qwen-3-235B,732,moderate,semantic,,42
Qwen-3-235B,732,moderate,correct,1.2590591226954864,43
Qwen-3-235B,732,moderate,semantic,,44
Qwen-3-235B,732,moderate,semantic,,45
Qwen-3-235B,732,moderate,semantic,,46
Qwen-3-235B,732,moderate,semantic,,47
Qwen-3-235B,732,moderate,correct,1.4823455672400585,48
Qwen-3-235B,732,moderate,hallucination,,49
Qwen-3-235B,732,moderate,hallucination,,50
Qwen-3-235B,1098,moderate,correct,2.8468483888912663,1
Qwen-3-235B,1098,moderate,correct,0.667590601766702,2
Qwen-3-235B,1098,moderate,correct,1.1025519645393123,3
Qwen-3-235B,1098,moderate,correct,0.9249915052667346,4
Qwen-3-235B,1098,moderate,correct,1.2318827045199852,5
Qwen-3-235B,1098,moderate,correct,0.7912678257472162,6
Qwen-3-235B,1098,moderate,correct,1.0240881717986592,7
Qwen-3-235B,1098,moderate,correct,1.2411254396248534,8
Qwen-3-235B,1098,moderate,correct,0.9920329376537269,9
Qwen-3-235B,1098,moderate,correct,1.1388224678547259,10
Qwen-3-235B,1098,moderate,correct,1.3468724242146717,11
Qwen-3-235B,1098,moderate,correct,2.8986170627191274,12
Qwen-3-235B,1098,moderate,correct,0.7474271585137664,13
Qwen-3-235B,1098,moderate,correct,1.04150105213935,14
Qwen-3-235B,1098,moderate,correct,1.1847303511705685,15
Qwen-3-235B,1098,moderate,correct,1.6872923588039868,16
Qwen-3-235B,1098,moderate,correct,1.0333085152239507,17
Qwen-3-235B,1098,moderate,correct,1.3008312631377794,18
Qwen-3-235B,1098,moderate,correct,1.2291761776302137,19
Qwen-3-235B,1098,moderate,correct,0.7950377211238293,20
Qwen-3-235B,1098,moderate,correct,0.9661667790981268,21
Qwen-3-235B,1098,moderate,correct,1.1267150928167877,22
Qwen-3-235B,1098,moderate,correct,1.2234625800911554,23
Qwen-3-235B,1098,moderate,correct,1.0042269187986652,24
Qwen-3-235B,1098,moderate,correct,0.9885350318471338,25
Qwen-3-235B,1098,moderate,correct,1.341312885730316,26
Qwen-3-235B,1098,moderate,correct,1.0881694644284572,27
Qwen-3-235B,1098,moderate,correct,1.3223779603673271,28
Qwen-3-235B,1098,moderate,correct,1.182698064258631,29
Qwen-3-235B,1098,moderate,correct,0.8366197183098592,30
Qwen-3-235B,1098,moderate,correct,1.0069388485988002,31
Qwen-3-235B,1098,moderate,correct,0.819846858286198,32
Qwen-3-235B,1098,moderate,correct,0.7141860789510392,33
Qwen-3-235B,1098,moderate,correct,1.4982425813886489,34
Qwen-3-235B,1098,moderate,correct,1.0531336043005113,35
Qwen-3-235B,1098,moderate,correct,1.224190834405622,36
Qwen-3-235B,1098,moderate,correct,1.042223409941208,37
Qwen-3-235B,1098,moderate,correct,0.8411146496815287,38
Qwen-3-235B,1098,moderate,correct,1.065233675297183,39
Qwen-3-235B,1098,moderate,correct,1.0559322849035733,40
Qwen-3-235B,1098,moderate,correct,0.971995043370508,41
Qwen-3-235B,1098,moderate,correct,0.9162546353522868,42
Qwen-3-235B,1098,moderate,correct,1.176605200318387,43
Qwen-3-235B,1098,moderate,correct,0.8880969638398969,44
Qwen-3-235B,1098,moderate,correct,0.8988013468013468,45
Qwen-3-235B,1098,moderate,correct,1.3001873928471752,46
Qwen-3-235B,1098,moderate,correct,0.9700246802782141,47
Qwen-3-235B,1098,moderate,correct,0.9416666666666667,48
Qwen-3-235B,1098,moderate,correct,0.9918263523825674,49
Qwen-3-235B,1098,moderate,correct,1.2686663441380424,50
Qwen-3-235B,1440,moderate,semantic,,1
Qwen-3-235B,1440,moderate,semantic,,2
Qwen-3-235B,1440,moderate,semantic,,3
Qwen-3-235B,1440,moderate,semantic,,4
Qwen-3-235B,1440,moderate,semantic,,5
Qwen-3-235B,1440,moderate,semantic,,6
Qwen-3-235B,1440,moderate,semantic,,7
Qwen-3-235B,1440,moderate,semantic,,8
Qwen-3-235B,1440,moderate,semantic,,9
Qwen-3-235B,1440,moderate,semantic,,10
Qwen-3-235B,1440,moderate,semantic,,11
Qwen-3-235B,1440,moderate,semantic,,12
Qwen-3-235B,1440,moderate,semantic,,13
Qwen-3-235B,1440,moderate,semantic,,14
Qwen-3-235B,1440,moderate,semantic,,15
Qwen-3-235B,1440,moderate,semantic,,16
Qwen-3-235B,1440,moderate,semantic,,17
Qwen-3-235B,1440,moderate,semantic,,18
Qwen-3-235B,1440,moderate,semantic,,19
Qwen-3-235B,1440,moderate,semantic,,20
Qwen-3-235B,1440,moderate,semantic,,21
Qwen-3-235B,1440,moderate,semantic,,22
Qwen-3-235B,1440,moderate,semantic,,23
Qwen-3-235B,1440,moderate,semantic,,24
Qwen-3-235B,1440,moderate,semantic,,25
Qwen-3-235B,1440,moderate,semantic,,26
Qwen-3-235B,1440,moderate,semantic,,27
Qwen-3-235B,1440,moderate,semantic,,28
Qwen-3-235B,1440,moderate,semantic,,29
Qwen-3-235B,1440,moderate,semantic,,30
Qwen-3-235B,1440,moderate,semantic,,31
Qwen-3-235B,1440,moderate,semantic,,32
Qwen-3-235B,1440,moderate,semantic,,33
Qwen-3-235B,1440,moderate,semantic,,34
Qwen-3-235B,1440,moderate,semantic,,35
Qwen-3-235B,1440,moderate,semantic,,36
Qwen-3-235B,1440,moderate,semantic,,37
Qwen-3-235B,1440,moderate,semantic,,38
Qwen-3-235B,1440,moderate,semantic,,39
Qwen-3-235B,1440,moderate,semantic,,40
Qwen-3-235B,1440,moderate,semantic,,41
Qwen-3-235B,1440,moderate,semantic,,42
Qwen-3-235B,1440,moderate,semantic,,43
Qwen-3-235B,1440,moderate,semantic,,44
Qwen-3-235B,1440,moderate,semantic,,45
Qwen-3-235B,1440,moderate,semantic,,46
Qwen-3-235B,1440,moderate,semantic,,47
Qwen-3-235B,1440,moderate,semantic,,48
Qwen-3-235B,1440,moderate,semantic,,49
Qwen-3-235B,1440,moderate,semantic,,50
Qwen-3-235B,1146,moderate,correct,6.852570591139686,1
Qwen-3-235B,1146,moderate,correct,1.1006999606370964,2
Qwen-3-235B,1146,moderate,correct,0.9234207428465998,3
Qwen-3-235B,1146,moderate,correct,0.8829440048878311,4
Qwen-3-235B,1146,moderate,correct,0.9145057199907333,5
Qwen-3-235B,1146,moderate,correct,1.053376289236414,6
Qwen-3-235B,1146,moderate,correct,0.8869341373020756,7
Qwen-3-235B,1146,moderate,correct,0.9990362666694526,8
Qwen-3-235B,1146,moderate,correct,0.9280802055515937,9
Qwen-3-235B,1146,moderate,correct,0.9246385766956855,10
Qwen-3-235B,1146,moderate,correct,1.14129895370449,11
Qwen-3-235B,1146,moderate,correct,0.9256158702269802,12
Qwen-3-235B,1146,moderate,correct,0.9649429961706041,13
Qwen-3-235B,1146,moderate,correct,1.0423477177643399,14
Qwen-3-235B,1146,moderate,correct,0.8826314176944017,15
Qwen-3-235B,1146,moderate,correct,0.966384198022889,16
Qwen-3-235B,1146,moderate,correct,1.0936618217711658,17
Qwen-3-235B,1146,moderate,correct,0.9442117170823717,18
Qwen-3-235B,1146,moderate,correct,1.007981512110021,19
Qwen-3-235B,1146,moderate,correct,1.0921725230262966,20
Qwen-3-235B,1146,moderate,correct,1.1821956249835517,21
Qwen-3-235B,1146,moderate,correct,1.0002977250615388,22
Qwen-3-235B,1146,moderate,correct,1.2262387761888927,23
Qwen-3-235B,1146,moderate,correct,1.0233570286426643,24
Qwen-3-235B,1146,moderate,correct,0.9772290915646796,25
Qwen-3-235B,1146,moderate,correct,1.0504292893852802,26
Qwen-3-235B,1146,moderate,correct,0.982275007481575,27
Qwen-3-235B,1146,moderate,correct,0.9048429260012698,28
Qwen-3-235B,1146,moderate,correct,0.9216044520661761,29
Qwen-3-235B,1146,moderate,correct,1.0120590927475148,30
Qwen-3-235B,1146,moderate,correct,0.879791728990563,31
Qwen-3-235B,1146,moderate,correct,0.8490651129157345,32
Qwen-3-235B,1146,moderate,correct,0.9397486763136864,33
Qwen-3-235B,1146,moderate,correct,1.038676286679523,34
Qwen-3-235B,1146,moderate,correct,0.9763952827087728,35
Qwen-3-235B,1146,moderate,correct,0.60721653354125,36
Qwen-3-235B,1146,moderate,correct,0.9636066351733212,37
Qwen-3-235B,1146,moderate,correct,0.97611644152901,38
Qwen-3-235B,1146,moderate,correct,0.9830089605929729,39
Qwen-3-235B,1146,moderate,correct,0.9985102742629491,40
Qwen-3-235B,1146,moderate,correct,0.9907788378796499,41
Qwen-3-235B,1146,moderate,correct,1.0565897155603483,42
Qwen-3-235B,1146,moderate,correct,0.9944585870166659,43
Qwen-3-235B,1146,moderate,correct,0.9676864538141703,44
Qwen-3-235B,1146,moderate,correct,0.9745649239596831,45
Qwen-3-235B,1146,moderate,correct,1.0655752341615037,46
Qwen-3-235B,1146,moderate,correct,1.0291713719989264,47
Qwen-3-235B,1146,moderate,correct,0.9164139482428637,48
Qwen-3-235B,1146,moderate,correct,0.8786197827364914,49
Qwen-3-235B,1146,moderate,correct,1.0560166912717304,50
Qwen-3-235B,1395,moderate,correct,2.686470078057242,1
Qwen-3-235B,1395,moderate,correct,0.8383217165504988,2
Qwen-3-235B,1395,moderate,correct,1.5845808383233533,3
Qwen-3-235B,1395,moderate,correct,1.3767291730710114,4
Qwen-3-235B,1395,moderate,correct,1.384752015302637,5
Qwen-3-235B,1395,moderate,correct,1.0013404825737264,6
Qwen-3-235B,1395,moderate,correct,1.038429683617691,7
Qwen-3-235B,1395,moderate,correct,1.3687118348357081,8
Qwen-3-235B,1395,moderate,correct,0.7250764080919808,9
Qwen-3-235B,1395,moderate,correct,1.3422532044074658,10
Qwen-3-235B,1395,moderate,correct,1.130440448266875,11
Qwen-3-235B,1395,moderate,correct,2.0555555555555554,12
Qwen-3-235B,1395,moderate,correct,1.2764607056188164,13
Qwen-3-235B,1395,moderate,correct,1.3328264588481278,14
Qwen-3-235B,1395,moderate,correct,0.8214880894029997,15
Qwen-3-235B,1395,moderate,correct,1.4030561619368922,16
Qwen-3-235B,1395,moderate,correct,1.3612212529738303,17
Qwen-3-235B,1395,moderate,correct,1.4920472785641326,18
Qwen-3-235B,1395,moderate,correct,1.2859076756464058,19
Qwen-3-235B,1395,moderate,correct,1.6315506584251545,20
Qwen-3-235B,1395,moderate,correct,1.1799081675246974,21
Qwen-3-235B,1395,moderate,correct,1.8311282616685043,22
Qwen-3-235B,1395,moderate,correct,1.486876438986953,23
Qwen-3-235B,1395,moderate,correct,1.186004588659456,24
Qwen-3-235B,1395,moderate,correct,1.5660975609756098,25
Qwen-3-235B,1395,moderate,correct,1.3721102548903379,26
Qwen-3-235B,1395,moderate,correct,0.9237413622902271,27
Qwen-3-235B,1395,moderate,correct,1.88209858748919,28
Qwen-3-235B,1395,moderate,correct,1.4064672594987875,29
Qwen-3-235B,1395,moderate,correct,1.1763256839102814,30
Qwen-3-235B,1395,moderate,correct,1.26934835076428,31
Qwen-3-235B,1395,moderate,correct,1.358318890814558,32
Qwen-3-235B,1395,moderate,correct,1.4184522309049659,33
Qwen-3-235B,1395,moderate,correct,1.5889121338912133,34
Qwen-3-235B,1395,moderate,correct,1.2995181664279203,35
Qwen-3-235B,1395,moderate,correct,1.042857142857143,36
Qwen-3-235B,1395,moderate,correct,1.1136808614782183,37
Qwen-3-235B,1395,moderate,correct,2.0745796241345205,38
Qwen-3-235B,1395,moderate,correct,1.3682615629984052,39
Qwen-3-235B,1395,moderate,correct,1.4383997008786689,40
Qwen-3-235B,1395,moderate,correct,1.4719620171949186,41
Qwen-3-235B,1395,moderate,correct,1.853658536585366,42
Qwen-3-235B,1395,moderate,correct,1.252038043478261,43
Qwen-3-235B,1395,moderate,correct,1.5617744610281923,44
Qwen-3-235B,1395,moderate,correct,1.9930964467005077,45
Qwen-3-235B,1395,moderate,correct,1.5495389444771435,46
Qwen-3-235B,1395,moderate,correct,1.2858341490700602,47
Qwen-3-235B,1395,moderate,correct,2.5282651072124755,48
Qwen-3-235B,1395,moderate,correct,0.7660122699386503,49
Qwen-3-235B,1395,moderate,correct,1.7742604107782174,50
Qwen-3-235B,1121,moderate,semantic,,1
Qwen-3-235B,1121,moderate,semantic,,2
Qwen-3-235B,1121,moderate,semantic,,3
Qwen-3-235B,1121,moderate,semantic,,4
Qwen-3-235B,1121,moderate,semantic,,5
Qwen-3-235B,1121,moderate,semantic,,6
Qwen-3-235B,1121,moderate,semantic,,7
Qwen-3-235B,1121,moderate,semantic,,8
Qwen-3-235B,1121,moderate,semantic,,9
Qwen-3-235B,1121,moderate,semantic,,10
Qwen-3-235B,1121,moderate,semantic,,11
Qwen-3-235B,1121,moderate,semantic,,12
Qwen-3-235B,1121,moderate,semantic,,13
Qwen-3-235B,1121,moderate,semantic,,14
Qwen-3-235B,1121,moderate,semantic,,15
Qwen-3-235B,1121,moderate,semantic,,16
Qwen-3-235B,1121,moderate,semantic,,17
Qwen-3-235B,1121,moderate,semantic,,18
Qwen-3-235B,1121,moderate,semantic,,19
Qwen-3-235B,1121,moderate,semantic,,20
Qwen-3-235B,1121,moderate,semantic,,21
Qwen-3-235B,1121,moderate,semantic,,22
Qwen-3-235B,1121,moderate,semantic,,23
Qwen-3-235B,1121,moderate,semantic,,24
Qwen-3-235B,1121,moderate,semantic,,25
Qwen-3-235B,1121,moderate,semantic,,26
Qwen-3-235B,1121,moderate,semantic,,27
Qwen-3-235B,1121,moderate,semantic,,28
Qwen-3-235B,1121,moderate,semantic,,29
Qwen-3-235B,1121,moderate,semantic,,30
Qwen-3-235B,1121,moderate,semantic,,31
Qwen-3-235B,1121,moderate,semantic,,32
Qwen-3-235B,1121,moderate,semantic,,33
Qwen-3-235B,1121,moderate,semantic,,34
Qwen-3-235B,1121,moderate,semantic,,35
Qwen-3-235B,1121,moderate,semantic,,36
Qwen-3-235B,1121,moderate,semantic,,37
Qwen-3-235B,1121,moderate,semantic,,38
Qwen-3-235B,1121,moderate,semantic,,39
Qwen-3-235B,1121,moderate,semantic,,40
Qwen-3-235B,1121,moderate,semantic,,41
Qwen-3-235B,1121,moderate,semantic,,42
Qwen-3-235B,1121,moderate,semantic,,43
Qwen-3-235B,1121,moderate,semantic,,44
Qwen-3-235B,1121,moderate,semantic,,45
Qwen-3-235B,1121,moderate,semantic,,46
Qwen-3-235B,1121,moderate,semantic,,47
Qwen-3-235B,1121,moderate,semantic,,48
Qwen-3-235B,1121,moderate,semantic,,49
Qwen-3-235B,1121,moderate,semantic,,50
Qwen-3-235B,1548,Moderate,semantic,,1
Qwen-3-235B,1548,Moderate,semantic,,2
Qwen-3-235B,1548,Moderate,semantic,,3
Qwen-3-235B,1548,Moderate,semantic,,4
Qwen-3-235B,1548,Moderate,semantic,,5
Qwen-3-235B,1548,Moderate,semantic,,6
Qwen-3-235B,1548,Moderate,semantic,,7
Qwen-3-235B,1548,Moderate,semantic,,8
Qwen-3-235B,1548,Moderate,semantic,,9
Qwen-3-235B,1548,Moderate,semantic,,10
Qwen-3-235B,1548,Moderate,semantic,,11
Qwen-3-235B,1548,Moderate,semantic,,12
Qwen-3-235B,1548,Moderate,semantic,,13
Qwen-3-235B,1548,Moderate,semantic,,14
Qwen-3-235B,1548,Moderate,semantic,,15
Qwen-3-235B,1548,Moderate,semantic,,16
Qwen-3-235B,1548,Moderate,semantic,,17
Qwen-3-235B,1548,Moderate,semantic,,18
Qwen-3-235B,1548,Moderate,semantic,,19
Qwen-3-235B,1548,Moderate,semantic,,20
Qwen-3-235B,1548,Moderate,semantic,,21
Qwen-3-235B,1548,Moderate,semantic,,22
Qwen-3-235B,1548,Moderate,semantic,,23
Qwen-3-235B,1548,Moderate,semantic,,24
Qwen-3-235B,1548,Moderate,semantic,,25
Qwen-3-235B,1548,Moderate,semantic,,26
Qwen-3-235B,1548,Moderate,semantic,,27
Qwen-3-235B,1548,Moderate,semantic,,28
Qwen-3-235B,1548,Moderate,semantic,,29
Qwen-3-235B,1548,Moderate,semantic,,30
Qwen-3-235B,1548,Moderate,semantic,,31
Qwen-3-235B,1548,Moderate,semantic,,32
Qwen-3-235B,1548,Moderate,semantic,,33
Qwen-3-235B,1548,Moderate,semantic,,34
Qwen-3-235B,1548,Moderate,semantic,,35
Qwen-3-235B,1548,Moderate,semantic,,36
Qwen-3-235B,1548,Moderate,semantic,,37
Qwen-3-235B,1548,Moderate,semantic,,38
Qwen-3-235B,1548,Moderate,semantic,,39
Qwen-3-235B,1548,Moderate,semantic,,40
Qwen-3-235B,1548,Moderate,semantic,,41
Qwen-3-235B,1548,Moderate,semantic,,42
Qwen-3-235B,1548,Moderate,semantic,,43
Qwen-3-235B,1548,Moderate,semantic,,44
Qwen-3-235B,1548,Moderate,semantic,,45
Qwen-3-235B,1548,Moderate,semantic,,46
Qwen-3-235B,1548,Moderate,semantic,,47
Qwen-3-235B,1548,Moderate,semantic,,48
Qwen-3-235B,1548,Moderate,semantic,,49
Qwen-3-235B,1548,Moderate,semantic,,50
Qwen-3-235B,1529,moderate,semantic,,1
Qwen-3-235B,1529,moderate,semantic,,2
Qwen-3-235B,1529,moderate,semantic,,3
Qwen-3-235B,1529,moderate,semantic,,4
Qwen-3-235B,1529,moderate,semantic,,5
Qwen-3-235B,1529,moderate,semantic,,6
Qwen-3-235B,1529,moderate,semantic,,7
Qwen-3-235B,1529,moderate,semantic,,8
Qwen-3-235B,1529,moderate,semantic,,9
Qwen-3-235B,1529,moderate,semantic,,10
Qwen-3-235B,1529,moderate,semantic,,11
Qwen-3-235B,1529,moderate,semantic,,12
Qwen-3-235B,1529,moderate,semantic,,13
Qwen-3-235B,1529,moderate,semantic,,14
Qwen-3-235B,1529,moderate,semantic,,15
Qwen-3-235B,1529,moderate,semantic,,16
Qwen-3-235B,1529,moderate,semantic,,17
Qwen-3-235B,1529,moderate,semantic,,18
Qwen-3-235B,1529,moderate,semantic,,19
Qwen-3-235B,1529,moderate,semantic,,20
Qwen-3-235B,1529,moderate,semantic,,21
Qwen-3-235B,1529,moderate,semantic,,22
Qwen-3-235B,1529,moderate,semantic,,23
Qwen-3-235B,1529,moderate,semantic,,24
Qwen-3-235B,1529,moderate,semantic,,25
Qwen-3-235B,1529,moderate,semantic,,26
Qwen-3-235B,1529,moderate,semantic,,27
Qwen-3-235B,1529,moderate,semantic,,28
Qwen-3-235B,1529,moderate,semantic,,29
Qwen-3-235B,1529,moderate,semantic,,30
Qwen-3-235B,1529,moderate,semantic,,31
Qwen-3-235B,1529,moderate,hallucination,,32
Qwen-3-235B,1529,moderate,semantic,,33
Qwen-3-235B,1529,moderate,semantic,,34
Qwen-3-235B,1529,moderate,semantic,,35
Qwen-3-235B,1529,moderate,semantic,,36
Qwen-3-235B,1529,moderate,semantic,,37
Qwen-3-235B,1529,moderate,semantic,,38
Qwen-3-235B,1529,moderate,semantic,,39
Qwen-3-235B,1529,moderate,semantic,,40
Qwen-3-235B,1529,moderate,semantic,,41
Qwen-3-235B,1529,moderate,semantic,,42
Qwen-3-235B,1529,moderate,semantic,,43
Qwen-3-235B,1529,moderate,semantic,,44
Qwen-3-235B,1529,moderate,semantic,,45
Qwen-3-235B,1529,moderate,semantic,,46
Qwen-3-235B,1529,moderate,semantic,,47
Qwen-3-235B,1529,moderate,semantic,,48
Qwen-3-235B,1529,moderate,semantic,,49
Qwen-3-235B,1529,moderate,semantic,,50
Qwen-3-235B,270,moderate,semantic,,1
Qwen-3-235B,270,moderate,semantic,,2
Qwen-3-235B,270,moderate,semantic,,3
Qwen-3-235B,270,moderate,semantic,,4
Qwen-3-235B,270,moderate,semantic,,5
Qwen-3-235B,270,moderate,semantic,,6
Qwen-3-235B,270,moderate,semantic,,7
Qwen-3-235B,270,moderate,semantic,,8
Qwen-3-235B,270,moderate,semantic,,9
Qwen-3-235B,270,moderate,semantic,,10
Qwen-3-235B,270,moderate,semantic,,11
Qwen-3-235B,270,moderate,semantic,,12
Qwen-3-235B,270,moderate,semantic,,13
Qwen-3-235B,270,moderate,semantic,,14
Qwen-3-235B,270,moderate,semantic,,15
Qwen-3-235B,270,moderate,semantic,,16
Qwen-3-235B,270,moderate,semantic,,17
Qwen-3-235B,270,moderate,semantic,,18
Qwen-3-235B,270,moderate,semantic,,19
Qwen-3-235B,270,moderate,semantic,,20
Qwen-3-235B,270,moderate,semantic,,21
Qwen-3-235B,270,moderate,semantic,,22
Qwen-3-235B,270,moderate,semantic,,23
Qwen-3-235B,270,moderate,semantic,,24
Qwen-3-235B,270,moderate,semantic,,25
Qwen-3-235B,270,moderate,semantic,,26
Qwen-3-235B,270,moderate,semantic,,27
Qwen-3-235B,270,moderate,semantic,,28
Qwen-3-235B,270,moderate,semantic,,29
Qwen-3-235B,270,moderate,semantic,,30
Qwen-3-235B,270,moderate,semantic,,31
Qwen-3-235B,270,moderate,semantic,,32
Qwen-3-235B,270,moderate,semantic,,33
Qwen-3-235B,270,moderate,semantic,,34
Qwen-3-235B,270,moderate,semantic,,35
Qwen-3-235B,270,moderate,semantic,,36
Qwen-3-235B,270,moderate,semantic,,37
Qwen-3-235B,270,moderate,semantic,,38
Qwen-3-235B,270,moderate,semantic,,39
Qwen-3-235B,270,moderate,semantic,,40
Qwen-3-235B,270,moderate,semantic,,41
Qwen-3-235B,270,moderate,semantic,,42
Qwen-3-235B,270,moderate,semantic,,43
Qwen-3-235B,270,moderate,semantic,,44
Qwen-3-235B,270,moderate,semantic,,45
Qwen-3-235B,270,moderate,semantic,,46
Qwen-3-235B,270,moderate,semantic,,47
Qwen-3-235B,270,moderate,semantic,,48
Qwen-3-235B,270,moderate,semantic,,49
Qwen-3-235B,270,moderate,semantic,,50
Qwen-3-235B,1164,moderate,correct,7.909704825182442,1
Qwen-3-235B,1164,moderate,correct,1.6702448210922787,2
Qwen-3-235B,1164,moderate,correct,0.8855658627087198,3
Qwen-3-235B,1164,moderate,correct,0.9339995164799743,4
Qwen-3-235B,1164,moderate,correct,1.3360753615496883,5
Qwen-3-235B,1164,moderate,correct,1.0970330285501027,6
Qwen-3-235B,1164,moderate,correct,0.9487926014728549,7
Qwen-3-235B,1164,moderate,correct,1.2457856399583767,8
Qwen-3-235B,1164,moderate,correct,0.926986688180718,9
Qwen-3-235B,1164,moderate,correct,0.8815553650744176,10
Qwen-3-235B,1164,moderate,correct,0.8167888074616922,11
Qwen-3-235B,1164,moderate,correct,0.9829517377697249,12
Qwen-3-235B,1164,moderate,correct,0.892340867342864,13
Qwen-3-235B,1164,moderate,correct,1.6265644955300127,14
Qwen-3-235B,1164,moderate,correct,0.8169303797468355,15
Qwen-3-235B,1164,moderate,correct,1.1613891726251278,16
Qwen-3-235B,1164,moderate,correct,1.0598669623059866,17
Qwen-3-235B,1164,moderate,correct,1.154779375794932,18
Qwen-3-235B,1164,moderate,correct,0.8549969957941117,19
Qwen-3-235B,1164,moderate,correct,1.4743213967121194,20
Qwen-3-235B,1164,moderate,correct,0.8890134529147982,21
Qwen-3-235B,1164,moderate,correct,1.0139420111042565,22
Qwen-3-235B,1164,moderate,correct,0.9652839726434731,23
Qwen-3-235B,1164,moderate,correct,1.0578227382457754,24
Qwen-3-235B,1164,moderate,correct,0.979259957577186,25
Qwen-3-235B,1164,moderate,correct,0.8314487053425107,26
Qwen-3-235B,1164,moderate,correct,0.920709241633405,27
Qwen-3-235B,1164,moderate,correct,0.9738530638434392,28
Qwen-3-235B,1164,moderate,correct,1.183579335793358,29
Qwen-3-235B,1164,moderate,correct,1.8036896211801154,30
Qwen-3-235B,1164,moderate,correct,0.9595077411671298,31
Qwen-3-235B,1164,moderate,correct,1.0300278773397054,32
Qwen-3-235B,1164,moderate,correct,0.928309254197579,33
Qwen-3-235B,1164,moderate,correct,0.9031157270029674,34
Qwen-3-235B,1164,moderate,correct,1.0031190019193859,35
Qwen-3-235B,1164,moderate,correct,0.7816867078323042,36
Qwen-3-235B,1164,moderate,correct,1.0200716845878137,37
Qwen-3-235B,1164,moderate,correct,1.1612308289652495,38
Qwen-3-235B,1164,moderate,correct,1.0313284706445056,39
Qwen-3-235B,1164,moderate,correct,1.1732075471698113,40
Qwen-3-235B,1164,moderate,correct,0.8964198448953575,41
Qwen-3-235B,1164,moderate,correct,1.1426512968299711,42
Qwen-3-235B,1164,moderate,correct,0.8928409947249435,43
Qwen-3-235B,1164,moderate,correct,1.3448316458676712,44
Qwen-3-235B,1164,moderate,correct,0.9488501189532117,45
Qwen-3-235B,1164,moderate,correct,0.8959204608222204,46
Qwen-3-235B,1164,moderate,correct,1.0999142892126852,47
Qwen-3-235B,1164,moderate,correct,0.8678780412688636,48
Qwen-3-235B,1164,moderate,correct,1.0445275733075903,49
Qwen-3-235B,1164,moderate,correct,1.0574402939375382,50
Qwen-3-235B,1101,moderate,correct,9.349316137250218,1
Qwen-3-235B,1101,moderate,correct,0.9889202536251139,2
Qwen-3-235B,1101,moderate,correct,1.171330873092581,3
Qwen-3-235B,1101,moderate,correct,0.9931854154806972,4
Qwen-3-235B,1101,moderate,correct,0.8597329976640321,5
Qwen-3-235B,1101,moderate,correct,1.0977961814274655,6
Qwen-3-235B,1101,moderate,correct,1.0605975749481746,7
Qwen-3-235B,1101,moderate,correct,1.0676938068818662,8
Qwen-3-235B,1101,moderate,correct,1.074253707593406,9
Qwen-3-235B,1101,moderate,correct,1.1226086099284662,10
Qwen-3-235B,1101,moderate,correct,0.8785211702869349,11
Qwen-3-235B,1101,moderate,correct,1.091454235501625,12
Qwen-3-235B,1101,moderate,correct,1.1981880255002264,13
Qwen-3-235B,1101,moderate,correct,1.0008928571428573,14
Qwen-3-235B,1101,moderate,correct,1.066286537759714,15
Qwen-3-235B,1101,moderate,correct,0.9194113392972132,16
Qwen-3-235B,1101,moderate,correct,1.1523605879237817,17
Qwen-3-235B,1101,moderate,correct,0.9831197231361598,18
Qwen-3-235B,1101,moderate,correct,1.0912557312622813,19
Qwen-3-235B,1101,moderate,correct,1.1445390117028293,20
Qwen-3-235B,1101,moderate,correct,1.0094037809015997,21
Qwen-3-235B,1101,moderate,correct,0.9163994711950247,22
Qwen-3-235B,1101,moderate,correct,0.9530447046503477,23
Qwen-3-235B,1101,moderate,correct,1.1209375336585834,24
Qwen-3-235B,1101,moderate,correct,1.0975416371075966,25
Qwen-3-235B,1101,moderate,correct,1.166588895551633,26
Qwen-3-235B,1101,moderate,correct,0.9954574131206053,27
Qwen-3-235B,1101,moderate,correct,0.9895984590845884,28
Qwen-3-235B,1101,moderate,correct,0.9588108383280709,29
Qwen-3-235B,1101,moderate,correct,1.0746960941576638,30
Qwen-3-235B,1101,moderate,correct,1.06892559836029,31
Qwen-3-235B,1101,moderate,correct,1.0200555291420672,32
Qwen-3-235B,1101,moderate,correct,1.1522448037138608,33
Qwen-3-235B,1101,moderate,correct,0.6868213232644083,34
Qwen-3-235B,1101,moderate,correct,0.987646405188015,35
Qwen-3-235B,1101,moderate,correct,0.9671924261351417,36
Qwen-3-235B,1101,moderate,correct,1.0134811524017264,37
Qwen-3-235B,1101,moderate,correct,1.014948476494545,38
Qwen-3-235B,1101,moderate,correct,1.0097017121709588,39
Qwen-3-235B,1101,moderate,correct,1.0851246093266735,40
Qwen-3-235B,1101,moderate,correct,0.9687736576095871,41
Qwen-3-235B,1101,moderate,correct,1.0537885545840293,42
Qwen-3-235B,1101,moderate,correct,1.1252622326857913,43
Qwen-3-235B,1101,moderate,correct,1.1133400661035622,44
Qwen-3-235B,1101,moderate,correct,1.1454877589866683,45
Qwen-3-235B,1101,moderate,correct,1.0817580372597717,46
Qwen-3-235B,1101,moderate,correct,1.0198633998786846,47
Qwen-3-235B,1101,moderate,correct,1.2564370201801494,48
Qwen-3-235B,1101,moderate,correct,1.0564311016128618,49
Qwen-3-235B,1101,moderate,correct,1.1906318315647864,50
Qwen-3-235B,508,moderate,semantic,,1
Qwen-3-235B,508,moderate,semantic,,2
Qwen-3-235B,508,moderate,semantic,,3
Qwen-3-235B,508,moderate,semantic,,4
Qwen-3-235B,508,moderate,semantic,,5
Qwen-3-235B,508,moderate,semantic,,6
Qwen-3-235B,508,moderate,semantic,,7
Qwen-3-235B,508,moderate,semantic,,8
Qwen-3-235B,508,moderate,semantic,,9
Qwen-3-235B,508,moderate,semantic,,10
Qwen-3-235B,508,moderate,semantic,,11
Qwen-3-235B,508,moderate,semantic,,12
Qwen-3-235B,508,moderate,semantic,,13
Qwen-3-235B,508,moderate,semantic,,14
Qwen-3-235B,508,moderate,semantic,,15
Qwen-3-235B,508,moderate,semantic,,16
Qwen-3-235B,508,moderate,semantic,,17
Qwen-3-235B,508,moderate,semantic,,18
Qwen-3-235B,508,moderate,semantic,,19
Qwen-3-235B,508,moderate,semantic,,20
Qwen-3-235B,508,moderate,semantic,,21
Qwen-3-235B,508,moderate,semantic,,22
Qwen-3-235B,508,moderate,semantic,,23
Qwen-3-235B,508,moderate,semantic,,24
Qwen-3-235B,508,moderate,semantic,,25
Qwen-3-235B,508,moderate,semantic,,26
Qwen-3-235B,508,moderate,semantic,,27
Qwen-3-235B,508,moderate,semantic,,28
Qwen-3-235B,508,moderate,semantic,,29
Qwen-3-235B,508,moderate,semantic,,30
Qwen-3-235B,508,moderate,semantic,,31
Qwen-3-235B,508,moderate,semantic,,32
Qwen-3-235B,508,moderate,semantic,,33
Qwen-3-235B,508,moderate,semantic,,34
Qwen-3-235B,508,moderate,semantic,,35
Qwen-3-235B,508,moderate,semantic,,36
Qwen-3-235B,508,moderate,semantic,,37
Qwen-3-235B,508,moderate,semantic,,38
Qwen-3-235B,508,moderate,semantic,,39
Qwen-3-235B,508,moderate,semantic,,40
Qwen-3-235B,508,moderate,semantic,,41
Qwen-3-235B,508,moderate,semantic,,42
Qwen-3-235B,508,moderate,semantic,,43
Qwen-3-235B,508,moderate,semantic,,44
Qwen-3-235B,508,moderate,semantic,,45
Qwen-3-235B,508,moderate,semantic,,46
Qwen-3-235B,508,moderate,semantic,,47
Qwen-3-235B,508,moderate,semantic,,48
Qwen-3-235B,508,moderate,semantic,,49
Qwen-3-235B,508,moderate,semantic,,50
Qwen-3-235B,522,moderate,semantic,,1
Qwen-3-235B,522,moderate,semantic,,2
Qwen-3-235B,522,moderate,semantic,,3
Qwen-3-235B,522,moderate,semantic,,4
Qwen-3-235B,522,moderate,semantic,,5
Qwen-3-235B,522,moderate,semantic,,6
Qwen-3-235B,522,moderate,semantic,,7
Qwen-3-235B,522,moderate,semantic,,8
Qwen-3-235B,522,moderate,semantic,,9
Qwen-3-235B,522,moderate,semantic,,10
Qwen-3-235B,522,moderate,semantic,,11
Qwen-3-235B,522,moderate,semantic,,12
Qwen-3-235B,522,moderate,semantic,,13
Qwen-3-235B,522,moderate,semantic,,14
Qwen-3-235B,522,moderate,semantic,,15
Qwen-3-235B,522,moderate,semantic,,16
Qwen-3-235B,522,moderate,semantic,,17
Qwen-3-235B,522,moderate,semantic,,18
Qwen-3-235B,522,moderate,semantic,,19
Qwen-3-235B,522,moderate,semantic,,20
Qwen-3-235B,522,moderate,semantic,,21
Qwen-3-235B,522,moderate,semantic,,22
Qwen-3-235B,522,moderate,semantic,,23
Qwen-3-235B,522,moderate,semantic,,24
Qwen-3-235B,522,moderate,semantic,,25
Qwen-3-235B,522,moderate,semantic,,26
Qwen-3-235B,522,moderate,semantic,,27
Qwen-3-235B,522,moderate,semantic,,28
Qwen-3-235B,522,moderate,semantic,,29
Qwen-3-235B,522,moderate,semantic,,30
Qwen-3-235B,522,moderate,semantic,,31
Qwen-3-235B,522,moderate,semantic,,32
Qwen-3-235B,522,moderate,semantic,,33
Qwen-3-235B,522,moderate,semantic,,34
Qwen-3-235B,522,moderate,semantic,,35
Qwen-3-235B,522,moderate,semantic,,36
Qwen-3-235B,522,moderate,semantic,,37
Qwen-3-235B,522,moderate,semantic,,38
Qwen-3-235B,522,moderate,semantic,,39
Qwen-3-235B,522,moderate,semantic,,40
Qwen-3-235B,522,moderate,semantic,,41
Qwen-3-235B,522,moderate,semantic,,42
Qwen-3-235B,522,moderate,semantic,,43
Qwen-3-235B,522,moderate,semantic,,44
Qwen-3-235B,522,moderate,semantic,,45
Qwen-3-235B,522,moderate,semantic,,46
Qwen-3-235B,522,moderate,semantic,,47
Qwen-3-235B,522,moderate,semantic,,48
Qwen-3-235B,522,moderate,semantic,,49
Qwen-3-235B,522,moderate,semantic,,50
Qwen-3-235B,822,moderate,correct,4.034005979073243,1
Qwen-3-235B,822,moderate,correct,0.8817750451112745,2
Qwen-3-235B,822,moderate,correct,1.3100260983036103,3
Qwen-3-235B,822,moderate,correct,0.9676822213652141,4
Qwen-3-235B,822,moderate,correct,0.9213729794452206,5
Qwen-3-235B,822,moderate,correct,0.1815625,6
Qwen-3-235B,822,moderate,correct,0.7828637268251807,7
Qwen-3-235B,822,moderate,correct,0.37240444105432663,8
Qwen-3-235B,822,moderate,correct,1.140903249495135,9
Qwen-3-235B,822,moderate,correct,1.170045704910348,10
Qwen-3-235B,822,moderate,correct,1.5579978497192688,11
Qwen-3-235B,822,moderate,correct,1.151282385106106,12
Qwen-3-235B,822,moderate,correct,1.4335267569310122,13
Qwen-3-235B,822,moderate,correct,1.2252941848509082,14
Qwen-3-235B,822,moderate,correct,1.5846678669572634,15
Qwen-3-235B,822,moderate,correct,1.1471707688403958,16
Qwen-3-235B,822,moderate,correct,1.2973856209150327,17
Qwen-3-235B,822,moderate,correct,1.3343971019492842,18
Qwen-3-235B,822,moderate,correct,1.2543019705800722,19
Qwen-3-235B,822,moderate,correct,1.1756442459763699,20
Qwen-3-235B,822,moderate,correct,1.1440819588752453,21
Qwen-3-235B,822,moderate,correct,1.2270903010033445,22
Qwen-3-235B,822,moderate,correct,1.153620196887901,23
Qwen-3-235B,822,moderate,correct,1.1632178176680794,24
Qwen-3-235B,822,moderate,correct,1.1432588916459885,25
Qwen-3-235B,822,moderate,correct,1.1103154836031548,26
Qwen-3-235B,822,moderate,correct,1.3215123859191655,27
Qwen-3-235B,822,moderate,correct,1.2151898734177216,28
Qwen-3-235B,822,moderate,correct,1.3264301824892353,29
Qwen-3-235B,822,moderate,correct,1.2361612808747438,30
Qwen-3-235B,822,moderate,correct,1.104655385285787,31
Qwen-3-235B,822,moderate,correct,0.9741443452380952,32
Qwen-3-235B,822,moderate,correct,1.4014946732389888,33
Qwen-3-235B,822,moderate,correct,1.0917167167167168,34
Qwen-3-235B,822,moderate,correct,1.420215585792543,35
Qwen-3-235B,822,moderate,correct,1.1953687050359711,36
Qwen-3-235B,822,moderate,correct,1.6003193687770054,37
Qwen-3-235B,822,moderate,correct,1.105650929899857,38
Qwen-3-235B,822,moderate,correct,1.1066666666666667,39
Qwen-3-235B,822,moderate,correct,1.2231056075423907,40
Qwen-3-235B,822,moderate,correct,1.138163816381638,41
Qwen-3-235B,822,moderate,correct,1.0924942263279445,42
Qwen-3-235B,822,moderate,correct,0.9972642420341166,43
Qwen-3-235B,822,moderate,correct,1.0649290916059793,44
Qwen-3-235B,822,moderate,correct,0.9103666817564509,45
Qwen-3-235B,822,moderate,correct,8.679983119988746,46
Qwen-3-235B,822,moderate,correct,1.2743209534368072,47
Qwen-3-235B,822,moderate,correct,0.8096492822097038,48
Qwen-3-235B,822,moderate,correct,1.182557843885075,49
Qwen-3-235B,822,moderate,correct,2.440500899405009,50
Qwen-3-235B,1474,moderate,correct,6.443436176648518,1
Qwen-3-235B,1474,moderate,correct,1.3497488839285714,2
Qwen-3-235B,1474,moderate,correct,3.5421709353597897,3
Qwen-3-235B,1474,moderate,correct,1.0596241747079735,4
Qwen-3-235B,1474,moderate,correct,1.3010845452304658,5
Qwen-3-235B,1474,moderate,correct,1.0362422083704363,6
Qwen-3-235B,1474,moderate,correct,1.2349703993996497,7
Qwen-3-235B,1474,moderate,correct,1.3151883353584448,8
Qwen-3-235B,1474,moderate,correct,1.0928677563150073,9
Qwen-3-235B,1474,moderate,correct,1.3538388173581306,10
Qwen-3-235B,1474,moderate,correct,2.366482779185925,11
Qwen-3-235B,1474,moderate,correct,1.1574433873777301,12
Qwen-3-235B,1474,moderate,correct,1.2161009721985332,13
Qwen-3-235B,1474,moderate,correct,1.1119472514871354,14
Qwen-3-235B,1474,moderate,correct,1.2915649070073267,15
Qwen-3-235B,1474,moderate,correct,1.2816652649285114,16
Qwen-3-235B,1474,moderate,correct,1.1362514518002322,17
Qwen-3-235B,1474,moderate,correct,1.1579510703363913,18
Qwen-3-235B,1474,moderate,correct,1.3606234747697394,19
Qwen-3-235B,1474,moderate,correct,1.0082638304384421,20
Qwen-3-235B,1474,moderate,correct,1.2309738134206218,21
Qwen-3-235B,1474,moderate,correct,1.2227871744318772,22
Qwen-3-235B,1474,moderate,correct,1.0258702129205726,23
Qwen-3-235B,1474,moderate,correct,1.3049792531120332,24
Qwen-3-235B,1474,moderate,correct,1.2674844198239192,25
Qwen-3-235B,1474,moderate,correct,1.2646505797555625,26
Qwen-3-235B,1474,moderate,correct,1.0151854617874034,27
Qwen-3-235B,1474,moderate,correct,1.0526109404614077,28
Qwen-3-235B,1474,moderate,correct,1.1205029980013324,29
Qwen-3-235B,1474,moderate,correct,1.4041385135135136,30
Qwen-3-235B,1474,moderate,correct,1.2169072164948453,31
Qwen-3-235B,1474,moderate,correct,1.2997076023391814,32
Qwen-3-235B,1474,moderate,correct,2.075700400228702,33
Qwen-3-235B,1474,moderate,correct,1.0049295774647888,34
Qwen-3-235B,1474,moderate,correct,1.1357264957264956,35
Qwen-3-235B,1474,moderate,correct,0.9761705685618729,36
Qwen-3-235B,1474,moderate,correct,1.280409978727519,37
Qwen-3-235B,1474,moderate,correct,1.1269558328381857,38
Qwen-3-235B,1474,moderate,correct,1.1883848598670905,39
Qwen-3-235B,1474,moderate,correct,1.3868471953578336,40
Qwen-3-235B,1474,moderate,correct,0.8896696252465484,41
Qwen-3-235B,1474,moderate,correct,1.1570089883342896,42
Qwen-3-235B,1474,moderate,correct,1.1227174249458372,43
Qwen-3-235B,1474,moderate,correct,0.8351313969571231,44
Qwen-3-235B,1474,moderate,correct,1.8836549375709422,45
Qwen-3-235B,1474,moderate,correct,1.547547370285107,46
Qwen-3-235B,1474,moderate,correct,1.430013081666978,47
Qwen-3-235B,1474,moderate,correct,1.2675438596491229,48
Qwen-3-235B,1474,moderate,correct,1.8835406526050118,49
Qwen-3-235B,1474,moderate,correct,1.3310352622061483,50
Qwen-3-235B,1229,moderate,correct,4.0750461951957,1
Qwen-3-235B,1229,moderate,correct,0.9499638134087769,2
Qwen-3-235B,1229,moderate,correct,0.9421085163799732,3
Qwen-3-235B,1229,moderate,correct,1.2466003056785673,4
Qwen-3-235B,1229,moderate,correct,0.933301510154487,5
Qwen-3-235B,1229,moderate,correct,0.8681587339081138,6
Qwen-3-235B,1229,moderate,correct,1.3876668546719308,7
Qwen-3-235B,1229,moderate,correct,0.7561824561403508,8
Qwen-3-235B,1229,moderate,correct,0.9413965324066161,9
Qwen-3-235B,1229,moderate,correct,0.8837720198743482,10
Qwen-3-235B,1229,moderate,correct,1.354120801272969,11
Qwen-3-235B,1229,moderate,correct,1.0757080516813553,12
Qwen-3-235B,1229,moderate,correct,0.9964022646797068,13
Qwen-3-235B,1229,moderate,correct,0.925919672838464,14
Qwen-3-235B,1229,moderate,correct,1.156093256548393,15
Qwen-3-235B,1229,moderate,correct,0.9476416978323228,16
Qwen-3-235B,1229,moderate,correct,1.1959820738680267,17
Qwen-3-235B,1229,moderate,correct,1.0341074695358283,18
Qwen-3-235B,1229,moderate,correct,1.0135724341538757,19
Qwen-3-235B,1229,moderate,correct,0.9568099967259631,20
Qwen-3-235B,1229,moderate,correct,0.7670182627206812,21
Qwen-3-235B,1229,moderate,correct,1.0437390286717378,22
Qwen-3-235B,1229,moderate,correct,1.0211053905690612,23
Qwen-3-235B,1229,moderate,correct,1.2779170969169493,24
Qwen-3-235B,1229,moderate,correct,1.0425050916496945,25
Qwen-3-235B,1229,moderate,correct,0.7630608444951649,26
Qwen-3-235B,1229,moderate,correct,1.4023345470122082,27
Qwen-3-235B,1229,moderate,correct,0.9849580069831084,28
Qwen-3-235B,1229,moderate,correct,0.9936932101368707,29
Qwen-3-235B,1229,moderate,correct,0.6565791673633171,30
Qwen-3-235B,1229,moderate,correct,1.3260946492093941,31
Qwen-3-235B,1229,moderate,correct,0.9353339556314672,32
Qwen-3-235B,1229,moderate,correct,1.2849080882352941,33
Qwen-3-235B,1229,moderate,correct,1.3596296974641602,34
Qwen-3-235B,1229,moderate,correct,0.7754932118324583,35
Qwen-3-235B,1229,moderate,correct,1.1724639261440046,36
Qwen-3-235B,1229,moderate,correct,0.9568641278796427,37
Qwen-3-235B,1229,moderate,correct,1.4309163812546988,38
Qwen-3-235B,1229,moderate,correct,0.7948130065950072,39
Qwen-3-235B,1229,moderate,correct,1.1069771163386142,40
Qwen-3-235B,1229,moderate,correct,1.0704149347334646,41
Qwen-3-235B,1229,moderate,correct,1.073935831039363,42
Qwen-3-235B,1229,moderate,correct,0.8091892019779023,43
Qwen-3-235B,1229,moderate,correct,1.1905884186128046,44
Qwen-3-235B,1229,moderate,correct,0.7387072828746598,45
Qwen-3-235B,1229,moderate,correct,0.9020281237719343,46
Qwen-3-235B,1229,moderate,correct,0.9023375667218848,47
Qwen-3-235B,1229,moderate,correct,1.1138289646030268,48
Qwen-3-235B,1229,moderate,correct,1.1474918704082862,49
Qwen-3-235B,1229,moderate,correct,0.9294635072062368,50
Qwen-3-235B,1162,moderate,correct,1.165556879512161,1
Qwen-3-235B,1162,moderate,correct,1.0750659362953947,2
Qwen-3-235B,1162,moderate,correct,0.7674142388038846,3
Qwen-3-235B,1162,moderate,correct,1.1733631785114718,4
Qwen-3-235B,1162,moderate,correct,1.1734881581972867,5
Qwen-3-235B,1162,moderate,correct,0.7271170965532984,6
Qwen-3-235B,1162,moderate,correct,1.3293663353801355,7
Qwen-3-235B,1162,moderate,correct,1.427710217233136,8
Qwen-3-235B,1162,moderate,correct,1.0203193033381712,9
Qwen-3-235B,1162,moderate,correct,1.7320784941930316,10
Qwen-3-235B,1162,moderate,correct,1.1420240782543265,11
Qwen-3-235B,1162,moderate,correct,0.7009241927936359,12
Qwen-3-235B,1162,moderate,correct,0.9696152903700074,13
Qwen-3-235B,1162,moderate,correct,1.1167534351796535,14
Qwen-3-235B,1162,moderate,correct,3.035286159858705,15
Qwen-3-235B,1162,moderate,correct,0.7692667210278237,16
Qwen-3-235B,1162,moderate,correct,0.8596103061879952,17
Qwen-3-235B,1162,moderate,correct,1.090245386331373,18
Qwen-3-235B,1162,moderate,correct,1.205520393811533,19
Qwen-3-235B,1162,moderate,correct,1.0707769423558897,20
Qwen-3-235B,1162,moderate,correct,1.0444152165115337,21
Qwen-3-235B,1162,moderate,correct,1.4819870217050795,22
Qwen-3-235B,1162,moderate,correct,0.8963661948514196,23
Qwen-3-235B,1162,moderate,correct,1.6198606271777003,24
Qwen-3-235B,1162,moderate,correct,0.7128073029645697,25
Qwen-3-235B,1162,moderate,correct,1.4811471663619744,26
Qwen-3-235B,1162,moderate,correct,1.3652439024390244,27
Qwen-3-235B,1162,moderate,correct,1.1910928616550853,28
Qwen-3-235B,1162,moderate,correct,0.5326745076205721,29
Qwen-3-235B,1162,moderate,correct,1.190495422724825,30
Qwen-3-235B,1162,moderate,correct,1.6090218423551756,31
Qwen-3-235B,1162,moderate,correct,0.4777523070593076,32
Qwen-3-235B,1162,moderate,correct,1.5621061475983755,33
Qwen-3-235B,1162,moderate,correct,1.3109454572293158,34
Qwen-3-235B,1162,moderate,correct,0.9800247116968699,35
Qwen-3-235B,1162,moderate,correct,1.1777660556507978,36
Qwen-3-235B,1162,moderate,correct,1.0427327881825377,37
Qwen-3-235B,1162,moderate,correct,0.6561765474014103,38
Qwen-3-235B,1162,moderate,correct,1.3049763448396705,39
Qwen-3-235B,1162,moderate,correct,1.1380333105179101,40
Qwen-3-235B,1162,moderate,correct,1.2275120164797437,41
Qwen-3-235B,1162,moderate,correct,0.8054312371994236,42
Qwen-3-235B,1162,moderate,correct,1.206352868789417,43
Qwen-3-235B,1162,moderate,correct,1.0579289368173648,44
Qwen-3-235B,1162,moderate,correct,1.9179661016949152,45
Qwen-3-235B,1162,moderate,correct,1.1094619666048238,46
Qwen-3-235B,1162,moderate,correct,0.44737607210350344,47
Qwen-3-235B,1162,moderate,correct,1.487657633485377,48
Qwen-3-235B,1162,moderate,correct,0.8731669092130303,49
Qwen-3-235B,1162,moderate,correct,0.9726719604001237,50
Qwen-3-235B,213,moderate,correct,5.546002538071066,1
Qwen-3-235B,213,moderate,correct,1.2246874449727065,2
Qwen-3-235B,213,moderate,correct,1.2077234506384305,3
Qwen-3-235B,213,moderate,correct,1.2542141230068338,4
Qwen-3-235B,213,moderate,correct,2.2027443293195184,5
Qwen-3-235B,213,moderate,correct,1.6188737266961368,6
Qwen-3-235B,213,moderate,correct,1.246917867685362,7
Qwen-3-235B,213,moderate,correct,1.4033299354400273,8
Qwen-3-235B,213,moderate,correct,1.3223555337904016,9
Qwen-3-235B,213,moderate,correct,1.5448839863065804,10
Qwen-3-235B,213,moderate,correct,1.097207608255767,11
Qwen-3-235B,213,moderate,correct,1.4027027027027028,12
Qwen-3-235B,213,moderate,correct,1.4856793145654834,13
Qwen-3-235B,213,moderate,correct,1.2344401802102454,14
Qwen-3-235B,213,moderate,correct,1.0770577933450087,15
Qwen-3-235B,213,moderate,correct,0.5846487155679356,16
Qwen-3-235B,213,moderate,correct,1.394546812749004,17
Qwen-3-235B,213,moderate,correct,1.4314653260387402,18
Qwen-3-235B,213,moderate,correct,1.6598309546903145,19
Qwen-3-235B,213,moderate,correct,1.798546373834729,20
Qwen-3-235B,213,moderate,correct,1.522504091653028,21
Qwen-3-235B,213,moderate,correct,1.6732861806311208,22
Qwen-3-235B,213,moderate,correct,1.8920324526731849,23
Qwen-3-235B,213,moderate,correct,1.4779917469050894,24
Qwen-3-235B,213,moderate,correct,1.7233192811182605,25
Qwen-3-235B,213,moderate,correct,1.2976253298153035,26
Qwen-3-235B,213,moderate,correct,1.3061970746728253,27
Qwen-3-235B,213,moderate,correct,1.329366468323416,28
Qwen-3-235B,213,moderate,correct,1.2409878277153559,29
Qwen-3-235B,213,moderate,correct,1.8368794326241136,30
Qwen-3-235B,213,moderate,correct,1.8281333571046532,31
Qwen-3-235B,213,moderate,correct,1.208414745343233,32
Qwen-3-235B,213,moderate,correct,0.9247491638795987,33
Qwen-3-235B,213,moderate,correct,1.4568541417364713,34
Qwen-3-235B,213,moderate,correct,1.2367172675521823,35
Qwen-3-235B,213,moderate,correct,1.7380534082923402,36
Qwen-3-235B,213,moderate,correct,1.709819911654774,37
Qwen-3-235B,213,moderate,correct,1.4492530755711774,38
Qwen-3-235B,213,moderate,correct,1.1879084967320261,39
Qwen-3-235B,213,moderate,correct,2.160024714241582,40
Qwen-3-235B,213,moderate,correct,2.6482428115015972,41
Qwen-3-235B,213,moderate,correct,1.369109234540997,42
Qwen-3-235B,213,moderate,correct,1.9308868501529053,43
Qwen-3-235B,213,moderate,correct,1.2877025342750312,44
Qwen-3-235B,213,moderate,correct,1.3900984193259767,45
Qwen-3-235B,213,moderate,correct,1.310290313308422,46
Qwen-3-235B,213,moderate,correct,1.5975738396624473,47
Qwen-3-235B,213,moderate,correct,1.5775115473441108,48
Qwen-3-235B,213,moderate,correct,1.364814040952779,49
Qwen-3-235B,213,moderate,correct,1.0861628331507849,50
Qwen-3-235B,1103,moderate,correct,1.2549084938998811,1
Qwen-3-235B,1103,moderate,correct,0.9304957138649106,2
Qwen-3-235B,1103,moderate,correct,0.8173227840146841,3
Qwen-3-235B,1103,moderate,correct,0.9112351955905608,4
Qwen-3-235B,1103,moderate,correct,0.6857981309625651,5
Qwen-3-235B,1103,moderate,correct,0.8805431986623466,6
Qwen-3-235B,1103,moderate,correct,0.940351555318818,7
Qwen-3-235B,1103,moderate,correct,1.0140788748503018,8
Qwen-3-235B,1103,moderate,correct,0.8571769241096618,9
Qwen-3-235B,1103,moderate,correct,0.971711280951848,10
Qwen-3-235B,1103,moderate,correct,1.0096774160150002,11
Qwen-3-235B,1103,moderate,correct,0.8932123753126319,12
Qwen-3-235B,1103,moderate,correct,1.1431592625190676,13
Qwen-3-235B,1103,moderate,correct,0.943545111372124,14
Qwen-3-235B,1103,moderate,correct,1.0115041234811617,15
Qwen-3-235B,1103,moderate,correct,0.9561811988534873,16
Qwen-3-235B,1103,moderate,correct,0.9126079849439521,17
Qwen-3-235B,1103,moderate,correct,0.9311397564043035,18
Qwen-3-235B,1103,moderate,correct,0.8482151802683074,19
Qwen-3-235B,1103,moderate,correct,1.0731158127723364,20
Qwen-3-235B,1103,moderate,correct,0.8895535868740768,21
Qwen-3-235B,1103,moderate,correct,0.8167464699961431,22
Qwen-3-235B,1103,moderate,correct,0.914315469742439,23
Qwen-3-235B,1103,moderate,correct,1.0417005773739683,24
Qwen-3-235B,1103,moderate,correct,0.8678046527528952,25
Qwen-3-235B,1103,moderate,correct,1.0434463827215728,26
Qwen-3-235B,1103,moderate,correct,1.0806872592050616,27
Qwen-3-235B,1103,moderate,correct,1.0702778103693273,28
Qwen-3-235B,1103,moderate,correct,0.8890048,29
Qwen-3-235B,1103,moderate,correct,0.9861716144595805,30
Qwen-3-235B,1103,moderate,correct,0.7882485562122475,31
Qwen-3-235B,1103,moderate,correct,0.8515075467556018,32
Qwen-3-235B,1103,moderate,correct,0.8455401196264578,33
Qwen-3-235B,1103,moderate,correct,0.9174866423863317,34
Qwen-3-235B,1103,moderate,correct,0.986782156062495,35
Qwen-3-235B,1103,moderate,correct,1.0362689008953805,36
Qwen-3-235B,1103,moderate,correct,0.909534029266151,37
Qwen-3-235B,1103,moderate,correct,0.9732882198902351,38
Qwen-3-235B,1103,moderate,correct,1.154710353412839,39
Qwen-3-235B,1103,moderate,correct,0.8602260612273107,40
Qwen-3-235B,1103,moderate,correct,0.9644407170391066,41
Qwen-3-235B,1103,moderate,correct,1.216950581762434,42
Qwen-3-235B,1103,moderate,correct,0.8731101402399285,43
Qwen-3-235B,1103,moderate,correct,1.0237589454308882,44
Qwen-3-235B,1103,moderate,correct,1.0154164541186954,45
Qwen-3-235B,1103,moderate,correct,0.9869739062266356,46
Qwen-3-235B,1103,moderate,correct,0.980335395516573,47
Qwen-3-235B,1103,moderate,correct,0.8890944710491946,48
Qwen-3-235B,1103,moderate,correct,0.9575871311730367,49
Qwen-3-235B,1103,moderate,correct,0.9255417127032749,50
Qwen-3-235B,236,moderate,correct,6.568731144631766,1
Qwen-3-235B,236,moderate,correct,1.0928187823772635,2
Qwen-3-235B,236,moderate,correct,0.6300315015750787,3
Qwen-3-235B,236,moderate,correct,1.258915140253075,4
Qwen-3-235B,236,moderate,correct,2.0993397488456393,5
Qwen-3-235B,236,moderate,correct,0.9519940365262766,6
Qwen-3-235B,236,moderate,correct,1.760197388968705,7
Qwen-3-235B,236,moderate,correct,1.5587330443294645,8
Qwen-3-235B,236,moderate,correct,1.3463544091628643,9
Qwen-3-235B,236,moderate,correct,0.9605595983967,10
Qwen-3-235B,236,moderate,correct,0.8250559797898604,11
Qwen-3-235B,236,moderate,correct,0.6885007718618519,12
Qwen-3-235B,236,moderate,correct,0.92919318768278,13
Qwen-3-235B,236,moderate,correct,0.9344172887479975,14
Qwen-3-235B,236,moderate,correct,1.184100231853041,15
Qwen-3-235B,236,moderate,correct,1.1698747467305213,16
Qwen-3-235B,236,moderate,correct,1.370096509338839,17
Qwen-3-235B,236,moderate,correct,1.7034857604887252,18
Qwen-3-235B,236,moderate,correct,1.4508095605242868,19
Qwen-3-235B,236,moderate,correct,1.065413019024796,20
Qwen-3-235B,236,moderate,correct,0.9735065942591156,21
Qwen-3-235B,236,moderate,correct,1.7401268577248947,22
Qwen-3-235B,236,moderate,correct,1.4262492474413004,23
Qwen-3-235B,236,moderate,correct,1.8850670269146836,24
Qwen-3-235B,236,moderate,correct,3.9429389795287975,25
Qwen-3-235B,236,moderate,correct,1.1214835273229433,26
Qwen-3-235B,236,moderate,correct,1.5665224549178758,27
Qwen-3-235B,236,moderate,correct,0.9790575916230366,28
Qwen-3-235B,236,moderate,correct,0.8502212589180891,29
Qwen-3-235B,236,moderate,correct,2.070610788646893,30
Qwen-3-235B,236,moderate,correct,1.228471489645217,31
Qwen-3-235B,236,moderate,correct,1.2915453939755235,32
Qwen-3-235B,236,moderate,correct,1.2810201078960275,33
Qwen-3-235B,236,moderate,correct,0.760909432897583,34
Qwen-3-235B,236,moderate,correct,1.2658587292733634,35
Qwen-3-235B,236,moderate,correct,0.8949594767524527,36
Qwen-3-235B,236,moderate,correct,2.236840438335339,37
Qwen-3-235B,236,moderate,correct,0.7595557943757836,38
Qwen-3-235B,236,moderate,correct,0.6482566894474691,39
Qwen-3-235B,236,moderate,correct,1.1458521746279702,40
Qwen-3-235B,236,moderate,correct,0.9692709741371542,41
Qwen-3-235B,236,moderate,correct,1.1437257856220404,42
Qwen-3-235B,236,moderate,correct,1.4690273148348556,43
Qwen-3-235B,236,moderate,correct,1.151145467322558,44
Qwen-3-235B,236,moderate,correct,0.8435943305352965,45
Qwen-3-235B,236,moderate,correct,1.5936039524636132,46
Qwen-3-235B,236,moderate,correct,1.497077390694412,47
Qwen-3-235B,236,moderate,correct,1.2158526821457165,48
Qwen-3-235B,236,moderate,correct,1.854553624925105,49
Qwen-3-235B,236,moderate,correct,0.7640110543206942,50
Qwen-3-235B,814,moderate,semantic,,1
Qwen-3-235B,814,moderate,semantic,,2
Qwen-3-235B,814,moderate,semantic,,3
Qwen-3-235B,814,moderate,semantic,,4
Qwen-3-235B,814,moderate,semantic,,5
Qwen-3-235B,814,moderate,semantic,,6
Qwen-3-235B,814,moderate,semantic,,7
Qwen-3-235B,814,moderate,semantic,,8
Qwen-3-235B,814,moderate,semantic,,9
Qwen-3-235B,814,moderate,semantic,,10
Qwen-3-235B,814,moderate,semantic,,11
Qwen-3-235B,814,moderate,semantic,,12
Qwen-3-235B,814,moderate,semantic,,13
Qwen-3-235B,814,moderate,semantic,,14
Qwen-3-235B,814,moderate,semantic,,15
Qwen-3-235B,814,moderate,semantic,,16
Qwen-3-235B,814,moderate,semantic,,17
Qwen-3-235B,814,moderate,semantic,,18
Qwen-3-235B,814,moderate,semantic,,19
Qwen-3-235B,814,moderate,semantic,,20
Qwen-3-235B,814,moderate,semantic,,21
Qwen-3-235B,814,moderate,semantic,,22
Qwen-3-235B,814,moderate,semantic,,23
Qwen-3-235B,814,moderate,semantic,,24
Qwen-3-235B,814,moderate,semantic,,25
Qwen-3-235B,814,moderate,semantic,,26
Qwen-3-235B,814,moderate,semantic,,27
Qwen-3-235B,814,moderate,semantic,,28
Qwen-3-235B,814,moderate,semantic,,29
Qwen-3-235B,814,moderate,semantic,,30
Qwen-3-235B,814,moderate,semantic,,31
Qwen-3-235B,814,moderate,semantic,,32
Qwen-3-235B,814,moderate,semantic,,33
Qwen-3-235B,814,moderate,semantic,,34
Qwen-3-235B,814,moderate,semantic,,35
Qwen-3-235B,814,moderate,semantic,,36
Qwen-3-235B,814,moderate,semantic,,37
Qwen-3-235B,814,moderate,semantic,,38
Qwen-3-235B,814,moderate,semantic,,39
Qwen-3-235B,814,moderate,semantic,,40
Qwen-3-235B,814,moderate,semantic,,41
Qwen-3-235B,814,moderate,semantic,,42
Qwen-3-235B,814,moderate,semantic,,43
Qwen-3-235B,814,moderate,semantic,,44
Qwen-3-235B,814,moderate,semantic,,45
Qwen-3-235B,814,moderate,semantic,,46
Qwen-3-235B,814,moderate,semantic,,47
Qwen-3-235B,814,moderate,semantic,,48
Qwen-3-235B,814,moderate,semantic,,49
Qwen-3-235B,814,moderate,semantic,,50
Qwen-3-235B,1684,Moderate,semantic,,1
Qwen-3-235B,1684,Moderate,semantic,,2
Qwen-3-235B,1684,Moderate,semantic,,3
Qwen-3-235B,1684,Moderate,semantic,,4
Qwen-3-235B,1684,Moderate,semantic,,5
Qwen-3-235B,1684,Moderate,semantic,,6
Qwen-3-235B,1684,Moderate,semantic,,7
Qwen-3-235B,1684,Moderate,semantic,,8
Qwen-3-235B,1684,Moderate,semantic,,9
Qwen-3-235B,1684,Moderate,semantic,,10
Qwen-3-235B,1684,Moderate,semantic,,11
Qwen-3-235B,1684,Moderate,semantic,,12
Qwen-3-235B,1684,Moderate,semantic,,13
Qwen-3-235B,1684,Moderate,semantic,,14
Qwen-3-235B,1684,Moderate,semantic,,15
Qwen-3-235B,1684,Moderate,semantic,,16
Qwen-3-235B,1684,Moderate,semantic,,17
Qwen-3-235B,1684,Moderate,semantic,,18
Qwen-3-235B,1684,Moderate,semantic,,19
Qwen-3-235B,1684,Moderate,semantic,,20
Qwen-3-235B,1684,Moderate,semantic,,21
Qwen-3-235B,1684,Moderate,semantic,,22
Qwen-3-235B,1684,Moderate,semantic,,23
Qwen-3-235B,1684,Moderate,semantic,,24
Qwen-3-235B,1684,Moderate,semantic,,25
Qwen-3-235B,1684,Moderate,semantic,,26
Qwen-3-235B,1684,Moderate,semantic,,27
Qwen-3-235B,1684,Moderate,semantic,,28
Qwen-3-235B,1684,Moderate,semantic,,29
Qwen-3-235B,1684,Moderate,semantic,,30
Qwen-3-235B,1684,Moderate,semantic,,31
Qwen-3-235B,1684,Moderate,semantic,,32
Qwen-3-235B,1684,Moderate,semantic,,33
Qwen-3-235B,1684,Moderate,semantic,,34
Qwen-3-235B,1684,Moderate,semantic,,35
Qwen-3-235B,1684,Moderate,semantic,,36
Qwen-3-235B,1684,Moderate,semantic,,37
Qwen-3-235B,1684,Moderate,semantic,,38
Qwen-3-235B,1684,Moderate,semantic,,39
Qwen-3-235B,1684,Moderate,semantic,,40
Qwen-3-235B,1684,Moderate,semantic,,41
Qwen-3-235B,1684,Moderate,semantic,,42
Qwen-3-235B,1684,Moderate,semantic,,43
Qwen-3-235B,1684,Moderate,semantic,,44
Qwen-3-235B,1684,Moderate,semantic,,45
Qwen-3-235B,1684,Moderate,semantic,,46
Qwen-3-235B,1684,Moderate,semantic,,47
Qwen-3-235B,1684,Moderate,semantic,,48
Qwen-3-235B,1684,Moderate,semantic,,49
Qwen-3-235B,1684,Moderate,semantic,,50
Qwen-3-235B,255,moderate,correct,5.945784695201038,1
Qwen-3-235B,255,moderate,correct,0.8257005014616061,2
Qwen-3-235B,255,moderate,correct,0.8690378289473685,3
Qwen-3-235B,255,moderate,correct,0.9997514425210831,4
Qwen-3-235B,255,moderate,correct,1.0968233942794736,5
Qwen-3-235B,255,moderate,correct,0.7373013887151257,6
Qwen-3-235B,255,moderate,correct,1.274250202647933,7
Qwen-3-235B,255,moderate,correct,0.7547835501876085,8
Qwen-3-235B,255,moderate,correct,1.0708811026664948,9
Qwen-3-235B,255,moderate,correct,1.544027809728293,10
Qwen-3-235B,255,moderate,correct,1.2697198196200192,11
Qwen-3-235B,255,moderate,correct,1.5835550066501995,12
Qwen-3-235B,255,moderate,correct,1.4083705810646079,13
Qwen-3-235B,255,moderate,correct,1.3797220139569757,14
Qwen-3-235B,255,moderate,correct,0.6465788408234452,15
Qwen-3-235B,255,moderate,correct,0.890218186512889,16
Qwen-3-235B,255,moderate,correct,0.8790878613448035,17
Qwen-3-235B,255,moderate,correct,1.0082541172788797,18
Qwen-3-235B,255,moderate,correct,1.1724429119313184,19
Qwen-3-235B,255,moderate,correct,1.349125705202132,20
Qwen-3-235B,255,moderate,correct,1.4628187167273745,21
Qwen-3-235B,255,moderate,correct,1.1039829634312714,22
Qwen-3-235B,255,moderate,correct,1.0454845088991431,23
Qwen-3-235B,255,moderate,correct,1.366759094483301,24
Qwen-3-235B,255,moderate,correct,0.6895986207186561,25
Qwen-3-235B,255,moderate,correct,1.0839007568894474,26
Qwen-3-235B,255,moderate,correct,1.011299202045403,27
Qwen-3-235B,255,moderate,correct,0.9483625945297665,28
Qwen-3-235B,255,moderate,correct,0.8803641766291203,29
Qwen-3-235B,255,moderate,correct,1.3966777408637874,30
Qwen-3-235B,255,moderate,correct,1.2144782233721432,31
Qwen-3-235B,255,moderate,correct,0.8678342898608088,32
Qwen-3-235B,255,moderate,correct,1.6351832142314124,33
Qwen-3-235B,255,moderate,correct,5.3496580147316735,34
Qwen-3-235B,255,moderate,correct,1.0935446832939977,35
Qwen-3-235B,255,moderate,correct,0.9856494723345498,36
Qwen-3-235B,255,moderate,correct,0.702344494351436,37
Qwen-3-235B,255,moderate,correct,1.2930475250317304,38
Qwen-3-235B,255,moderate,correct,2.5268763596809283,39
Qwen-3-235B,255,moderate,correct,0.8814269774735382,40
Qwen-3-235B,255,moderate,correct,2.5421378420350402,41
Qwen-3-235B,255,moderate,correct,1.0779852648162735,42
Qwen-3-235B,255,moderate,correct,1.180815962113272,43
Qwen-3-235B,255,moderate,correct,1.0462677031200085,44
Qwen-3-235B,255,moderate,correct,1.0528174994055908,45
Qwen-3-235B,255,moderate,correct,1.108222511082225,46
Qwen-3-235B,255,moderate,correct,0.8933352849846569,47
Qwen-3-235B,255,moderate,correct,1.0204256165473349,48
Qwen-3-235B,255,moderate,correct,0.7558893218712671,49
Qwen-3-235B,255,moderate,correct,0.47614179265871065,50
Qwen-3-235B,683,moderate,semantic,,1
Qwen-3-235B,683,moderate,semantic,,2
Qwen-3-235B,683,moderate,semantic,,3
Qwen-3-235B,683,moderate,semantic,,4
Qwen-3-235B,683,moderate,semantic,,5
Qwen-3-235B,683,moderate,semantic,,6
Qwen-3-235B,683,moderate,semantic,,7
Qwen-3-235B,683,moderate,semantic,,8
Qwen-3-235B,683,moderate,semantic,,9
Qwen-3-235B,683,moderate,semantic,,10
Qwen-3-235B,683,moderate,semantic,,11
Qwen-3-235B,683,moderate,semantic,,12
Qwen-3-235B,683,moderate,semantic,,13
Qwen-3-235B,683,moderate,semantic,,14
Qwen-3-235B,683,moderate,semantic,,15
Qwen-3-235B,683,moderate,semantic,,16
Qwen-3-235B,683,moderate,semantic,,17
Qwen-3-235B,683,moderate,semantic,,18
Qwen-3-235B,683,moderate,semantic,,19
Qwen-3-235B,683,moderate,semantic,,20
Qwen-3-235B,683,moderate,semantic,,21
Qwen-3-235B,683,moderate,semantic,,22
Qwen-3-235B,683,moderate,semantic,,23
Qwen-3-235B,683,moderate,semantic,,24
Qwen-3-235B,683,moderate,semantic,,25
Qwen-3-235B,683,moderate,semantic,,26
Qwen-3-235B,683,moderate,semantic,,27
Qwen-3-235B,683,moderate,semantic,,28
Qwen-3-235B,683,moderate,semantic,,29
Qwen-3-235B,683,moderate,semantic,,30
Qwen-3-235B,683,moderate,semantic,,31
Qwen-3-235B,683,moderate,semantic,,32
Qwen-3-235B,683,moderate,semantic,,33
Qwen-3-235B,683,moderate,semantic,,34
Qwen-3-235B,683,moderate,semantic,,35
Qwen-3-235B,683,moderate,semantic,,36
Qwen-3-235B,683,moderate,semantic,,37
Qwen-3-235B,683,moderate,semantic,,38
Qwen-3-235B,683,moderate,semantic,,39
Qwen-3-235B,683,moderate,semantic,,40
Qwen-3-235B,683,moderate,semantic,,41
Qwen-3-235B,683,moderate,semantic,,42
Qwen-3-235B,683,moderate,semantic,,43
Qwen-3-235B,683,moderate,semantic,,44
Qwen-3-235B,683,moderate,semantic,,45
Qwen-3-235B,683,moderate,semantic,,46
Qwen-3-235B,683,moderate,semantic,,47
Qwen-3-235B,683,moderate,semantic,,48
Qwen-3-235B,683,moderate,semantic,,49
Qwen-3-235B,683,moderate,semantic,,50
Qwen-3-235B,1104,moderate,correct,1.2011914027680548,1
Qwen-3-235B,1104,moderate,correct,1.074788618399527,2
Qwen-3-235B,1104,moderate,correct,0.8661573249678836,3
Qwen-3-235B,1104,moderate,correct,0.7117791325606945,4
Qwen-3-235B,1104,moderate,correct,0.8038531961635133,5
Qwen-3-235B,1104,moderate,correct,0.7159681566996772,6
Qwen-3-235B,1104,moderate,correct,0.9259406968738125,7
Qwen-3-235B,1104,moderate,correct,0.9340457296110438,8
Qwen-3-235B,1104,moderate,correct,0.7856231111694583,9
Qwen-3-235B,1104,moderate,correct,0.9174843769043337,10
Qwen-3-235B,1104,moderate,correct,0.7716107211906822,11
Qwen-3-235B,1104,moderate,correct,0.811280399972285,12
Qwen-3-235B,1104,moderate,correct,1.0975569956144093,13
Qwen-3-235B,1104,moderate,correct,1.2830866266622911,14
Qwen-3-235B,1104,moderate,correct,0.9145841964320035,15
Qwen-3-235B,1104,moderate,correct,0.8475980898520074,16
Qwen-3-235B,1104,moderate,correct,0.9486483252760552,17
Qwen-3-235B,1104,moderate,correct,1.003482665494024,18
Qwen-3-235B,1104,moderate,correct,0.9186052723806919,19
Qwen-3-235B,1104,moderate,correct,0.9696232266630527,20
Qwen-3-235B,1104,moderate,correct,0.8340469154205655,21
Qwen-3-235B,1104,moderate,correct,1.1590855263091588,22
Qwen-3-235B,1104,moderate,correct,1.0109141866375317,23
Qwen-3-235B,1104,moderate,correct,1.068559172420161,24
Qwen-3-235B,1104,moderate,correct,0.9812504052172427,25
Qwen-3-235B,1104,moderate,correct,1.3044948275014359,26
Qwen-3-235B,1104,moderate,correct,1.0023256550867223,27
Qwen-3-235B,1104,moderate,correct,1.1245515430810584,28
Qwen-3-235B,1104,moderate,correct,0.8510644453988562,29
Qwen-3-235B,1104,moderate,correct,0.9434178490060526,30
Qwen-3-235B,1104,moderate,correct,0.7898812507246654,31
Qwen-3-235B,1104,moderate,correct,0.834322500274277,32
Qwen-3-235B,1104,moderate,correct,1.2379483388263892,33
Qwen-3-235B,1104,moderate,correct,0.7642668977503959,34
Qwen-3-235B,1104,moderate,correct,0.9824507804865769,35
Qwen-3-235B,1104,moderate,correct,0.8601526249494494,36
Qwen-3-235B,1104,moderate,correct,0.8528035517822197,37
Qwen-3-235B,1104,moderate,correct,0.98827125280969,38
Qwen-3-235B,1104,moderate,correct,0.8000806680700119,39
Qwen-3-235B,1104,moderate,correct,0.8993657437045086,40
Qwen-3-235B,1104,moderate,correct,0.9523472056646437,41
Qwen-3-235B,1104,moderate,correct,1.1660081234279058,42
Qwen-3-235B,1104,moderate,correct,1.0367461421938693,43
Qwen-3-235B,1104,moderate,correct,0.8532267988378055,44
Qwen-3-235B,1104,moderate,correct,1.0180197280793757,45
Qwen-3-235B,1104,moderate,correct,0.8513787178704794,46
Qwen-3-235B,1104,moderate,correct,0.8422206574631897,47
Qwen-3-235B,1104,moderate,correct,1.0642318453288377,48
Qwen-3-235B,1104,moderate,correct,0.7075178478706403,49
Qwen-3-235B,1104,moderate,correct,0.8039071599266345,50
Qwen-3-235B,1691,Moderate,semantic,,1
Qwen-3-235B,1691,Moderate,semantic,,2
Qwen-3-235B,1691,Moderate,semantic,,3
Qwen-3-235B,1691,Moderate,semantic,,4
Qwen-3-235B,1691,Moderate,semantic,,5
Qwen-3-235B,1691,Moderate,semantic,,6
Qwen-3-235B,1691,Moderate,semantic,,7
Qwen-3-235B,1691,Moderate,semantic,,8
Qwen-3-235B,1691,Moderate,semantic,,9
Qwen-3-235B,1691,Moderate,semantic,,10
Qwen-3-235B,1691,Moderate,semantic,,11
Qwen-3-235B,1691,Moderate,semantic,,12
Qwen-3-235B,1691,Moderate,semantic,,13
Qwen-3-235B,1691,Moderate,semantic,,14
Qwen-3-235B,1691,Moderate,semantic,,15
Qwen-3-235B,1691,Moderate,semantic,,16
Qwen-3-235B,1691,Moderate,semantic,,17
Qwen-3-235B,1691,Moderate,semantic,,18
Qwen-3-235B,1691,Moderate,semantic,,19
Qwen-3-235B,1691,Moderate,semantic,,20
Qwen-3-235B,1691,Moderate,semantic,,21
Qwen-3-235B,1691,Moderate,semantic,,22
Qwen-3-235B,1691,Moderate,semantic,,23
Qwen-3-235B,1691,Moderate,semantic,,24
Qwen-3-235B,1691,Moderate,semantic,,25
Qwen-3-235B,1691,Moderate,semantic,,26
Qwen-3-235B,1691,Moderate,semantic,,27
Qwen-3-235B,1691,Moderate,semantic,,28
Qwen-3-235B,1691,Moderate,semantic,,29
Qwen-3-235B,1691,Moderate,semantic,,30
Qwen-3-235B,1691,Moderate,semantic,,31
Qwen-3-235B,1691,Moderate,semantic,,32
Qwen-3-235B,1691,Moderate,semantic,,33
Qwen-3-235B,1691,Moderate,semantic,,34
Qwen-3-235B,1691,Moderate,semantic,,35
Qwen-3-235B,1691,Moderate,semantic,,36
Qwen-3-235B,1691,Moderate,semantic,,37
Qwen-3-235B,1691,Moderate,semantic,,38
Qwen-3-235B,1691,Moderate,semantic,,39
Qwen-3-235B,1691,Moderate,semantic,,40
Qwen-3-235B,1691,Moderate,semantic,,41
Qwen-3-235B,1691,Moderate,semantic,,42
Qwen-3-235B,1691,Moderate,semantic,,43
Qwen-3-235B,1691,Moderate,semantic,,44
Qwen-3-235B,1691,Moderate,semantic,,45
Qwen-3-235B,1691,Moderate,semantic,,46
Qwen-3-235B,1691,Moderate,semantic,,47
Qwen-3-235B,1691,Moderate,semantic,,48
Qwen-3-235B,1691,Moderate,semantic,,49
Qwen-3-235B,1691,Moderate,semantic,,50
Qwen-3-235B,894,moderate,semantic,,1
Qwen-3-235B,894,moderate,semantic,,2
Qwen-3-235B,894,moderate,semantic,,3
Qwen-3-235B,894,moderate,semantic,,4
Qwen-3-235B,894,moderate,semantic,,5
Qwen-3-235B,894,moderate,semantic,,6
Qwen-3-235B,894,moderate,semantic,,7
Qwen-3-235B,894,moderate,semantic,,8
Qwen-3-235B,894,moderate,semantic,,9
Qwen-3-235B,894,moderate,semantic,,10
Qwen-3-235B,894,moderate,semantic,,11
Qwen-3-235B,894,moderate,semantic,,12
Qwen-3-235B,894,moderate,semantic,,13
Qwen-3-235B,894,moderate,semantic,,14
Qwen-3-235B,894,moderate,semantic,,15
Qwen-3-235B,894,moderate,semantic,,16
Qwen-3-235B,894,moderate,semantic,,17
Qwen-3-235B,894,moderate,semantic,,18
Qwen-3-235B,894,moderate,semantic,,19
Qwen-3-235B,894,moderate,semantic,,20
Qwen-3-235B,894,moderate,semantic,,21
Qwen-3-235B,894,moderate,semantic,,22
Qwen-3-235B,894,moderate,semantic,,23
Qwen-3-235B,894,moderate,semantic,,24
Qwen-3-235B,894,moderate,semantic,,25
Qwen-3-235B,894,moderate,semantic,,26
Qwen-3-235B,894,moderate,semantic,,27
Qwen-3-235B,894,moderate,semantic,,28
Qwen-3-235B,894,moderate,semantic,,29
Qwen-3-235B,894,moderate,semantic,,30
Qwen-3-235B,894,moderate,semantic,,31
Qwen-3-235B,894,moderate,semantic,,32
Qwen-3-235B,894,moderate,semantic,,33
Qwen-3-235B,894,moderate,semantic,,34
Qwen-3-235B,894,moderate,semantic,,35
Qwen-3-235B,894,moderate,semantic,,36
Qwen-3-235B,894,moderate,semantic,,37
Qwen-3-235B,894,moderate,semantic,,38
Qwen-3-235B,894,moderate,semantic,,39
Qwen-3-235B,894,moderate,semantic,,40
Qwen-3-235B,894,moderate,semantic,,41
Qwen-3-235B,894,moderate,semantic,,42
Qwen-3-235B,894,moderate,semantic,,43
Qwen-3-235B,894,moderate,semantic,,44
Qwen-3-235B,894,moderate,semantic,,45
Qwen-3-235B,894,moderate,semantic,,46
Qwen-3-235B,894,moderate,semantic,,47
Qwen-3-235B,894,moderate,semantic,,48
Qwen-3-235B,894,moderate,semantic,,49
Qwen-3-235B,894,moderate,semantic,,50
Qwen-3-235B,35,moderate,correct,7.006818335246067,1
Qwen-3-235B,35,moderate,correct,1.2158119658119657,2
Qwen-3-235B,35,moderate,correct,0.8589403973509934,3
Qwen-3-235B,35,moderate,correct,1.4941193553071004,4
Qwen-3-235B,35,moderate,correct,1.036594527785183,5
Qwen-3-235B,35,moderate,correct,2.02952658321973,6
Qwen-3-235B,35,moderate,correct,0.8499124157333192,7
Qwen-3-235B,35,moderate,correct,1.2405602037104402,8
Qwen-3-235B,35,moderate,correct,1.0743694868927818,9
Qwen-3-235B,35,moderate,correct,1.0645913060543617,10
Qwen-3-235B,35,moderate,correct,1.2989190687361418,11
Qwen-3-235B,35,moderate,correct,1.0564718837526632,12
Qwen-3-235B,35,moderate,correct,1.4433135926805916,13
Qwen-3-235B,35,moderate,correct,1.007099247479767,14
Qwen-3-235B,35,moderate,correct,1.2256617754594648,15
Qwen-3-235B,35,moderate,correct,1.1517829616688933,16
Qwen-3-235B,35,moderate,correct,1.1594192533257044,17
Qwen-3-235B,35,moderate,correct,1.1122286792827696,18
Qwen-3-235B,35,moderate,correct,1.0367650576472276,19
Qwen-3-235B,35,moderate,correct,0.4700748675588506,20
Qwen-3-235B,35,moderate,correct,1.0906853697551373,21
Qwen-3-235B,35,moderate,correct,1.1362073904325407,22
Qwen-3-235B,35,moderate,correct,1.4168768186226963,23
Qwen-3-235B,35,moderate,correct,0.7601886071109978,24
Qwen-3-235B,35,moderate,correct,0.9409474006286335,25
Qwen-3-235B,35,moderate,correct,1.1713173911597432,26
Qwen-3-235B,35,moderate,correct,1.22124899215715,27
Qwen-3-235B,35,moderate,correct,0.9635804427954207,28
Qwen-3-235B,35,moderate,correct,1.4340241104272136,29
Qwen-3-235B,35,moderate,correct,1.0012474110337037,30
Qwen-3-235B,35,moderate,correct,1.1013609689099764,31
Qwen-3-235B,35,moderate,correct,1.0187047740408683,32
Qwen-3-235B,35,moderate,correct,1.0950301367885371,33
Qwen-3-235B,35,moderate,correct,1.2152915557706268,34
Qwen-3-235B,35,moderate,correct,1.3531885925457685,35
Qwen-3-235B,35,moderate,correct,1.0627887947631882,36
Qwen-3-235B,35,moderate,correct,1.522985829286142,37
Qwen-3-235B,35,moderate,correct,1.0329754035924024,38
Qwen-3-235B,35,moderate,correct,1.0445481648013293,39
Qwen-3-235B,35,moderate,correct,1.0607538251026247,40
Qwen-3-235B,35,moderate,correct,1.0741181723470754,41
Qwen-3-235B,35,moderate,correct,1.1217939583927046,42
Qwen-3-235B,35,moderate,correct,1.666591229128948,43
Qwen-3-235B,35,moderate,correct,1.7635905595332804,44
Qwen-3-235B,35,moderate,correct,1.0838256895707523,45
Qwen-3-235B,35,moderate,correct,0.5657186779400462,46
Qwen-3-235B,35,moderate,correct,1.2575332210368706,47
Qwen-3-235B,35,moderate,correct,1.3177468410771247,48
Qwen-3-235B,35,moderate,correct,1.0430835734870316,49
Qwen-3-235B,35,moderate,correct,1.0463841863196008,50
Qwen-3-235B,1454,moderate,semantic,,1
Qwen-3-235B,1454,moderate,semantic,,2
Qwen-3-235B,1454,moderate,semantic,,3
Qwen-3-235B,1454,moderate,semantic,,4
Qwen-3-235B,1454,moderate,semantic,,5
Qwen-3-235B,1454,moderate,semantic,,6
Qwen-3-235B,1454,moderate,semantic,,7
Qwen-3-235B,1454,moderate,semantic,,8
Qwen-3-235B,1454,moderate,semantic,,9
Qwen-3-235B,1454,moderate,semantic,,10
Qwen-3-235B,1454,moderate,semantic,,11
Qwen-3-235B,1454,moderate,semantic,,12
Qwen-3-235B,1454,moderate,semantic,,13
Qwen-3-235B,1454,moderate,semantic,,14
Qwen-3-235B,1454,moderate,semantic,,15
Qwen-3-235B,1454,moderate,semantic,,16
Qwen-3-235B,1454,moderate,semantic,,17
Qwen-3-235B,1454,moderate,semantic,,18
Qwen-3-235B,1454,moderate,semantic,,19
Qwen-3-235B,1454,moderate,semantic,,20
Qwen-3-235B,1454,moderate,semantic,,21
Qwen-3-235B,1454,moderate,semantic,,22
Qwen-3-235B,1454,moderate,semantic,,23
Qwen-3-235B,1454,moderate,semantic,,24
Qwen-3-235B,1454,moderate,semantic,,25
Qwen-3-235B,1454,moderate,semantic,,26
Qwen-3-235B,1454,moderate,semantic,,27
Qwen-3-235B,1454,moderate,semantic,,28
Qwen-3-235B,1454,moderate,semantic,,29
Qwen-3-235B,1454,moderate,semantic,,30
Qwen-3-235B,1454,moderate,semantic,,31
Qwen-3-235B,1454,moderate,semantic,,32
Qwen-3-235B,1454,moderate,semantic,,33
Qwen-3-235B,1454,moderate,semantic,,34
Qwen-3-235B,1454,moderate,semantic,,35
Qwen-3-235B,1454,moderate,semantic,,36
Qwen-3-235B,1454,moderate,semantic,,37
Qwen-3-235B,1454,moderate,semantic,,38
Qwen-3-235B,1454,moderate,semantic,,39
Qwen-3-235B,1454,moderate,semantic,,40
Qwen-3-235B,1454,moderate,semantic,,41
Qwen-3-235B,1454,moderate,semantic,,42
Qwen-3-235B,1454,moderate,semantic,,43
Qwen-3-235B,1454,moderate,semantic,,44
Qwen-3-235B,1454,moderate,semantic,,45
Qwen-3-235B,1454,moderate,semantic,,46
Qwen-3-235B,1454,moderate,semantic,,47
Qwen-3-235B,1454,moderate,semantic,,48
Qwen-3-235B,1454,moderate,semantic,,49
Qwen-3-235B,1454,moderate,semantic,,50
Qwen-3-235B,1152,moderate,semantic,,1
Qwen-3-235B,1152,moderate,semantic,,2
Qwen-3-235B,1152,moderate,semantic,,3
Qwen-3-235B,1152,moderate,semantic,,4
Qwen-3-235B,1152,moderate,semantic,,5
Qwen-3-235B,1152,moderate,semantic,,6
Qwen-3-235B,1152,moderate,semantic,,7
Qwen-3-235B,1152,moderate,semantic,,8
Qwen-3-235B,1152,moderate,semantic,,9
Qwen-3-235B,1152,moderate,semantic,,10
Qwen-3-235B,1152,moderate,semantic,,11
Qwen-3-235B,1152,moderate,semantic,,12
Qwen-3-235B,1152,moderate,semantic,,13
Qwen-3-235B,1152,moderate,semantic,,14
Qwen-3-235B,1152,moderate,semantic,,15
Qwen-3-235B,1152,moderate,semantic,,16
Qwen-3-235B,1152,moderate,semantic,,17
Qwen-3-235B,1152,moderate,semantic,,18
Qwen-3-235B,1152,moderate,semantic,,19
Qwen-3-235B,1152,moderate,semantic,,20
Qwen-3-235B,1152,moderate,semantic,,21
Qwen-3-235B,1152,moderate,semantic,,22
Qwen-3-235B,1152,moderate,semantic,,23
Qwen-3-235B,1152,moderate,semantic,,24
Qwen-3-235B,1152,moderate,semantic,,25
Qwen-3-235B,1152,moderate,semantic,,26
Qwen-3-235B,1152,moderate,semantic,,27
Qwen-3-235B,1152,moderate,semantic,,28
Qwen-3-235B,1152,moderate,semantic,,29
Qwen-3-235B,1152,moderate,semantic,,30
Qwen-3-235B,1152,moderate,semantic,,31
Qwen-3-235B,1152,moderate,semantic,,32
Qwen-3-235B,1152,moderate,semantic,,33
Qwen-3-235B,1152,moderate,semantic,,34
Qwen-3-235B,1152,moderate,semantic,,35
Qwen-3-235B,1152,moderate,semantic,,36
Qwen-3-235B,1152,moderate,semantic,,37
Qwen-3-235B,1152,moderate,semantic,,38
Qwen-3-235B,1152,moderate,semantic,,39
Qwen-3-235B,1152,moderate,semantic,,40
Qwen-3-235B,1152,moderate,semantic,,41
Qwen-3-235B,1152,moderate,semantic,,42
Qwen-3-235B,1152,moderate,semantic,,43
Qwen-3-235B,1152,moderate,semantic,,44
Qwen-3-235B,1152,moderate,semantic,,45
Qwen-3-235B,1152,moderate,semantic,,46
Qwen-3-235B,1152,moderate,semantic,,47
Qwen-3-235B,1152,moderate,semantic,,48
Qwen-3-235B,1152,moderate,semantic,,49
Qwen-3-235B,1152,moderate,semantic,,50
Qwen-3-235B,152,moderate,correct,3.585993867243867,1
Qwen-3-235B,152,moderate,correct,1.433664117312433,2
Qwen-3-235B,152,moderate,semantic,,3
Qwen-3-235B,152,moderate,correct,1.2465558781738433,4
Qwen-3-235B,152,moderate,correct,1.1179183135704875,5
Qwen-3-235B,152,moderate,correct,1.6507829977628636,6
Qwen-3-235B,152,moderate,correct,1.1864156515319306,7
Qwen-3-235B,152,moderate,correct,2.3088956025511918,8
Qwen-3-235B,152,moderate,correct,1.6795382489228519,9
Qwen-3-235B,152,moderate,correct,1.0252260828177058,10
Qwen-3-235B,152,moderate,correct,1.506623950125552,11
Qwen-3-235B,152,moderate,correct,1.7292006525285482,12
Qwen-3-235B,152,moderate,semantic,,13
Qwen-3-235B,152,moderate,semantic,,14
Qwen-3-235B,152,moderate,correct,1.267098895078075,15
Qwen-3-235B,152,moderate,semantic,,16
Qwen-3-235B,152,moderate,correct,1.9268248992386923,17
Qwen-3-235B,152,moderate,semantic,,18
Qwen-3-235B,152,moderate,correct,1.154042689093522,19
Qwen-3-235B,152,moderate,correct,1.3591689750692522,20
Qwen-3-235B,152,moderate,correct,1.1796439815936062,21
Qwen-3-235B,152,moderate,semantic,,22
Qwen-3-235B,152,moderate,correct,1.1255104233827637,23
Qwen-3-235B,152,moderate,correct,0.7351864622566442,24
Qwen-3-235B,152,moderate,correct,1.1715469613259668,25
Qwen-3-235B,152,moderate,correct,1.1521867137733526,26
Qwen-3-235B,152,moderate,correct,1.4400597535167434,27
Qwen-3-235B,152,moderate,correct,1.1011994813053814,28
Qwen-3-235B,152,moderate,correct,1.152002861230329,29
Qwen-3-235B,152,moderate,correct,1.1217368140649973,30
Qwen-3-235B,152,moderate,correct,1.1678805150939413,31
Qwen-3-235B,152,moderate,correct,1.196478834372758,32
Qwen-3-235B,152,moderate,correct,1.1304101109104978,33
Qwen-3-235B,152,moderate,correct,1.0339005672339006,34
Qwen-3-235B,152,moderate,correct,1.3220314424400492,35
Qwen-3-235B,152,moderate,correct,0.8791840687609709,36
Qwen-3-235B,152,moderate,correct,1.0986113362511483,37
Qwen-3-235B,152,moderate,correct,0.8799076212471132,38
Qwen-3-235B,152,moderate,correct,1.8098150503963206,39
Qwen-3-235B,152,moderate,correct,0.7780136949944264,40
Qwen-3-235B,152,moderate,correct,1.175765058647147,41
Qwen-3-235B,152,moderate,correct,1.0959912308174131,42
Qwen-3-235B,152,moderate,correct,0.8799474121228895,43
Qwen-3-235B,152,moderate,correct,1.2634811183537145,44
Qwen-3-235B,152,moderate,correct,1.4078011144449207,45
Qwen-3-235B,152,moderate,correct,1.3241732650209594,46
Qwen-3-235B,152,moderate,correct,1.124077868852459,47
Qwen-3-235B,152,moderate,correct,0.907507153677832,48
Qwen-3-235B,152,moderate,correct,1.1059141236835,49
Qwen-3-235B,152,moderate,correct,2.4911580665638886,50
Qwen-3-235B,298,moderate,semantic,,1
Qwen-3-235B,298,moderate,semantic,,2
Qwen-3-235B,298,moderate,semantic,,3
Qwen-3-235B,298,moderate,semantic,,4
Qwen-3-235B,298,moderate,semantic,,5
Qwen-3-235B,298,moderate,semantic,,6
Qwen-3-235B,298,moderate,semantic,,7
Qwen-3-235B,298,moderate,semantic,,8
Qwen-3-235B,298,moderate,semantic,,9
Qwen-3-235B,298,moderate,semantic,,10
Qwen-3-235B,298,moderate,semantic,,11
Qwen-3-235B,298,moderate,semantic,,12
Qwen-3-235B,298,moderate,semantic,,13
Qwen-3-235B,298,moderate,semantic,,14
Qwen-3-235B,298,moderate,semantic,,15
Qwen-3-235B,298,moderate,semantic,,16
Qwen-3-235B,298,moderate,semantic,,17
Qwen-3-235B,298,moderate,semantic,,18
Qwen-3-235B,298,moderate,semantic,,19
Qwen-3-235B,298,moderate,semantic,,20
Qwen-3-235B,298,moderate,correct,2.480482897384306,21
Qwen-3-235B,298,moderate,semantic,,22
Qwen-3-235B,298,moderate,correct,0.9493490235353029,23
Qwen-3-235B,298,moderate,semantic,,24
Qwen-3-235B,298,moderate,semantic,,25
Qwen-3-235B,298,moderate,semantic,,26
Qwen-3-235B,298,moderate,semantic,,27
Qwen-3-235B,298,moderate,correct,2.303003092886361,28
Qwen-3-235B,298,moderate,semantic,,29
Qwen-3-235B,298,moderate,semantic,,30
Qwen-3-235B,298,moderate,semantic,,31
Qwen-3-235B,298,moderate,semantic,,32
Qwen-3-235B,298,moderate,semantic,,33
Qwen-3-235B,298,moderate,semantic,,34
Qwen-3-235B,298,moderate,semantic,,35
Qwen-3-235B,298,moderate,semantic,,36
Qwen-3-235B,298,moderate,semantic,,37
Qwen-3-235B,298,moderate,semantic,,38
Qwen-3-235B,298,moderate,semantic,,39
Qwen-3-235B,298,moderate,semantic,,40
Qwen-3-235B,298,moderate,semantic,,41
Qwen-3-235B,298,moderate,semantic,,42
Qwen-3-235B,298,moderate,semantic,,43
Qwen-3-235B,298,moderate,semantic,,44
Qwen-3-235B,298,moderate,semantic,,45
Qwen-3-235B,298,moderate,semantic,,46
Qwen-3-235B,298,moderate,semantic,,47
Qwen-3-235B,298,moderate,semantic,,48
Qwen-3-235B,298,moderate,semantic,,49
Qwen-3-235B,298,moderate,semantic,,50
Qwen-3-235B,511,moderate,semantic,,1
Qwen-3-235B,511,moderate,semantic,,2
Qwen-3-235B,511,moderate,semantic,,3
Qwen-3-235B,511,moderate,semantic,,4
Qwen-3-235B,511,moderate,semantic,,5
Qwen-3-235B,511,moderate,semantic,,6
Qwen-3-235B,511,moderate,semantic,,7
Qwen-3-235B,511,moderate,semantic,,8
Qwen-3-235B,511,moderate,semantic,,9
Qwen-3-235B,511,moderate,semantic,,10
Qwen-3-235B,511,moderate,semantic,,11
Qwen-3-235B,511,moderate,semantic,,12
Qwen-3-235B,511,moderate,semantic,,13
Qwen-3-235B,511,moderate,semantic,,14
Qwen-3-235B,511,moderate,semantic,,15
Qwen-3-235B,511,moderate,semantic,,16
Qwen-3-235B,511,moderate,semantic,,17
Qwen-3-235B,511,moderate,semantic,,18
Qwen-3-235B,511,moderate,semantic,,19
Qwen-3-235B,511,moderate,semantic,,20
Qwen-3-235B,511,moderate,semantic,,21
Qwen-3-235B,511,moderate,semantic,,22
Qwen-3-235B,511,moderate,semantic,,23
Qwen-3-235B,511,moderate,semantic,,24
Qwen-3-235B,511,moderate,semantic,,25
Qwen-3-235B,511,moderate,semantic,,26
Qwen-3-235B,511,moderate,semantic,,27
Qwen-3-235B,511,moderate,semantic,,28
Qwen-3-235B,511,moderate,semantic,,29
Qwen-3-235B,511,moderate,semantic,,30
Qwen-3-235B,511,moderate,semantic,,31
Qwen-3-235B,511,moderate,semantic,,32
Qwen-3-235B,511,moderate,semantic,,33
Qwen-3-235B,511,moderate,semantic,,34
Qwen-3-235B,511,moderate,semantic,,35
Qwen-3-235B,511,moderate,semantic,,36
Qwen-3-235B,511,moderate,semantic,,37
Qwen-3-235B,511,moderate,semantic,,38
Qwen-3-235B,511,moderate,semantic,,39
Qwen-3-235B,511,moderate,semantic,,40
Qwen-3-235B,511,moderate,semantic,,41
Qwen-3-235B,511,moderate,semantic,,42
Qwen-3-235B,511,moderate,semantic,,43
Qwen-3-235B,511,moderate,semantic,,44
Qwen-3-235B,511,moderate,semantic,,45
Qwen-3-235B,511,moderate,semantic,,46
Qwen-3-235B,511,moderate,semantic,,47
Qwen-3-235B,511,moderate,semantic,,48
Qwen-3-235B,511,moderate,semantic,,49
Qwen-3-235B,511,moderate,semantic,,50
Qwen-3-235B,1289,moderate,correct,11.130427738172392,1
Qwen-3-235B,1289,moderate,correct,1.5618387189019158,2
Qwen-3-235B,1289,moderate,correct,0.742009459653146,3
Qwen-3-235B,1289,moderate,correct,1.1969486823855755,4
Qwen-3-235B,1289,moderate,correct,1.1101567711807871,5
Qwen-3-235B,1289,moderate,correct,1.1487211039817176,6
Qwen-3-235B,1289,moderate,correct,1.820786382162551,7
Qwen-3-235B,1289,moderate,correct,1.156135414001876,8
Qwen-3-235B,1289,moderate,correct,1.2427726120033813,9
Qwen-3-235B,1289,moderate,correct,0.9613599507912542,10
Qwen-3-235B,1289,moderate,correct,1.6681072428971588,11
Qwen-3-235B,1289,moderate,correct,1.148735533647664,12
Qwen-3-235B,1289,moderate,correct,1.9928323975630151,13
Qwen-3-235B,1289,moderate,correct,0.9137871712951585,14
Qwen-3-235B,1289,moderate,correct,1.2906078296703296,15
Qwen-3-235B,1289,moderate,correct,1.1891540130151843,16
Qwen-3-235B,1289,moderate,correct,1.1305541687468796,17
Qwen-3-235B,1289,moderate,correct,0.9621236646163807,18
Qwen-3-235B,1289,moderate,correct,2.044826830337571,19
Qwen-3-235B,1289,moderate,correct,1.4700874635568513,20
Qwen-3-235B,1289,moderate,correct,1.0956296992481203,21
Qwen-3-235B,1289,moderate,correct,1.1597714285714287,22
Qwen-3-235B,1289,moderate,correct,1.6125112511251125,23
Qwen-3-235B,1289,moderate,correct,1.0921052631578947,24
Qwen-3-235B,1289,moderate,correct,1.1430731430731431,25
Qwen-3-235B,1289,moderate,correct,1.1001117752830831,26
Qwen-3-235B,1289,moderate,correct,1.1913032454361054,27
Qwen-3-235B,1289,moderate,correct,1.231753835720946,28
Qwen-3-235B,1289,moderate,correct,1.0857441337190614,29
Qwen-3-235B,1289,moderate,correct,1.1185147507629705,30
Qwen-3-235B,1289,moderate,correct,1.2335467805051583,31
Qwen-3-235B,1289,moderate,correct,1.1933276304533789,32
Qwen-3-235B,1289,moderate,correct,1.0557563708657147,33
Qwen-3-235B,1289,moderate,correct,1.5019145802650957,34
Qwen-3-235B,1289,moderate,correct,1.3407785577536695,35
Qwen-3-235B,1289,moderate,correct,0.754222731176639,36
Qwen-3-235B,1289,moderate,correct,1.1820475260416667,37
Qwen-3-235B,1289,moderate,correct,1.3008677438659486,38
Qwen-3-235B,1289,moderate,correct,1.1635085312526794,39
Qwen-3-235B,1289,moderate,correct,1.3485337449137085,40
Qwen-3-235B,1289,moderate,correct,1.8690675241157557,41
Qwen-3-235B,1289,moderate,correct,1.1139339076264174,42
Qwen-3-235B,1289,moderate,correct,1.201498127340824,43
Qwen-3-235B,1289,moderate,correct,1.156635309160654,44
Qwen-3-235B,1289,moderate,correct,1.1781069675307898,45
Qwen-3-235B,1289,moderate,correct,1.1617684424493944,46
Qwen-3-235B,1289,moderate,correct,1.2852103587714014,47
Qwen-3-235B,1289,moderate,correct,0.8734942984099792,48
Qwen-3-235B,1289,moderate,correct,1.1584306152900905,49
Qwen-3-235B,1289,moderate,correct,1.0266710842375548,50
Qwen-3-235B,450,moderate,correct,1.0693192796756712,1
Qwen-3-235B,450,moderate,correct,0.9064511522660866,2
Qwen-3-235B,450,moderate,correct,0.955552627533654,3
Qwen-3-235B,450,moderate,correct,0.9730731237047525,4
Qwen-3-235B,450,moderate,correct,1.009361778421505,5
Qwen-3-235B,450,moderate,correct,1.2482334377180315,6
Qwen-3-235B,450,moderate,correct,0.9058532923678514,7
Qwen-3-235B,450,moderate,correct,1.0087198346352761,8
Qwen-3-235B,450,moderate,correct,0.8291995481461122,9
Qwen-3-235B,450,moderate,correct,1.111971222925647,10
Qwen-3-235B,450,moderate,correct,1.3005785986374936,11
Qwen-3-235B,450,moderate,correct,0.819012602420663,12
Qwen-3-235B,450,moderate,correct,1.0439084481896737,13
Qwen-3-235B,450,moderate,correct,1.1305569486087843,14
Qwen-3-235B,450,moderate,correct,0.8394051081865527,15
Qwen-3-235B,450,moderate,correct,0.9451730557612585,16
Qwen-3-235B,450,moderate,correct,1.0197645170543574,17
Qwen-3-235B,450,moderate,correct,0.9891919333011915,18
Qwen-3-235B,450,moderate,correct,0.9578734737550875,19
Qwen-3-235B,450,moderate,correct,0.943397320756974,20
Qwen-3-235B,450,moderate,correct,0.8463214632883528,21
Qwen-3-235B,450,moderate,correct,0.9690482549772013,22
Qwen-3-235B,450,moderate,correct,1.0677584379972882,23
Qwen-3-235B,450,moderate,correct,1.0617153273940785,24
Qwen-3-235B,450,moderate,correct,0.7688178507019343,25
Qwen-3-235B,450,moderate,correct,1.074592836254641,26
Qwen-3-235B,450,moderate,correct,1.0507059318010492,27
Qwen-3-235B,450,moderate,correct,1.1075734995258095,28
Qwen-3-235B,450,moderate,correct,1.0091665659317668,29
Qwen-3-235B,450,moderate,correct,0.8279186511780149,30
Qwen-3-235B,450,moderate,correct,0.9507702004016579,31
Qwen-3-235B,450,moderate,correct,0.9197804668291517,32
Qwen-3-235B,450,moderate,correct,0.8822311986253017,33
Qwen-3-235B,450,moderate,correct,0.9638174807197943,34
Qwen-3-235B,450,moderate,correct,0.8910752878057805,35
Qwen-3-235B,450,moderate,correct,0.9103644234717669,36
Qwen-3-235B,450,moderate,correct,0.9169611061651458,37
Qwen-3-235B,450,moderate,correct,1.0588382099827882,38
Qwen-3-235B,450,moderate,correct,1.0778421831481948,39
Qwen-3-235B,450,moderate,correct,1.082916076369532,40
Qwen-3-235B,450,moderate,correct,0.9474978408981863,41
Qwen-3-235B,450,moderate,correct,0.7838364214691165,42
Qwen-3-235B,450,moderate,correct,0.9283155119492187,43
Qwen-3-235B,450,moderate,correct,0.9936289216704758,44
Qwen-3-235B,450,moderate,correct,0.9508442106974591,45
Qwen-3-235B,450,moderate,correct,1.0182220175366006,46
Qwen-3-235B,450,moderate,correct,0.7361187774091215,47
Qwen-3-235B,450,moderate,correct,1.0467369959185793,48
Qwen-3-235B,450,moderate,correct,0.9139666612720505,49
Qwen-3-235B,450,moderate,correct,1.0856649243272307,50
Qwen-3-235B,188,moderate,semantic,,1
Qwen-3-235B,188,moderate,semantic,,2
Qwen-3-235B,188,moderate,semantic,,3
Qwen-3-235B,188,moderate,semantic,,4
Qwen-3-235B,188,moderate,semantic,,5
Qwen-3-235B,188,moderate,semantic,,6
Qwen-3-235B,188,moderate,semantic,,7
Qwen-3-235B,188,moderate,semantic,,8
Qwen-3-235B,188,moderate,semantic,,9
Qwen-3-235B,188,moderate,semantic,,10
Qwen-3-235B,188,moderate,semantic,,11
Qwen-3-235B,188,moderate,semantic,,12
Qwen-3-235B,188,moderate,semantic,,13
Qwen-3-235B,188,moderate,semantic,,14
Qwen-3-235B,188,moderate,semantic,,15
Qwen-3-235B,188,moderate,semantic,,16
Qwen-3-235B,188,moderate,semantic,,17
Qwen-3-235B,188,moderate,semantic,,18
Qwen-3-235B,188,moderate,semantic,,19
Qwen-3-235B,188,moderate,semantic,,20
Qwen-3-235B,188,moderate,semantic,,21
Qwen-3-235B,188,moderate,semantic,,22
Qwen-3-235B,188,moderate,semantic,,23
Qwen-3-235B,188,moderate,semantic,,24
Qwen-3-235B,188,moderate,semantic,,25
Qwen-3-235B,188,moderate,semantic,,26
Qwen-3-235B,188,moderate,semantic,,27
Qwen-3-235B,188,moderate,semantic,,28
Qwen-3-235B,188,moderate,semantic,,29
Qwen-3-235B,188,moderate,semantic,,30
Qwen-3-235B,188,moderate,semantic,,31
Qwen-3-235B,188,moderate,semantic,,32
Qwen-3-235B,188,moderate,semantic,,33
Qwen-3-235B,188,moderate,semantic,,34
Qwen-3-235B,188,moderate,semantic,,35
Qwen-3-235B,188,moderate,semantic,,36
Qwen-3-235B,188,moderate,semantic,,37
Qwen-3-235B,188,moderate,semantic,,38
Qwen-3-235B,188,moderate,semantic,,39
Qwen-3-235B,188,moderate,semantic,,40
Qwen-3-235B,188,moderate,semantic,,41
Qwen-3-235B,188,moderate,semantic,,42
Qwen-3-235B,188,moderate,semantic,,43
Qwen-3-235B,188,moderate,semantic,,44
Qwen-3-235B,188,moderate,semantic,,45
Qwen-3-235B,188,moderate,semantic,,46
Qwen-3-235B,188,moderate,semantic,,47
Qwen-3-235B,188,moderate,semantic,,48
Qwen-3-235B,188,moderate,semantic,,49
Qwen-3-235B,188,moderate,semantic,,50
Qwen-3-235B,1252,moderate,correct,9.654475308641976,1
Qwen-3-235B,1252,moderate,correct,1.319804400977995,2
Qwen-3-235B,1252,moderate,correct,1.4302034428794992,3
Qwen-3-235B,1252,moderate,correct,1.768467921473386,4
Qwen-3-235B,1252,moderate,correct,1.4374590700720367,5
Qwen-3-235B,1252,moderate,correct,1.2802499238037184,6
Qwen-3-235B,1252,moderate,correct,1.3367993501218522,7
Qwen-3-235B,1252,moderate,correct,0.8392243991112907,8
Qwen-3-235B,1252,moderate,correct,1.295435855263158,9
Qwen-3-235B,1252,moderate,correct,1.160534469403563,10
Qwen-3-235B,1252,moderate,correct,1.5643257422201025,11
Qwen-3-235B,1252,moderate,correct,1.3647002244309074,12
Qwen-3-235B,1252,moderate,correct,1.3199378330373002,13
Qwen-3-235B,1252,moderate,correct,1.9089280793607055,14
Qwen-3-235B,1252,moderate,correct,1.0010568031704095,15
Qwen-3-235B,1252,moderate,correct,1.2980013106159896,16
Qwen-3-235B,1252,moderate,correct,1.39120029455081,17
Qwen-3-235B,1252,moderate,correct,1.506202674399871,18
Qwen-3-235B,1252,moderate,correct,1.371291246880488,19
Qwen-3-235B,1252,moderate,correct,1.5557296329453894,20
Qwen-3-235B,1252,moderate,correct,1.110655737704918,21
Qwen-3-235B,1252,moderate,correct,1.358962553713935,22
Qwen-3-235B,1252,moderate,correct,1.4823225455534403,23
Qwen-3-235B,1252,moderate,correct,1.0667071873575444,24
Qwen-3-235B,1252,moderate,correct,1.4441789006486856,25
Qwen-3-235B,1252,moderate,correct,1.113358302122347,26
Qwen-3-235B,1252,moderate,correct,1.3264697529111047,27
Qwen-3-235B,1252,moderate,correct,1.6624541377904607,28
Qwen-3-235B,1252,moderate,correct,1.2070802543392336,29
Qwen-3-235B,1252,moderate,correct,1.3286312199658967,30
Qwen-3-235B,1252,moderate,correct,1.2131340935902477,31
Qwen-3-235B,1252,moderate,correct,1.320588529676709,32
Qwen-3-235B,1252,moderate,correct,1.528021978021978,33
Qwen-3-235B,1252,moderate,correct,1.3786700523726392,34
Qwen-3-235B,1252,moderate,correct,1.1560022650056625,35
Qwen-3-235B,1252,moderate,correct,1.2999057977220176,36
Qwen-3-235B,1252,moderate,correct,1.2956779528787643,37
Qwen-3-235B,1252,moderate,correct,1.3264476252439819,38
Qwen-3-235B,1252,moderate,correct,1.0748426830901057,39
Qwen-3-235B,1252,moderate,correct,1.2548569680281474,40
Qwen-3-235B,1252,moderate,correct,1.328580793182563,41
Qwen-3-235B,1252,moderate,correct,1.765189189189189,42
Qwen-3-235B,1252,moderate,correct,1.6123670212765957,43
Qwen-3-235B,1252,moderate,correct,1.40705734089477,44
Qwen-3-235B,1252,moderate,correct,1.3025488248924197,45
Qwen-3-235B,1252,moderate,correct,1.50426333531628,46
Qwen-3-235B,1252,moderate,correct,1.5089126559714796,47
Qwen-3-235B,1252,moderate,correct,1.2993710691823899,48
Qwen-3-235B,1252,moderate,correct,1.1158514159617507,49
Qwen-3-235B,1252,moderate,correct,1.4363752189839147,50
Qwen-3-235B,1264,moderate,semantic,,1
Qwen-3-235B,1264,moderate,semantic,,2
Qwen-3-235B,1264,moderate,semantic,,3
Qwen-3-235B,1264,moderate,semantic,,4
Qwen-3-235B,1264,moderate,semantic,,5
Qwen-3-235B,1264,moderate,semantic,,6
Qwen-3-235B,1264,moderate,semantic,,7
Qwen-3-235B,1264,moderate,semantic,,8
Qwen-3-235B,1264,moderate,semantic,,9
Qwen-3-235B,1264,moderate,semantic,,10
Qwen-3-235B,1264,moderate,semantic,,11
Qwen-3-235B,1264,moderate,semantic,,12
Qwen-3-235B,1264,moderate,semantic,,13
Qwen-3-235B,1264,moderate,semantic,,14
Qwen-3-235B,1264,moderate,semantic,,15
Qwen-3-235B,1264,moderate,semantic,,16
Qwen-3-235B,1264,moderate,semantic,,17
Qwen-3-235B,1264,moderate,semantic,,18
Qwen-3-235B,1264,moderate,semantic,,19
Qwen-3-235B,1264,moderate,semantic,,20
Qwen-3-235B,1264,moderate,semantic,,21
Qwen-3-235B,1264,moderate,semantic,,22
Qwen-3-235B,1264,moderate,semantic,,23
Qwen-3-235B,1264,moderate,semantic,,24
Qwen-3-235B,1264,moderate,semantic,,25
Qwen-3-235B,1264,moderate,semantic,,26
Qwen-3-235B,1264,moderate,semantic,,27
Qwen-3-235B,1264,moderate,semantic,,28
Qwen-3-235B,1264,moderate,semantic,,29
Qwen-3-235B,1264,moderate,semantic,,30
Qwen-3-235B,1264,moderate,semantic,,31
Qwen-3-235B,1264,moderate,semantic,,32
Qwen-3-235B,1264,moderate,semantic,,33
Qwen-3-235B,1264,moderate,semantic,,34
Qwen-3-235B,1264,moderate,semantic,,35
Qwen-3-235B,1264,moderate,semantic,,36
Qwen-3-235B,1264,moderate,semantic,,37
Qwen-3-235B,1264,moderate,semantic,,38
Qwen-3-235B,1264,moderate,semantic,,39
Qwen-3-235B,1264,moderate,semantic,,40
Qwen-3-235B,1264,moderate,semantic,,41
Qwen-3-235B,1264,moderate,semantic,,42
Qwen-3-235B,1264,moderate,semantic,,43
Qwen-3-235B,1264,moderate,semantic,,44
Qwen-3-235B,1264,moderate,semantic,,45
Qwen-3-235B,1264,moderate,semantic,,46
Qwen-3-235B,1264,moderate,semantic,,47
Qwen-3-235B,1264,moderate,semantic,,48
Qwen-3-235B,1264,moderate,semantic,,49
Qwen-3-235B,1264,moderate,semantic,,50
Qwen-3-235B,446,moderate,semantic,,1
Qwen-3-235B,446,moderate,semantic,,2
Qwen-3-235B,446,moderate,semantic,,3
Qwen-3-235B,446,moderate,semantic,,4
Qwen-3-235B,446,moderate,semantic,,5
Qwen-3-235B,446,moderate,semantic,,6
Qwen-3-235B,446,moderate,semantic,,7
Qwen-3-235B,446,moderate,semantic,,8
Qwen-3-235B,446,moderate,semantic,,9
Qwen-3-235B,446,moderate,semantic,,10
Qwen-3-235B,446,moderate,semantic,,11
Qwen-3-235B,446,moderate,semantic,,12
Qwen-3-235B,446,moderate,semantic,,13
Qwen-3-235B,446,moderate,semantic,,14
Qwen-3-235B,446,moderate,semantic,,15
Qwen-3-235B,446,moderate,semantic,,16
Qwen-3-235B,446,moderate,semantic,,17
Qwen-3-235B,446,moderate,semantic,,18
Qwen-3-235B,446,moderate,semantic,,19
Qwen-3-235B,446,moderate,semantic,,20
Qwen-3-235B,446,moderate,semantic,,21
Qwen-3-235B,446,moderate,semantic,,22
Qwen-3-235B,446,moderate,semantic,,23
Qwen-3-235B,446,moderate,semantic,,24
Qwen-3-235B,446,moderate,semantic,,25
Qwen-3-235B,446,moderate,semantic,,26
Qwen-3-235B,446,moderate,semantic,,27
Qwen-3-235B,446,moderate,semantic,,28
Qwen-3-235B,446,moderate,semantic,,29
Qwen-3-235B,446,moderate,semantic,,30
Qwen-3-235B,446,moderate,semantic,,31
Qwen-3-235B,446,moderate,semantic,,32
Qwen-3-235B,446,moderate,semantic,,33
Qwen-3-235B,446,moderate,semantic,,34
Qwen-3-235B,446,moderate,semantic,,35
Qwen-3-235B,446,moderate,semantic,,36
Qwen-3-235B,446,moderate,semantic,,37
Qwen-3-235B,446,moderate,semantic,,38
Qwen-3-235B,446,moderate,semantic,,39
Qwen-3-235B,446,moderate,semantic,,40
Qwen-3-235B,446,moderate,semantic,,41
Qwen-3-235B,446,moderate,semantic,,42
Qwen-3-235B,446,moderate,semantic,,43
Qwen-3-235B,446,moderate,semantic,,44
Qwen-3-235B,446,moderate,semantic,,45
Qwen-3-235B,446,moderate,semantic,,46
Qwen-3-235B,446,moderate,semantic,,47
Qwen-3-235B,446,moderate,semantic,,48
Qwen-3-235B,446,moderate,semantic,,49
Qwen-3-235B,446,moderate,semantic,,50
Qwen-3-235B,391,moderate,correct,5.722149779638295,1
Qwen-3-235B,391,moderate,correct,0.9499000379932481,2
Qwen-3-235B,391,moderate,correct,1.0706065693359115,3
Qwen-3-235B,391,moderate,correct,1.2279108287372429,4
Qwen-3-235B,391,moderate,semantic,,5
Qwen-3-235B,391,moderate,correct,1.0448562369436913,6
Qwen-3-235B,391,moderate,semantic,,7
Qwen-3-235B,391,moderate,correct,1.0041752508675592,8
Qwen-3-235B,391,moderate,correct,1.0819431155953727,9
Qwen-3-235B,391,moderate,semantic,,10
Qwen-3-235B,391,moderate,correct,1.050052399772592,11
Qwen-3-235B,391,moderate,correct,1.0511098815131523,12
Qwen-3-235B,391,moderate,correct,1.0768481506972514,13
Qwen-3-235B,391,moderate,semantic,,14
Qwen-3-235B,391,moderate,correct,1.0013406005502388,15
Qwen-3-235B,391,moderate,correct,1.080774105681523,16
Qwen-3-235B,391,moderate,correct,0.9914713288501986,17
Qwen-3-235B,391,moderate,correct,0.9097349993986423,18
Qwen-3-235B,391,moderate,correct,0.9509877029199564,19
Qwen-3-235B,391,moderate,correct,0.9457385415564437,20
Qwen-3-235B,391,moderate,correct,1.1563500578605914,21
Qwen-3-235B,391,moderate,semantic,,22
Qwen-3-235B,391,moderate,correct,1.0525437321419275,23
Qwen-3-235B,391,moderate,correct,1.0037968761124654,24
Qwen-3-235B,391,moderate,correct,1.1018582106361796,25
Qwen-3-235B,391,moderate,semantic,,26
Qwen-3-235B,391,moderate,correct,1.098993028117066,27
Qwen-3-235B,391,moderate,correct,0.9928159241051742,28
Qwen-3-235B,391,moderate,semantic,,29
Qwen-3-235B,391,moderate,semantic,,30
Qwen-3-235B,391,moderate,semantic,,31
Qwen-3-235B,391,moderate,correct,0.9518551351443741,32
Qwen-3-235B,391,moderate,correct,0.9956493477922359,33
Qwen-3-235B,391,moderate,correct,1.0555845732772628,34
Qwen-3-235B,391,moderate,correct,1.085438204930515,35
Qwen-3-235B,391,moderate,correct,0.9628857907156353,36
Qwen-3-235B,391,moderate,correct,1.0622733004343292,37
Qwen-3-235B,391,moderate,correct,0.9955958022186648,38
Qwen-3-235B,391,moderate,correct,1.0007966726786273,39
Qwen-3-235B,391,moderate,semantic,,40
Qwen-3-235B,391,moderate,correct,0.8986406880338738,41
Qwen-3-235B,391,moderate,correct,0.924335603087782,42
Qwen-3-235B,391,moderate,correct,0.9920920939794459,43
Qwen-3-235B,391,moderate,correct,1.0855629590279607,44
Qwen-3-235B,391,moderate,correct,1.1042839884064999,45
Qwen-3-235B,391,moderate,correct,1.2043497246048984,46
Qwen-3-235B,391,moderate,correct,1.0914857267484128,47
Qwen-3-235B,391,moderate,correct,1.0182338858162576,48
Qwen-3-235B,391,moderate,correct,0.9408414216574159,49
Qwen-3-235B,391,moderate,correct,1.074262831779823,50
Qwen-3-235B,135,moderate,semantic,,1
Qwen-3-235B,135,moderate,semantic,,2
Qwen-3-235B,135,moderate,semantic,,3
Qwen-3-235B,135,moderate,semantic,,4
Qwen-3-235B,135,moderate,semantic,,5
Qwen-3-235B,135,moderate,semantic,,6
Qwen-3-235B,135,moderate,semantic,,7
Qwen-3-235B,135,moderate,semantic,,8
Qwen-3-235B,135,moderate,semantic,,9
Qwen-3-235B,135,moderate,semantic,,10
Qwen-3-235B,135,moderate,semantic,,11
Qwen-3-235B,135,moderate,semantic,,12
Qwen-3-235B,135,moderate,semantic,,13
Qwen-3-235B,135,moderate,semantic,,14
Qwen-3-235B,135,moderate,semantic,,15
Qwen-3-235B,135,moderate,semantic,,16
Qwen-3-235B,135,moderate,semantic,,17
Qwen-3-235B,135,moderate,semantic,,18
Qwen-3-235B,135,moderate,semantic,,19
Qwen-3-235B,135,moderate,semantic,,20
Qwen-3-235B,135,moderate,semantic,,21
Qwen-3-235B,135,moderate,semantic,,22
Qwen-3-235B,135,moderate,semantic,,23
Qwen-3-235B,135,moderate,semantic,,24
Qwen-3-235B,135,moderate,semantic,,25
Qwen-3-235B,135,moderate,semantic,,26
Qwen-3-235B,135,moderate,semantic,,27
Qwen-3-235B,135,moderate,semantic,,28
Qwen-3-235B,135,moderate,semantic,,29
Qwen-3-235B,135,moderate,semantic,,30
Qwen-3-235B,135,moderate,semantic,,31
Qwen-3-235B,135,moderate,semantic,,32
Qwen-3-235B,135,moderate,semantic,,33
Qwen-3-235B,135,moderate,semantic,,34
Qwen-3-235B,135,moderate,semantic,,35
Qwen-3-235B,135,moderate,semantic,,36
Qwen-3-235B,135,moderate,semantic,,37
Qwen-3-235B,135,moderate,semantic,,38
Qwen-3-235B,135,moderate,semantic,,39
Qwen-3-235B,135,moderate,semantic,,40
Qwen-3-235B,135,moderate,semantic,,41
Qwen-3-235B,135,moderate,semantic,,42
Qwen-3-235B,135,moderate,semantic,,43
Qwen-3-235B,135,moderate,semantic,,44
Qwen-3-235B,135,moderate,semantic,,45
Qwen-3-235B,135,moderate,semantic,,46
Qwen-3-235B,135,moderate,semantic,,47
Qwen-3-235B,135,moderate,semantic,,48
Qwen-3-235B,135,moderate,semantic,,49
Qwen-3-235B,135,moderate,semantic,,50
Qwen-3-235B,175,moderate,correct,0.8574689554419284,1
Qwen-3-235B,175,moderate,correct,1.2101229727321332,2
Qwen-3-235B,175,moderate,correct,1.254311432657525,3
Qwen-3-235B,175,moderate,correct,1.2734574984552918,4
Qwen-3-235B,175,moderate,correct,1.9500497017892644,5
Qwen-3-235B,175,moderate,correct,1.2572142303385305,6
Qwen-3-235B,175,moderate,correct,1.1523982043002283,7
Qwen-3-235B,175,moderate,correct,1.3698580598499233,8
Qwen-3-235B,175,moderate,correct,1.2162849872773538,9
Qwen-3-235B,175,moderate,correct,1.1790307469551145,10
Qwen-3-235B,175,moderate,correct,1.4644674085850558,11
Qwen-3-235B,175,moderate,correct,1.2537183697121885,12
Qwen-3-235B,175,moderate,correct,1.5280774785489764,13
Qwen-3-235B,175,moderate,correct,1.176811069910464,14
Qwen-3-235B,175,moderate,correct,1.612204590342573,15
Qwen-3-235B,175,moderate,correct,1.2536922947084141,16
Qwen-3-235B,175,moderate,correct,1.1865820804727558,17
Qwen-3-235B,175,moderate,correct,1.237722542358304,18
Qwen-3-235B,175,moderate,correct,1.1998585072515033,19
Qwen-3-235B,175,moderate,correct,1.1889511201629328,20
Qwen-3-235B,175,moderate,correct,1.3444192930524117,21
Qwen-3-235B,175,moderate,correct,1.2241184235338487,22
Qwen-3-235B,175,moderate,correct,1.2160411823314514,23
Qwen-3-235B,175,moderate,correct,1.1800518134715026,24
Qwen-3-235B,175,moderate,correct,2.241624504307398,25
Qwen-3-235B,175,moderate,correct,1.4399321266968326,26
Qwen-3-235B,175,moderate,correct,1.1674049310488925,27
Qwen-3-235B,175,moderate,correct,1.2968138195777352,28
Qwen-3-235B,175,moderate,correct,0.7022491349480969,29
Qwen-3-235B,175,moderate,correct,1.1308809293320425,30
Qwen-3-235B,175,moderate,correct,1.7966038671294,31
Qwen-3-235B,175,moderate,correct,0.8296703296703297,32
Qwen-3-235B,175,moderate,correct,1.2443584784010315,33
Qwen-3-235B,175,moderate,correct,1.9794805194805194,34
Qwen-3-235B,175,moderate,correct,0.5614769699276742,35
Qwen-3-235B,175,moderate,correct,1.3092525461764197,36
Qwen-3-235B,175,moderate,correct,1.2197422487859544,37
Qwen-3-235B,175,moderate,correct,1.4147732585320243,38
Qwen-3-235B,175,moderate,correct,1.2728136061469395,39
Qwen-3-235B,175,moderate,correct,1.1685551163812034,40
Qwen-3-235B,175,moderate,correct,1.3474497681607418,41
Qwen-3-235B,175,moderate,correct,1.1594127356441664,42
Qwen-3-235B,175,moderate,correct,1.208265454857241,43
Qwen-3-235B,175,moderate,correct,1.181099532878189,44
Qwen-3-235B,175,moderate,correct,0.794993287530601,45
Qwen-3-235B,175,moderate,correct,1.2459363359295632,46
Qwen-3-235B,175,moderate,correct,1.186862077990055,47
Qwen-3-235B,175,moderate,correct,0.7065248772976614,48
Qwen-3-235B,175,moderate,correct,2.5473214285714287,49
Qwen-3-235B,175,moderate,correct,1.2086979938063822,50
Qwen-3-235B,1170,moderate,semantic,,1
Qwen-3-235B,1170,moderate,semantic,,2
Qwen-3-235B,1170,moderate,semantic,,3
Qwen-3-235B,1170,moderate,semantic,,4
Qwen-3-235B,1170,moderate,semantic,,5
Qwen-3-235B,1170,moderate,semantic,,6
Qwen-3-235B,1170,moderate,semantic,,7
Qwen-3-235B,1170,moderate,semantic,,8
Qwen-3-235B,1170,moderate,semantic,,9
Qwen-3-235B,1170,moderate,semantic,,10
Qwen-3-235B,1170,moderate,semantic,,11
Qwen-3-235B,1170,moderate,semantic,,12
Qwen-3-235B,1170,moderate,semantic,,13
Qwen-3-235B,1170,moderate,semantic,,14
Qwen-3-235B,1170,moderate,semantic,,15
Qwen-3-235B,1170,moderate,semantic,,16
Qwen-3-235B,1170,moderate,semantic,,17
Qwen-3-235B,1170,moderate,semantic,,18
Qwen-3-235B,1170,moderate,semantic,,19
Qwen-3-235B,1170,moderate,semantic,,20
Qwen-3-235B,1170,moderate,semantic,,21
Qwen-3-235B,1170,moderate,semantic,,22
Qwen-3-235B,1170,moderate,semantic,,23
Qwen-3-235B,1170,moderate,semantic,,24
Qwen-3-235B,1170,moderate,semantic,,25
Qwen-3-235B,1170,moderate,semantic,,26
Qwen-3-235B,1170,moderate,semantic,,27
Qwen-3-235B,1170,moderate,semantic,,28
Qwen-3-235B,1170,moderate,semantic,,29
Qwen-3-235B,1170,moderate,semantic,,30
Qwen-3-235B,1170,moderate,semantic,,31
Qwen-3-235B,1170,moderate,semantic,,32
Qwen-3-235B,1170,moderate,semantic,,33
Qwen-3-235B,1170,moderate,semantic,,34
Qwen-3-235B,1170,moderate,semantic,,35
Qwen-3-235B,1170,moderate,semantic,,36
Qwen-3-235B,1170,moderate,semantic,,37
Qwen-3-235B,1170,moderate,semantic,,38
Qwen-3-235B,1170,moderate,semantic,,39
Qwen-3-235B,1170,moderate,semantic,,40
Qwen-3-235B,1170,moderate,semantic,,41
Qwen-3-235B,1170,moderate,semantic,,42
Qwen-3-235B,1170,moderate,semantic,,43
Qwen-3-235B,1170,moderate,semantic,,44
Qwen-3-235B,1170,moderate,semantic,,45
Qwen-3-235B,1170,moderate,semantic,,46
Qwen-3-235B,1170,moderate,semantic,,47
Qwen-3-235B,1170,moderate,semantic,,48
Qwen-3-235B,1170,moderate,semantic,,49
Qwen-3-235B,1170,moderate,semantic,,50
Qwen-3-235B,637,moderate,semantic,,1
Qwen-3-235B,637,moderate,semantic,,2
Qwen-3-235B,637,moderate,semantic,,3
Qwen-3-235B,637,moderate,semantic,,4
Qwen-3-235B,637,moderate,semantic,,5
Qwen-3-235B,637,moderate,semantic,,6
Qwen-3-235B,637,moderate,semantic,,7
Qwen-3-235B,637,moderate,semantic,,8
Qwen-3-235B,637,moderate,semantic,,9
Qwen-3-235B,637,moderate,semantic,,10
Qwen-3-235B,637,moderate,semantic,,11
Qwen-3-235B,637,moderate,semantic,,12
Qwen-3-235B,637,moderate,semantic,,13
Qwen-3-235B,637,moderate,semantic,,14
Qwen-3-235B,637,moderate,semantic,,15
Qwen-3-235B,637,moderate,semantic,,16
Qwen-3-235B,637,moderate,semantic,,17
Qwen-3-235B,637,moderate,semantic,,18
Qwen-3-235B,637,moderate,semantic,,19
Qwen-3-235B,637,moderate,semantic,,20
Qwen-3-235B,637,moderate,semantic,,21
Qwen-3-235B,637,moderate,semantic,,22
Qwen-3-235B,637,moderate,semantic,,23
Qwen-3-235B,637,moderate,semantic,,24
Qwen-3-235B,637,moderate,semantic,,25
Qwen-3-235B,637,moderate,semantic,,26
Qwen-3-235B,637,moderate,semantic,,27
Qwen-3-235B,637,moderate,semantic,,28
Qwen-3-235B,637,moderate,semantic,,29
Qwen-3-235B,637,moderate,semantic,,30
Qwen-3-235B,637,moderate,semantic,,31
Qwen-3-235B,637,moderate,semantic,,32
Qwen-3-235B,637,moderate,semantic,,33
Qwen-3-235B,637,moderate,semantic,,34
Qwen-3-235B,637,moderate,semantic,,35
Qwen-3-235B,637,moderate,semantic,,36
Qwen-3-235B,637,moderate,semantic,,37
Qwen-3-235B,637,moderate,semantic,,38
Qwen-3-235B,637,moderate,semantic,,39
Qwen-3-235B,637,moderate,semantic,,40
Qwen-3-235B,637,moderate,semantic,,41
Qwen-3-235B,637,moderate,semantic,,42
Qwen-3-235B,637,moderate,semantic,,43
Qwen-3-235B,637,moderate,semantic,,44
Qwen-3-235B,637,moderate,semantic,,45
Qwen-3-235B,637,moderate,semantic,,46
Qwen-3-235B,637,moderate,semantic,,47
Qwen-3-235B,637,moderate,semantic,,48
Qwen-3-235B,637,moderate,semantic,,49
Qwen-3-235B,637,moderate,semantic,,50
Qwen-3-235B,1095,moderate,correct,4.870878994910358,1
Qwen-3-235B,1095,moderate,correct,1.6678324896456511,2
Qwen-3-235B,1095,moderate,correct,1.2120102761721259,3
Qwen-3-235B,1095,moderate,correct,1.4577972207925889,4
Qwen-3-235B,1095,moderate,correct,1.3938445089353904,5
Qwen-3-235B,1095,moderate,correct,1.2837489251934653,6
Qwen-3-235B,1095,moderate,correct,1.1482302285822832,7
Qwen-3-235B,1095,moderate,correct,1.3110266159695818,8
Qwen-3-235B,1095,moderate,correct,1.1913088530535587,9
Qwen-3-235B,1095,moderate,correct,1.8382005239951436,10
Qwen-3-235B,1095,moderate,correct,1.1678265191997017,11
Qwen-3-235B,1095,moderate,correct,1.1785749003596773,12
Qwen-3-235B,1095,moderate,correct,1.1310724673556531,13
Qwen-3-235B,1095,moderate,correct,1.3378954852470673,14
Qwen-3-235B,1095,moderate,correct,0.8340629560141756,15
Qwen-3-235B,1095,moderate,correct,1.2873230373230373,16
Qwen-3-235B,1095,moderate,correct,1.2609976565115502,17
Qwen-3-235B,1095,moderate,correct,1.054688661019468,18
Qwen-3-235B,1095,moderate,correct,1.462862635442153,19
Qwen-3-235B,1095,moderate,correct,0.9801455465907293,20
Qwen-3-235B,1095,moderate,correct,1.129918524600518,21
Qwen-3-235B,1095,moderate,correct,1.1088399947923449,22
Qwen-3-235B,1095,moderate,correct,1.137260428410372,23
Qwen-3-235B,1095,moderate,correct,1.2074298711144806,24
Qwen-3-235B,1095,moderate,correct,1.3418614020950845,25
Qwen-3-235B,1095,moderate,correct,1.1291576398623677,26
Qwen-3-235B,1095,moderate,correct,1.1333799771021498,27
Qwen-3-235B,1095,moderate,correct,1.1479018102029621,28
Qwen-3-235B,1095,moderate,correct,1.5796325362385744,29
Qwen-3-235B,1095,moderate,correct,0.9774832031959324,30
Qwen-3-235B,1095,moderate,correct,1.1156790286393032,31
Qwen-3-235B,1095,moderate,correct,1.1997873936968484,32
Qwen-3-235B,1095,moderate,correct,1.3808674427337588,33
Qwen-3-235B,1095,moderate,correct,1.158320018260671,34
Qwen-3-235B,1095,moderate,correct,1.1954139481852157,35
Qwen-3-235B,1095,moderate,correct,1.2982928187047689,36
Qwen-3-235B,1095,moderate,correct,1.2050366472467582,37
Qwen-3-235B,1095,moderate,correct,1.4897945252235647,38
Qwen-3-235B,1095,moderate,correct,1.400901498077688,39
Qwen-3-235B,1095,moderate,correct,0.8749168606584636,40
Qwen-3-235B,1095,moderate,correct,0.9250444275196751,41
Qwen-3-235B,1095,moderate,correct,1.119963578420214,42
Qwen-3-235B,1095,moderate,correct,1.1510978786751023,43
Qwen-3-235B,1095,moderate,correct,0.9792246733775969,44
Qwen-3-235B,1095,moderate,correct,1.2438000262432751,45
Qwen-3-235B,1095,moderate,correct,1.3368531202435312,46
Qwen-3-235B,1095,moderate,correct,1.5956264879640243,47
Qwen-3-235B,1095,moderate,correct,1.2460411250295438,48
Qwen-3-235B,1095,moderate,correct,1.1969341251208396,49
Qwen-3-235B,1095,moderate,correct,1.1260136018833378,50
Qwen-3-235B,899,moderate,correct,7.759469696969697,1
Qwen-3-235B,899,moderate,correct,0.4675753380896603,2
Qwen-3-235B,899,moderate,correct,0.8933748523569204,3
Qwen-3-235B,899,moderate,correct,1.1221162377994676,4
Qwen-3-235B,899,moderate,correct,0.9356565435875027,5
Qwen-3-235B,899,moderate,correct,1.2317554240631163,6
Qwen-3-235B,899,moderate,correct,0.9432766099432766,7
Qwen-3-235B,899,moderate,correct,1.469742898843606,8
Qwen-3-235B,899,moderate,correct,1.1137784639135468,9
Qwen-3-235B,899,moderate,correct,1.2346907056263599,10
Qwen-3-235B,899,moderate,correct,1.1908076455640262,11
Qwen-3-235B,899,moderate,correct,0.5509381606765328,12
Qwen-3-235B,899,moderate,correct,1.022928267278087,13
Qwen-3-235B,899,moderate,correct,1.0186606826502893,14
Qwen-3-235B,899,moderate,correct,1.15502830951739,15
Qwen-3-235B,899,moderate,correct,0.9652894547201537,16
Qwen-3-235B,899,moderate,correct,1.0063480656366033,17
Qwen-3-235B,899,moderate,correct,0.9014101338432122,18
Qwen-3-235B,899,moderate,correct,1.0750035852574216,19
Qwen-3-235B,899,moderate,correct,0.9925828251194989,20
Qwen-3-235B,899,moderate,correct,0.9187073688918708,21
Qwen-3-235B,899,moderate,correct,1.192610331850838,22
Qwen-3-235B,899,moderate,correct,1.0346719332894447,23
Qwen-3-235B,899,moderate,correct,1.002835332606325,24
Qwen-3-235B,899,moderate,correct,1.4077095655720988,25
Qwen-3-235B,899,moderate,correct,1.1595320735313022,26
Qwen-3-235B,899,moderate,correct,1.0810750279955208,27
Qwen-3-235B,899,moderate,correct,1.1453562793343763,28
Qwen-3-235B,899,moderate,correct,1.1244683232594583,29
Qwen-3-235B,899,moderate,correct,0.9388870667978573,30
Qwen-3-235B,899,moderate,correct,0.9308504724847138,31
Qwen-3-235B,899,moderate,correct,0.5834346135148274,32
Qwen-3-235B,899,moderate,correct,0.8367772286071578,33
Qwen-3-235B,899,moderate,correct,1.045685853217234,34
Qwen-3-235B,899,moderate,correct,0.9717909468620162,35
Qwen-3-235B,899,moderate,correct,0.9413906907932172,36
Qwen-3-235B,899,moderate,correct,0.8069844789356985,37
Qwen-3-235B,899,moderate,correct,0.9843410998962362,38
Qwen-3-235B,899,moderate,correct,0.9233682334595679,39
Qwen-3-235B,899,moderate,correct,0.9075138467969485,40
Qwen-3-235B,899,moderate,correct,1.0355648535564854,41
Qwen-3-235B,899,moderate,correct,0.9471931493815414,42
Qwen-3-235B,899,moderate,correct,1.0323123229461757,43
Qwen-3-235B,899,moderate,correct,0.9738458039572436,44
Qwen-3-235B,899,moderate,correct,0.9589658800541109,45
Qwen-3-235B,899,moderate,correct,1.0441625557904628,46
Qwen-3-235B,899,moderate,correct,1.0142681248641994,47
Qwen-3-235B,899,moderate,correct,0.945615608880915,48
Qwen-3-235B,899,moderate,correct,1.0347386704563397,49
Qwen-3-235B,899,moderate,correct,1.148303000491884,50
Qwen-3-235B,1274,moderate,semantic,,1
Qwen-3-235B,1274,moderate,semantic,,2
Qwen-3-235B,1274,moderate,semantic,,3
Qwen-3-235B,1274,moderate,semantic,,4
Qwen-3-235B,1274,moderate,semantic,,5
Qwen-3-235B,1274,moderate,semantic,,6
Qwen-3-235B,1274,moderate,semantic,,7
Qwen-3-235B,1274,moderate,semantic,,8
Qwen-3-235B,1274,moderate,semantic,,9
Qwen-3-235B,1274,moderate,semantic,,10
Qwen-3-235B,1274,moderate,semantic,,11
Qwen-3-235B,1274,moderate,semantic,,12
Qwen-3-235B,1274,moderate,semantic,,13
Qwen-3-235B,1274,moderate,semantic,,14
Qwen-3-235B,1274,moderate,semantic,,15
Qwen-3-235B,1274,moderate,semantic,,16
Qwen-3-235B,1274,moderate,semantic,,17
Qwen-3-235B,1274,moderate,semantic,,18
Qwen-3-235B,1274,moderate,semantic,,19
Qwen-3-235B,1274,moderate,semantic,,20
Qwen-3-235B,1274,moderate,semantic,,21
Qwen-3-235B,1274,moderate,semantic,,22
Qwen-3-235B,1274,moderate,semantic,,23
Qwen-3-235B,1274,moderate,semantic,,24
Qwen-3-235B,1274,moderate,semantic,,25
Qwen-3-235B,1274,moderate,semantic,,26
Qwen-3-235B,1274,moderate,semantic,,27
Qwen-3-235B,1274,moderate,semantic,,28
Qwen-3-235B,1274,moderate,semantic,,29
Qwen-3-235B,1274,moderate,semantic,,30
Qwen-3-235B,1274,moderate,semantic,,31
Qwen-3-235B,1274,moderate,semantic,,32
Qwen-3-235B,1274,moderate,semantic,,33
Qwen-3-235B,1274,moderate,semantic,,34
Qwen-3-235B,1274,moderate,semantic,,35
Qwen-3-235B,1274,moderate,semantic,,36
Qwen-3-235B,1274,moderate,semantic,,37
Qwen-3-235B,1274,moderate,semantic,,38
Qwen-3-235B,1274,moderate,semantic,,39
Qwen-3-235B,1274,moderate,semantic,,40
Qwen-3-235B,1274,moderate,semantic,,41
Qwen-3-235B,1274,moderate,semantic,,42
Qwen-3-235B,1274,moderate,semantic,,43
Qwen-3-235B,1274,moderate,semantic,,44
Qwen-3-235B,1274,moderate,semantic,,45
Qwen-3-235B,1274,moderate,semantic,,46
Qwen-3-235B,1274,moderate,semantic,,47
Qwen-3-235B,1274,moderate,semantic,,48
Qwen-3-235B,1274,moderate,semantic,,49
Qwen-3-235B,1274,moderate,semantic,,50
Qwen-3-235B,327,moderate,correct,5.637882363829886,1
Qwen-3-235B,327,moderate,correct,1.0873242500883848,2
Qwen-3-235B,327,moderate,correct,1.052283818610517,3
Qwen-3-235B,327,moderate,correct,1.9798755243604858,4
Qwen-3-235B,327,moderate,correct,1.070432868672047,5
Qwen-3-235B,327,moderate,correct,1.1782438511421394,6
Qwen-3-235B,327,moderate,correct,1.0807672892478546,7
Qwen-3-235B,327,moderate,correct,1.0455031421940597,8
Qwen-3-235B,327,moderate,correct,0.8683963982720033,9
Qwen-3-235B,327,moderate,correct,0.8156474568688309,10
Qwen-3-235B,327,moderate,correct,1.1414395691244914,11
Qwen-3-235B,327,moderate,correct,1.03150826446281,12
Qwen-3-235B,327,moderate,correct,1.0882636446528593,13
Qwen-3-235B,327,moderate,correct,1.0261546312834906,14
Qwen-3-235B,327,moderate,correct,1.0542249918616007,15
Qwen-3-235B,327,moderate,correct,1.0817389040739294,16
Qwen-3-235B,327,moderate,correct,1.5518047503272863,17
Qwen-3-235B,327,moderate,correct,1.2437520180820147,18
Qwen-3-235B,327,moderate,correct,1.0780146114322415,19
Qwen-3-235B,327,moderate,correct,1.1724927174365376,20
Qwen-3-235B,327,moderate,correct,0.8345858856231019,21
Qwen-3-235B,327,moderate,correct,1.8224189323457682,22
Qwen-3-235B,327,moderate,correct,1.4367058652200824,23
Qwen-3-235B,327,moderate,correct,1.1426175836460912,24
Qwen-3-235B,327,moderate,correct,0.775345260514752,25
Qwen-3-235B,327,moderate,correct,1.2802920350090161,26
Qwen-3-235B,327,moderate,correct,1.4703903781469778,27
Qwen-3-235B,327,moderate,correct,1.140175626074432,28
Qwen-3-235B,327,moderate,correct,1.1707672941580363,29
Qwen-3-235B,327,moderate,correct,0.7813838178949741,30
Qwen-3-235B,327,moderate,correct,1.315464595613347,31
Qwen-3-235B,327,moderate,correct,0.829099815614938,32
Qwen-3-235B,327,moderate,correct,1.0552304316020482,33
Qwen-3-235B,327,moderate,correct,0.8104301584794398,34
Qwen-3-235B,327,moderate,correct,1.0982980580405848,35
Qwen-3-235B,327,moderate,correct,1.4715554094048011,36
Qwen-3-235B,327,moderate,correct,1.2576965929748432,37
Qwen-3-235B,327,moderate,correct,0.8270409110602216,38
Qwen-3-235B,327,moderate,correct,1.4206318321717903,39
Qwen-3-235B,327,moderate,correct,1.065977486790719,40
Qwen-3-235B,327,moderate,correct,1.3208219430537211,41
Qwen-3-235B,327,moderate,correct,2.1006862455726094,42
Qwen-3-235B,327,moderate,correct,1.0464337624584719,43
Qwen-3-235B,327,moderate,correct,1.108944987596673,44
Qwen-3-235B,327,moderate,correct,1.0983781908588939,45
Qwen-3-235B,327,moderate,correct,1.4946457450063377,46
Qwen-3-235B,327,moderate,correct,0.6118794584364536,47
Qwen-3-235B,327,moderate,correct,0.9986011287443924,48
Qwen-3-235B,327,moderate,correct,0.7291995548769442,49
Qwen-3-235B,327,moderate,correct,1.010702372127502,50
Qwen-3-235B,1439,moderate,correct,1.8105726872246697,1
Qwen-3-235B,1439,moderate,correct,1.2491262407381518,2
Qwen-3-235B,1439,moderate,correct,1.4490114464099897,3
Qwen-3-235B,1439,moderate,correct,1.7222222222222223,4
Qwen-3-235B,1439,moderate,correct,1.9097978227060652,5
Qwen-3-235B,1439,moderate,correct,1.5201109570041609,6
Qwen-3-235B,1439,moderate,correct,1.6003143006809848,7
Qwen-3-235B,1439,moderate,correct,1.4062966278722768,8
Qwen-3-235B,1439,moderate,correct,1.5020526442888191,9
Qwen-3-235B,1439,moderate,correct,1.51309460181721,10
Qwen-3-235B,1439,moderate,correct,1.4388164493480442,11
Qwen-3-235B,1439,moderate,correct,1.3959236773633998,12
Qwen-3-235B,1439,moderate,correct,1.1817522220206784,13
Qwen-3-235B,1439,moderate,correct,1.1631551901336075,14
Qwen-3-235B,1439,moderate,correct,1.5616151022548506,15
Qwen-3-235B,1439,moderate,correct,1.4779714738510301,16
Qwen-3-235B,1439,moderate,correct,1.4606141522029372,17
Qwen-3-235B,1439,moderate,correct,1.462487153134635,18
Qwen-3-235B,1439,moderate,correct,1.768848167539267,19
Qwen-3-235B,1439,moderate,correct,1.7227224576271187,20
Qwen-3-235B,1439,moderate,correct,1.9118825100133512,21
Qwen-3-235B,1439,moderate,correct,1.6990207373271888,22
Qwen-3-235B,1439,moderate,correct,1.257542711741185,23
Qwen-3-235B,1439,moderate,correct,1.4336210439786272,24
Qwen-3-235B,1439,moderate,correct,1.615840118430792,25
Qwen-3-235B,1439,moderate,correct,1.3285801588918313,26
Qwen-3-235B,1439,moderate,correct,1.4977339376166356,27
Qwen-3-235B,1439,moderate,correct,1.597952868364675,28
Qwen-3-235B,1439,moderate,correct,1.6130148840429215,29
Qwen-3-235B,1439,moderate,correct,1.7034933746343142,30
Qwen-3-235B,1439,moderate,correct,1.3969838101574628,31
Qwen-3-235B,1439,moderate,correct,1.7944954128440367,32
Qwen-3-235B,1439,moderate,correct,1.545523906408952,33
Qwen-3-235B,1439,moderate,correct,1.3994329257487153,34
Qwen-3-235B,1439,moderate,correct,1.4571112340896513,35
Qwen-3-235B,1439,moderate,correct,1.5649305555555555,36
Qwen-3-235B,1439,moderate,correct,1.5341480948957584,37
Qwen-3-235B,1439,moderate,correct,2.0575851393188853,38
Qwen-3-235B,1439,moderate,correct,1.246865542585387,39
Qwen-3-235B,1439,moderate,correct,1.355031799476244,40
Qwen-3-235B,1439,moderate,correct,1.5236717517096265,41
Qwen-3-235B,1439,moderate,correct,1.496812037745473,42
Qwen-3-235B,1439,moderate,correct,2.0615246098439375,43
Qwen-3-235B,1439,moderate,correct,1.5338345864661653,44
Qwen-3-235B,1439,moderate,correct,1.473335175462835,45
Qwen-3-235B,1439,moderate,correct,1.5626755169772786,46
Qwen-3-235B,1439,moderate,correct,1.5790115924344112,47
Qwen-3-235B,1439,moderate,correct,1.5384615384615385,48
Qwen-3-235B,1439,moderate,correct,1.7787078210829192,49
Qwen-3-235B,1439,moderate,correct,1.5716019417475728,50
Qwen-3-235B,753,moderate,correct,7.339140386571719,1
Qwen-3-235B,753,moderate,correct,1.1925524393118077,2
Qwen-3-235B,753,moderate,correct,1.4748033170316819,3
Qwen-3-235B,753,moderate,correct,1.3888321416411304,4
Qwen-3-235B,753,moderate,correct,1.5558560432702309,5
Qwen-3-235B,753,moderate,correct,1.5441879808692036,6
Qwen-3-235B,753,moderate,correct,1.364946445959104,7
Qwen-3-235B,753,moderate,correct,1.3689722888937377,8
Qwen-3-235B,753,moderate,correct,1.6014373716632444,9
Qwen-3-235B,753,moderate,correct,1.408868265016757,10
Qwen-3-235B,753,moderate,correct,1.3609877913429522,11
Qwen-3-235B,753,moderate,correct,1.3950694012844418,12
Qwen-3-235B,753,moderate,correct,1.3323654665118079,13
Qwen-3-235B,753,moderate,correct,1.3248720136518772,14
Qwen-3-235B,753,moderate,correct,1.3893315626383356,15
Qwen-3-235B,753,moderate,correct,1.4344676180021954,16
Qwen-3-235B,753,moderate,correct,1.563185108583247,17
Qwen-3-235B,753,moderate,correct,1.7513335026670054,18
Qwen-3-235B,753,moderate,correct,1.4049180327868853,19
Qwen-3-235B,753,moderate,correct,1.2052582159624412,20
Qwen-3-235B,753,moderate,correct,3.7771822358346094,21
Qwen-3-235B,753,moderate,correct,1.2123368920521946,22
Qwen-3-235B,753,moderate,correct,1.4285311530871159,23
Qwen-3-235B,753,moderate,correct,1.4325443786982248,24
Qwen-3-235B,753,moderate,correct,1.3248241729617087,25
Qwen-3-235B,753,moderate,correct,1.2703426124197001,26
Qwen-3-235B,753,moderate,correct,1.4182850313713773,27
Qwen-3-235B,753,moderate,correct,1.4069877242681774,28
Qwen-3-235B,753,moderate,correct,1.3626492942453854,29
Qwen-3-235B,753,moderate,correct,1.5616959064327485,30
Qwen-3-235B,753,moderate,correct,1.3678256070640176,31
Qwen-3-235B,753,moderate,correct,1.4078354002254791,32
Qwen-3-235B,753,moderate,correct,1.3295029396044895,33
Qwen-3-235B,753,moderate,correct,1.490211331518216,34
Qwen-3-235B,753,moderate,correct,2.4450234497133922,35
Qwen-3-235B,753,moderate,correct,1.3321277878239903,36
Qwen-3-235B,753,moderate,correct,0.950836072602544,37
Qwen-3-235B,753,moderate,correct,1.3122672253258845,38
Qwen-3-235B,753,moderate,correct,1.1372808468408866,39
Qwen-3-235B,753,moderate,correct,1.3911685994647636,40
Qwen-3-235B,753,moderate,correct,1.2578796561604584,41
Qwen-3-235B,753,moderate,correct,1.4755561658884921,42
Qwen-3-235B,753,moderate,correct,0.6780415430267063,43
Qwen-3-235B,753,moderate,correct,1.1977715877437325,44
Qwen-3-235B,753,moderate,correct,1.6204854088413754,45
Qwen-3-235B,753,moderate,correct,1.3193964524303157,46
Qwen-3-235B,753,moderate,correct,1.1569083447332422,47
Qwen-3-235B,753,moderate,correct,0.8847749429578926,48
Qwen-3-235B,753,moderate,correct,1.4743287800282618,49
Qwen-3-235B,753,moderate,correct,1.3135894125242091,50
Qwen-3-235B,1125,moderate,correct,1.2700582866739933,1
Qwen-3-235B,1125,moderate,correct,0.7776769314927156,2
Qwen-3-235B,1125,moderate,correct,0.9967163430678885,3
Qwen-3-235B,1125,moderate,correct,0.7365401295226452,4
Qwen-3-235B,1125,moderate,correct,1.1364791729140784,5
Qwen-3-235B,1125,moderate,correct,0.9036406235851046,6
Qwen-3-235B,1125,moderate,correct,1.0270260058000587,7
Qwen-3-235B,1125,moderate,correct,0.9749534357746291,8
Qwen-3-235B,1125,moderate,correct,1.1086704256005546,9
Qwen-3-235B,1125,moderate,correct,1.0363678064638366,10
Qwen-3-235B,1125,moderate,correct,0.9262240804387281,11
Qwen-3-235B,1125,moderate,correct,1.083462392893985,12
Qwen-3-235B,1125,moderate,correct,1.0960229185247428,13
Qwen-3-235B,1125,moderate,correct,0.8602448089658375,14
Qwen-3-235B,1125,moderate,correct,1.0790000249080478,15
Qwen-3-235B,1125,moderate,correct,1.1495432139101496,16
Qwen-3-235B,1125,moderate,correct,1.0854301760608915,17
Qwen-3-235B,1125,moderate,correct,0.9937106343452538,18
Qwen-3-235B,1125,moderate,correct,1.080036048681671,19
Qwen-3-235B,1125,moderate,correct,0.9967740926344141,20
Qwen-3-235B,1125,moderate,correct,0.9847547464407197,21
Qwen-3-235B,1125,moderate,correct,1.1139517631633427,22
Qwen-3-235B,1125,moderate,correct,1.0115132162078477,23
Qwen-3-235B,1125,moderate,correct,1.11266018045652,24
Qwen-3-235B,1125,moderate,correct,0.9928690904559991,25
Qwen-3-235B,1125,moderate,correct,0.9403998765715371,26
Qwen-3-235B,1125,moderate,correct,1.0650174222318511,27
Qwen-3-235B,1125,moderate,correct,1.0582216281782852,28
Qwen-3-235B,1125,moderate,correct,0.9956479617551812,29
Qwen-3-235B,1125,moderate,correct,1.0350322396752152,30
Qwen-3-235B,1125,moderate,correct,0.9404017443694331,31
Qwen-3-235B,1125,moderate,correct,1.0558588034266372,32
Qwen-3-235B,1125,moderate,correct,0.9566797396401266,33
Qwen-3-235B,1125,moderate,correct,1.0521531411708116,34
Qwen-3-235B,1125,moderate,correct,1.0141590883902412,35
Qwen-3-235B,1125,moderate,correct,1.0423039416840236,36
Qwen-3-235B,1125,moderate,correct,1.0648110817099123,37
Qwen-3-235B,1125,moderate,correct,1.0011718425633396,38
Qwen-3-235B,1125,moderate,correct,1.0549698121645796,39
Qwen-3-235B,1125,moderate,correct,1.22472753282655,40
Qwen-3-235B,1125,moderate,correct,0.9814623432593431,41
Qwen-3-235B,1125,moderate,correct,1.0080177704720694,42
Qwen-3-235B,1125,moderate,correct,0.9253671154999951,43
Qwen-3-235B,1125,moderate,correct,0.8942213370257348,44
Qwen-3-235B,1125,moderate,correct,0.9647964866804212,45
Qwen-3-235B,1125,moderate,correct,1.1036770866469827,46
Qwen-3-235B,1125,moderate,correct,1.2635886328272459,47
Qwen-3-235B,1125,moderate,correct,0.9491896478213578,48
Qwen-3-235B,1125,moderate,correct,1.0002560626433423,49
Qwen-3-235B,1125,moderate,correct,0.9819735399141828,50
Qwen-3-235B,1388,moderate,semantic,,1
Qwen-3-235B,1388,moderate,semantic,,2
Qwen-3-235B,1388,moderate,semantic,,3
Qwen-3-235B,1388,moderate,semantic,,4
Qwen-3-235B,1388,moderate,semantic,,5
Qwen-3-235B,1388,moderate,semantic,,6
Qwen-3-235B,1388,moderate,semantic,,7
Qwen-3-235B,1388,moderate,semantic,,8
Qwen-3-235B,1388,moderate,semantic,,9
Qwen-3-235B,1388,moderate,semantic,,10
Qwen-3-235B,1388,moderate,semantic,,11
Qwen-3-235B,1388,moderate,semantic,,12
Qwen-3-235B,1388,moderate,semantic,,13
Qwen-3-235B,1388,moderate,semantic,,14
Qwen-3-235B,1388,moderate,semantic,,15
Qwen-3-235B,1388,moderate,semantic,,16
Qwen-3-235B,1388,moderate,semantic,,17
Qwen-3-235B,1388,moderate,semantic,,18
Qwen-3-235B,1388,moderate,semantic,,19
Qwen-3-235B,1388,moderate,semantic,,20
Qwen-3-235B,1388,moderate,semantic,,21
Qwen-3-235B,1388,moderate,semantic,,22
Qwen-3-235B,1388,moderate,semantic,,23
Qwen-3-235B,1388,moderate,semantic,,24
Qwen-3-235B,1388,moderate,semantic,,25
Qwen-3-235B,1388,moderate,semantic,,26
Qwen-3-235B,1388,moderate,semantic,,27
Qwen-3-235B,1388,moderate,semantic,,28
Qwen-3-235B,1388,moderate,semantic,,29
Qwen-3-235B,1388,moderate,semantic,,30
Qwen-3-235B,1388,moderate,semantic,,31
Qwen-3-235B,1388,moderate,semantic,,32
Qwen-3-235B,1388,moderate,semantic,,33
Qwen-3-235B,1388,moderate,semantic,,34
Qwen-3-235B,1388,moderate,semantic,,35
Qwen-3-235B,1388,moderate,semantic,,36
Qwen-3-235B,1388,moderate,semantic,,37
Qwen-3-235B,1388,moderate,semantic,,38
Qwen-3-235B,1388,moderate,semantic,,39
Qwen-3-235B,1388,moderate,semantic,,40
Qwen-3-235B,1388,moderate,semantic,,41
Qwen-3-235B,1388,moderate,semantic,,42
Qwen-3-235B,1388,moderate,semantic,,43
Qwen-3-235B,1388,moderate,semantic,,44
Qwen-3-235B,1388,moderate,semantic,,45
Qwen-3-235B,1388,moderate,semantic,,46
Qwen-3-235B,1388,moderate,semantic,,47
Qwen-3-235B,1388,moderate,semantic,,48
Qwen-3-235B,1388,moderate,semantic,,49
Qwen-3-235B,1388,moderate,semantic,,50
Qwen-3-235B,1047,moderate,correct,1.12169363354725,1
Qwen-3-235B,1047,moderate,correct,0.9110407753121346,2
Qwen-3-235B,1047,moderate,correct,0.6014472988239891,3
Qwen-3-235B,1047,moderate,correct,0.8593977742592085,4
Qwen-3-235B,1047,moderate,correct,0.7103450019304665,5
Qwen-3-235B,1047,moderate,correct,1.0233373755048694,6
Qwen-3-235B,1047,moderate,correct,1.2642619998874571,7
Qwen-3-235B,1047,moderate,correct,0.920274963407665,8
Qwen-3-235B,1047,moderate,correct,0.683268807587757,9
Qwen-3-235B,1047,moderate,correct,0.7705598411352984,10
Qwen-3-235B,1047,moderate,correct,1.067677769852464,11
Qwen-3-235B,1047,moderate,correct,0.8061641491771613,12
Qwen-3-235B,1047,moderate,correct,1.0190018428773178,13
Qwen-3-235B,1047,moderate,correct,0.6973733506529022,14
Qwen-3-235B,1047,moderate,correct,1.1075654109144317,15
Qwen-3-235B,1047,moderate,correct,0.7487851660273096,16
Qwen-3-235B,1047,moderate,correct,0.7933806094872492,17
Qwen-3-235B,1047,moderate,correct,0.7834883151595905,18
Qwen-3-235B,1047,moderate,correct,0.8330106871038744,19
Qwen-3-235B,1047,moderate,correct,0.970041685816051,20
Qwen-3-235B,1047,moderate,correct,0.9705856709177809,21
Qwen-3-235B,1047,moderate,correct,0.8353793832654736,22
Qwen-3-235B,1047,moderate,correct,0.9768704797870323,23
Qwen-3-235B,1047,moderate,correct,0.5617992051170027,24
Qwen-3-235B,1047,moderate,correct,1.3314584901800985,25
Qwen-3-235B,1047,moderate,correct,0.8247942710568222,26
Qwen-3-235B,1047,moderate,correct,0.7490960799271236,27
Qwen-3-235B,1047,moderate,correct,0.8596737847617159,28
Qwen-3-235B,1047,moderate,correct,0.7043608806346492,29
Qwen-3-235B,1047,moderate,correct,0.9563901583284101,30
Qwen-3-235B,1047,moderate,correct,1.3156732053165872,31
Qwen-3-235B,1047,moderate,correct,0.8826225759928898,32
Qwen-3-235B,1047,moderate,correct,0.6536519374016768,33
Qwen-3-235B,1047,moderate,correct,1.004017338803313,34
Qwen-3-235B,1047,moderate,correct,0.8439127090989177,35
Qwen-3-235B,1047,moderate,correct,0.8859776769550854,36
Qwen-3-235B,1047,moderate,correct,1.2556880098498222,37
Qwen-3-235B,1047,moderate,correct,0.6956457406210073,38
Qwen-3-235B,1047,moderate,correct,0.9876497841009017,39
Qwen-3-235B,1047,moderate,correct,1.092559274189912,40
Qwen-3-235B,1047,moderate,correct,0.8593020047152685,41
Qwen-3-235B,1047,moderate,correct,1.0790407282977763,42
Qwen-3-235B,1047,moderate,correct,0.8410424114241487,43
Qwen-3-235B,1047,moderate,correct,0.8480878929432419,44
Qwen-3-235B,1047,moderate,correct,0.6246361539594497,45
Qwen-3-235B,1047,moderate,correct,1.1066778979867975,46
Qwen-3-235B,1047,moderate,correct,0.9434441641726775,47
Qwen-3-235B,1047,moderate,correct,0.9797338199652637,48
Qwen-3-235B,1047,moderate,correct,0.9537709176446981,49
Qwen-3-235B,1047,moderate,correct,0.7040521527811086,50
Qwen-3-235B,1093,moderate,semantic,,1
Qwen-3-235B,1093,moderate,semantic,,2
Qwen-3-235B,1093,moderate,semantic,,3
Qwen-3-235B,1093,moderate,semantic,,4
Qwen-3-235B,1093,moderate,semantic,,5
Qwen-3-235B,1093,moderate,semantic,,6
Qwen-3-235B,1093,moderate,semantic,,7
Qwen-3-235B,1093,moderate,semantic,,8
Qwen-3-235B,1093,moderate,semantic,,9
Qwen-3-235B,1093,moderate,semantic,,10
Qwen-3-235B,1093,moderate,semantic,,11
Qwen-3-235B,1093,moderate,semantic,,12
Qwen-3-235B,1093,moderate,semantic,,13
Qwen-3-235B,1093,moderate,semantic,,14
Qwen-3-235B,1093,moderate,semantic,,15
Qwen-3-235B,1093,moderate,semantic,,16
Qwen-3-235B,1093,moderate,semantic,,17
Qwen-3-235B,1093,moderate,semantic,,18
Qwen-3-235B,1093,moderate,semantic,,19
Qwen-3-235B,1093,moderate,semantic,,20
Qwen-3-235B,1093,moderate,semantic,,21
Qwen-3-235B,1093,moderate,semantic,,22
Qwen-3-235B,1093,moderate,semantic,,23
Qwen-3-235B,1093,moderate,semantic,,24
Qwen-3-235B,1093,moderate,semantic,,25
Qwen-3-235B,1093,moderate,semantic,,26
Qwen-3-235B,1093,moderate,semantic,,27
Qwen-3-235B,1093,moderate,semantic,,28
Qwen-3-235B,1093,moderate,semantic,,29
Qwen-3-235B,1093,moderate,semantic,,30
Qwen-3-235B,1093,moderate,semantic,,31
Qwen-3-235B,1093,moderate,semantic,,32
Qwen-3-235B,1093,moderate,semantic,,33
Qwen-3-235B,1093,moderate,semantic,,34
Qwen-3-235B,1093,moderate,semantic,,35
Qwen-3-235B,1093,moderate,semantic,,36
Qwen-3-235B,1093,moderate,semantic,,37
Qwen-3-235B,1093,moderate,semantic,,38
Qwen-3-235B,1093,moderate,semantic,,39
Qwen-3-235B,1093,moderate,semantic,,40
Qwen-3-235B,1093,moderate,semantic,,41
Qwen-3-235B,1093,moderate,semantic,,42
Qwen-3-235B,1093,moderate,semantic,,43
Qwen-3-235B,1093,moderate,semantic,,44
Qwen-3-235B,1093,moderate,semantic,,45
Qwen-3-235B,1093,moderate,semantic,,46
Qwen-3-235B,1093,moderate,semantic,,47
Qwen-3-235B,1093,moderate,semantic,,48
Qwen-3-235B,1093,moderate,semantic,,49
Qwen-3-235B,1093,moderate,semantic,,50
Qwen-3-235B,657,moderate,correct,3.957821221369848,1
Qwen-3-235B,657,moderate,correct,1.1266400456360526,2
Qwen-3-235B,657,moderate,correct,1.3155235193579549,3
Qwen-3-235B,657,moderate,correct,1.4369055355349443,4
Qwen-3-235B,657,moderate,correct,0.889524393150172,5
Qwen-3-235B,657,moderate,correct,1.2682179341657207,6
Qwen-3-235B,657,moderate,correct,1.1437428618045358,7
Qwen-3-235B,657,moderate,correct,1.3985416902791945,8
Qwen-3-235B,657,moderate,correct,1.1893534936284633,9
Qwen-3-235B,657,moderate,correct,1.010428809981411,10
Qwen-3-235B,657,moderate,correct,1.634010420101563,11
Qwen-3-235B,657,moderate,correct,0.6960771648796452,12
Qwen-3-235B,657,moderate,correct,0.9574780058651027,13
Qwen-3-235B,657,moderate,correct,1.0126000126000125,14
Qwen-3-235B,657,moderate,correct,1.1533930645428903,15
Qwen-3-235B,657,moderate,correct,1.3614941873717803,16
Qwen-3-235B,657,moderate,correct,0.9093185178120082,17
Qwen-3-235B,657,moderate,correct,0.8927318985078732,18
Qwen-3-235B,657,moderate,correct,1.1451274125153568,19
Qwen-3-235B,657,moderate,correct,1.192686232909005,20
Qwen-3-235B,657,moderate,correct,1.1294442025830793,21
Qwen-3-235B,657,moderate,correct,1.2135945324130464,22
Qwen-3-235B,657,moderate,correct,1.1557404326123129,23
Qwen-3-235B,657,moderate,correct,1.5893597255966843,24
Qwen-3-235B,657,moderate,correct,1.03192608516672,25
Qwen-3-235B,657,moderate,correct,1.3903171552138396,26
Qwen-3-235B,657,moderate,correct,0.9052862132244125,27
Qwen-3-235B,657,moderate,correct,1.2133876850461274,28
Qwen-3-235B,657,moderate,correct,1.1760282880832384,29
Qwen-3-235B,657,moderate,correct,1.146546948573539,30
Qwen-3-235B,657,moderate,correct,0.793591269395729,31
Qwen-3-235B,657,moderate,correct,1.368883616854932,32
Qwen-3-235B,657,moderate,correct,1.1021618740876336,33
Qwen-3-235B,657,moderate,correct,1.3772363660503868,34
Qwen-3-235B,657,moderate,correct,0.5732393134998106,35
Qwen-3-235B,657,moderate,correct,1.2679297414643773,36
Qwen-3-235B,657,moderate,correct,1.0916024653312788,37
Qwen-3-235B,657,moderate,correct,1.0924762897607363,38
Qwen-3-235B,657,moderate,correct,0.7067236499278337,39
Qwen-3-235B,657,moderate,correct,1.209385586695411,40
Qwen-3-235B,657,moderate,correct,1.3427598370127105,41
Qwen-3-235B,657,moderate,correct,1.1828643086342345,42
Qwen-3-235B,657,moderate,correct,1.6137774756401542,43
Qwen-3-235B,657,moderate,correct,1.0821829734125032,44
Qwen-3-235B,657,moderate,correct,0.8185189511183788,45
Qwen-3-235B,657,moderate,correct,0.7111151912969635,46
Qwen-3-235B,657,moderate,correct,1.2623227019826033,47
Qwen-3-235B,657,moderate,correct,1.4306043411690534,48
Qwen-3-235B,657,moderate,correct,1.1362324989393298,49
Qwen-3-235B,657,moderate,correct,1.1263900857647011,50
Qwen-3-235B,272,moderate,correct,5.31975517095821,1
Qwen-3-235B,272,moderate,correct,0.5131017860453618,2
Qwen-3-235B,272,moderate,correct,1.314013497419611,3
Qwen-3-235B,272,moderate,correct,0.5347629655194052,4
Qwen-3-235B,272,moderate,correct,0.6946151790486371,5
Qwen-3-235B,272,moderate,correct,1.0429942034779132,6
Qwen-3-235B,272,moderate,correct,2.844378438915129,7
Qwen-3-235B,272,moderate,correct,0.837702458745455,8
Qwen-3-235B,272,moderate,correct,1.0840120306850056,9
Qwen-3-235B,272,moderate,correct,0.8889678097565133,10
Qwen-3-235B,272,moderate,correct,0.8883381318453,11
Qwen-3-235B,272,moderate,correct,0.8401124308640856,12
Qwen-3-235B,272,moderate,correct,0.9165311300500943,13
Qwen-3-235B,272,moderate,correct,0.923190772685516,14
Qwen-3-235B,272,moderate,correct,0.8835017032773406,15
Qwen-3-235B,272,moderate,correct,0.8696741207457522,16
Qwen-3-235B,272,moderate,correct,0.913197467352592,17
Qwen-3-235B,272,moderate,correct,0.7989839064936736,18
Qwen-3-235B,272,moderate,correct,1.055384330174032,19
Qwen-3-235B,272,moderate,correct,0.7091022770819467,20
Qwen-3-235B,272,moderate,correct,0.7871650333882577,21
Qwen-3-235B,272,moderate,correct,0.9429809291710185,22
Qwen-3-235B,272,moderate,correct,0.6814216872369411,23
Qwen-3-235B,272,moderate,correct,0.7172636117318988,24
Qwen-3-235B,272,moderate,correct,0.8846667155532741,25
Qwen-3-235B,272,moderate,correct,1.1004379070289692,26
Qwen-3-235B,272,moderate,correct,0.7758831003811945,27
Qwen-3-235B,272,moderate,correct,0.6906540981722037,28
Qwen-3-235B,272,moderate,correct,0.741374699117411,29
Qwen-3-235B,272,moderate,correct,0.7808539325842697,30
Qwen-3-235B,272,moderate,correct,0.7307380678713422,31
Qwen-3-235B,272,moderate,correct,1.0687373057349552,32
Qwen-3-235B,272,moderate,correct,0.8740991173374363,33
Qwen-3-235B,272,moderate,correct,0.9645743471558261,34
Qwen-3-235B,272,moderate,correct,1.0855256833402762,35
Qwen-3-235B,272,moderate,correct,0.672992783680891,36
Qwen-3-235B,272,moderate,correct,0.9677485801724391,37
Qwen-3-235B,272,moderate,correct,0.9431634304207119,38
Qwen-3-235B,272,moderate,correct,0.7416687369130851,39
Qwen-3-235B,272,moderate,correct,0.9158865367855837,40
Qwen-3-235B,272,moderate,correct,0.9082953544483168,41
Qwen-3-235B,272,moderate,correct,0.8070073970350978,42
Qwen-3-235B,272,moderate,correct,0.9186838717779662,43
Qwen-3-235B,272,moderate,correct,0.8938603467472562,44
Qwen-3-235B,272,moderate,correct,0.9550091674110291,45
Qwen-3-235B,272,moderate,correct,0.9081468003295798,46
Qwen-3-235B,272,moderate,correct,1.0183280757097792,47
Qwen-3-235B,272,moderate,correct,1.0135674381484436,48
Qwen-3-235B,272,moderate,correct,0.7872251015548396,49
Qwen-3-235B,272,moderate,correct,1.3998641897463258,50
Qwen-3-235B,1401,moderate,correct,1.5117587649689799,1
Qwen-3-235B,1401,moderate,correct,1.0334714695569014,2
Qwen-3-235B,1401,moderate,correct,1.3986663972519702,3
Qwen-3-235B,1401,moderate,correct,1.524873828406633,4
Qwen-3-235B,1401,moderate,correct,1.1647776809067132,5
Qwen-3-235B,1401,moderate,correct,2.314051578693661,6
Qwen-3-235B,1401,moderate,correct,1.178988326848249,7
Qwen-3-235B,1401,moderate,correct,1.3483427141963726,8
Qwen-3-235B,1401,moderate,correct,1.5265947724364832,9
Qwen-3-235B,1401,moderate,correct,1.4910265613783202,10
Qwen-3-235B,1401,moderate,correct,3.4631629469642426,11
Qwen-3-235B,1401,moderate,correct,1.4211669770328987,12
Qwen-3-235B,1401,moderate,correct,1.3913879846108317,13
Qwen-3-235B,1401,moderate,correct,1.0915254237288134,14
Qwen-3-235B,1401,moderate,correct,1.3769182586908864,15
Qwen-3-235B,1401,moderate,correct,2.0349282976004543,16
Qwen-3-235B,1401,moderate,correct,1.4367763904653803,17
Qwen-3-235B,1401,moderate,correct,0.8804841149773072,18
Qwen-3-235B,1401,moderate,correct,1.313978494623656,19
Qwen-3-235B,1401,moderate,correct,1.3381516223281562,20
Qwen-3-235B,1401,moderate,correct,1.6987113402061855,21
Qwen-3-235B,1401,moderate,correct,1.1958802212473774,22
Qwen-3-235B,1401,moderate,correct,1.6114315679077085,23
Qwen-3-235B,1401,moderate,correct,1.3867785939139559,24
Qwen-3-235B,1401,moderate,correct,1.3661693725318123,25
Qwen-3-235B,1401,moderate,correct,1.2201699298115996,26
Qwen-3-235B,1401,moderate,correct,1.408598059729884,27
Qwen-3-235B,1401,moderate,correct,1.0079354582727154,28
Qwen-3-235B,1401,moderate,correct,1.5002378686964795,29
Qwen-3-235B,1401,moderate,correct,1.401905654482974,30
Qwen-3-235B,1401,moderate,correct,1.340949759119064,31
Qwen-3-235B,1401,moderate,correct,1.2812648597242036,32
Qwen-3-235B,1401,moderate,correct,1.3903718913985854,33
Qwen-3-235B,1401,moderate,correct,1.5598771750255886,34
Qwen-3-235B,1401,moderate,correct,1.3905621096460792,35
Qwen-3-235B,1401,moderate,correct,1.3475523055047736,36
Qwen-3-235B,1401,moderate,correct,1.4232272473478504,37
Qwen-3-235B,1401,moderate,correct,1.3001456133964324,38
Qwen-3-235B,1401,moderate,correct,1.432932469935245,39
Qwen-3-235B,1401,moderate,correct,1.6978417266187051,40
Qwen-3-235B,1401,moderate,correct,1.3351563595568643,41
Qwen-3-235B,1401,moderate,correct,1.8167036215816703,42
Qwen-3-235B,1401,moderate,correct,1.5925264012997562,43
Qwen-3-235B,1401,moderate,correct,1.3012464046021093,44
Qwen-3-235B,1401,moderate,correct,1.4987300854306165,45
Qwen-3-235B,1401,moderate,correct,1.740828004039044,46
Qwen-3-235B,1401,moderate,correct,1.283290378006873,47
Qwen-3-235B,1401,moderate,correct,0.8186663200311972,48
Qwen-3-235B,1401,moderate,correct,0.8418138676509359,49
Qwen-3-235B,1401,moderate,correct,1.2454272454272455,50
Qwen-3-235B,81,moderate,correct,2.345283292761909,1
Qwen-3-235B,81,moderate,correct,0.8873209140163211,2
Qwen-3-235B,81,moderate,correct,1.2958555601148953,3
Qwen-3-235B,81,moderate,semantic,,4
Qwen-3-235B,81,moderate,semantic,,5
Qwen-3-235B,81,moderate,semantic,,6
Qwen-3-235B,81,moderate,correct,1.3481320536684265,7
Qwen-3-235B,81,moderate,semantic,,8
Qwen-3-235B,81,moderate,semantic,,9
Qwen-3-235B,81,moderate,correct,0.8287740184706963,10
Qwen-3-235B,81,moderate,correct,0.6045237190802851,11
Qwen-3-235B,81,moderate,semantic,,12
Qwen-3-235B,81,moderate,correct,1.1174361094766305,13
Qwen-3-235B,81,moderate,correct,1.3000110595001106,14
Qwen-3-235B,81,moderate,semantic,,15
Qwen-3-235B,81,moderate,correct,1.1677140096176388,16
Qwen-3-235B,81,moderate,correct,1.0151219650074903,17
Qwen-3-235B,81,moderate,correct,1.0580929716669183,18
Qwen-3-235B,81,moderate,semantic,,19
Qwen-3-235B,81,moderate,correct,0.906634008291476,20
Qwen-3-235B,81,moderate,correct,0.8419282588948291,21
Qwen-3-235B,81,moderate,semantic,,22
Qwen-3-235B,81,moderate,correct,1.883401038470156,23
Qwen-3-235B,81,moderate,correct,1.3969789644964614,24
Qwen-3-235B,81,moderate,correct,0.9994947581154477,25
Qwen-3-235B,81,moderate,correct,1.1313739497227608,26
Qwen-3-235B,81,moderate,semantic,,27
Qwen-3-235B,81,moderate,correct,1.0053412377924793,28
Qwen-3-235B,81,moderate,correct,1.357860822125505,29
Qwen-3-235B,81,moderate,correct,0.7178092204156497,30
Qwen-3-235B,81,moderate,semantic,,31
Qwen-3-235B,81,moderate,correct,0.740749858804107,32
Qwen-3-235B,81,moderate,semantic,,33
Qwen-3-235B,81,moderate,correct,1.2448960748507294,34
Qwen-3-235B,81,moderate,semantic,,35
Qwen-3-235B,81,moderate,semantic,,36
Qwen-3-235B,81,moderate,correct,1.104510214127492,37
Qwen-3-235B,81,moderate,semantic,,38
Qwen-3-235B,81,moderate,correct,0.7786856462567555,39
Qwen-3-235B,81,moderate,correct,1.0708119148677686,40
Qwen-3-235B,81,moderate,correct,1.5741505453566138,41
Qwen-3-235B,81,moderate,correct,1.2191876652722007,42
Qwen-3-235B,81,moderate,correct,1.1535169122381728,43
Qwen-3-235B,81,moderate,semantic,,44
Qwen-3-235B,81,moderate,correct,1.0350542912484149,45
Qwen-3-235B,81,moderate,correct,1.473296730721238,46
Qwen-3-235B,81,moderate,correct,1.0270124585285119,47
Qwen-3-235B,81,moderate,correct,1.3436364429198524,48
Qwen-3-235B,81,moderate,correct,0.7830676904399847,49
Qwen-3-235B,81,moderate,semantic,,50
Qwen-3-235B,1167,moderate,semantic,,1
Qwen-3-235B,1167,moderate,semantic,,2
Qwen-3-235B,1167,moderate,semantic,,3
Qwen-3-235B,1167,moderate,semantic,,4
Qwen-3-235B,1167,moderate,semantic,,5
Qwen-3-235B,1167,moderate,semantic,,6
Qwen-3-235B,1167,moderate,semantic,,7
Qwen-3-235B,1167,moderate,semantic,,8
Qwen-3-235B,1167,moderate,semantic,,9
Qwen-3-235B,1167,moderate,semantic,,10
Qwen-3-235B,1167,moderate,semantic,,11
Qwen-3-235B,1167,moderate,semantic,,12
Qwen-3-235B,1167,moderate,semantic,,13
Qwen-3-235B,1167,moderate,semantic,,14
Qwen-3-235B,1167,moderate,semantic,,15
Qwen-3-235B,1167,moderate,semantic,,16
Qwen-3-235B,1167,moderate,semantic,,17
Qwen-3-235B,1167,moderate,semantic,,18
Qwen-3-235B,1167,moderate,semantic,,19
Qwen-3-235B,1167,moderate,semantic,,20
Qwen-3-235B,1167,moderate,semantic,,21
Qwen-3-235B,1167,moderate,semantic,,22
Qwen-3-235B,1167,moderate,semantic,,23
Qwen-3-235B,1167,moderate,semantic,,24
Qwen-3-235B,1167,moderate,semantic,,25
Qwen-3-235B,1167,moderate,semantic,,26
Qwen-3-235B,1167,moderate,semantic,,27
Qwen-3-235B,1167,moderate,semantic,,28
Qwen-3-235B,1167,moderate,semantic,,29
Qwen-3-235B,1167,moderate,semantic,,30
Qwen-3-235B,1167,moderate,semantic,,31
Qwen-3-235B,1167,moderate,semantic,,32
Qwen-3-235B,1167,moderate,semantic,,33
Qwen-3-235B,1167,moderate,semantic,,34
Qwen-3-235B,1167,moderate,semantic,,35
Qwen-3-235B,1167,moderate,semantic,,36
Qwen-3-235B,1167,moderate,semantic,,37
Qwen-3-235B,1167,moderate,semantic,,38
Qwen-3-235B,1167,moderate,semantic,,39
Qwen-3-235B,1167,moderate,semantic,,40
Qwen-3-235B,1167,moderate,semantic,,41
Qwen-3-235B,1167,moderate,semantic,,42
Qwen-3-235B,1167,moderate,semantic,,43
Qwen-3-235B,1167,moderate,semantic,,44
Qwen-3-235B,1167,moderate,semantic,,45
Qwen-3-235B,1167,moderate,semantic,,46
Qwen-3-235B,1167,moderate,semantic,,47
Qwen-3-235B,1167,moderate,semantic,,48
Qwen-3-235B,1167,moderate,semantic,,49
Qwen-3-235B,1167,moderate,semantic,,50
Qwen-3-235B,773,challenging,correct,10.967079948696023,1
Qwen-3-235B,773,challenging,correct,1.4938430435581695,2
Qwen-3-235B,773,challenging,correct,1.2082123600165906,3
Qwen-3-235B,773,challenging,correct,1.3914702581369247,4
Qwen-3-235B,773,challenging,correct,1.1891959798994975,5
Qwen-3-235B,773,challenging,correct,1.0475809035565524,6
Qwen-3-235B,773,challenging,correct,0.8263121203067424,7
Qwen-3-235B,773,challenging,correct,0.9534640522875817,8
Qwen-3-235B,773,challenging,correct,1.110205314009662,9
Qwen-3-235B,773,challenging,correct,1.0709042076991944,10
Qwen-3-235B,773,challenging,correct,1.2807658833768494,11
Qwen-3-235B,773,challenging,correct,1.2647997678467788,12
Qwen-3-235B,773,challenging,correct,1.2039729119638827,13
Qwen-3-235B,773,challenging,correct,1.3298590722254844,14
Qwen-3-235B,773,challenging,correct,1.1004760285617137,15
Qwen-3-235B,773,challenging,correct,1.2787405861537067,16
Qwen-3-235B,773,challenging,correct,1.5044127630685675,17
Qwen-3-235B,773,challenging,correct,1.4299966181941157,18
Qwen-3-235B,773,challenging,correct,1.3489199491740789,19
Qwen-3-235B,773,challenging,correct,1.0745041122399612,20
Qwen-3-235B,773,challenging,correct,3.62336093857833,21
Qwen-3-235B,773,challenging,correct,1.1680968726163234,22
Qwen-3-235B,773,challenging,correct,1.2085658482142858,23
Qwen-3-235B,773,challenging,correct,1.4128765505020673,24
Qwen-3-235B,773,challenging,correct,1.8238144686742817,25
Qwen-3-235B,773,challenging,correct,0.9143111506788337,26
Qwen-3-235B,773,challenging,correct,1.1840575113648377,27
Qwen-3-235B,773,challenging,correct,1.2967409948542024,28
Qwen-3-235B,773,challenging,correct,1.1090139928408722,29
Qwen-3-235B,773,challenging,correct,1.8461538461538463,30
Qwen-3-235B,773,challenging,correct,1.1917098445595855,31
Qwen-3-235B,773,challenging,correct,1.4631531429861189,32
Qwen-3-235B,773,challenging,correct,1.2682593138286677,33
Qwen-3-235B,773,challenging,correct,1.3974904772574501,34
Qwen-3-235B,773,challenging,correct,1.0525905726529021,35
Qwen-3-235B,773,challenging,correct,1.3326434878587197,36
Qwen-3-235B,773,challenging,correct,3.567677314564158,37
Qwen-3-235B,773,challenging,correct,1.2197313845546118,38
Qwen-3-235B,773,challenging,correct,1.039160230610247,39
Qwen-3-235B,773,challenging,correct,1.2919154429562691,40
Qwen-3-235B,773,challenging,correct,0.936244019138756,41
Qwen-3-235B,773,challenging,correct,1.3681633794936354,42
Qwen-3-235B,773,challenging,correct,1.1445369030390737,43
Qwen-3-235B,773,challenging,correct,1.516636197440585,44
Qwen-3-235B,773,challenging,correct,1.7811191473163304,45
Qwen-3-235B,773,challenging,correct,1.2174416920179632,46
Qwen-3-235B,773,challenging,correct,1.4392831016825165,47
Qwen-3-235B,773,challenging,correct,1.459637046307885,48
Qwen-3-235B,773,challenging,correct,1.2673621034581308,49
Qwen-3-235B,773,challenging,correct,1.9032861341170184,50
Qwen-3-235B,173,challenging,semantic,,1
Qwen-3-235B,173,challenging,semantic,,2
Qwen-3-235B,173,challenging,semantic,,3
Qwen-3-235B,173,challenging,semantic,,4
Qwen-3-235B,173,challenging,semantic,,5
Qwen-3-235B,173,challenging,semantic,,6
Qwen-3-235B,173,challenging,semantic,,7
Qwen-3-235B,173,challenging,semantic,,8
Qwen-3-235B,173,challenging,semantic,,9
Qwen-3-235B,173,challenging,semantic,,10
Qwen-3-235B,173,challenging,semantic,,11
Qwen-3-235B,173,challenging,semantic,,12
Qwen-3-235B,173,challenging,semantic,,13
Qwen-3-235B,173,challenging,semantic,,14
Qwen-3-235B,173,challenging,semantic,,15
Qwen-3-235B,173,challenging,semantic,,16
Qwen-3-235B,173,challenging,semantic,,17
Qwen-3-235B,173,challenging,semantic,,18
Qwen-3-235B,173,challenging,semantic,,19
Qwen-3-235B,173,challenging,semantic,,20
Qwen-3-235B,173,challenging,semantic,,21
Qwen-3-235B,173,challenging,semantic,,22
Qwen-3-235B,173,challenging,semantic,,23
Qwen-3-235B,173,challenging,semantic,,24
Qwen-3-235B,173,challenging,semantic,,25
Qwen-3-235B,173,challenging,semantic,,26
Qwen-3-235B,173,challenging,semantic,,27
Qwen-3-235B,173,challenging,semantic,,28
Qwen-3-235B,173,challenging,semantic,,29
Qwen-3-235B,173,challenging,semantic,,30
Qwen-3-235B,173,challenging,semantic,,31
Qwen-3-235B,173,challenging,semantic,,32
Qwen-3-235B,173,challenging,semantic,,33
Qwen-3-235B,173,challenging,semantic,,34
Qwen-3-235B,173,challenging,semantic,,35
Qwen-3-235B,173,challenging,semantic,,36
Qwen-3-235B,173,challenging,semantic,,37
Qwen-3-235B,173,challenging,semantic,,38
Qwen-3-235B,173,challenging,semantic,,39
Qwen-3-235B,173,challenging,semantic,,40
Qwen-3-235B,173,challenging,semantic,,41
Qwen-3-235B,173,challenging,semantic,,42
Qwen-3-235B,173,challenging,semantic,,43
Qwen-3-235B,173,challenging,semantic,,44
Qwen-3-235B,173,challenging,semantic,,45
Qwen-3-235B,173,challenging,semantic,,46
Qwen-3-235B,173,challenging,semantic,,47
Qwen-3-235B,173,challenging,semantic,,48
Qwen-3-235B,173,challenging,semantic,,49
Qwen-3-235B,173,challenging,semantic,,50
Qwen-3-235B,1242,challenging,semantic,,1
Qwen-3-235B,1242,challenging,semantic,,2
Qwen-3-235B,1242,challenging,semantic,,3
Qwen-3-235B,1242,challenging,semantic,,4
Qwen-3-235B,1242,challenging,semantic,,5
Qwen-3-235B,1242,challenging,semantic,,6
Qwen-3-235B,1242,challenging,semantic,,7
Qwen-3-235B,1242,challenging,semantic,,8
Qwen-3-235B,1242,challenging,semantic,,9
Qwen-3-235B,1242,challenging,semantic,,10
Qwen-3-235B,1242,challenging,semantic,,11
Qwen-3-235B,1242,challenging,semantic,,12
Qwen-3-235B,1242,challenging,semantic,,13
Qwen-3-235B,1242,challenging,semantic,,14
Qwen-3-235B,1242,challenging,semantic,,15
Qwen-3-235B,1242,challenging,semantic,,16
Qwen-3-235B,1242,challenging,semantic,,17
Qwen-3-235B,1242,challenging,semantic,,18
Qwen-3-235B,1242,challenging,semantic,,19
Qwen-3-235B,1242,challenging,semantic,,20
Qwen-3-235B,1242,challenging,semantic,,21
Qwen-3-235B,1242,challenging,semantic,,22
Qwen-3-235B,1242,challenging,semantic,,23
Qwen-3-235B,1242,challenging,semantic,,24
Qwen-3-235B,1242,challenging,semantic,,25
Qwen-3-235B,1242,challenging,semantic,,26
Qwen-3-235B,1242,challenging,semantic,,27
Qwen-3-235B,1242,challenging,semantic,,28
Qwen-3-235B,1242,challenging,semantic,,29
Qwen-3-235B,1242,challenging,semantic,,30
Qwen-3-235B,1242,challenging,semantic,,31
Qwen-3-235B,1242,challenging,semantic,,32
Qwen-3-235B,1242,challenging,semantic,,33
Qwen-3-235B,1242,challenging,semantic,,34
Qwen-3-235B,1242,challenging,semantic,,35
Qwen-3-235B,1242,challenging,semantic,,36
Qwen-3-235B,1242,challenging,semantic,,37
Qwen-3-235B,1242,challenging,semantic,,38
Qwen-3-235B,1242,challenging,semantic,,39
Qwen-3-235B,1242,challenging,semantic,,40
Qwen-3-235B,1242,challenging,semantic,,41
Qwen-3-235B,1242,challenging,semantic,,42
Qwen-3-235B,1242,challenging,semantic,,43
Qwen-3-235B,1242,challenging,semantic,,44
Qwen-3-235B,1242,challenging,semantic,,45
Qwen-3-235B,1242,challenging,semantic,,46
Qwen-3-235B,1242,challenging,semantic,,47
Qwen-3-235B,1242,challenging,semantic,,48
Qwen-3-235B,1242,challenging,semantic,,49
Qwen-3-235B,1242,challenging,semantic,,50
Qwen-3-235B,169,challenging,semantic,,1
Qwen-3-235B,169,challenging,semantic,,2
Qwen-3-235B,169,challenging,semantic,,3
Qwen-3-235B,169,challenging,semantic,,4
Qwen-3-235B,169,challenging,semantic,,5
Qwen-3-235B,169,challenging,semantic,,6
Qwen-3-235B,169,challenging,semantic,,7
Qwen-3-235B,169,challenging,semantic,,8
Qwen-3-235B,169,challenging,semantic,,9
Qwen-3-235B,169,challenging,semantic,,10
Qwen-3-235B,169,challenging,semantic,,11
Qwen-3-235B,169,challenging,semantic,,12
Qwen-3-235B,169,challenging,semantic,,13
Qwen-3-235B,169,challenging,semantic,,14
Qwen-3-235B,169,challenging,semantic,,15
Qwen-3-235B,169,challenging,semantic,,16
Qwen-3-235B,169,challenging,semantic,,17
Qwen-3-235B,169,challenging,semantic,,18
Qwen-3-235B,169,challenging,semantic,,19
Qwen-3-235B,169,challenging,semantic,,20
Qwen-3-235B,169,challenging,semantic,,21
Qwen-3-235B,169,challenging,semantic,,22
Qwen-3-235B,169,challenging,semantic,,23
Qwen-3-235B,169,challenging,semantic,,24
Qwen-3-235B,169,challenging,semantic,,25
Qwen-3-235B,169,challenging,semantic,,26
Qwen-3-235B,169,challenging,semantic,,27
Qwen-3-235B,169,challenging,semantic,,28
Qwen-3-235B,169,challenging,semantic,,29
Qwen-3-235B,169,challenging,semantic,,30
Qwen-3-235B,169,challenging,semantic,,31
Qwen-3-235B,169,challenging,semantic,,32
Qwen-3-235B,169,challenging,semantic,,33
Qwen-3-235B,169,challenging,semantic,,34
Qwen-3-235B,169,challenging,semantic,,35
Qwen-3-235B,169,challenging,semantic,,36
Qwen-3-235B,169,challenging,semantic,,37
Qwen-3-235B,169,challenging,semantic,,38
Qwen-3-235B,169,challenging,semantic,,39
Qwen-3-235B,169,challenging,semantic,,40
Qwen-3-235B,169,challenging,semantic,,41
Qwen-3-235B,169,challenging,semantic,,42
Qwen-3-235B,169,challenging,semantic,,43
Qwen-3-235B,169,challenging,semantic,,44
Qwen-3-235B,169,challenging,semantic,,45
Qwen-3-235B,169,challenging,semantic,,46
Qwen-3-235B,169,challenging,semantic,,47
Qwen-3-235B,169,challenging,semantic,,48
Qwen-3-235B,169,challenging,semantic,,49
Qwen-3-235B,169,challenging,semantic,,50
Qwen-3-235B,1247,challenging,semantic,,1
Qwen-3-235B,1247,challenging,semantic,,2
Qwen-3-235B,1247,challenging,semantic,,3
Qwen-3-235B,1247,challenging,semantic,,4
Qwen-3-235B,1247,challenging,semantic,,5
Qwen-3-235B,1247,challenging,semantic,,6
Qwen-3-235B,1247,challenging,semantic,,7
Qwen-3-235B,1247,challenging,semantic,,8
Qwen-3-235B,1247,challenging,semantic,,9
Qwen-3-235B,1247,challenging,semantic,,10
Qwen-3-235B,1247,challenging,semantic,,11
Qwen-3-235B,1247,challenging,semantic,,12
Qwen-3-235B,1247,challenging,semantic,,13
Qwen-3-235B,1247,challenging,semantic,,14
Qwen-3-235B,1247,challenging,semantic,,15
Qwen-3-235B,1247,challenging,semantic,,16
Qwen-3-235B,1247,challenging,semantic,,17
Qwen-3-235B,1247,challenging,semantic,,18
Qwen-3-235B,1247,challenging,semantic,,19
Qwen-3-235B,1247,challenging,semantic,,20
Qwen-3-235B,1247,challenging,semantic,,21
Qwen-3-235B,1247,challenging,semantic,,22
Qwen-3-235B,1247,challenging,semantic,,23
Qwen-3-235B,1247,challenging,semantic,,24
Qwen-3-235B,1247,challenging,semantic,,25
Qwen-3-235B,1247,challenging,semantic,,26
Qwen-3-235B,1247,challenging,semantic,,27
Qwen-3-235B,1247,challenging,semantic,,28
Qwen-3-235B,1247,challenging,semantic,,29
Qwen-3-235B,1247,challenging,semantic,,30
Qwen-3-235B,1247,challenging,semantic,,31
Qwen-3-235B,1247,challenging,semantic,,32
Qwen-3-235B,1247,challenging,semantic,,33
Qwen-3-235B,1247,challenging,semantic,,34
Qwen-3-235B,1247,challenging,semantic,,35
Qwen-3-235B,1247,challenging,semantic,,36
Qwen-3-235B,1247,challenging,semantic,,37
Qwen-3-235B,1247,challenging,semantic,,38
Qwen-3-235B,1247,challenging,semantic,,39
Qwen-3-235B,1247,challenging,semantic,,40
Qwen-3-235B,1247,challenging,semantic,,41
Qwen-3-235B,1247,challenging,semantic,,42
Qwen-3-235B,1247,challenging,semantic,,43
Qwen-3-235B,1247,challenging,semantic,,44
Qwen-3-235B,1247,challenging,semantic,,45
Qwen-3-235B,1247,challenging,semantic,,46
Qwen-3-235B,1247,challenging,semantic,,47
Qwen-3-235B,1247,challenging,semantic,,48
Qwen-3-235B,1247,challenging,semantic,,49
Qwen-3-235B,1247,challenging,semantic,,50
Qwen-3-235B,1236,challenging,correct,0.4302389832849841,1
Qwen-3-235B,1236,challenging,semantic,,2
Qwen-3-235B,1236,challenging,correct,0.8303762024895345,3
Qwen-3-235B,1236,challenging,semantic,,4
Qwen-3-235B,1236,challenging,correct,1.2359444391949352,5
Qwen-3-235B,1236,challenging,correct,1.654958128406221,6
Qwen-3-235B,1236,challenging,correct,1.2810791582415937,7
Qwen-3-235B,1236,challenging,correct,1.2283478770659992,8
Qwen-3-235B,1236,challenging,correct,1.088338582141967,9
Qwen-3-235B,1236,challenging,correct,1.7947234363699254,10
Qwen-3-235B,1236,challenging,correct,1.219035603286457,11
Qwen-3-235B,1236,challenging,correct,1.1708470179695836,12
Qwen-3-235B,1236,challenging,correct,0.6937791461040431,13
Qwen-3-235B,1236,challenging,correct,0.9807433082996341,14
Qwen-3-235B,1236,challenging,correct,1.3239759527206032,15
Qwen-3-235B,1236,challenging,correct,1.3485313931554836,16
Qwen-3-235B,1236,challenging,correct,1.0551708783257263,17
Qwen-3-235B,1236,challenging,correct,1.3336920435031483,18
Qwen-3-235B,1236,challenging,correct,1.2165196093823594,19
Qwen-3-235B,1236,challenging,correct,0.7834737167345075,20
Qwen-3-235B,1236,challenging,correct,1.0307735544157943,21
Qwen-3-235B,1236,challenging,correct,0.9688459238588798,22
Qwen-3-235B,1236,challenging,correct,0.9905793386311202,23
Qwen-3-235B,1236,challenging,correct,0.8903741552661941,24
Qwen-3-235B,1236,challenging,correct,1.069351663033542,25
Qwen-3-235B,1236,challenging,correct,1.467940219356394,26
Qwen-3-235B,1236,challenging,correct,0.9043193367210484,27
Qwen-3-235B,1236,challenging,correct,1.244593660511504,28
Qwen-3-235B,1236,challenging,correct,1.1012052104045773,29
Qwen-3-235B,1236,challenging,correct,1.2579424721430423,30
Qwen-3-235B,1236,challenging,correct,1.1608613791480349,31
Qwen-3-235B,1236,challenging,correct,0.6695012371402527,32
Qwen-3-235B,1236,challenging,correct,1.0436091254232651,33
Qwen-3-235B,1236,challenging,correct,0.525424020366739,34
Qwen-3-235B,1236,challenging,correct,1.107347827316163,35
Qwen-3-235B,1236,challenging,correct,1.215205539541296,36
Qwen-3-235B,1236,challenging,correct,1.2450026164311878,37
Qwen-3-235B,1236,challenging,correct,1.5892331301065903,38
Qwen-3-235B,1236,challenging,correct,1.2502294279596207,39
Qwen-3-235B,1236,challenging,correct,1.0755133449435017,40
Qwen-3-235B,1236,challenging,correct,1.2162934802131353,41
Qwen-3-235B,1236,challenging,correct,1.012196597048625,42
Qwen-3-235B,1236,challenging,correct,1.320490367775832,43
Qwen-3-235B,1236,challenging,correct,1.1168826046658384,44
Qwen-3-235B,1236,challenging,correct,2.0812922877187727,45
Qwen-3-235B,1236,challenging,correct,0.9912424880579382,46
Qwen-3-235B,1236,challenging,correct,0.9630267645528643,47
Qwen-3-235B,1236,challenging,correct,1.0775563775205823,48
Qwen-3-235B,1236,challenging,correct,1.1319420127459907,49
Qwen-3-235B,1236,challenging,correct,0.977904476695078,50
Qwen-3-235B,730,challenging,correct,0.012310724195946606,1
Qwen-3-235B,730,challenging,correct,0.021032188296569304,2
Qwen-3-235B,730,challenging,correct,0.016373717848025653,3
Qwen-3-235B,730,challenging,correct,0.015913134589050814,4
Qwen-3-235B,730,challenging,correct,0.026771684633808617,5
Qwen-3-235B,730,challenging,correct,0.011241395045995113,6
Qwen-3-235B,730,challenging,correct,0.023732122708918214,7
Qwen-3-235B,730,challenging,correct,0.016436609756405193,8
Qwen-3-235B,730,challenging,correct,0.01223873452118635,9
Qwen-3-235B,730,challenging,correct,0.03542959346939856,10
Qwen-3-235B,730,challenging,correct,0.016885333920729106,11
Qwen-3-235B,730,challenging,correct,0.013726107802992805,12
Qwen-3-235B,730,challenging,correct,0.012450740409133732,13
Qwen-3-235B,730,challenging,correct,0.027496696961594982,14
Qwen-3-235B,730,challenging,correct,0.019442778883104847,15
Qwen-3-235B,730,challenging,correct,0.014968006785348742,16
Qwen-3-235B,730,challenging,correct,0.02620984811480939,17
Qwen-3-235B,730,challenging,correct,0.017045670839115585,18
Qwen-3-235B,730,challenging,correct,0.017068392549437927,19
Qwen-3-235B,730,challenging,correct,0.034500703797912084,20
Qwen-3-235B,730,challenging,correct,0.024379965330736202,21
Qwen-3-235B,730,challenging,correct,0.016239953428785023,22
Qwen-3-235B,730,challenging,correct,0.025755322173751004,23
Qwen-3-235B,730,challenging,correct,0.02560054028680472,24
Qwen-3-235B,730,challenging,correct,0.015428001492580614,25
Qwen-3-235B,730,challenging,correct,0.010532992991875448,26
Qwen-3-235B,730,challenging,correct,0.013759332216263994,27
Qwen-3-235B,730,challenging,correct,0.01667328719867868,28
Qwen-3-235B,730,challenging,correct,0.012227432492041774,29
Qwen-3-235B,730,challenging,correct,0.011089127332951832,30
Qwen-3-235B,730,challenging,correct,0.015854195200822773,31
Qwen-3-235B,730,challenging,correct,0.020921711010973662,32
Qwen-3-235B,730,challenging,correct,0.019572722788983206,33
Qwen-3-235B,730,challenging,correct,0.01722649878491314,34
Qwen-3-235B,730,challenging,correct,0.0193671486134155,35
Qwen-3-235B,730,challenging,correct,0.010111641221374045,36
Qwen-3-235B,730,challenging,correct,0.019353537071779874,37
Qwen-3-235B,730,challenging,correct,0.01351041077393706,38
Qwen-3-235B,730,challenging,correct,0.021495644422579833,39
Qwen-3-235B,730,challenging,correct,0.014928305761953442,40
Qwen-3-235B,730,challenging,correct,0.018421809054092898,41
Qwen-3-235B,730,challenging,correct,0.025777057711662617,42
Qwen-3-235B,730,challenging,correct,0.013674429859476976,43
Qwen-3-235B,730,challenging,correct,0.0316179801517805,44
Qwen-3-235B,730,challenging,correct,0.017881944266229508,45
Qwen-3-235B,730,challenging,correct,0.019013107945050706,46
Qwen-3-235B,730,challenging,correct,0.018196119617367397,47
Qwen-3-235B,730,challenging,correct,0.02801987545832975,48
Qwen-3-235B,730,challenging,correct,0.01906608299426412,49
Qwen-3-235B,730,challenging,correct,0.015375853095694015,50
Qwen-3-235B,125,challenging,semantic,,1
Qwen-3-235B,125,challenging,semantic,,2
Qwen-3-235B,125,challenging,semantic,,3
Qwen-3-235B,125,challenging,semantic,,4
Qwen-3-235B,125,challenging,semantic,,5
Qwen-3-235B,125,challenging,semantic,,6
Qwen-3-235B,125,challenging,semantic,,7
Qwen-3-235B,125,challenging,semantic,,8
Qwen-3-235B,125,challenging,semantic,,9
Qwen-3-235B,125,challenging,semantic,,10
Qwen-3-235B,125,challenging,semantic,,11
Qwen-3-235B,125,challenging,semantic,,12
Qwen-3-235B,125,challenging,semantic,,13
Qwen-3-235B,125,challenging,semantic,,14
Qwen-3-235B,125,challenging,semantic,,15
Qwen-3-235B,125,challenging,semantic,,16
Qwen-3-235B,125,challenging,semantic,,17
Qwen-3-235B,125,challenging,semantic,,18
Qwen-3-235B,125,challenging,semantic,,19
Qwen-3-235B,125,challenging,semantic,,20
Qwen-3-235B,125,challenging,semantic,,21
Qwen-3-235B,125,challenging,semantic,,22
Qwen-3-235B,125,challenging,semantic,,23
Qwen-3-235B,125,challenging,semantic,,24
Qwen-3-235B,125,challenging,semantic,,25
Qwen-3-235B,125,challenging,semantic,,26
Qwen-3-235B,125,challenging,semantic,,27
Qwen-3-235B,125,challenging,semantic,,28
Qwen-3-235B,125,challenging,semantic,,29
Qwen-3-235B,125,challenging,semantic,,30
Qwen-3-235B,125,challenging,semantic,,31
Qwen-3-235B,125,challenging,semantic,,32
Qwen-3-235B,125,challenging,semantic,,33
Qwen-3-235B,125,challenging,semantic,,34
Qwen-3-235B,125,challenging,semantic,,35
Qwen-3-235B,125,challenging,semantic,,36
Qwen-3-235B,125,challenging,semantic,,37
Qwen-3-235B,125,challenging,semantic,,38
Qwen-3-235B,125,challenging,semantic,,39
Qwen-3-235B,125,challenging,semantic,,40
Qwen-3-235B,125,challenging,semantic,,41
Qwen-3-235B,125,challenging,semantic,,42
Qwen-3-235B,125,challenging,semantic,,43
Qwen-3-235B,125,challenging,semantic,,44
Qwen-3-235B,125,challenging,semantic,,45
Qwen-3-235B,125,challenging,semantic,,46
Qwen-3-235B,125,challenging,semantic,,47
Qwen-3-235B,125,challenging,semantic,,48
Qwen-3-235B,125,challenging,semantic,,49
Qwen-3-235B,125,challenging,semantic,,50
Qwen-3-235B,818,challenging,correct,1.1963798661046368,1
Qwen-3-235B,818,challenging,correct,0.9898964384945693,2
Qwen-3-235B,818,challenging,correct,1.2799024640657084,3
Qwen-3-235B,818,challenging,correct,1.2209803236698102,4
Qwen-3-235B,818,challenging,correct,1.309108372018569,5
Qwen-3-235B,818,challenging,correct,1.491557734204793,6
Qwen-3-235B,818,challenging,correct,1.2357463164638052,7
Qwen-3-235B,818,challenging,correct,1.3013846430498113,8
Qwen-3-235B,818,challenging,correct,0.766719207385724,9
Qwen-3-235B,818,challenging,correct,1.187528921795465,10
Qwen-3-235B,818,challenging,correct,0.957455806478897,11
Qwen-3-235B,818,challenging,correct,1.2951152635320402,12
Qwen-3-235B,818,challenging,correct,1.5635203602927379,13
Qwen-3-235B,818,challenging,correct,1.3323262839879153,14
Qwen-3-235B,818,challenging,correct,0.8637503133617448,15
Qwen-3-235B,818,challenging,correct,1.1553232344783444,16
Qwen-3-235B,818,challenging,correct,1.4470792365529208,17
Qwen-3-235B,818,challenging,correct,1.1419692186266772,18
Qwen-3-235B,818,challenging,correct,1.2440276057334985,19
Qwen-3-235B,818,challenging,correct,1.3755712505193187,20
Qwen-3-235B,818,challenging,correct,1.5612835349815886,21
Qwen-3-235B,818,challenging,correct,1.06976,22
Qwen-3-235B,818,challenging,correct,1.1149891239865533,23
Qwen-3-235B,818,challenging,correct,1.3689373297002725,24
Qwen-3-235B,818,challenging,correct,1.2076305220883534,25
Qwen-3-235B,818,challenging,correct,1.2325672755843646,26
Qwen-3-235B,818,challenging,correct,1.8417182015711182,27
Qwen-3-235B,818,challenging,correct,1.2382557633753806,28
Qwen-3-235B,818,challenging,correct,1.2974331358822473,29
Qwen-3-235B,818,challenging,correct,1.2489630968839731,30
Qwen-3-235B,818,challenging,correct,1.188377535101404,31
Qwen-3-235B,818,challenging,correct,1.4521082135023153,32
Qwen-3-235B,818,challenging,correct,0.8361968737889162,33
Qwen-3-235B,818,challenging,correct,1.2294541709577755,34
Qwen-3-235B,818,challenging,correct,1.1896963493688162,35
Qwen-3-235B,818,challenging,correct,1.0982646874346644,36
Qwen-3-235B,818,challenging,correct,1.3480142566191446,37
Qwen-3-235B,818,challenging,correct,1.165873103753737,38
Qwen-3-235B,818,challenging,correct,1.1103189131900955,39
Qwen-3-235B,818,challenging,correct,1.5763390622392792,40
Qwen-3-235B,818,challenging,correct,1.125249500998004,41
Qwen-3-235B,818,challenging,correct,1.8639932697700505,42
Qwen-3-235B,818,challenging,correct,1.1716895936154572,43
Qwen-3-235B,818,challenging,correct,1.2182055039895783,44
Qwen-3-235B,818,challenging,correct,2.064840693124651,45
Qwen-3-235B,818,challenging,correct,1.4406139315230224,46
Qwen-3-235B,818,challenging,correct,1.7406025824964133,47
Qwen-3-235B,818,challenging,correct,1.2404555454898407,48
Qwen-3-235B,818,challenging,correct,1.6909932360270559,49
Qwen-3-235B,818,challenging,correct,1.5564462257849032,50
Qwen-3-235B,1190,challenging,correct,1.3870131418183986,1
Qwen-3-235B,1190,challenging,correct,0.8349571935084028,2
Qwen-3-235B,1190,challenging,correct,1.1134281461881925,3
Qwen-3-235B,1190,challenging,correct,1.2036037923628935,4
Qwen-3-235B,1190,challenging,correct,1.2281983254660098,5
Qwen-3-235B,1190,challenging,correct,1.0025199379707577,6
Qwen-3-235B,1190,challenging,correct,1.0299957949820118,7
Qwen-3-235B,1190,challenging,correct,1.0299605440013875,8
Qwen-3-235B,1190,challenging,correct,0.6510156659920545,9
Qwen-3-235B,1190,challenging,correct,1.0919649024072038,10
Qwen-3-235B,1190,challenging,correct,0.7178019105703706,11
Qwen-3-235B,1190,challenging,correct,1.1980932203389831,12
Qwen-3-235B,1190,challenging,correct,1.4852206839427287,13
Qwen-3-235B,1190,challenging,correct,0.9633257732953723,14
Qwen-3-235B,1190,challenging,correct,1.0380820495066643,15
Qwen-3-235B,1190,challenging,correct,0.8342446611379446,16
Qwen-3-235B,1190,challenging,correct,0.846049068952343,17
Qwen-3-235B,1190,challenging,correct,1.2222142110386098,18
Qwen-3-235B,1190,challenging,correct,1.1271807211861709,19
Qwen-3-235B,1190,challenging,correct,1.4729340824996573,20
Qwen-3-235B,1190,challenging,correct,1.2446395237374501,21
Qwen-3-235B,1190,challenging,correct,0.9062672077988294,22
Qwen-3-235B,1190,challenging,correct,0.9191820057283634,23
Qwen-3-235B,1190,challenging,correct,1.1003465714184673,24
Qwen-3-235B,1190,challenging,correct,1.3515860571704257,25
Qwen-3-235B,1190,challenging,correct,1.1376035339591386,26
Qwen-3-235B,1190,challenging,correct,0.8041075775725491,27
Qwen-3-235B,1190,challenging,correct,1.4363053590274792,28
Qwen-3-235B,1190,challenging,correct,1.0688042266492173,29
Qwen-3-235B,1190,challenging,correct,0.7890208867148071,30
Qwen-3-235B,1190,challenging,correct,1.4510755838285763,31
Qwen-3-235B,1190,challenging,correct,1.1758925180402582,32
Qwen-3-235B,1190,challenging,correct,1.2235323737988335,33
Qwen-3-235B,1190,challenging,correct,1.1830476254002134,34
Qwen-3-235B,1190,challenging,correct,1.471276054905948,35
Qwen-3-235B,1190,challenging,correct,0.7080480301677087,36
Qwen-3-235B,1190,challenging,correct,1.165151515151515,37
Qwen-3-235B,1190,challenging,correct,0.9328699954353364,38
Qwen-3-235B,1190,challenging,correct,1.0451649129659921,39
Qwen-3-235B,1190,challenging,correct,0.7290536420631322,40
Qwen-3-235B,1190,challenging,correct,1.3814720222892964,41
Qwen-3-235B,1190,challenging,correct,1.1255890272635476,42
Qwen-3-235B,1190,challenging,correct,1.1053338741570755,43
Qwen-3-235B,1190,challenging,correct,1.5157196237598247,44
Qwen-3-235B,1190,challenging,correct,1.454729366189605,45
Qwen-3-235B,1190,challenging,correct,1.1709913310137405,46
Qwen-3-235B,1190,challenging,correct,0.5571895970353554,47
Qwen-3-235B,1190,challenging,correct,1.176915098533116,48
Qwen-3-235B,1190,challenging,correct,1.1004993919321033,49
Qwen-3-235B,1190,challenging,correct,0.8226156416213829,50
Qwen-3-235B,198,challenging,semantic,,1
Qwen-3-235B,198,challenging,semantic,,2
Qwen-3-235B,198,challenging,semantic,,3
Qwen-3-235B,198,challenging,semantic,,4
Qwen-3-235B,198,challenging,semantic,,5
Qwen-3-235B,198,challenging,semantic,,6
Qwen-3-235B,198,challenging,semantic,,7
Qwen-3-235B,198,challenging,semantic,,8
Qwen-3-235B,198,challenging,semantic,,9
Qwen-3-235B,198,challenging,semantic,,10
Qwen-3-235B,198,challenging,semantic,,11
Qwen-3-235B,198,challenging,semantic,,12
Qwen-3-235B,198,challenging,semantic,,13
Qwen-3-235B,198,challenging,semantic,,14
Qwen-3-235B,198,challenging,semantic,,15
Qwen-3-235B,198,challenging,semantic,,16
Qwen-3-235B,198,challenging,semantic,,17
Qwen-3-235B,198,challenging,semantic,,18
Qwen-3-235B,198,challenging,semantic,,19
Qwen-3-235B,198,challenging,semantic,,20
Qwen-3-235B,198,challenging,semantic,,21
Qwen-3-235B,198,challenging,semantic,,22
Qwen-3-235B,198,challenging,semantic,,23
Qwen-3-235B,198,challenging,semantic,,24
Qwen-3-235B,198,challenging,semantic,,25
Qwen-3-235B,198,challenging,semantic,,26
Qwen-3-235B,198,challenging,semantic,,27
Qwen-3-235B,198,challenging,semantic,,28
Qwen-3-235B,198,challenging,semantic,,29
Qwen-3-235B,198,challenging,semantic,,30
Qwen-3-235B,198,challenging,semantic,,31
Qwen-3-235B,198,challenging,semantic,,32
Qwen-3-235B,198,challenging,semantic,,33
Qwen-3-235B,198,challenging,semantic,,34
Qwen-3-235B,198,challenging,semantic,,35
Qwen-3-235B,198,challenging,semantic,,36
Qwen-3-235B,198,challenging,semantic,,37
Qwen-3-235B,198,challenging,semantic,,38
Qwen-3-235B,198,challenging,semantic,,39
Qwen-3-235B,198,challenging,semantic,,40
Qwen-3-235B,198,challenging,semantic,,41
Qwen-3-235B,198,challenging,semantic,,42
Qwen-3-235B,198,challenging,semantic,,43
Qwen-3-235B,198,challenging,semantic,,44
Qwen-3-235B,198,challenging,semantic,,45
Qwen-3-235B,198,challenging,semantic,,46
Qwen-3-235B,198,challenging,semantic,,47
Qwen-3-235B,198,challenging,semantic,,48
Qwen-3-235B,198,challenging,semantic,,49
Qwen-3-235B,198,challenging,semantic,,50
Qwen-3-235B,1694,Challenging,semantic,,1
Qwen-3-235B,1694,Challenging,correct,3.901197404508663,2
Qwen-3-235B,1694,Challenging,correct,0.6695518889189432,3
Qwen-3-235B,1694,Challenging,semantic,,4
Qwen-3-235B,1694,Challenging,semantic,,5
Qwen-3-235B,1694,Challenging,correct,0.6246153846153846,6
Qwen-3-235B,1694,Challenging,semantic,,7
Qwen-3-235B,1694,Challenging,correct,0.6798314186663041,8
Qwen-3-235B,1694,Challenging,correct,0.6915972356778403,9
Qwen-3-235B,1694,Challenging,correct,0.6497204063952114,10
Qwen-3-235B,1694,Challenging,semantic,,11
Qwen-3-235B,1694,Challenging,correct,1.2139167862266858,12
Qwen-3-235B,1694,Challenging,correct,0.6863786008230452,13
Qwen-3-235B,1694,Challenging,correct,0.5996669321555282,14
Qwen-3-235B,1694,Challenging,semantic,,15
Qwen-3-235B,1694,Challenging,semantic,,16
Qwen-3-235B,1694,Challenging,semantic,,17
Qwen-3-235B,1694,Challenging,correct,0.711075580139147,18
Qwen-3-235B,1694,Challenging,correct,0.6232470522570293,19
Qwen-3-235B,1694,Challenging,semantic,,20
Qwen-3-235B,1694,Challenging,correct,0.6905387264343664,21
Qwen-3-235B,1694,Challenging,correct,0.6580799045915325,22
Qwen-3-235B,1694,Challenging,correct,0.6146226591410309,23
Qwen-3-235B,1694,Challenging,semantic,,24
Qwen-3-235B,1694,Challenging,correct,0.7592436581484602,25
Qwen-3-235B,1694,Challenging,correct,0.7414740068974326,26
Qwen-3-235B,1694,Challenging,correct,0.6969777423779814,27
Qwen-3-235B,1694,Challenging,correct,0.6601808176100629,28
Qwen-3-235B,1694,Challenging,correct,1.3674242424242424,29
Qwen-3-235B,1694,Challenging,correct,0.5901529604712655,30
Qwen-3-235B,1694,Challenging,correct,0.6664587751029063,31
Qwen-3-235B,1694,Challenging,correct,0.6852347360739479,32
Qwen-3-235B,1694,Challenging,semantic,,33
Qwen-3-235B,1694,Challenging,correct,0.6968045393459759,34
Qwen-3-235B,1694,Challenging,semantic,,35
Qwen-3-235B,1694,Challenging,semantic,,36
Qwen-3-235B,1694,Challenging,correct,0.5938568434984008,37
Qwen-3-235B,1694,Challenging,correct,0.6879792944785276,38
Qwen-3-235B,1694,Challenging,semantic,,39
Qwen-3-235B,1694,Challenging,correct,0.6185760565454278,40
Qwen-3-235B,1694,Challenging,correct,0.6666447325129959,41
Qwen-3-235B,1694,Challenging,correct,0.7298713357209179,42
Qwen-3-235B,1694,Challenging,correct,0.6020288724151385,43
Qwen-3-235B,1694,Challenging,semantic,,44
Qwen-3-235B,1694,Challenging,semantic,,45
Qwen-3-235B,1694,Challenging,correct,0.617929015733626,46
Qwen-3-235B,1694,Challenging,correct,0.7433381270620083,47
Qwen-3-235B,1694,Challenging,semantic,,48
Qwen-3-235B,1694,Challenging,correct,0.6976532804495125,49
Qwen-3-235B,1694,Challenging,semantic,,50
Qwen-3-235B,268,challenging,semantic,,1
Qwen-3-235B,268,challenging,semantic,,2
Qwen-3-235B,268,challenging,semantic,,3
Qwen-3-235B,268,challenging,semantic,,4
Qwen-3-235B,268,challenging,semantic,,5
Qwen-3-235B,268,challenging,semantic,,6
Qwen-3-235B,268,challenging,semantic,,7
Qwen-3-235B,268,challenging,semantic,,8
Qwen-3-235B,268,challenging,semantic,,9
Qwen-3-235B,268,challenging,semantic,,10
Qwen-3-235B,268,challenging,semantic,,11
Qwen-3-235B,268,challenging,semantic,,12
Qwen-3-235B,268,challenging,semantic,,13
Qwen-3-235B,268,challenging,semantic,,14
Qwen-3-235B,268,challenging,semantic,,15
Qwen-3-235B,268,challenging,semantic,,16
Qwen-3-235B,268,challenging,semantic,,17
Qwen-3-235B,268,challenging,semantic,,18
Qwen-3-235B,268,challenging,semantic,,19
Qwen-3-235B,268,challenging,semantic,,20
Qwen-3-235B,268,challenging,semantic,,21
Qwen-3-235B,268,challenging,semantic,,22
Qwen-3-235B,268,challenging,semantic,,23
Qwen-3-235B,268,challenging,semantic,,24
Qwen-3-235B,268,challenging,semantic,,25
Qwen-3-235B,268,challenging,semantic,,26
Qwen-3-235B,268,challenging,semantic,,27
Qwen-3-235B,268,challenging,semantic,,28
Qwen-3-235B,268,challenging,semantic,,29
Qwen-3-235B,268,challenging,semantic,,30
Qwen-3-235B,268,challenging,semantic,,31
Qwen-3-235B,268,challenging,semantic,,32
Qwen-3-235B,268,challenging,semantic,,33
Qwen-3-235B,268,challenging,semantic,,34
Qwen-3-235B,268,challenging,semantic,,35
Qwen-3-235B,268,challenging,semantic,,36
Qwen-3-235B,268,challenging,semantic,,37
Qwen-3-235B,268,challenging,semantic,,38
Qwen-3-235B,268,challenging,semantic,,39
Qwen-3-235B,268,challenging,semantic,,40
Qwen-3-235B,268,challenging,semantic,,41
Qwen-3-235B,268,challenging,semantic,,42
Qwen-3-235B,268,challenging,semantic,,43
Qwen-3-235B,268,challenging,semantic,,44
Qwen-3-235B,268,challenging,semantic,,45
Qwen-3-235B,268,challenging,semantic,,46
Qwen-3-235B,268,challenging,semantic,,47
Qwen-3-235B,268,challenging,semantic,,48
Qwen-3-235B,268,challenging,semantic,,49
Qwen-3-235B,268,challenging,semantic,,50
Qwen-3-235B,249,challenging,semantic,,1
Qwen-3-235B,249,challenging,semantic,,2
Qwen-3-235B,249,challenging,semantic,,3
Qwen-3-235B,249,challenging,semantic,,4
Qwen-3-235B,249,challenging,semantic,,5
Qwen-3-235B,249,challenging,semantic,,6
Qwen-3-235B,249,challenging,semantic,,7
Qwen-3-235B,249,challenging,semantic,,8
Qwen-3-235B,249,challenging,semantic,,9
Qwen-3-235B,249,challenging,semantic,,10
Qwen-3-235B,249,challenging,semantic,,11
Qwen-3-235B,249,challenging,semantic,,12
Qwen-3-235B,249,challenging,semantic,,13
Qwen-3-235B,249,challenging,semantic,,14
Qwen-3-235B,249,challenging,semantic,,15
Qwen-3-235B,249,challenging,semantic,,16
Qwen-3-235B,249,challenging,semantic,,17
Qwen-3-235B,249,challenging,semantic,,18
Qwen-3-235B,249,challenging,semantic,,19
Qwen-3-235B,249,challenging,semantic,,20
Qwen-3-235B,249,challenging,semantic,,21
Qwen-3-235B,249,challenging,semantic,,22
Qwen-3-235B,249,challenging,semantic,,23
Qwen-3-235B,249,challenging,semantic,,24
Qwen-3-235B,249,challenging,semantic,,25
Qwen-3-235B,249,challenging,semantic,,26
Qwen-3-235B,249,challenging,semantic,,27
Qwen-3-235B,249,challenging,semantic,,28
Qwen-3-235B,249,challenging,semantic,,29
Qwen-3-235B,249,challenging,semantic,,30
Qwen-3-235B,249,challenging,semantic,,31
Qwen-3-235B,249,challenging,semantic,,32
Qwen-3-235B,249,challenging,semantic,,33
Qwen-3-235B,249,challenging,semantic,,34
Qwen-3-235B,249,challenging,semantic,,35
Qwen-3-235B,249,challenging,semantic,,36
Qwen-3-235B,249,challenging,semantic,,37
Qwen-3-235B,249,challenging,semantic,,38
Qwen-3-235B,249,challenging,semantic,,39
Qwen-3-235B,249,challenging,semantic,,40
Qwen-3-235B,249,challenging,semantic,,41
Qwen-3-235B,249,challenging,semantic,,42
Qwen-3-235B,249,challenging,semantic,,43
Qwen-3-235B,249,challenging,semantic,,44
Qwen-3-235B,249,challenging,semantic,,45
Qwen-3-235B,249,challenging,semantic,,46
Qwen-3-235B,249,challenging,semantic,,47
Qwen-3-235B,249,challenging,semantic,,48
Qwen-3-235B,249,challenging,semantic,,49
Qwen-3-235B,249,challenging,semantic,,50
Qwen-3-235B,319,challenging,semantic,,1
Qwen-3-235B,319,challenging,semantic,,2
Qwen-3-235B,319,challenging,semantic,,3
Qwen-3-235B,319,challenging,semantic,,4
Qwen-3-235B,319,challenging,semantic,,5
Qwen-3-235B,319,challenging,semantic,,6
Qwen-3-235B,319,challenging,semantic,,7
Qwen-3-235B,319,challenging,semantic,,8
Qwen-3-235B,319,challenging,semantic,,9
Qwen-3-235B,319,challenging,semantic,,10
Qwen-3-235B,319,challenging,semantic,,11
Qwen-3-235B,319,challenging,semantic,,12
Qwen-3-235B,319,challenging,semantic,,13
Qwen-3-235B,319,challenging,semantic,,14
Qwen-3-235B,319,challenging,semantic,,15
Qwen-3-235B,319,challenging,semantic,,16
Qwen-3-235B,319,challenging,semantic,,17
Qwen-3-235B,319,challenging,semantic,,18
Qwen-3-235B,319,challenging,semantic,,19
Qwen-3-235B,319,challenging,semantic,,20
Qwen-3-235B,319,challenging,semantic,,21
Qwen-3-235B,319,challenging,semantic,,22
Qwen-3-235B,319,challenging,semantic,,23
Qwen-3-235B,319,challenging,semantic,,24
Qwen-3-235B,319,challenging,semantic,,25
Qwen-3-235B,319,challenging,semantic,,26
Qwen-3-235B,319,challenging,semantic,,27
Qwen-3-235B,319,challenging,semantic,,28
Qwen-3-235B,319,challenging,semantic,,29
Qwen-3-235B,319,challenging,semantic,,30
Qwen-3-235B,319,challenging,semantic,,31
Qwen-3-235B,319,challenging,semantic,,32
Qwen-3-235B,319,challenging,semantic,,33
Qwen-3-235B,319,challenging,semantic,,34
Qwen-3-235B,319,challenging,semantic,,35
Qwen-3-235B,319,challenging,semantic,,36
Qwen-3-235B,319,challenging,semantic,,37
Qwen-3-235B,319,challenging,semantic,,38
Qwen-3-235B,319,challenging,semantic,,39
Qwen-3-235B,319,challenging,semantic,,40
Qwen-3-235B,319,challenging,semantic,,41
Qwen-3-235B,319,challenging,semantic,,42
Qwen-3-235B,319,challenging,semantic,,43
Qwen-3-235B,319,challenging,semantic,,44
Qwen-3-235B,319,challenging,semantic,,45
Qwen-3-235B,319,challenging,semantic,,46
Qwen-3-235B,319,challenging,semantic,,47
Qwen-3-235B,319,challenging,semantic,,48
Qwen-3-235B,319,challenging,semantic,,49
Qwen-3-235B,319,challenging,semantic,,50
Qwen-3-235B,328,challenging,semantic,,1
Qwen-3-235B,328,challenging,semantic,,2
Qwen-3-235B,328,challenging,semantic,,3
Qwen-3-235B,328,challenging,semantic,,4
Qwen-3-235B,328,challenging,semantic,,5
Qwen-3-235B,328,challenging,semantic,,6
Qwen-3-235B,328,challenging,semantic,,7
Qwen-3-235B,328,challenging,semantic,,8
Qwen-3-235B,328,challenging,semantic,,9
Qwen-3-235B,328,challenging,semantic,,10
Qwen-3-235B,328,challenging,semantic,,11
Qwen-3-235B,328,challenging,semantic,,12
Qwen-3-235B,328,challenging,semantic,,13
Qwen-3-235B,328,challenging,semantic,,14
Qwen-3-235B,328,challenging,semantic,,15
Qwen-3-235B,328,challenging,semantic,,16
Qwen-3-235B,328,challenging,semantic,,17
Qwen-3-235B,328,challenging,semantic,,18
Qwen-3-235B,328,challenging,semantic,,19
Qwen-3-235B,328,challenging,semantic,,20
Qwen-3-235B,328,challenging,semantic,,21
Qwen-3-235B,328,challenging,semantic,,22
Qwen-3-235B,328,challenging,semantic,,23
Qwen-3-235B,328,challenging,semantic,,24
Qwen-3-235B,328,challenging,semantic,,25
Qwen-3-235B,328,challenging,semantic,,26
Qwen-3-235B,328,challenging,semantic,,27
Qwen-3-235B,328,challenging,semantic,,28
Qwen-3-235B,328,challenging,semantic,,29
Qwen-3-235B,328,challenging,semantic,,30
Qwen-3-235B,328,challenging,semantic,,31
Qwen-3-235B,328,challenging,semantic,,32
Qwen-3-235B,328,challenging,semantic,,33
Qwen-3-235B,328,challenging,semantic,,34
Qwen-3-235B,328,challenging,semantic,,35
Qwen-3-235B,328,challenging,semantic,,36
Qwen-3-235B,328,challenging,semantic,,37
Qwen-3-235B,328,challenging,semantic,,38
Qwen-3-235B,328,challenging,semantic,,39
Qwen-3-235B,328,challenging,semantic,,40
Qwen-3-235B,328,challenging,semantic,,41
Qwen-3-235B,328,challenging,semantic,,42
Qwen-3-235B,328,challenging,semantic,,43
Qwen-3-235B,328,challenging,semantic,,44
Qwen-3-235B,328,challenging,semantic,,45
Qwen-3-235B,328,challenging,semantic,,46
Qwen-3-235B,328,challenging,semantic,,47
Qwen-3-235B,328,challenging,semantic,,48
Qwen-3-235B,328,challenging,semantic,,49
Qwen-3-235B,328,challenging,semantic,,50
Qwen-3-235B,1231,challenging,correct,9.932890563045202,1
Qwen-3-235B,1231,challenging,correct,1.0976784932106878,2
Qwen-3-235B,1231,challenging,correct,0.7583892617449665,3
Qwen-3-235B,1231,challenging,correct,1.044484580908422,4
Qwen-3-235B,1231,challenging,correct,1.312944069958098,5
Qwen-3-235B,1231,challenging,correct,0.9927607765712405,6
Qwen-3-235B,1231,challenging,correct,1.0124891961970615,7
Qwen-3-235B,1231,challenging,correct,1.151694459386767,8
Qwen-3-235B,1231,challenging,correct,1.2129146135176878,9
Qwen-3-235B,1231,challenging,correct,1.1113370948694397,10
Qwen-3-235B,1231,challenging,correct,1.4592651230292235,11
Qwen-3-235B,1231,challenging,correct,0.9456146263375179,12
Qwen-3-235B,1231,challenging,correct,1.1741151832460732,13
Qwen-3-235B,1231,challenging,correct,0.7663259938378297,14
Qwen-3-235B,1231,challenging,correct,1.074134982239179,15
Qwen-3-235B,1231,challenging,correct,0.6743067311322478,16
Qwen-3-235B,1231,challenging,correct,1.3220748677075849,17
Qwen-3-235B,1231,challenging,correct,1.1437403400309119,18
Qwen-3-235B,1231,challenging,correct,1.327543790592403,19
Qwen-3-235B,1231,challenging,correct,1.0705207616425785,20
Qwen-3-235B,1231,challenging,correct,1.209339651482727,21
Qwen-3-235B,1231,challenging,correct,1.1166137170622314,22
Qwen-3-235B,1231,challenging,correct,1.496084032064867,23
Qwen-3-235B,1231,challenging,correct,1.3814010293989356,24
Qwen-3-235B,1231,challenging,correct,1.1545977280164554,25
Qwen-3-235B,1231,challenging,correct,0.9622132253711201,26
Qwen-3-235B,1231,challenging,correct,1.1058235083958556,27
Qwen-3-235B,1231,challenging,correct,1.1133707494222516,28
Qwen-3-235B,1231,challenging,correct,1.1844123417157124,29
Qwen-3-235B,1231,challenging,correct,1.989292364990689,30
Qwen-3-235B,1231,challenging,correct,1.1260818253343823,31
Qwen-3-235B,1231,challenging,correct,0.9977905619476405,32
Qwen-3-235B,1231,challenging,correct,0.9465388834362912,33
Qwen-3-235B,1231,challenging,correct,1.1243483462951884,34
Qwen-3-235B,1231,challenging,correct,0.9830632090761751,35
Qwen-3-235B,1231,challenging,correct,1.034208519446563,36
Qwen-3-235B,1231,challenging,correct,1.1752454626599227,37
Qwen-3-235B,1231,challenging,correct,1.5319520174482006,38
Qwen-3-235B,1231,challenging,correct,0.7730221407417853,39
Qwen-3-235B,1231,challenging,correct,1.4104046242774566,40
Qwen-3-235B,1231,challenging,correct,0.8209526982011992,41
Qwen-3-235B,1231,challenging,correct,1.006190672719769,42
Qwen-3-235B,1231,challenging,correct,1.184594366536746,43
Qwen-3-235B,1231,challenging,correct,1.1937097321125805,44
Qwen-3-235B,1231,challenging,correct,1.2063953488372092,45
Qwen-3-235B,1231,challenging,correct,0.9825265337820347,46
Qwen-3-235B,1231,challenging,correct,1.044122807017544,47
Qwen-3-235B,1231,challenging,correct,1.2042293499858074,48
Qwen-3-235B,1231,challenging,correct,0.6405518446844373,49
Qwen-3-235B,1231,challenging,correct,1.2885725467175424,50
Qwen-3-235B,1232,challenging,correct,1.0417105609691861,1
Qwen-3-235B,1232,challenging,correct,1.1249072753209701,2
Qwen-3-235B,1232,challenging,correct,0.9219537124917865,3
Qwen-3-235B,1232,challenging,correct,1.1698722044728433,4
Qwen-3-235B,1232,challenging,correct,1.1276584346708094,5
Qwen-3-235B,1232,challenging,correct,0.9644810447730156,6
Qwen-3-235B,1232,challenging,correct,0.8565527686623677,7
Qwen-3-235B,1232,challenging,correct,1.0281294688012277,8
Qwen-3-235B,1232,challenging,correct,0.9107666749142836,9
Qwen-3-235B,1232,challenging,correct,3.500110741971207,10
Qwen-3-235B,1232,challenging,correct,1.0843285867401622,11
Qwen-3-235B,1232,challenging,correct,1.0598963189497632,12
Qwen-3-235B,1232,challenging,correct,1.0985288424312813,13
Qwen-3-235B,1232,challenging,correct,1.1287100725525299,14
Qwen-3-235B,1232,challenging,correct,1.0935223661696407,15
Qwen-3-235B,1232,challenging,correct,1.1200501253132833,16
Qwen-3-235B,1232,challenging,correct,0.9690494061547971,17
Qwen-3-235B,1232,challenging,correct,1.0490167727009831,18
Qwen-3-235B,1232,challenging,correct,1.1022512929723152,19
Qwen-3-235B,1232,challenging,correct,1.0966606365814306,20
Qwen-3-235B,1232,challenging,correct,0.7757825770444067,21
Qwen-3-235B,1232,challenging,correct,1.110108128982429,22
Qwen-3-235B,1232,challenging,correct,0.9896518858076522,23
Qwen-3-235B,1232,challenging,correct,1.0589459420219716,24
Qwen-3-235B,1232,challenging,correct,1.0190193842645383,25
Qwen-3-235B,1232,challenging,correct,1.1001994260421226,26
Qwen-3-235B,1232,challenging,correct,1.0949676086752418,27
Qwen-3-235B,1232,challenging,correct,1.121618255194061,28
Qwen-3-235B,1232,challenging,correct,1.084366391184573,29
Qwen-3-235B,1232,challenging,correct,0.9484811766180588,30
Qwen-3-235B,1232,challenging,correct,1.0683238913850361,31
Qwen-3-235B,1232,challenging,correct,1.1108520353638396,32
Qwen-3-235B,1232,challenging,correct,1.5185185185185186,33
Qwen-3-235B,1232,challenging,correct,1.080681818181818,34
Qwen-3-235B,1232,challenging,correct,1.0972756810797302,35
Qwen-3-235B,1232,challenging,correct,1.1044252288911496,36
Qwen-3-235B,1232,challenging,correct,1.0966246290801187,37
Qwen-3-235B,1232,challenging,correct,1.0873743564599165,38
Qwen-3-235B,1232,challenging,correct,1.1180875861726927,39
Qwen-3-235B,1232,challenging,correct,1.1661791072945173,40
Qwen-3-235B,1232,challenging,correct,1.0946342433736138,41
Qwen-3-235B,1232,challenging,correct,1.0522617901828681,42
Qwen-3-235B,1232,challenging,correct,0.8097838395530839,43
Qwen-3-235B,1232,challenging,correct,1.1430260047281324,44
Qwen-3-235B,1232,challenging,correct,1.6539325842696628,45
Qwen-3-235B,1232,challenging,correct,1.0003435567493284,46
Qwen-3-235B,1232,challenging,correct,2.2357358053302434,47
Qwen-3-235B,1232,challenging,correct,1.8954775847645293,48
Qwen-3-235B,1232,challenging,correct,1.6207218167072182,49
Qwen-3-235B,1232,challenging,correct,1.5576393778403637,50
Qwen-3-235B,1171,challenging,correct,7.385387188062773,1
Qwen-3-235B,1171,challenging,correct,1.268553459119497,2
Qwen-3-235B,1171,challenging,correct,1.359458225536448,3
Qwen-3-235B,1171,challenging,semantic,,4
Qwen-3-235B,1171,challenging,correct,1.402878916172735,5
Qwen-3-235B,1171,challenging,semantic,,6
Qwen-3-235B,1171,challenging,semantic,,7
Qwen-3-235B,1171,challenging,correct,1.477683780630105,8
Qwen-3-235B,1171,challenging,correct,1.7150092081031307,9
Qwen-3-235B,1171,challenging,correct,1.431082466676432,10
Qwen-3-235B,1171,challenging,correct,1.3295717592592593,11
Qwen-3-235B,1171,challenging,semantic,,12
Qwen-3-235B,1171,challenging,semantic,,13
Qwen-3-235B,1171,challenging,correct,0.9328433857070451,14
Qwen-3-235B,1171,challenging,correct,1.4997439836149513,15
Qwen-3-235B,1171,challenging,correct,1.5486654625727474,16
Qwen-3-235B,1171,challenging,correct,1.2631920415224913,17
Qwen-3-235B,1171,challenging,correct,1.7264316477907162,18
Qwen-3-235B,1171,challenging,correct,2.2353337374553783,19
Qwen-3-235B,1171,challenging,semantic,,20
Qwen-3-235B,1171,challenging,correct,0.5984977268234829,21
Qwen-3-235B,1171,challenging,semantic,,22
Qwen-3-235B,1171,challenging,correct,0.6744814229651903,23
Qwen-3-235B,1171,challenging,correct,1.2996283679157634,24
Qwen-3-235B,1171,challenging,correct,0.9450792991204378,25
Qwen-3-235B,1171,challenging,semantic,,26
Qwen-3-235B,1171,challenging,semantic,,27
Qwen-3-235B,1171,challenging,correct,1.4925790754257908,28
Qwen-3-235B,1171,challenging,correct,1.8273586320683965,29
Qwen-3-235B,1171,challenging,correct,0.8858655007766209,30
Qwen-3-235B,1171,challenging,correct,1.2843111915223573,31
Qwen-3-235B,1171,challenging,correct,1.032922615555121,32
Qwen-3-235B,1171,challenging,correct,1.3270586284103159,33
Qwen-3-235B,1171,challenging,correct,1.0780776826859777,34
Qwen-3-235B,1171,challenging,correct,1.1899373421864772,35
Qwen-3-235B,1171,challenging,correct,2.1668084448225193,36
Qwen-3-235B,1171,challenging,correct,1.0276243093922652,37
Qwen-3-235B,1171,challenging,correct,0.7685240071132188,38
Qwen-3-235B,1171,challenging,correct,0.839051210978325,39
Qwen-3-235B,1171,challenging,correct,0.7606184263463417,40
Qwen-3-235B,1171,challenging,semantic,,41
Qwen-3-235B,1171,challenging,correct,1.5078433720512514,42
Qwen-3-235B,1171,challenging,correct,1.3826415865876098,43
Qwen-3-235B,1171,challenging,correct,0.5112418365820829,44
Qwen-3-235B,1171,challenging,correct,1.1859158297465329,45
Qwen-3-235B,1171,challenging,correct,1.1133242692046228,46
Qwen-3-235B,1171,challenging,correct,1.042631023566655,47
Qwen-3-235B,1171,challenging,correct,1.191502739602982,48
Qwen-3-235B,1171,challenging,correct,0.7126093449967996,49
Qwen-3-235B,1171,challenging,correct,1.0862527716186252,50
Qwen-3-235B,1223,challenging,semantic,,1
Qwen-3-235B,1223,challenging,semantic,,2
Qwen-3-235B,1223,challenging,semantic,,3
Qwen-3-235B,1223,challenging,semantic,,4
Qwen-3-235B,1223,challenging,semantic,,5
Qwen-3-235B,1223,challenging,semantic,,6
Qwen-3-235B,1223,challenging,semantic,,7
Qwen-3-235B,1223,challenging,semantic,,8
Qwen-3-235B,1223,challenging,semantic,,9
Qwen-3-235B,1223,challenging,semantic,,10
Qwen-3-235B,1223,challenging,semantic,,11
Qwen-3-235B,1223,challenging,semantic,,12
Qwen-3-235B,1223,challenging,semantic,,13
Qwen-3-235B,1223,challenging,semantic,,14
Qwen-3-235B,1223,challenging,semantic,,15
Qwen-3-235B,1223,challenging,semantic,,16
Qwen-3-235B,1223,challenging,semantic,,17
Qwen-3-235B,1223,challenging,semantic,,18
Qwen-3-235B,1223,challenging,semantic,,19
Qwen-3-235B,1223,challenging,semantic,,20
Qwen-3-235B,1223,challenging,semantic,,21
Qwen-3-235B,1223,challenging,semantic,,22
Qwen-3-235B,1223,challenging,semantic,,23
Qwen-3-235B,1223,challenging,semantic,,24
Qwen-3-235B,1223,challenging,semantic,,25
Qwen-3-235B,1223,challenging,semantic,,26
Qwen-3-235B,1223,challenging,semantic,,27
Qwen-3-235B,1223,challenging,semantic,,28
Qwen-3-235B,1223,challenging,semantic,,29
Qwen-3-235B,1223,challenging,semantic,,30
Qwen-3-235B,1223,challenging,semantic,,31
Qwen-3-235B,1223,challenging,semantic,,32
Qwen-3-235B,1223,challenging,semantic,,33
Qwen-3-235B,1223,challenging,semantic,,34
Qwen-3-235B,1223,challenging,semantic,,35
Qwen-3-235B,1223,challenging,semantic,,36
Qwen-3-235B,1223,challenging,semantic,,37
Qwen-3-235B,1223,challenging,semantic,,38
Qwen-3-235B,1223,challenging,semantic,,39
Qwen-3-235B,1223,challenging,semantic,,40
Qwen-3-235B,1223,challenging,semantic,,41
Qwen-3-235B,1223,challenging,semantic,,42
Qwen-3-235B,1223,challenging,semantic,,43
Qwen-3-235B,1223,challenging,semantic,,44
Qwen-3-235B,1223,challenging,semantic,,45
Qwen-3-235B,1223,challenging,semantic,,46
Qwen-3-235B,1223,challenging,semantic,,47
Qwen-3-235B,1223,challenging,semantic,,48
Qwen-3-235B,1223,challenging,semantic,,49
Qwen-3-235B,1223,challenging,semantic,,50
Qwen-3-235B,1481,challenging,semantic,,1
Qwen-3-235B,1481,challenging,semantic,,2
Qwen-3-235B,1481,challenging,semantic,,3
Qwen-3-235B,1481,challenging,semantic,,4
Qwen-3-235B,1481,challenging,semantic,,5
Qwen-3-235B,1481,challenging,semantic,,6
Qwen-3-235B,1481,challenging,semantic,,7
Qwen-3-235B,1481,challenging,semantic,,8
Qwen-3-235B,1481,challenging,semantic,,9
Qwen-3-235B,1481,challenging,semantic,,10
Qwen-3-235B,1481,challenging,semantic,,11
Qwen-3-235B,1481,challenging,semantic,,12
Qwen-3-235B,1481,challenging,semantic,,13
Qwen-3-235B,1481,challenging,semantic,,14
Qwen-3-235B,1481,challenging,semantic,,15
Qwen-3-235B,1481,challenging,semantic,,16
Qwen-3-235B,1481,challenging,semantic,,17
Qwen-3-235B,1481,challenging,semantic,,18
Qwen-3-235B,1481,challenging,semantic,,19
Qwen-3-235B,1481,challenging,semantic,,20
Qwen-3-235B,1481,challenging,semantic,,21
Qwen-3-235B,1481,challenging,semantic,,22
Qwen-3-235B,1481,challenging,semantic,,23
Qwen-3-235B,1481,challenging,semantic,,24
Qwen-3-235B,1481,challenging,semantic,,25
Qwen-3-235B,1481,challenging,semantic,,26
Qwen-3-235B,1481,challenging,semantic,,27
Qwen-3-235B,1481,challenging,semantic,,28
Qwen-3-235B,1481,challenging,semantic,,29
Qwen-3-235B,1481,challenging,semantic,,30
Qwen-3-235B,1481,challenging,semantic,,31
Qwen-3-235B,1481,challenging,semantic,,32
Qwen-3-235B,1481,challenging,semantic,,33
Qwen-3-235B,1481,challenging,semantic,,34
Qwen-3-235B,1481,challenging,semantic,,35
Qwen-3-235B,1481,challenging,semantic,,36
Qwen-3-235B,1481,challenging,semantic,,37
Qwen-3-235B,1481,challenging,semantic,,38
Qwen-3-235B,1481,challenging,semantic,,39
Qwen-3-235B,1481,challenging,semantic,,40
Qwen-3-235B,1481,challenging,semantic,,41
Qwen-3-235B,1481,challenging,semantic,,42
Qwen-3-235B,1481,challenging,semantic,,43
Qwen-3-235B,1481,challenging,semantic,,44
Qwen-3-235B,1481,challenging,semantic,,45
Qwen-3-235B,1481,challenging,semantic,,46
Qwen-3-235B,1481,challenging,semantic,,47
Qwen-3-235B,1481,challenging,semantic,,48
Qwen-3-235B,1481,challenging,semantic,,49
Qwen-3-235B,1481,challenging,semantic,,50
Qwen-3-235B,62,challenging,semantic,,1
Qwen-3-235B,62,challenging,semantic,,2
Qwen-3-235B,62,challenging,semantic,,3
Qwen-3-235B,62,challenging,semantic,,4
Qwen-3-235B,62,challenging,semantic,,5
Qwen-3-235B,62,challenging,semantic,,6
Qwen-3-235B,62,challenging,semantic,,7
Qwen-3-235B,62,challenging,semantic,,8
Qwen-3-235B,62,challenging,semantic,,9
Qwen-3-235B,62,challenging,semantic,,10
Qwen-3-235B,62,challenging,semantic,,11
Qwen-3-235B,62,challenging,semantic,,12
Qwen-3-235B,62,challenging,semantic,,13
Qwen-3-235B,62,challenging,semantic,,14
Qwen-3-235B,62,challenging,semantic,,15
Qwen-3-235B,62,challenging,semantic,,16
Qwen-3-235B,62,challenging,semantic,,17
Qwen-3-235B,62,challenging,semantic,,18
Qwen-3-235B,62,challenging,semantic,,19
Qwen-3-235B,62,challenging,semantic,,20
Qwen-3-235B,62,challenging,semantic,,21
Qwen-3-235B,62,challenging,semantic,,22
Qwen-3-235B,62,challenging,semantic,,23
Qwen-3-235B,62,challenging,semantic,,24
Qwen-3-235B,62,challenging,semantic,,25
Qwen-3-235B,62,challenging,semantic,,26
Qwen-3-235B,62,challenging,semantic,,27
Qwen-3-235B,62,challenging,semantic,,28
Qwen-3-235B,62,challenging,semantic,,29
Qwen-3-235B,62,challenging,semantic,,30
Qwen-3-235B,62,challenging,semantic,,31
Qwen-3-235B,62,challenging,semantic,,32
Qwen-3-235B,62,challenging,semantic,,33
Qwen-3-235B,62,challenging,semantic,,34
Qwen-3-235B,62,challenging,semantic,,35
Qwen-3-235B,62,challenging,semantic,,36
Qwen-3-235B,62,challenging,semantic,,37
Qwen-3-235B,62,challenging,semantic,,38
Qwen-3-235B,62,challenging,semantic,,39
Qwen-3-235B,62,challenging,semantic,,40
Qwen-3-235B,62,challenging,semantic,,41
Qwen-3-235B,62,challenging,semantic,,42
Qwen-3-235B,62,challenging,semantic,,43
Qwen-3-235B,62,challenging,semantic,,44
Qwen-3-235B,62,challenging,semantic,,45
Qwen-3-235B,62,challenging,semantic,,46
Qwen-3-235B,62,challenging,semantic,,47
Qwen-3-235B,62,challenging,semantic,,48
Qwen-3-235B,62,challenging,semantic,,49
Qwen-3-235B,62,challenging,semantic,,50
Qwen-3-235B,1037,challenging,correct,1.2437211773181556,1
Qwen-3-235B,1037,challenging,hallucination,,2
Qwen-3-235B,1037,challenging,semantic,,3
Qwen-3-235B,1037,challenging,correct,1.0706797403518817,4
Qwen-3-235B,1037,challenging,hallucination,,5
Qwen-3-235B,1037,challenging,semantic,,6
Qwen-3-235B,1037,challenging,correct,1.1498336506940232,7
Qwen-3-235B,1037,challenging,correct,0.8698975737154716,8
Qwen-3-235B,1037,challenging,correct,1.1333595571711457,9
Qwen-3-235B,1037,challenging,correct,0.9941380665444066,10
Qwen-3-235B,1037,challenging,hallucination,,11
Qwen-3-235B,1037,challenging,hallucination,,12
Qwen-3-235B,1037,challenging,semantic,,13
Qwen-3-235B,1037,challenging,semantic,,14
Qwen-3-235B,1037,challenging,correct,1.1406491726702392,15
Qwen-3-235B,1037,challenging,hallucination,,16
Qwen-3-235B,1037,challenging,hallucination,,17
Qwen-3-235B,1037,challenging,hallucination,,18
Qwen-3-235B,1037,challenging,semantic,,19
Qwen-3-235B,1037,challenging,hallucination,,20
Qwen-3-235B,1037,challenging,correct,1.017513872992281,21
Qwen-3-235B,1037,challenging,hallucination,,22
Qwen-3-235B,1037,challenging,semantic,,23
Qwen-3-235B,1037,challenging,correct,0.9799960335087561,24
Qwen-3-235B,1037,challenging,semantic,,25
Qwen-3-235B,1037,challenging,hallucination,,26
Qwen-3-235B,1037,challenging,correct,1.0545641215806183,27
Qwen-3-235B,1037,challenging,semantic,,28
Qwen-3-235B,1037,challenging,semantic,,29
Qwen-3-235B,1037,challenging,correct,0.8790940893432415,30
Qwen-3-235B,1037,challenging,correct,0.9801049194255934,31
Qwen-3-235B,1037,challenging,hallucination,,32
Qwen-3-235B,1037,challenging,correct,0.9952734696596918,33
Qwen-3-235B,1037,challenging,semantic,,34
Qwen-3-235B,1037,challenging,semantic,,35
Qwen-3-235B,1037,challenging,correct,1.070070093362004,36
Qwen-3-235B,1037,challenging,correct,0.9524797991268689,37
Qwen-3-235B,1037,challenging,semantic,,38
Qwen-3-235B,1037,challenging,hallucination,,39
Qwen-3-235B,1037,challenging,correct,0.9421599310037896,40
Qwen-3-235B,1037,challenging,semantic,,41
Qwen-3-235B,1037,challenging,correct,1.5891696246786986,42
Qwen-3-235B,1037,challenging,semantic,,43
Qwen-3-235B,1037,challenging,correct,0.9853554519138698,44
Qwen-3-235B,1037,challenging,correct,0.9048405246913889,45
Qwen-3-235B,1037,challenging,correct,1.1723011733072997,46
Qwen-3-235B,1037,challenging,semantic,,47
Qwen-3-235B,1037,challenging,semantic,,48
Qwen-3-235B,1037,challenging,correct,1.3526668691446861,49
Qwen-3-235B,1037,challenging,semantic,,50
Qwen-3-235B,1161,challenging,correct,5.316196943972836,1
Qwen-3-235B,1161,challenging,correct,1.097122686918387,2
Qwen-3-235B,1161,challenging,correct,1.963569613103643,3
Qwen-3-235B,1161,challenging,correct,1.059839701190569,4
Qwen-3-235B,1161,challenging,correct,1.1070258761873566,5
Qwen-3-235B,1161,challenging,correct,1.3655712050078248,6
Qwen-3-235B,1161,challenging,correct,1.1824630771019886,7
Qwen-3-235B,1161,challenging,correct,1.3429599557113858,8
Qwen-3-235B,1161,challenging,correct,1.0799873287400015,9
Qwen-3-235B,1161,challenging,correct,0.9885666480758505,10
Qwen-3-235B,1161,challenging,correct,0.5062214271516597,11
Qwen-3-235B,1161,challenging,correct,1.0916048792154986,12
Qwen-3-235B,1161,challenging,correct,1.5518094365551993,13
Qwen-3-235B,1161,challenging,correct,0.4000394011032309,14
Qwen-3-235B,1161,challenging,correct,1.2656399362719066,15
Qwen-3-235B,1161,challenging,correct,1.1064450047273873,16
Qwen-3-235B,1161,challenging,correct,6.223941123460499,17
Qwen-3-235B,1161,challenging,correct,1.1561475754265065,18
Qwen-3-235B,1161,challenging,correct,1.189825229278422,19
Qwen-3-235B,1161,challenging,correct,1.2286832164058283,20
Qwen-3-235B,1161,challenging,correct,0.770595361716857,21
Qwen-3-235B,1161,challenging,correct,1.3919472474772705,22
Qwen-3-235B,1161,challenging,correct,1.1170265574584264,23
Qwen-3-235B,1161,challenging,correct,1.1548755673814368,24
Qwen-3-235B,1161,challenging,correct,1.2371974115203324,25
Qwen-3-235B,1161,challenging,correct,1.119662282838123,26
Qwen-3-235B,1161,challenging,correct,0.7302731411229135,27
Qwen-3-235B,1161,challenging,correct,1.2589872008903729,28
Qwen-3-235B,1161,challenging,correct,1.2526941977756703,29
Qwen-3-235B,1161,challenging,correct,1.309868107420944,30
Qwen-3-235B,1161,challenging,correct,1.1168478260869565,31
Qwen-3-235B,1161,challenging,correct,0.9936821018568457,32
Qwen-3-235B,1161,challenging,correct,1.3993093028275416,33
Qwen-3-235B,1161,challenging,correct,1.2599472825404794,34
Qwen-3-235B,1161,challenging,correct,1.2819611914078097,35
Qwen-3-235B,1161,challenging,correct,1.4973703207177478,36
Qwen-3-235B,1161,challenging,correct,1.1116619961198535,37
Qwen-3-235B,1161,challenging,correct,1.0668645744981622,38
Qwen-3-235B,1161,challenging,correct,1.1809069212410501,39
Qwen-3-235B,1161,challenging,correct,1.2038197097020626,40
Qwen-3-235B,1161,challenging,correct,1.3440699413321062,41
Qwen-3-235B,1161,challenging,correct,1.0589950027762354,42
Qwen-3-235B,1161,challenging,correct,1.7239613639008495,43
Qwen-3-235B,1161,challenging,correct,1.5506902014030324,44
Qwen-3-235B,1161,challenging,correct,1.324396782841823,45
Qwen-3-235B,1161,challenging,correct,0.9871988621210774,46
Qwen-3-235B,1161,challenging,correct,1.2363372836558957,47
Qwen-3-235B,1161,challenging,correct,1.415560110507085,48
Qwen-3-235B,1161,challenging,correct,1.2472912683237731,49
Qwen-3-235B,1161,challenging,correct,1.2047225218746254,50
Qwen-3-235B,1339,challenging,correct,8.222321428571428,1
Qwen-3-235B,1339,challenging,correct,1.3832413974257947,2
Qwen-3-235B,1339,challenging,correct,6.4827970297029704,3
Qwen-3-235B,1339,challenging,correct,1.781966224366707,4
Qwen-3-235B,1339,challenging,correct,0.9604380867232901,5
Qwen-3-235B,1339,challenging,correct,1.154698242933537,6
Qwen-3-235B,1339,challenging,correct,1.307812876778394,7
Qwen-3-235B,1339,challenging,correct,1.324554986588637,8
Qwen-3-235B,1339,challenging,correct,0.3419243128048882,9
Qwen-3-235B,1339,challenging,correct,0.8115984122373898,10
Qwen-3-235B,1339,challenging,semantic,,11
Qwen-3-235B,1339,challenging,correct,1.0517725070135169,12
Qwen-3-235B,1339,challenging,correct,1.3186299948105864,13
Qwen-3-235B,1339,challenging,correct,1.4959349593495934,14
Qwen-3-235B,1339,challenging,correct,1.3995812979762736,15
Qwen-3-235B,1339,challenging,correct,1.4942107294480895,16
Qwen-3-235B,1339,challenging,correct,1.8806267097736882,17
Qwen-3-235B,1339,challenging,correct,1.4636842105263157,18
Qwen-3-235B,1339,challenging,correct,1.232336956521739,19
Qwen-3-235B,1339,challenging,semantic,,20
Qwen-3-235B,1339,challenging,correct,1.0872711163614885,21
Qwen-3-235B,1339,challenging,correct,1.5138080030058239,22
Qwen-3-235B,1339,challenging,correct,1.398989898989899,23
Qwen-3-235B,1339,challenging,correct,1.3676742751388031,24
Qwen-3-235B,1339,challenging,semantic,,25
Qwen-3-235B,1339,challenging,semantic,,26
Qwen-3-235B,1339,challenging,correct,0.583397623823484,27
Qwen-3-235B,1339,challenging,correct,2.415404996214989,28
Qwen-3-235B,1339,challenging,correct,1.3498538997527534,29
Qwen-3-235B,1339,challenging,correct,1.8149231894659839,30
Qwen-3-235B,1339,challenging,correct,1.234393604354482,31
Qwen-3-235B,1339,challenging,correct,1.4671197648787657,32
Qwen-3-235B,1339,challenging,correct,1.3452444444444445,33
Qwen-3-235B,1339,challenging,semantic,,34
Qwen-3-235B,1339,challenging,correct,1.8193494924383675,35
Qwen-3-235B,1339,challenging,correct,1.412340661370774,36
Qwen-3-235B,1339,challenging,correct,1.5439613526570048,37
Qwen-3-235B,1339,challenging,semantic,,38
Qwen-3-235B,1339,challenging,correct,1.2364817823160825,39
Qwen-3-235B,1339,challenging,correct,1.238239183827697,40
Qwen-3-235B,1339,challenging,semantic,,41
Qwen-3-235B,1339,challenging,semantic,,42
Qwen-3-235B,1339,challenging,semantic,,43
Qwen-3-235B,1339,challenging,correct,1.3166970419178465,44
Qwen-3-235B,1339,challenging,correct,0.8055607917059378,45
Qwen-3-235B,1339,challenging,correct,0.9733808229449807,46
Qwen-3-235B,1339,challenging,correct,1.6490114718086404,47
Qwen-3-235B,1339,challenging,correct,1.4215134459036898,48
Qwen-3-235B,1339,challenging,semantic,,49
Qwen-3-235B,1339,challenging,correct,1.3443969204448247,50
Qwen-3-235B,306,challenging,semantic,,1
Qwen-3-235B,306,challenging,semantic,,2
Qwen-3-235B,306,challenging,semantic,,3
Qwen-3-235B,306,challenging,semantic,,4
Qwen-3-235B,306,challenging,semantic,,5
Qwen-3-235B,306,challenging,semantic,,6
Qwen-3-235B,306,challenging,semantic,,7
Qwen-3-235B,306,challenging,semantic,,8
Qwen-3-235B,306,challenging,semantic,,9
Qwen-3-235B,306,challenging,semantic,,10
Qwen-3-235B,306,challenging,semantic,,11
Qwen-3-235B,306,challenging,semantic,,12
Qwen-3-235B,306,challenging,semantic,,13
Qwen-3-235B,306,challenging,semantic,,14
Qwen-3-235B,306,challenging,semantic,,15
Qwen-3-235B,306,challenging,semantic,,16
Qwen-3-235B,306,challenging,semantic,,17
Qwen-3-235B,306,challenging,semantic,,18
Qwen-3-235B,306,challenging,semantic,,19
Qwen-3-235B,306,challenging,semantic,,20
Qwen-3-235B,306,challenging,semantic,,21
Qwen-3-235B,306,challenging,semantic,,22
Qwen-3-235B,306,challenging,semantic,,23
Qwen-3-235B,306,challenging,semantic,,24
Qwen-3-235B,306,challenging,semantic,,25
Qwen-3-235B,306,challenging,semantic,,26
Qwen-3-235B,306,challenging,semantic,,27
Qwen-3-235B,306,challenging,semantic,,28
Qwen-3-235B,306,challenging,semantic,,29
Qwen-3-235B,306,challenging,semantic,,30
Qwen-3-235B,306,challenging,semantic,,31
Qwen-3-235B,306,challenging,semantic,,32
Qwen-3-235B,306,challenging,semantic,,33
Qwen-3-235B,306,challenging,semantic,,34
Qwen-3-235B,306,challenging,semantic,,35
Qwen-3-235B,306,challenging,semantic,,36
Qwen-3-235B,306,challenging,semantic,,37
Qwen-3-235B,306,challenging,semantic,,38
Qwen-3-235B,306,challenging,semantic,,39
Qwen-3-235B,306,challenging,semantic,,40
Qwen-3-235B,306,challenging,semantic,,41
Qwen-3-235B,306,challenging,semantic,,42
Qwen-3-235B,306,challenging,semantic,,43
Qwen-3-235B,306,challenging,semantic,,44
Qwen-3-235B,306,challenging,semantic,,45
Qwen-3-235B,306,challenging,semantic,,46
Qwen-3-235B,306,challenging,semantic,,47
Qwen-3-235B,306,challenging,semantic,,48
Qwen-3-235B,306,challenging,semantic,,49
Qwen-3-235B,306,challenging,semantic,,50
Qwen-3-235B,1307,challenging,correct,5.710979351952982,1
Qwen-3-235B,1307,challenging,correct,1.1218469938868776,2
Qwen-3-235B,1307,challenging,correct,1.4536644074238296,3
Qwen-3-235B,1307,challenging,correct,0.915751693673413,4
Qwen-3-235B,1307,challenging,correct,1.1252661677921763,5
Qwen-3-235B,1307,challenging,correct,1.1024146544546212,6
Qwen-3-235B,1307,challenging,correct,0.7490965535640659,7
Qwen-3-235B,1307,challenging,correct,0.8002630521354719,8
Qwen-3-235B,1307,challenging,correct,1.4074387947269302,9
Qwen-3-235B,1307,challenging,correct,0.8851670035614593,10
Qwen-3-235B,1307,challenging,correct,0.998875278624159,11
Qwen-3-235B,1307,challenging,correct,0.9406340057636887,12
Qwen-3-235B,1307,challenging,correct,1.7304132487231079,13
Qwen-3-235B,1307,challenging,correct,1.791625866593553,14
Qwen-3-235B,1307,challenging,correct,0.9885220531338664,15
Qwen-3-235B,1307,challenging,correct,0.893297301723785,16
Qwen-3-235B,1307,challenging,correct,1.1585179114456403,17
Qwen-3-235B,1307,challenging,correct,1.004180105792801,18
Qwen-3-235B,1307,challenging,correct,0.8645034684191311,19
Qwen-3-235B,1307,challenging,correct,1.0117148050898808,20
Qwen-3-235B,1307,challenging,correct,0.9088985795086568,21
Qwen-3-235B,1307,challenging,correct,1.493198411681824,22
Qwen-3-235B,1307,challenging,correct,0.8870588684869213,23
Qwen-3-235B,1307,challenging,correct,0.9603462157809984,24
Qwen-3-235B,1307,challenging,correct,0.8299860989171788,25
Qwen-3-235B,1307,challenging,correct,0.7737644394542029,26
Qwen-3-235B,1307,challenging,correct,1.375016151122826,27
Qwen-3-235B,1307,challenging,correct,0.7425988671001165,28
Qwen-3-235B,1307,challenging,correct,1.2651916745717315,29
Qwen-3-235B,1307,challenging,correct,0.8557059597668735,30
Qwen-3-235B,1307,challenging,correct,0.9764343780837367,31
Qwen-3-235B,1307,challenging,correct,1.1123743702023265,32
Qwen-3-235B,1307,challenging,correct,0.9945508378480534,33
Qwen-3-235B,1307,challenging,correct,0.9308907860527723,34
Qwen-3-235B,1307,challenging,correct,1.3876622738001574,35
Qwen-3-235B,1307,challenging,correct,1.2803957188820065,36
Qwen-3-235B,1307,challenging,correct,0.9197975876888951,37
Qwen-3-235B,1307,challenging,correct,0.8546310903811418,38
Qwen-3-235B,1307,challenging,correct,1.3200230845333627,39
Qwen-3-235B,1307,challenging,correct,0.8872763834348263,40
Qwen-3-235B,1307,challenging,correct,1.0636551897656235,41
Qwen-3-235B,1307,challenging,correct,1.250005596973157,42
Qwen-3-235B,1307,challenging,correct,1.356058292852186,43
Qwen-3-235B,1307,challenging,correct,1.1682999889057357,44
Qwen-3-235B,1307,challenging,correct,1.0675446297922153,45
Qwen-3-235B,1307,challenging,correct,1.0709617180205415,46
Qwen-3-235B,1307,challenging,correct,0.9592367425261383,47
Qwen-3-235B,1307,challenging,correct,1.0003562451758465,48
Qwen-3-235B,1307,challenging,correct,0.9493863290909503,49
Qwen-3-235B,1307,challenging,correct,1.1813409287649046,50
Qwen-3-235B,834,challenging,correct,3.561253561253561,1
Qwen-3-235B,834,challenging,correct,1.2787538065120636,2
Qwen-3-235B,834,challenging,correct,2.5409153952843275,3
Qwen-3-235B,834,challenging,correct,1.2266968325791856,4
Qwen-3-235B,834,challenging,correct,1.3076584507042253,5
Qwen-3-235B,834,challenging,correct,0.9515935777618021,6
Qwen-3-235B,834,challenging,correct,1.4470526864893063,7
Qwen-3-235B,834,challenging,correct,1.4949946371111906,8
Qwen-3-235B,834,challenging,correct,1.298438646128052,9
Qwen-3-235B,834,challenging,correct,1.283674963396779,10
Qwen-3-235B,834,challenging,correct,1.3815478202095302,11
Qwen-3-235B,834,challenging,correct,1.457254211717375,12
Qwen-3-235B,834,challenging,correct,1.2786109829257037,13
Qwen-3-235B,834,challenging,correct,1.1316905444126075,14
Qwen-3-235B,834,challenging,correct,1.792423046566693,15
Qwen-3-235B,834,challenging,correct,1.3829646748101683,16
Qwen-3-235B,834,challenging,correct,1.3422689573459716,17
Qwen-3-235B,834,challenging,correct,1.020595238095238,18
Qwen-3-235B,834,challenging,correct,1.229754453538758,19
Qwen-3-235B,834,challenging,correct,1.2464608562169537,20
Qwen-3-235B,834,challenging,correct,1.2634268432578997,21
Qwen-3-235B,834,challenging,correct,1.072373949579832,22
Qwen-3-235B,834,challenging,correct,1.9887014900933355,23
Qwen-3-235B,834,challenging,correct,1.4916113247116394,24
Qwen-3-235B,834,challenging,correct,1.3967637540453075,25
Qwen-3-235B,834,challenging,correct,1.5563410151279513,26
Qwen-3-235B,834,challenging,correct,1.2441069809610155,27
Qwen-3-235B,834,challenging,correct,1.3946249620406923,28
Qwen-3-235B,834,challenging,correct,1.6493451025056947,29
Qwen-3-235B,834,challenging,correct,1.3255854293148308,30
Qwen-3-235B,834,challenging,correct,1.7045361667347774,31
Qwen-3-235B,834,challenging,correct,1.4210076857386849,32
Qwen-3-235B,834,challenging,correct,1.539085118702953,33
Qwen-3-235B,834,challenging,correct,1.2197751246087865,34
Qwen-3-235B,834,challenging,correct,1.2896347116632672,35
Qwen-3-235B,834,challenging,correct,1.2099030002255808,36
Qwen-3-235B,834,challenging,correct,1.8161415623651274,37
Qwen-3-235B,834,challenging,correct,1.408450704225352,38
Qwen-3-235B,834,challenging,correct,1.241206675224647,39
Qwen-3-235B,834,challenging,correct,1.590564292321924,40
Qwen-3-235B,834,challenging,correct,1.155832703451751,41
Qwen-3-235B,834,challenging,correct,1.1975218658892128,42
Qwen-3-235B,834,challenging,correct,1.2785714285714285,43
Qwen-3-235B,834,challenging,correct,1.0746944940271865,44
Qwen-3-235B,834,challenging,correct,1.299244177078513,45
Qwen-3-235B,834,challenging,correct,0.6738411998983137,46
Qwen-3-235B,834,challenging,correct,1.6023863835760659,47
Qwen-3-235B,834,challenging,correct,1.0819800124921923,48
Qwen-3-235B,834,challenging,correct,1.6762103071317023,49
Qwen-3-235B,834,challenging,correct,1.3260835793071306,50
Qwen-3-235B,1457,challenging,semantic,,1
Qwen-3-235B,1457,challenging,correct,1.4252985620277845,2
Qwen-3-235B,1457,challenging,correct,1.3493023255813954,3
Qwen-3-235B,1457,challenging,correct,2.4092884302009776,4
Qwen-3-235B,1457,challenging,correct,2.18044890726521,5
Qwen-3-235B,1457,challenging,correct,1.2681572003888348,6
Qwen-3-235B,1457,challenging,correct,1.5482164191841612,7
Qwen-3-235B,1457,challenging,correct,1.2717031146454605,8
Qwen-3-235B,1457,challenging,correct,1.280470689841304,9
Qwen-3-235B,1457,challenging,correct,1.248234255444379,10
Qwen-3-235B,1457,challenging,correct,1.3768627883872393,11
Qwen-3-235B,1457,challenging,correct,1.3125642343268242,12
Qwen-3-235B,1457,challenging,correct,1.0156940760389037,13
Qwen-3-235B,1457,challenging,correct,1.1895862868926408,14
Qwen-3-235B,1457,challenging,semantic,,15
Qwen-3-235B,1457,challenging,semantic,,16
Qwen-3-235B,1457,challenging,correct,1.2530181086519114,17
Qwen-3-235B,1457,challenging,correct,0.8274709976798144,18
Qwen-3-235B,1457,challenging,correct,0.9301821050555519,19
Qwen-3-235B,1457,challenging,semantic,,20
Qwen-3-235B,1457,challenging,correct,1.1745089727285574,21
Qwen-3-235B,1457,challenging,correct,1.2533947065592634,22
Qwen-3-235B,1457,challenging,correct,1.512233445566779,23
Qwen-3-235B,1457,challenging,correct,1.2589815332960268,24
Qwen-3-235B,1457,challenging,semantic,,25
Qwen-3-235B,1457,challenging,correct,0.7740417877404179,26
Qwen-3-235B,1457,challenging,correct,1.218241469816273,27
Qwen-3-235B,1457,challenging,correct,1.2473914506900035,28
Qwen-3-235B,1457,challenging,correct,1.124692795239943,29
Qwen-3-235B,1457,challenging,correct,1.354280510018215,30
Qwen-3-235B,1457,challenging,correct,1.4621792735754748,31
Qwen-3-235B,1457,challenging,correct,1.8754022988505747,32
Qwen-3-235B,1457,challenging,correct,6.2701476915920455,33
Qwen-3-235B,1457,challenging,semantic,,34
Qwen-3-235B,1457,challenging,correct,0.8955244755244756,35
Qwen-3-235B,1457,challenging,correct,0.973547149122807,36
Qwen-3-235B,1457,challenging,correct,1.200067476383266,37
Qwen-3-235B,1457,challenging,correct,1.2277146378200738,38
Qwen-3-235B,1457,challenging,correct,1.025573192239859,39
Qwen-3-235B,1457,challenging,correct,1.1729244577412117,40
Qwen-3-235B,1457,challenging,semantic,,41
Qwen-3-235B,1457,challenging,correct,1.0964244223570414,42
Qwen-3-235B,1457,challenging,correct,0.7813052706048815,43
Qwen-3-235B,1457,challenging,correct,1.6212255772646536,44
Qwen-3-235B,1457,challenging,correct,1.2326248313090418,45
Qwen-3-235B,1457,challenging,correct,1.1334494394252748,46
Qwen-3-235B,1457,challenging,correct,1.1573218579926592,47
Qwen-3-235B,1457,challenging,correct,1.3802714932126696,48
Qwen-3-235B,1457,challenging,correct,1.1768352365415986,49
Qwen-3-235B,1457,challenging,correct,1.3248850952068287,50
Qwen-3-235B,277,challenging,semantic,,1
Qwen-3-235B,277,challenging,semantic,,2
Qwen-3-235B,277,challenging,semantic,,3
Qwen-3-235B,277,challenging,correct,1.3343232512347074,4
Qwen-3-235B,277,challenging,semantic,,5
Qwen-3-235B,277,challenging,semantic,,6
Qwen-3-235B,277,challenging,semantic,,7
Qwen-3-235B,277,challenging,semantic,,8
Qwen-3-235B,277,challenging,semantic,,9
Qwen-3-235B,277,challenging,semantic,,10
Qwen-3-235B,277,challenging,semantic,,11
Qwen-3-235B,277,challenging,correct,1.0136576522133254,12
Qwen-3-235B,277,challenging,semantic,,13
Qwen-3-235B,277,challenging,semantic,,14
Qwen-3-235B,277,challenging,semantic,,15
Qwen-3-235B,277,challenging,semantic,,16
Qwen-3-235B,277,challenging,semantic,,17
Qwen-3-235B,277,challenging,semantic,,18
Qwen-3-235B,277,challenging,semantic,,19
Qwen-3-235B,277,challenging,semantic,,20
Qwen-3-235B,277,challenging,semantic,,21
Qwen-3-235B,277,challenging,semantic,,22
Qwen-3-235B,277,challenging,semantic,,23
Qwen-3-235B,277,challenging,semantic,,24
Qwen-3-235B,277,challenging,semantic,,25
Qwen-3-235B,277,challenging,semantic,,26
Qwen-3-235B,277,challenging,semantic,,27
Qwen-3-235B,277,challenging,semantic,,28
Qwen-3-235B,277,challenging,semantic,,29
Qwen-3-235B,277,challenging,semantic,,30
Qwen-3-235B,277,challenging,semantic,,31
Qwen-3-235B,277,challenging,semantic,,32
Qwen-3-235B,277,challenging,semantic,,33
Qwen-3-235B,277,challenging,semantic,,34
Qwen-3-235B,277,challenging,semantic,,35
Qwen-3-235B,277,challenging,semantic,,36
Qwen-3-235B,277,challenging,semantic,,37
Qwen-3-235B,277,challenging,semantic,,38
Qwen-3-235B,277,challenging,semantic,,39
Qwen-3-235B,277,challenging,semantic,,40
Qwen-3-235B,277,challenging,semantic,,41
Qwen-3-235B,277,challenging,semantic,,42
Qwen-3-235B,277,challenging,semantic,,43
Qwen-3-235B,277,challenging,semantic,,44
Qwen-3-235B,277,challenging,semantic,,45
Qwen-3-235B,277,challenging,semantic,,46
Qwen-3-235B,277,challenging,semantic,,47
Qwen-3-235B,277,challenging,semantic,,48
Qwen-3-235B,277,challenging,semantic,,49
Qwen-3-235B,277,challenging,semantic,,50
Qwen-3-235B,772,challenging,semantic,,1
Qwen-3-235B,772,challenging,semantic,,2
Qwen-3-235B,772,challenging,semantic,,3
Qwen-3-235B,772,challenging,semantic,,4
Qwen-3-235B,772,challenging,semantic,,5
Qwen-3-235B,772,challenging,semantic,,6
Qwen-3-235B,772,challenging,semantic,,7
Qwen-3-235B,772,challenging,semantic,,8
Qwen-3-235B,772,challenging,semantic,,9
Qwen-3-235B,772,challenging,semantic,,10
Qwen-3-235B,772,challenging,semantic,,11
Qwen-3-235B,772,challenging,semantic,,12
Qwen-3-235B,772,challenging,semantic,,13
Qwen-3-235B,772,challenging,semantic,,14
Qwen-3-235B,772,challenging,semantic,,15
Qwen-3-235B,772,challenging,semantic,,16
Qwen-3-235B,772,challenging,semantic,,17
Qwen-3-235B,772,challenging,semantic,,18
Qwen-3-235B,772,challenging,semantic,,19
Qwen-3-235B,772,challenging,semantic,,20
Qwen-3-235B,772,challenging,semantic,,21
Qwen-3-235B,772,challenging,semantic,,22
Qwen-3-235B,772,challenging,semantic,,23
Qwen-3-235B,772,challenging,semantic,,24
Qwen-3-235B,772,challenging,semantic,,25
Qwen-3-235B,772,challenging,semantic,,26
Qwen-3-235B,772,challenging,semantic,,27
Qwen-3-235B,772,challenging,semantic,,28
Qwen-3-235B,772,challenging,semantic,,29
Qwen-3-235B,772,challenging,semantic,,30
Qwen-3-235B,772,challenging,semantic,,31
Qwen-3-235B,772,challenging,semantic,,32
Qwen-3-235B,772,challenging,semantic,,33
Qwen-3-235B,772,challenging,semantic,,34
Qwen-3-235B,772,challenging,semantic,,35
Qwen-3-235B,772,challenging,semantic,,36
Qwen-3-235B,772,challenging,semantic,,37
Qwen-3-235B,772,challenging,semantic,,38
Qwen-3-235B,772,challenging,semantic,,39
Qwen-3-235B,772,challenging,semantic,,40
Qwen-3-235B,772,challenging,semantic,,41
Qwen-3-235B,772,challenging,semantic,,42
Qwen-3-235B,772,challenging,semantic,,43
Qwen-3-235B,772,challenging,semantic,,44
Qwen-3-235B,772,challenging,semantic,,45
Qwen-3-235B,772,challenging,semantic,,46
Qwen-3-235B,772,challenging,semantic,,47
Qwen-3-235B,772,challenging,semantic,,48
Qwen-3-235B,772,challenging,semantic,,49
Qwen-3-235B,772,challenging,semantic,,50
Qwen-3-235B,1239,challenging,correct,6.220206954598716,1
Qwen-3-235B,1239,challenging,correct,1.1588842122637617,2
Qwen-3-235B,1239,challenging,correct,1.1902951236973989,3
Qwen-3-235B,1239,challenging,correct,1.1219964895999355,4
Qwen-3-235B,1239,challenging,correct,0.8431678502053944,5
Qwen-3-235B,1239,challenging,correct,0.8156010590797287,6
Qwen-3-235B,1239,challenging,correct,0.9490614947374996,7
Qwen-3-235B,1239,challenging,correct,1.4537521815008727,8
Qwen-3-235B,1239,challenging,correct,1.1965619741125773,9
Qwen-3-235B,1239,challenging,correct,0.9794325442168113,10
Qwen-3-235B,1239,challenging,correct,0.9865467206784897,11
Qwen-3-235B,1239,challenging,correct,1.1104947976470172,12
Qwen-3-235B,1239,challenging,correct,1.0796475566633819,13
Qwen-3-235B,1239,challenging,correct,1.2385519578856277,14
Qwen-3-235B,1239,challenging,correct,1.4250390791530483,15
Qwen-3-235B,1239,challenging,correct,0.9842150910667823,16
Qwen-3-235B,1239,challenging,correct,1.0636346336822073,17
Qwen-3-235B,1239,challenging,correct,1.324351776612248,18
Qwen-3-235B,1239,challenging,correct,1.1495293602219774,19
Qwen-3-235B,1239,challenging,correct,0.8744908417207579,20
Qwen-3-235B,1239,challenging,correct,0.94965431661053,21
Qwen-3-235B,1239,challenging,correct,1.1470865172201499,22
Qwen-3-235B,1239,challenging,correct,1.3209614627531605,23
Qwen-3-235B,1239,challenging,correct,1.5151413366362616,24
Qwen-3-235B,1239,challenging,correct,0.9969471116947793,25
Qwen-3-235B,1239,challenging,correct,1.288934090088908,26
Qwen-3-235B,1239,challenging,correct,1.1529680365296804,27
Qwen-3-235B,1239,challenging,correct,1.222759952998347,28
Qwen-3-235B,1239,challenging,correct,1.1614226275967248,29
Qwen-3-235B,1239,challenging,correct,1.3942423099345016,30
Qwen-3-235B,1239,challenging,correct,1.0541696364932287,31
Qwen-3-235B,1239,challenging,correct,1.1342115255425418,32
Qwen-3-235B,1239,challenging,correct,1.1498468381519868,33
Qwen-3-235B,1239,challenging,correct,0.9059618811497637,34
Qwen-3-235B,1239,challenging,correct,1.1877135169453095,35
Qwen-3-235B,1239,challenging,correct,1.048887582443828,36
Qwen-3-235B,1239,challenging,correct,1.0128477570038796,37
Qwen-3-235B,1239,challenging,correct,0.8398232679460222,38
Qwen-3-235B,1239,challenging,correct,1.6827919163492564,39
Qwen-3-235B,1239,challenging,correct,1.3784755622738307,40
Qwen-3-235B,1239,challenging,correct,1.1818084123197283,41
Qwen-3-235B,1239,challenging,correct,1.28096488941469,42
Qwen-3-235B,1239,challenging,correct,0.9402654129572205,43
Qwen-3-235B,1239,challenging,correct,1.109423604757548,44
Qwen-3-235B,1239,challenging,correct,1.5012896153722153,45
Qwen-3-235B,1239,challenging,correct,1.0065624206158796,46
Qwen-3-235B,1239,challenging,correct,4.394530348488345,47
Qwen-3-235B,1239,challenging,correct,0.8204918032786885,48
Qwen-3-235B,1239,challenging,correct,1.2401847575057736,49
Qwen-3-235B,1239,challenging,correct,1.1702410599869435,50
Qwen-3-235B,231,challenging,correct,5.537730575740637,1
Qwen-3-235B,231,challenging,correct,1.2437192437192437,2
Qwen-3-235B,231,challenging,correct,1.1564825695260479,3
Qwen-3-235B,231,challenging,correct,1.0940955861140493,4
Qwen-3-235B,231,challenging,correct,1.1806802913513896,5
Qwen-3-235B,231,challenging,correct,0.947848692238315,6
Qwen-3-235B,231,challenging,correct,0.7432055932292488,7
Qwen-3-235B,231,challenging,correct,1.4533529562324035,8
Qwen-3-235B,231,challenging,correct,1.0303252808576253,9
Qwen-3-235B,231,challenging,correct,1.6490192085793796,10
Qwen-3-235B,231,challenging,correct,1.202485151609878,11
Qwen-3-235B,231,challenging,correct,1.2342846655042672,12
Qwen-3-235B,231,challenging,correct,0.958112582781457,13
Qwen-3-235B,231,challenging,correct,1.2089438339438339,14
Qwen-3-235B,231,challenging,correct,1.267319317391537,15
Qwen-3-235B,231,challenging,correct,1.4916517179522562,16
Qwen-3-235B,231,challenging,correct,1.4330629995298543,17
Qwen-3-235B,231,challenging,correct,0.9835531585411438,18
Qwen-3-235B,231,challenging,correct,1.2772783251231528,19
Qwen-3-235B,231,challenging,correct,1.3708326009257632,20
Qwen-3-235B,231,challenging,correct,0.9959125475285171,21
Qwen-3-235B,231,challenging,correct,0.901879786493386,22
Qwen-3-235B,231,challenging,correct,1.1524467747060694,23
Qwen-3-235B,231,challenging,correct,0.98856416772554,24
Qwen-3-235B,231,challenging,correct,1.3114298701954643,25
Qwen-3-235B,231,challenging,correct,1.0029853873147228,26
Qwen-3-235B,231,challenging,correct,1.352389811104751,27
Qwen-3-235B,231,challenging,correct,1.850234466588511,28
Qwen-3-235B,231,challenging,correct,1.1318875119161105,29
Qwen-3-235B,231,challenging,correct,1.1147085112722217,30
Qwen-3-235B,231,challenging,correct,1.0884570765661252,31
Qwen-3-235B,231,challenging,correct,1.5238412557381904,32
Qwen-3-235B,231,challenging,correct,1.0188854640637997,33
Qwen-3-235B,231,challenging,correct,1.5004534187775829,34
Qwen-3-235B,231,challenging,correct,1.7626384914520508,35
Qwen-3-235B,231,challenging,correct,1.4066399455494214,36
Qwen-3-235B,231,challenging,correct,1.0868384293031197,37
Qwen-3-235B,231,challenging,correct,1.828735419366784,38
Qwen-3-235B,231,challenging,correct,1.203240058910162,39
Qwen-3-235B,231,challenging,correct,1.0638500402723878,40
Qwen-3-235B,231,challenging,correct,1.2310484551747425,41
Qwen-3-235B,231,challenging,correct,1.0041460914935247,42
Qwen-3-235B,231,challenging,correct,0.843198899641401,43
Qwen-3-235B,231,challenging,correct,1.4767159154666167,44
Qwen-3-235B,231,challenging,correct,1.1561810965750403,45
Qwen-3-235B,231,challenging,correct,1.60848299021755,46
Qwen-3-235B,231,challenging,correct,0.8764350080237008,47
Qwen-3-235B,231,challenging,correct,1.0843813732154997,48
Qwen-3-235B,231,challenging,correct,1.378775237777407,49
Qwen-3-235B,231,challenging,correct,1.0994981830766568,50
Qwen-3-235B,371,challenging,correct,5.837488617509392,1
Qwen-3-235B,371,challenging,correct,6.25128496989511,2
Qwen-3-235B,371,challenging,correct,0.9406897631858514,3
Qwen-3-235B,371,challenging,correct,0.9815687359263789,4
Qwen-3-235B,371,challenging,correct,1.0080408711490891,5
Qwen-3-235B,371,challenging,correct,1.1251836395688923,6
Qwen-3-235B,371,challenging,correct,1.0485702811138402,7
Qwen-3-235B,371,challenging,correct,1.0628034457167546,8
Qwen-3-235B,371,challenging,correct,1.3404876207020673,9
Qwen-3-235B,371,challenging,correct,0.9905234426292112,10
Qwen-3-235B,371,challenging,correct,0.923977865323883,11
Qwen-3-235B,371,challenging,correct,0.9378154416923604,12
Qwen-3-235B,371,challenging,correct,0.9448552346045076,13
Qwen-3-235B,371,challenging,correct,0.9845330207731113,14
Qwen-3-235B,371,challenging,correct,1.0474150874515848,15
Qwen-3-235B,371,challenging,correct,0.9750430090515285,16
Qwen-3-235B,371,challenging,correct,0.8949684285001236,17
Qwen-3-235B,371,challenging,correct,1.0829782991840202,18
Qwen-3-235B,371,challenging,correct,0.9216413036379074,19
Qwen-3-235B,371,challenging,correct,1.1218844508669539,20
Qwen-3-235B,371,challenging,correct,6.101600762133039,21
Qwen-3-235B,371,challenging,correct,1.0312935264315968,22
Qwen-3-235B,371,challenging,correct,0.930621861559477,23
Qwen-3-235B,371,challenging,correct,0.9542077202292687,24
Qwen-3-235B,371,challenging,correct,1.024247208954042,25
Qwen-3-235B,371,challenging,correct,0.9377809851687092,26
Qwen-3-235B,371,challenging,correct,1.0697960676934066,27
Qwen-3-235B,371,challenging,correct,1.0948808492746207,28
Qwen-3-235B,371,challenging,correct,0.9929924521208386,29
Qwen-3-235B,371,challenging,correct,1.0797977988305323,30
Qwen-3-235B,371,challenging,correct,0.9946752518459273,31
Qwen-3-235B,371,challenging,correct,1.182692677653905,32
Qwen-3-235B,371,challenging,correct,1.0787163373541766,33
Qwen-3-235B,371,challenging,correct,5.294873578821634,34
Qwen-3-235B,371,challenging,correct,1.0336410162715937,35
Qwen-3-235B,371,challenging,correct,0.9602741687583465,36
Qwen-3-235B,371,challenging,correct,1.0925001298661123,37
Qwen-3-235B,371,challenging,correct,0.9980780458409033,38
Qwen-3-235B,371,challenging,correct,1.0281416699557784,39
Qwen-3-235B,371,challenging,correct,0.9963062847617672,40
Qwen-3-235B,371,challenging,correct,0.9183255407684445,41
Qwen-3-235B,371,challenging,correct,0.965211592111732,42
Qwen-3-235B,371,challenging,correct,0.9915249095762441,43
Qwen-3-235B,371,challenging,correct,1.0098648057348307,44
Qwen-3-235B,371,challenging,correct,1.0795620617258603,45
Qwen-3-235B,371,challenging,correct,0.7964361994593891,46
Qwen-3-235B,371,challenging,correct,0.9903170930249562,47
Qwen-3-235B,371,challenging,correct,0.9872338252937392,48
Qwen-3-235B,371,challenging,correct,0.9523749446504277,49
Qwen-3-235B,371,challenging,correct,0.9983051338025086,50
Qwen-3-235B,1295,challenging,correct,1.5608657544918927,1
Qwen-3-235B,1295,challenging,correct,1.6196578236475723,2
Qwen-3-235B,1295,challenging,correct,1.124550674571682,3
Qwen-3-235B,1295,challenging,correct,1.2554169402495075,4
Qwen-3-235B,1295,challenging,correct,1.5136785692029664,5
Qwen-3-235B,1295,challenging,correct,1.2430555555555556,6
Qwen-3-235B,1295,challenging,correct,0.9384348777818314,7
Qwen-3-235B,1295,challenging,correct,1.30229878751303,8
Qwen-3-235B,1295,challenging,correct,1.1400699677072121,9
Qwen-3-235B,1295,challenging,correct,1.4090443436265183,10
Qwen-3-235B,1295,challenging,correct,1.2606530970859569,11
Qwen-3-235B,1295,challenging,correct,1.2709799086095597,12
Qwen-3-235B,1295,challenging,correct,1.2036760310818888,13
Qwen-3-235B,1295,challenging,correct,2.4039888682745825,14
Qwen-3-235B,1295,challenging,correct,1.2924630520521823,15
Qwen-3-235B,1295,challenging,correct,1.016702647426429,16
Qwen-3-235B,1295,challenging,correct,1.3740930431071277,17
Qwen-3-235B,1295,challenging,correct,1.3652464389260053,18
Qwen-3-235B,1295,challenging,correct,0.7610474631751227,19
Qwen-3-235B,1295,challenging,correct,1.3527852864790375,20
Qwen-3-235B,1295,challenging,correct,1.1366335534713359,21
Qwen-3-235B,1295,challenging,correct,0.9643942396617783,22
Qwen-3-235B,1295,challenging,correct,1.7647523330940416,23
Qwen-3-235B,1295,challenging,correct,1.3876868168637073,24
Qwen-3-235B,1295,challenging,correct,1.2587131367292226,25
Qwen-3-235B,1295,challenging,correct,1.6141498216409036,26
Qwen-3-235B,1295,challenging,correct,1.4809946473338302,27
Qwen-3-235B,1295,challenging,correct,1.0804704687764428,28
Qwen-3-235B,1295,challenging,correct,1.0036139871068568,29
Qwen-3-235B,1295,challenging,correct,1.1268120509265096,30
Qwen-3-235B,1295,challenging,correct,1.1312311616044517,31
Qwen-3-235B,1295,challenging,correct,1.0466889259877574,32
Qwen-3-235B,1295,challenging,correct,1.4833211064601044,33
Qwen-3-235B,1295,challenging,correct,0.964548368847822,34
Qwen-3-235B,1295,challenging,correct,1.5143466459868167,35
Qwen-3-235B,1295,challenging,correct,0.683451028553884,36
Qwen-3-235B,1295,challenging,correct,1.1734061027040437,37
Qwen-3-235B,1295,challenging,correct,1.0160224089635854,38
Qwen-3-235B,1295,challenging,correct,0.9254721977052074,39
Qwen-3-235B,1295,challenging,correct,0.8881519896280043,40
Qwen-3-235B,1295,challenging,correct,1.144575799721836,41
Qwen-3-235B,1295,challenging,correct,0.8601794778825236,42
Qwen-3-235B,1295,challenging,correct,1.0975126669737447,43
Qwen-3-235B,1295,challenging,correct,3.680973332136123,44
Qwen-3-235B,1295,challenging,correct,1.590774177590898,45
Qwen-3-235B,1295,challenging,correct,1.2354152933421225,46
Qwen-3-235B,1295,challenging,correct,1.3770770947096471,47
Qwen-3-235B,1295,challenging,correct,1.689273283408923,48
Qwen-3-235B,1295,challenging,correct,0.8463705826170009,49
Qwen-3-235B,1295,challenging,correct,0.5753058103975535,50
Qwen-3-235B,431,challenging,semantic,,1
Qwen-3-235B,431,challenging,semantic,,2
Qwen-3-235B,431,challenging,semantic,,3
Qwen-3-235B,431,challenging,semantic,,4
Qwen-3-235B,431,challenging,semantic,,5
Qwen-3-235B,431,challenging,semantic,,6
Qwen-3-235B,431,challenging,semantic,,7
Qwen-3-235B,431,challenging,semantic,,8
Qwen-3-235B,431,challenging,semantic,,9
Qwen-3-235B,431,challenging,semantic,,10
Qwen-3-235B,431,challenging,semantic,,11
Qwen-3-235B,431,challenging,semantic,,12
Qwen-3-235B,431,challenging,semantic,,13
Qwen-3-235B,431,challenging,semantic,,14
Qwen-3-235B,431,challenging,semantic,,15
Qwen-3-235B,431,challenging,semantic,,16
Qwen-3-235B,431,challenging,semantic,,17
Qwen-3-235B,431,challenging,semantic,,18
Qwen-3-235B,431,challenging,semantic,,19
Qwen-3-235B,431,challenging,semantic,,20
Qwen-3-235B,431,challenging,semantic,,21
Qwen-3-235B,431,challenging,semantic,,22
Qwen-3-235B,431,challenging,semantic,,23
Qwen-3-235B,431,challenging,semantic,,24
Qwen-3-235B,431,challenging,semantic,,25
Qwen-3-235B,431,challenging,semantic,,26
Qwen-3-235B,431,challenging,semantic,,27
Qwen-3-235B,431,challenging,semantic,,28
Qwen-3-235B,431,challenging,semantic,,29
Qwen-3-235B,431,challenging,semantic,,30
Qwen-3-235B,431,challenging,semantic,,31
Qwen-3-235B,431,challenging,semantic,,32
Qwen-3-235B,431,challenging,semantic,,33
Qwen-3-235B,431,challenging,semantic,,34
Qwen-3-235B,431,challenging,semantic,,35
Qwen-3-235B,431,challenging,semantic,,36
Qwen-3-235B,431,challenging,semantic,,37
Qwen-3-235B,431,challenging,semantic,,38
Qwen-3-235B,431,challenging,semantic,,39
Qwen-3-235B,431,challenging,semantic,,40
Qwen-3-235B,431,challenging,semantic,,41
Qwen-3-235B,431,challenging,semantic,,42
Qwen-3-235B,431,challenging,semantic,,43
Qwen-3-235B,431,challenging,semantic,,44
Qwen-3-235B,431,challenging,semantic,,45
Qwen-3-235B,431,challenging,semantic,,46
Qwen-3-235B,431,challenging,semantic,,47
Qwen-3-235B,431,challenging,semantic,,48
Qwen-3-235B,431,challenging,semantic,,49
Qwen-3-235B,431,challenging,semantic,,50
Qwen-3-235B,1270,challenging,semantic,,1
Qwen-3-235B,1270,challenging,hallucination,,2
Qwen-3-235B,1270,challenging,correct,1.519787264810322,3
Qwen-3-235B,1270,challenging,semantic,,4
Qwen-3-235B,1270,challenging,hallucination,,5
Qwen-3-235B,1270,challenging,hallucination,,6
Qwen-3-235B,1270,challenging,hallucination,,7
Qwen-3-235B,1270,challenging,hallucination,,8
Qwen-3-235B,1270,challenging,hallucination,,9
Qwen-3-235B,1270,challenging,semantic,,10
Qwen-3-235B,1270,challenging,hallucination,,11
Qwen-3-235B,1270,challenging,hallucination,,12
Qwen-3-235B,1270,challenging,hallucination,,13
Qwen-3-235B,1270,challenging,hallucination,,14
Qwen-3-235B,1270,challenging,semantic,,15
Qwen-3-235B,1270,challenging,semantic,,16
Qwen-3-235B,1270,challenging,hallucination,,17
Qwen-3-235B,1270,challenging,correct,1.5411999121403244,18
Qwen-3-235B,1270,challenging,semantic,,19
Qwen-3-235B,1270,challenging,hallucination,,20
Qwen-3-235B,1270,challenging,semantic,,21
Qwen-3-235B,1270,challenging,hallucination,,22
Qwen-3-235B,1270,challenging,hallucination,,23
Qwen-3-235B,1270,challenging,semantic,,24
Qwen-3-235B,1270,challenging,semantic,,25
Qwen-3-235B,1270,challenging,hallucination,,26
Qwen-3-235B,1270,challenging,semantic,,27
Qwen-3-235B,1270,challenging,hallucination,,28
Qwen-3-235B,1270,challenging,hallucination,,29
Qwen-3-235B,1270,challenging,hallucination,,30
Qwen-3-235B,1270,challenging,hallucination,,31
Qwen-3-235B,1270,challenging,hallucination,,32
Qwen-3-235B,1270,challenging,hallucination,,33
Qwen-3-235B,1270,challenging,hallucination,,34
Qwen-3-235B,1270,challenging,hallucination,,35
Qwen-3-235B,1270,challenging,hallucination,,36
Qwen-3-235B,1270,challenging,hallucination,,37
Qwen-3-235B,1270,challenging,hallucination,,38
Qwen-3-235B,1270,challenging,semantic,,39
Qwen-3-235B,1270,challenging,hallucination,,40
Qwen-3-235B,1270,challenging,hallucination,,41
Qwen-3-235B,1270,challenging,hallucination,,42
Qwen-3-235B,1270,challenging,hallucination,,43
Qwen-3-235B,1270,challenging,hallucination,,44
Qwen-3-235B,1270,challenging,semantic,,45
Qwen-3-235B,1270,challenging,hallucination,,46
Qwen-3-235B,1270,challenging,hallucination,,47
Qwen-3-235B,1270,challenging,hallucination,,48
Qwen-3-235B,1270,challenging,hallucination,,49
Qwen-3-235B,1270,challenging,semantic,,50
Qwen-3-235B,634,challenging,correct,0.6222379516536715,1
Qwen-3-235B,634,challenging,correct,0.6091837920606823,2
Qwen-3-235B,634,challenging,semantic,,3
Qwen-3-235B,634,challenging,correct,0.5756224522547331,4
Qwen-3-235B,634,challenging,correct,1.4244412177403238,5
Qwen-3-235B,634,challenging,semantic,,6
Qwen-3-235B,634,challenging,correct,0.5967137763289659,7
Qwen-3-235B,634,challenging,correct,0.5726725755394382,8
Qwen-3-235B,634,challenging,semantic,,9
Qwen-3-235B,634,challenging,correct,0.5772605482489563,10
Qwen-3-235B,634,challenging,semantic,,11
Qwen-3-235B,634,challenging,semantic,,12
Qwen-3-235B,634,challenging,correct,0.643000628189152,13
Qwen-3-235B,634,challenging,correct,0.4910134147182272,14
Qwen-3-235B,634,challenging,correct,0.579268876810631,15
Qwen-3-235B,634,challenging,correct,0.6385196728768917,16
Qwen-3-235B,634,challenging,correct,0.6238252126729386,17
Qwen-3-235B,634,challenging,correct,0.5905437251086412,18
Qwen-3-235B,634,challenging,semantic,,19
Qwen-3-235B,634,challenging,correct,0.5622197772506078,20
Qwen-3-235B,634,challenging,semantic,,21
Qwen-3-235B,634,challenging,correct,0.5945517232484092,22
Qwen-3-235B,634,challenging,correct,0.589709452096248,23
Qwen-3-235B,634,challenging,semantic,,24
Qwen-3-235B,634,challenging,correct,0.605379970066309,25
Qwen-3-235B,634,challenging,correct,0.6121899051766804,26
Qwen-3-235B,634,challenging,correct,0.5968040705066806,27
Qwen-3-235B,634,challenging,correct,0.5548232629973101,28
Qwen-3-235B,634,challenging,correct,0.5926704430402245,29
Qwen-3-235B,634,challenging,correct,0.6673553685346337,30
Qwen-3-235B,634,challenging,correct,0.5690215271097959,31
Qwen-3-235B,634,challenging,correct,0.5962389606972802,32
Qwen-3-235B,634,challenging,correct,0.5794341311226534,33
Qwen-3-235B,634,challenging,correct,0.5802326771071034,34
Qwen-3-235B,634,challenging,semantic,,35
Qwen-3-235B,634,challenging,correct,0.5962756045852482,36
Qwen-3-235B,634,challenging,correct,0.6059968588331586,37
Qwen-3-235B,634,challenging,correct,0.5906469641411642,38
Qwen-3-235B,634,challenging,correct,0.5792623961116805,39
Qwen-3-235B,634,challenging,semantic,,40
Qwen-3-235B,634,challenging,semantic,,41
Qwen-3-235B,634,challenging,correct,0.6193442606617271,42
Qwen-3-235B,634,challenging,correct,0.6461757684102107,43
Qwen-3-235B,634,challenging,correct,1.2457018949533503,44
Qwen-3-235B,634,challenging,semantic,,45
Qwen-3-235B,634,challenging,correct,0.8211544643161892,46
Qwen-3-235B,634,challenging,semantic,,47
Qwen-3-235B,634,challenging,semantic,,48
Qwen-3-235B,634,challenging,semantic,,49
Qwen-3-235B,634,challenging,correct,0.6176952185082464,50
Qwen-3-235B,1115,challenging,semantic,,1
Qwen-3-235B,1115,challenging,semantic,,2
Qwen-3-235B,1115,challenging,semantic,,3
Qwen-3-235B,1115,challenging,semantic,,4
Qwen-3-235B,1115,challenging,semantic,,5
Qwen-3-235B,1115,challenging,semantic,,6
Qwen-3-235B,1115,challenging,semantic,,7
Qwen-3-235B,1115,challenging,semantic,,8
Qwen-3-235B,1115,challenging,semantic,,9
Qwen-3-235B,1115,challenging,semantic,,10
Qwen-3-235B,1115,challenging,correct,1.89601793156586,11
Qwen-3-235B,1115,challenging,semantic,,12
Qwen-3-235B,1115,challenging,semantic,,13
Qwen-3-235B,1115,challenging,semantic,,14
Qwen-3-235B,1115,challenging,semantic,,15
Qwen-3-235B,1115,challenging,correct,1.659555907389999,16
Qwen-3-235B,1115,challenging,semantic,,17
Qwen-3-235B,1115,challenging,semantic,,18
Qwen-3-235B,1115,challenging,semantic,,19
Qwen-3-235B,1115,challenging,semantic,,20
Qwen-3-235B,1115,challenging,semantic,,21
Qwen-3-235B,1115,challenging,semantic,,22
Qwen-3-235B,1115,challenging,semantic,,23
Qwen-3-235B,1115,challenging,semantic,,24
Qwen-3-235B,1115,challenging,semantic,,25
Qwen-3-235B,1115,challenging,semantic,,26
Qwen-3-235B,1115,challenging,semantic,,27
Qwen-3-235B,1115,challenging,correct,2.1627219985983284,28
Qwen-3-235B,1115,challenging,semantic,,29
Qwen-3-235B,1115,challenging,semantic,,30
Qwen-3-235B,1115,challenging,semantic,,31
Qwen-3-235B,1115,challenging,semantic,,32
Qwen-3-235B,1115,challenging,semantic,,33
Qwen-3-235B,1115,challenging,semantic,,34
Qwen-3-235B,1115,challenging,semantic,,35
Qwen-3-235B,1115,challenging,semantic,,36
Qwen-3-235B,1115,challenging,semantic,,37
Qwen-3-235B,1115,challenging,semantic,,38
Qwen-3-235B,1115,challenging,semantic,,39
Qwen-3-235B,1115,challenging,semantic,,40
Qwen-3-235B,1115,challenging,semantic,,41
Qwen-3-235B,1115,challenging,semantic,,42
Qwen-3-235B,1115,challenging,semantic,,43
Qwen-3-235B,1115,challenging,semantic,,44
Qwen-3-235B,1115,challenging,semantic,,45
Qwen-3-235B,1115,challenging,semantic,,46
Qwen-3-235B,1115,challenging,correct,1.9500542331960613,47
Qwen-3-235B,1115,challenging,correct,1.5618823653536895,48
Qwen-3-235B,1115,challenging,semantic,,49
Qwen-3-235B,1115,challenging,semantic,,50
Qwen-3-235B,1183,challenging,correct,4.856069990709198,1
Qwen-3-235B,1183,challenging,correct,1.3251398542125783,2
Qwen-3-235B,1183,challenging,correct,1.3294554855388592,3
Qwen-3-235B,1183,challenging,correct,1.9213130581704079,4
Qwen-3-235B,1183,challenging,correct,1.3900343642611683,5
Qwen-3-235B,1183,challenging,correct,1.4031479538300105,6
Qwen-3-235B,1183,challenging,correct,1.0705971935168062,7
Qwen-3-235B,1183,challenging,correct,1.2228315054835492,8
Qwen-3-235B,1183,challenging,correct,1.339064793457748,9
Qwen-3-235B,1183,challenging,correct,1.6633354153653965,10
Qwen-3-235B,1183,challenging,correct,1.3566489060197258,11
Qwen-3-235B,1183,challenging,correct,1.5167317345231455,12
Qwen-3-235B,1183,challenging,correct,1.5123988514748108,13
Qwen-3-235B,1183,challenging,correct,1.2867655383222008,14
Qwen-3-235B,1183,challenging,correct,1.0063836104513064,15
Qwen-3-235B,1183,challenging,correct,1.655659439029242,16
Qwen-3-235B,1183,challenging,correct,1.2319438712340074,17
Qwen-3-235B,1183,challenging,correct,1.3732367518109037,18
Qwen-3-235B,1183,challenging,correct,1.3652475045834183,19
Qwen-3-235B,1183,challenging,correct,1.287185754189944,20
Qwen-3-235B,1183,challenging,correct,1.1127494787012213,21
Qwen-3-235B,1183,challenging,correct,1.366794748639129,22
Qwen-3-235B,1183,challenging,correct,1.2042376583660988,23
Qwen-3-235B,1183,challenging,correct,1.3306631648063034,24
Qwen-3-235B,1183,challenging,correct,1.5464362850971922,25
Qwen-3-235B,1183,challenging,correct,1.0027997565429092,26
Qwen-3-235B,1183,challenging,correct,1.3786311181854358,27
Qwen-3-235B,1183,challenging,correct,1.440935192780968,28
Qwen-3-235B,1183,challenging,correct,1.3209876543209877,29
Qwen-3-235B,1183,challenging,correct,1.3486856165847403,30
Qwen-3-235B,1183,challenging,correct,1.0635112291716977,31
Qwen-3-235B,1183,challenging,correct,1.2268145161290323,32
Qwen-3-235B,1183,challenging,correct,1.536727711813242,33
Qwen-3-235B,1183,challenging,correct,1.5695203400121434,34
Qwen-3-235B,1183,challenging,correct,1.2377782627673506,35
Qwen-3-235B,1183,challenging,correct,1.7469297362593115,36
Qwen-3-235B,1183,challenging,correct,1.2460620525059667,37
Qwen-3-235B,1183,challenging,correct,1.378526645768025,38
Qwen-3-235B,1183,challenging,correct,0.7954092862383398,39
Qwen-3-235B,1183,challenging,correct,1.0654924587508856,40
Qwen-3-235B,1183,challenging,correct,1.3385112273146724,41
Qwen-3-235B,1183,challenging,correct,2.2866560127846585,42
Qwen-3-235B,1183,challenging,correct,1.2980715639282132,43
Qwen-3-235B,1183,challenging,correct,1.0071286298354125,44
Qwen-3-235B,1183,challenging,correct,1.2923076923076924,45
Qwen-3-235B,1183,challenging,correct,2.225909211574197,46
Qwen-3-235B,1183,challenging,correct,2.2254627033090295,47
Qwen-3-235B,1183,challenging,correct,1.4382604193631892,48
Qwen-3-235B,1183,challenging,correct,1.4281437125748504,49
Qwen-3-235B,1183,challenging,correct,1.311965811965812,50
Qwen-3-235B,247,challenging,semantic,,1
Qwen-3-235B,247,challenging,semantic,,2
Qwen-3-235B,247,challenging,semantic,,3
Qwen-3-235B,247,challenging,semantic,,4
Qwen-3-235B,247,challenging,semantic,,5
Qwen-3-235B,247,challenging,semantic,,6
Qwen-3-235B,247,challenging,semantic,,7
Qwen-3-235B,247,challenging,semantic,,8
Qwen-3-235B,247,challenging,semantic,,9
Qwen-3-235B,247,challenging,semantic,,10
Qwen-3-235B,247,challenging,semantic,,11
Qwen-3-235B,247,challenging,semantic,,12
Qwen-3-235B,247,challenging,semantic,,13
Qwen-3-235B,247,challenging,semantic,,14
Qwen-3-235B,247,challenging,semantic,,15
Qwen-3-235B,247,challenging,semantic,,16
Qwen-3-235B,247,challenging,semantic,,17
Qwen-3-235B,247,challenging,semantic,,18
Qwen-3-235B,247,challenging,semantic,,19
Qwen-3-235B,247,challenging,semantic,,20
Qwen-3-235B,247,challenging,semantic,,21
Qwen-3-235B,247,challenging,semantic,,22
Qwen-3-235B,247,challenging,semantic,,23
Qwen-3-235B,247,challenging,semantic,,24
Qwen-3-235B,247,challenging,semantic,,25
Qwen-3-235B,247,challenging,semantic,,26
Qwen-3-235B,247,challenging,semantic,,27
Qwen-3-235B,247,challenging,semantic,,28
Qwen-3-235B,247,challenging,semantic,,29
Qwen-3-235B,247,challenging,semantic,,30
Qwen-3-235B,247,challenging,semantic,,31
Qwen-3-235B,247,challenging,semantic,,32
Qwen-3-235B,247,challenging,semantic,,33
Qwen-3-235B,247,challenging,semantic,,34
Qwen-3-235B,247,challenging,semantic,,35
Qwen-3-235B,247,challenging,semantic,,36
Qwen-3-235B,247,challenging,semantic,,37
Qwen-3-235B,247,challenging,semantic,,38
Qwen-3-235B,247,challenging,semantic,,39
Qwen-3-235B,247,challenging,semantic,,40
Qwen-3-235B,247,challenging,semantic,,41
Qwen-3-235B,247,challenging,semantic,,42
Qwen-3-235B,247,challenging,semantic,,43
Qwen-3-235B,247,challenging,semantic,,44
Qwen-3-235B,247,challenging,semantic,,45
Qwen-3-235B,247,challenging,semantic,,46
Qwen-3-235B,247,challenging,semantic,,47
Qwen-3-235B,247,challenging,semantic,,48
Qwen-3-235B,247,challenging,semantic,,49
Qwen-3-235B,247,challenging,semantic,,50
Qwen-3-235B,1076,challenging,correct,0.9117866621720193,1
Qwen-3-235B,1076,challenging,correct,0.7754771692089748,2
Qwen-3-235B,1076,challenging,correct,0.8063293485737747,3
Qwen-3-235B,1076,challenging,correct,0.8142781344114548,4
Qwen-3-235B,1076,challenging,correct,0.9665918732129954,5
Qwen-3-235B,1076,challenging,correct,0.9035088551249708,6
Qwen-3-235B,1076,challenging,correct,0.9246965951951284,7
Qwen-3-235B,1076,challenging,correct,0.8196995584832091,8
Qwen-3-235B,1076,challenging,correct,0.8188060907693043,9
Qwen-3-235B,1076,challenging,correct,0.831808908560185,10
Qwen-3-235B,1076,challenging,correct,0.7267038566043326,11
Qwen-3-235B,1076,challenging,correct,0.8437330366776349,12
Qwen-3-235B,1076,challenging,correct,0.9344132325859966,13
Qwen-3-235B,1076,challenging,correct,0.73902534993981,14
Qwen-3-235B,1076,challenging,correct,0.765396017854308,15
Qwen-3-235B,1076,challenging,correct,0.8352697748789678,16
Qwen-3-235B,1076,challenging,correct,0.8945290747789737,17
Qwen-3-235B,1076,challenging,correct,0.8911753631164179,18
Qwen-3-235B,1076,challenging,correct,0.7957589839942781,19
Qwen-3-235B,1076,challenging,correct,0.6860915066145956,20
Qwen-3-235B,1076,challenging,correct,0.9387091360702133,21
Qwen-3-235B,1076,challenging,correct,0.7276337427813492,22
Qwen-3-235B,1076,challenging,correct,0.7938993292265117,23
Qwen-3-235B,1076,challenging,correct,0.9435699693001731,24
Qwen-3-235B,1076,challenging,correct,0.8689080753576557,25
Qwen-3-235B,1076,challenging,correct,0.8495283410886812,26
Qwen-3-235B,1076,challenging,correct,1.1161364196139878,27
Qwen-3-235B,1076,challenging,correct,0.7997608495242062,28
Qwen-3-235B,1076,challenging,correct,0.852576659256046,29
Qwen-3-235B,1076,challenging,correct,0.7385481805881449,30
Qwen-3-235B,1076,challenging,correct,0.8151152513753352,31
Qwen-3-235B,1076,challenging,correct,0.9753887733647225,32
Qwen-3-235B,1076,challenging,correct,0.8087515448391995,33
Qwen-3-235B,1076,challenging,correct,0.879031558445923,34
Qwen-3-235B,1076,challenging,correct,0.9506638996700989,35
Qwen-3-235B,1076,challenging,correct,0.7119639414822289,36
Qwen-3-235B,1076,challenging,correct,0.6783946310972206,37
Qwen-3-235B,1076,challenging,correct,0.7650090699258134,38
Qwen-3-235B,1076,challenging,correct,0.8769227669222249,39
Qwen-3-235B,1076,challenging,correct,0.8676577558499747,40
Qwen-3-235B,1076,challenging,correct,0.8829872720958247,41
Qwen-3-235B,1076,challenging,correct,0.8794069572416854,42
Qwen-3-235B,1076,challenging,correct,0.7590997064454562,43
Qwen-3-235B,1076,challenging,correct,0.9559657920423259,44
Qwen-3-235B,1076,challenging,correct,1.041271642463985,45
Qwen-3-235B,1076,challenging,correct,0.9605459188054895,46
Qwen-3-235B,1076,challenging,correct,0.7786676063410656,47
Qwen-3-235B,1076,challenging,correct,0.9275311460759699,48
Qwen-3-235B,1076,challenging,correct,0.7296702883838683,49
Qwen-3-235B,1076,challenging,correct,0.9567378557298198,50
Qwen-3-235B,835,challenging,correct,10.286039453717754,1
Qwen-3-235B,835,challenging,correct,1.3783621035728624,2
Qwen-3-235B,835,challenging,correct,1.5104397342613096,3
Qwen-3-235B,835,challenging,correct,1.4121113594797805,4
Qwen-3-235B,835,challenging,correct,1.6512113617376776,5
Qwen-3-235B,835,challenging,correct,1.438121969890278,6
Qwen-3-235B,835,challenging,correct,1.5194471865745312,7
Qwen-3-235B,835,challenging,correct,1.5655771617707903,8
Qwen-3-235B,835,challenging,correct,1.2149742210266756,9
Qwen-3-235B,835,challenging,correct,1.2420917474028248,10
Qwen-3-235B,835,challenging,correct,1.3637256828453528,11
Qwen-3-235B,835,challenging,correct,1.3742490989187024,12
Qwen-3-235B,835,challenging,correct,1.290142857142857,13
Qwen-3-235B,835,challenging,correct,1.357184981324946,14
Qwen-3-235B,835,challenging,correct,1.3416716299384555,15
Qwen-3-235B,835,challenging,correct,0.8101628813948153,16
Qwen-3-235B,835,challenging,correct,1.374260938115885,17
Qwen-3-235B,835,challenging,correct,1.4569014084507041,18
Qwen-3-235B,835,challenging,correct,1.3008749189889826,19
Qwen-3-235B,835,challenging,correct,1.912724167378309,20
Qwen-3-235B,835,challenging,correct,1.3206307490144547,21
Qwen-3-235B,835,challenging,correct,1.4444444444444444,22
Qwen-3-235B,835,challenging,correct,1.3378265934431686,23
Qwen-3-235B,835,challenging,correct,1.5608434900367576,24
Qwen-3-235B,835,challenging,correct,1.240846216436127,25
Qwen-3-235B,835,challenging,correct,1.487014800335102,26
Qwen-3-235B,835,challenging,correct,1.3599120472167574,27
Qwen-3-235B,835,challenging,correct,1.264786795048143,28
Qwen-3-235B,835,challenging,correct,1.5783022319795097,29
Qwen-3-235B,835,challenging,correct,1.4202323604420515,30
Qwen-3-235B,835,challenging,correct,1.460991280403855,31
Qwen-3-235B,835,challenging,correct,1.3203675730110775,32
Qwen-3-235B,835,challenging,correct,1.284931506849315,33
Qwen-3-235B,835,challenging,correct,1.3523669184011788,34
Qwen-3-235B,835,challenging,correct,1.7982237024701637,35
Qwen-3-235B,835,challenging,correct,1.2250718549635198,36
Qwen-3-235B,835,challenging,correct,1.514547939855497,37
Qwen-3-235B,835,challenging,correct,1.5095822154082024,38
Qwen-3-235B,835,challenging,correct,1.4666546827251483,39
Qwen-3-235B,835,challenging,correct,1.4846860643185298,40
Qwen-3-235B,835,challenging,correct,1.7973604060913706,41
Qwen-3-235B,835,challenging,correct,1.560213843556556,42
Qwen-3-235B,835,challenging,correct,1.435497590019847,43
Qwen-3-235B,835,challenging,correct,1.238989898989899,44
Qwen-3-235B,835,challenging,correct,1.2635760018970832,45
Qwen-3-235B,835,challenging,correct,1.2024966858152895,46
Qwen-3-235B,835,challenging,correct,1.2561871616395979,47
Qwen-3-235B,835,challenging,correct,1.689523146536721,48
Qwen-3-235B,835,challenging,correct,1.355880758807588,49
Qwen-3-235B,835,challenging,correct,0.9822619047619048,50
Qwen-3-235B,1359,challenging,semantic,,1
Qwen-3-235B,1359,challenging,semantic,,2
Qwen-3-235B,1359,challenging,semantic,,3
Qwen-3-235B,1359,challenging,semantic,,4
Qwen-3-235B,1359,challenging,semantic,,5
Qwen-3-235B,1359,challenging,semantic,,6
Qwen-3-235B,1359,challenging,semantic,,7
Qwen-3-235B,1359,challenging,semantic,,8
Qwen-3-235B,1359,challenging,semantic,,9
Qwen-3-235B,1359,challenging,semantic,,10
Qwen-3-235B,1359,challenging,semantic,,11
Qwen-3-235B,1359,challenging,semantic,,12
Qwen-3-235B,1359,challenging,semantic,,13
Qwen-3-235B,1359,challenging,semantic,,14
Qwen-3-235B,1359,challenging,semantic,,15
Qwen-3-235B,1359,challenging,semantic,,16
Qwen-3-235B,1359,challenging,semantic,,17
Qwen-3-235B,1359,challenging,semantic,,18
Qwen-3-235B,1359,challenging,semantic,,19
Qwen-3-235B,1359,challenging,semantic,,20
Qwen-3-235B,1359,challenging,semantic,,21
Qwen-3-235B,1359,challenging,semantic,,22
Qwen-3-235B,1359,challenging,semantic,,23
Qwen-3-235B,1359,challenging,semantic,,24
Qwen-3-235B,1359,challenging,semantic,,25
Qwen-3-235B,1359,challenging,semantic,,26
Qwen-3-235B,1359,challenging,semantic,,27
Qwen-3-235B,1359,challenging,semantic,,28
Qwen-3-235B,1359,challenging,semantic,,29
Qwen-3-235B,1359,challenging,semantic,,30
Qwen-3-235B,1359,challenging,semantic,,31
Qwen-3-235B,1359,challenging,semantic,,32
Qwen-3-235B,1359,challenging,semantic,,33
Qwen-3-235B,1359,challenging,semantic,,34
Qwen-3-235B,1359,challenging,semantic,,35
Qwen-3-235B,1359,challenging,semantic,,36
Qwen-3-235B,1359,challenging,semantic,,37
Qwen-3-235B,1359,challenging,semantic,,38
Qwen-3-235B,1359,challenging,semantic,,39
Qwen-3-235B,1359,challenging,semantic,,40
Qwen-3-235B,1359,challenging,semantic,,41
Qwen-3-235B,1359,challenging,semantic,,42
Qwen-3-235B,1359,challenging,semantic,,43
Qwen-3-235B,1359,challenging,semantic,,44
Qwen-3-235B,1359,challenging,semantic,,45
Qwen-3-235B,1359,challenging,semantic,,46
Qwen-3-235B,1359,challenging,semantic,,47
Qwen-3-235B,1359,challenging,semantic,,48
Qwen-3-235B,1359,challenging,semantic,,49
Qwen-3-235B,1359,challenging,semantic,,50
Qwen-3-235B,263,challenging,semantic,,1
Qwen-3-235B,263,challenging,semantic,,2
Qwen-3-235B,263,challenging,semantic,,3
Qwen-3-235B,263,challenging,semantic,,4
Qwen-3-235B,263,challenging,semantic,,5
Qwen-3-235B,263,challenging,semantic,,6
Qwen-3-235B,263,challenging,semantic,,7
Qwen-3-235B,263,challenging,semantic,,8
Qwen-3-235B,263,challenging,semantic,,9
Qwen-3-235B,263,challenging,semantic,,10
Qwen-3-235B,263,challenging,semantic,,11
Qwen-3-235B,263,challenging,semantic,,12
Qwen-3-235B,263,challenging,semantic,,13
Qwen-3-235B,263,challenging,semantic,,14
Qwen-3-235B,263,challenging,semantic,,15
Qwen-3-235B,263,challenging,semantic,,16
Qwen-3-235B,263,challenging,semantic,,17
Qwen-3-235B,263,challenging,semantic,,18
Qwen-3-235B,263,challenging,semantic,,19
Qwen-3-235B,263,challenging,semantic,,20
Qwen-3-235B,263,challenging,semantic,,21
Qwen-3-235B,263,challenging,semantic,,22
Qwen-3-235B,263,challenging,semantic,,23
Qwen-3-235B,263,challenging,semantic,,24
Qwen-3-235B,263,challenging,semantic,,25
Qwen-3-235B,263,challenging,semantic,,26
Qwen-3-235B,263,challenging,semantic,,27
Qwen-3-235B,263,challenging,semantic,,28
Qwen-3-235B,263,challenging,semantic,,29
Qwen-3-235B,263,challenging,semantic,,30
Qwen-3-235B,263,challenging,semantic,,31
Qwen-3-235B,263,challenging,semantic,,32
Qwen-3-235B,263,challenging,semantic,,33
Qwen-3-235B,263,challenging,semantic,,34
Qwen-3-235B,263,challenging,semantic,,35
Qwen-3-235B,263,challenging,semantic,,36
Qwen-3-235B,263,challenging,semantic,,37
Qwen-3-235B,263,challenging,semantic,,38
Qwen-3-235B,263,challenging,semantic,,39
Qwen-3-235B,263,challenging,semantic,,40
Qwen-3-235B,263,challenging,semantic,,41
Qwen-3-235B,263,challenging,semantic,,42
Qwen-3-235B,263,challenging,semantic,,43
Qwen-3-235B,263,challenging,semantic,,44
Qwen-3-235B,263,challenging,semantic,,45
Qwen-3-235B,263,challenging,semantic,,46
Qwen-3-235B,263,challenging,semantic,,47
Qwen-3-235B,263,challenging,semantic,,48
Qwen-3-235B,263,challenging,semantic,,49
Qwen-3-235B,263,challenging,semantic,,50
Qwen-3-235B,1460,challenging,correct,1.4335260115606936,1
Qwen-3-235B,1460,challenging,correct,1.3599598930481283,2
Qwen-3-235B,1460,challenging,correct,1.461262339216273,3
Qwen-3-235B,1460,challenging,correct,1.558841651263093,4
Qwen-3-235B,1460,challenging,correct,1.4044467073998643,5
Qwen-3-235B,1460,challenging,correct,1.7201140601008993,6
Qwen-3-235B,1460,challenging,correct,2.0818733153638815,7
Qwen-3-235B,1460,challenging,correct,1.2598647125140925,8
Qwen-3-235B,1460,challenging,correct,1.4094955489614243,9
Qwen-3-235B,1460,challenging,correct,1.6467674661105318,10
Qwen-3-235B,1460,challenging,correct,1.5643535847970054,11
Qwen-3-235B,1460,challenging,correct,1.696240194752502,12
Qwen-3-235B,1460,challenging,correct,1.1100667483994007,13
Qwen-3-235B,1460,challenging,correct,1.5682332244282482,14
Qwen-3-235B,1460,challenging,correct,1.4483643361128928,15
Qwen-3-235B,1460,challenging,correct,1.795829713292789,16
Qwen-3-235B,1460,challenging,correct,1.4817073170731707,17
Qwen-3-235B,1460,challenging,correct,1.0688549330315036,18
Qwen-3-235B,1460,challenging,correct,1.6641810233993315,19
Qwen-3-235B,1460,challenging,correct,1.352505515285219,20
Qwen-3-235B,1460,challenging,correct,1.0111530260783992,21
Qwen-3-235B,1460,challenging,correct,0.8138937911118241,22
Qwen-3-235B,1460,challenging,correct,1.5997206703910614,23
Qwen-3-235B,1460,challenging,correct,1.2923545439974355,24
Qwen-3-235B,1460,challenging,correct,1.6936192198398348,25
Qwen-3-235B,1460,challenging,correct,1.6220532319391634,26
Qwen-3-235B,1460,challenging,correct,1.394752416650227,27
Qwen-3-235B,1460,challenging,correct,1.6123876123876124,28
Qwen-3-235B,1460,challenging,correct,1.4704089408178815,29
Qwen-3-235B,1460,challenging,correct,1.6094069529652353,30
Qwen-3-235B,1460,challenging,correct,1.6909474795460544,31
Qwen-3-235B,1460,challenging,correct,1.836227624899813,32
Qwen-3-235B,1460,challenging,correct,1.6912985719030222,33
Qwen-3-235B,1460,challenging,correct,1.6978891820580475,34
Qwen-3-235B,1460,challenging,correct,1.6945101129498292,35
Qwen-3-235B,1460,challenging,correct,2.113046701260193,36
Qwen-3-235B,1460,challenging,correct,1.0158227848101267,37
Qwen-3-235B,1460,challenging,correct,1.3250324254215304,38
Qwen-3-235B,1460,challenging,correct,1.6037942356804087,39
Qwen-3-235B,1460,challenging,correct,1.476776720761052,40
Qwen-3-235B,1460,challenging,correct,1.3253328949531482,41
Qwen-3-235B,1460,challenging,correct,1.5380546576550103,42
Qwen-3-235B,1460,challenging,correct,1.8032360589425023,43
Qwen-3-235B,1460,challenging,correct,1.0879983474488741,44
Qwen-3-235B,1460,challenging,correct,1.507150715071507,45
Qwen-3-235B,1460,challenging,correct,1.3855446781920433,46
Qwen-3-235B,1460,challenging,correct,1.3993360995850623,47
Qwen-3-235B,1460,challenging,correct,1.3575418994413408,48
Qwen-3-235B,1460,challenging,correct,1.3868507083181982,49
Qwen-3-235B,1460,challenging,correct,1.3776094276094275,50
Qwen-3-235B,28,challenging,hallucination,,1
Qwen-3-235B,28,challenging,hallucination,,2
Qwen-3-235B,28,challenging,hallucination,,3
Qwen-3-235B,28,challenging,hallucination,,4
Qwen-3-235B,28,challenging,hallucination,,5
Qwen-3-235B,28,challenging,hallucination,,6
Qwen-3-235B,28,challenging,hallucination,,7
Qwen-3-235B,28,challenging,hallucination,,8
Qwen-3-235B,28,challenging,hallucination,,9
Qwen-3-235B,28,challenging,hallucination,,10
Qwen-3-235B,28,challenging,hallucination,,11
Qwen-3-235B,28,challenging,hallucination,,12
Qwen-3-235B,28,challenging,hallucination,,13
Qwen-3-235B,28,challenging,hallucination,,14
Qwen-3-235B,28,challenging,hallucination,,15
Qwen-3-235B,28,challenging,hallucination,,16
Qwen-3-235B,28,challenging,hallucination,,17
Qwen-3-235B,28,challenging,hallucination,,18
Qwen-3-235B,28,challenging,hallucination,,19
Qwen-3-235B,28,challenging,hallucination,,20
Qwen-3-235B,28,challenging,hallucination,,21
Qwen-3-235B,28,challenging,hallucination,,22
Qwen-3-235B,28,challenging,hallucination,,23
Qwen-3-235B,28,challenging,hallucination,,24
Qwen-3-235B,28,challenging,hallucination,,25
Qwen-3-235B,28,challenging,hallucination,,26
Qwen-3-235B,28,challenging,hallucination,,27
Qwen-3-235B,28,challenging,hallucination,,28
Qwen-3-235B,28,challenging,hallucination,,29
Qwen-3-235B,28,challenging,hallucination,,30
Qwen-3-235B,28,challenging,hallucination,,31
Qwen-3-235B,28,challenging,hallucination,,32
Qwen-3-235B,28,challenging,hallucination,,33
Qwen-3-235B,28,challenging,hallucination,,34
Qwen-3-235B,28,challenging,hallucination,,35
Qwen-3-235B,28,challenging,hallucination,,36
Qwen-3-235B,28,challenging,hallucination,,37
Qwen-3-235B,28,challenging,hallucination,,38
Qwen-3-235B,28,challenging,hallucination,,39
Qwen-3-235B,28,challenging,hallucination,,40
Qwen-3-235B,28,challenging,hallucination,,41
Qwen-3-235B,28,challenging,hallucination,,42
Qwen-3-235B,28,challenging,hallucination,,43
Qwen-3-235B,28,challenging,hallucination,,44
Qwen-3-235B,28,challenging,hallucination,,45
Qwen-3-235B,28,challenging,hallucination,,46
Qwen-3-235B,28,challenging,hallucination,,47
Qwen-3-235B,28,challenging,hallucination,,48
Qwen-3-235B,28,challenging,hallucination,,49
Qwen-3-235B,28,challenging,hallucination,,50
Qwen-3-235B,1241,challenging,semantic,,1
Qwen-3-235B,1241,challenging,semantic,,2
Qwen-3-235B,1241,challenging,semantic,,3
Qwen-3-235B,1241,challenging,semantic,,4
Qwen-3-235B,1241,challenging,semantic,,5
Qwen-3-235B,1241,challenging,semantic,,6
Qwen-3-235B,1241,challenging,semantic,,7
Qwen-3-235B,1241,challenging,semantic,,8
Qwen-3-235B,1241,challenging,semantic,,9
Qwen-3-235B,1241,challenging,semantic,,10
Qwen-3-235B,1241,challenging,semantic,,11
Qwen-3-235B,1241,challenging,semantic,,12
Qwen-3-235B,1241,challenging,semantic,,13
Qwen-3-235B,1241,challenging,semantic,,14
Qwen-3-235B,1241,challenging,semantic,,15
Qwen-3-235B,1241,challenging,semantic,,16
Qwen-3-235B,1241,challenging,semantic,,17
Qwen-3-235B,1241,challenging,semantic,,18
Qwen-3-235B,1241,challenging,semantic,,19
Qwen-3-235B,1241,challenging,semantic,,20
Qwen-3-235B,1241,challenging,semantic,,21
Qwen-3-235B,1241,challenging,semantic,,22
Qwen-3-235B,1241,challenging,semantic,,23
Qwen-3-235B,1241,challenging,semantic,,24
Qwen-3-235B,1241,challenging,semantic,,25
Qwen-3-235B,1241,challenging,semantic,,26
Qwen-3-235B,1241,challenging,semantic,,27
Qwen-3-235B,1241,challenging,semantic,,28
Qwen-3-235B,1241,challenging,semantic,,29
Qwen-3-235B,1241,challenging,semantic,,30
Qwen-3-235B,1241,challenging,semantic,,31
Qwen-3-235B,1241,challenging,semantic,,32
Qwen-3-235B,1241,challenging,semantic,,33
Qwen-3-235B,1241,challenging,semantic,,34
Qwen-3-235B,1241,challenging,semantic,,35
Qwen-3-235B,1241,challenging,semantic,,36
Qwen-3-235B,1241,challenging,semantic,,37
Qwen-3-235B,1241,challenging,semantic,,38
Qwen-3-235B,1241,challenging,semantic,,39
Qwen-3-235B,1241,challenging,semantic,,40
Qwen-3-235B,1241,challenging,semantic,,41
Qwen-3-235B,1241,challenging,semantic,,42
Qwen-3-235B,1241,challenging,semantic,,43
Qwen-3-235B,1241,challenging,semantic,,44
Qwen-3-235B,1241,challenging,semantic,,45
Qwen-3-235B,1241,challenging,semantic,,46
Qwen-3-235B,1241,challenging,semantic,,47
Qwen-3-235B,1241,challenging,semantic,,48
Qwen-3-235B,1241,challenging,semantic,,49
Qwen-3-235B,1241,challenging,semantic,,50
Qwen-3-235B,1041,challenging,semantic,,1
Qwen-3-235B,1041,challenging,semantic,,2
Qwen-3-235B,1041,challenging,semantic,,3
Qwen-3-235B,1041,challenging,semantic,,4
Qwen-3-235B,1041,challenging,semantic,,5
Qwen-3-235B,1041,challenging,semantic,,6
Qwen-3-235B,1041,challenging,semantic,,7
Qwen-3-235B,1041,challenging,semantic,,8
Qwen-3-235B,1041,challenging,semantic,,9
Qwen-3-235B,1041,challenging,semantic,,10
Qwen-3-235B,1041,challenging,semantic,,11
Qwen-3-235B,1041,challenging,semantic,,12
Qwen-3-235B,1041,challenging,semantic,,13
Qwen-3-235B,1041,challenging,semantic,,14
Qwen-3-235B,1041,challenging,semantic,,15
Qwen-3-235B,1041,challenging,semantic,,16
Qwen-3-235B,1041,challenging,semantic,,17
Qwen-3-235B,1041,challenging,semantic,,18
Qwen-3-235B,1041,challenging,semantic,,19
Qwen-3-235B,1041,challenging,semantic,,20
Qwen-3-235B,1041,challenging,semantic,,21
Qwen-3-235B,1041,challenging,semantic,,22
Qwen-3-235B,1041,challenging,semantic,,23
Qwen-3-235B,1041,challenging,semantic,,24
Qwen-3-235B,1041,challenging,semantic,,25
Qwen-3-235B,1041,challenging,semantic,,26
Qwen-3-235B,1041,challenging,semantic,,27
Qwen-3-235B,1041,challenging,semantic,,28
Qwen-3-235B,1041,challenging,semantic,,29
Qwen-3-235B,1041,challenging,semantic,,30
Qwen-3-235B,1041,challenging,semantic,,31
Qwen-3-235B,1041,challenging,semantic,,32
Qwen-3-235B,1041,challenging,semantic,,33
Qwen-3-235B,1041,challenging,semantic,,34
Qwen-3-235B,1041,challenging,semantic,,35
Qwen-3-235B,1041,challenging,semantic,,36
Qwen-3-235B,1041,challenging,semantic,,37
Qwen-3-235B,1041,challenging,semantic,,38
Qwen-3-235B,1041,challenging,semantic,,39
Qwen-3-235B,1041,challenging,semantic,,40
Qwen-3-235B,1041,challenging,semantic,,41
Qwen-3-235B,1041,challenging,semantic,,42
Qwen-3-235B,1041,challenging,semantic,,43
Qwen-3-235B,1041,challenging,semantic,,44
Qwen-3-235B,1041,challenging,semantic,,45
Qwen-3-235B,1041,challenging,semantic,,46
Qwen-3-235B,1041,challenging,semantic,,47
Qwen-3-235B,1041,challenging,semantic,,48
Qwen-3-235B,1041,challenging,semantic,,49
Qwen-3-235B,1041,challenging,semantic,,50
Qwen-3-235B,1202,challenging,correct,8.961329603422742,1
Qwen-3-235B,1202,challenging,semantic,,2
Qwen-3-235B,1202,challenging,semantic,,3
Qwen-3-235B,1202,challenging,semantic,,4
Qwen-3-235B,1202,challenging,semantic,,5
Qwen-3-235B,1202,challenging,semantic,,6
Qwen-3-235B,1202,challenging,semantic,,7
Qwen-3-235B,1202,challenging,semantic,,8
Qwen-3-235B,1202,challenging,semantic,,9
Qwen-3-235B,1202,challenging,semantic,,10
Qwen-3-235B,1202,challenging,semantic,,11
Qwen-3-235B,1202,challenging,semantic,,12
Qwen-3-235B,1202,challenging,semantic,,13
Qwen-3-235B,1202,challenging,semantic,,14
Qwen-3-235B,1202,challenging,semantic,,15
Qwen-3-235B,1202,challenging,semantic,,16
Qwen-3-235B,1202,challenging,semantic,,17
Qwen-3-235B,1202,challenging,semantic,,18
Qwen-3-235B,1202,challenging,semantic,,19
Qwen-3-235B,1202,challenging,semantic,,20
Qwen-3-235B,1202,challenging,semantic,,21
Qwen-3-235B,1202,challenging,semantic,,22
Qwen-3-235B,1202,challenging,semantic,,23
Qwen-3-235B,1202,challenging,semantic,,24
Qwen-3-235B,1202,challenging,semantic,,25
Qwen-3-235B,1202,challenging,semantic,,26
Qwen-3-235B,1202,challenging,semantic,,27
Qwen-3-235B,1202,challenging,semantic,,28
Qwen-3-235B,1202,challenging,semantic,,29
Qwen-3-235B,1202,challenging,semantic,,30
Qwen-3-235B,1202,challenging,semantic,,31
Qwen-3-235B,1202,challenging,semantic,,32
Qwen-3-235B,1202,challenging,semantic,,33
Qwen-3-235B,1202,challenging,semantic,,34
Qwen-3-235B,1202,challenging,semantic,,35
Qwen-3-235B,1202,challenging,semantic,,36
Qwen-3-235B,1202,challenging,semantic,,37
Qwen-3-235B,1202,challenging,semantic,,38
Qwen-3-235B,1202,challenging,semantic,,39
Qwen-3-235B,1202,challenging,semantic,,40
Qwen-3-235B,1202,challenging,semantic,,41
Qwen-3-235B,1202,challenging,semantic,,42
Qwen-3-235B,1202,challenging,semantic,,43
Qwen-3-235B,1202,challenging,semantic,,44
Qwen-3-235B,1202,challenging,semantic,,45
Qwen-3-235B,1202,challenging,semantic,,46
Qwen-3-235B,1202,challenging,semantic,,47
Qwen-3-235B,1202,challenging,semantic,,48
Qwen-3-235B,1202,challenging,semantic,,49
Qwen-3-235B,1202,challenging,semantic,,50
Qwen-3-235B,1001,challenging,correct,1.8809589342728172,1
Qwen-3-235B,1001,challenging,correct,0.7755324608673339,2
Qwen-3-235B,1001,challenging,correct,1.7352503718393655,3
Qwen-3-235B,1001,challenging,semantic,,4
Qwen-3-235B,1001,challenging,semantic,,5
Qwen-3-235B,1001,challenging,semantic,,6
Qwen-3-235B,1001,challenging,semantic,,7
Qwen-3-235B,1001,challenging,semantic,,8
Qwen-3-235B,1001,challenging,correct,0.6557546519641626,9
Qwen-3-235B,1001,challenging,correct,1.0938979719467525,10
Qwen-3-235B,1001,challenging,semantic,,11
Qwen-3-235B,1001,challenging,correct,0.9600083378000119,12
Qwen-3-235B,1001,challenging,correct,0.981574539363484,13
Qwen-3-235B,1001,challenging,semantic,,14
Qwen-3-235B,1001,challenging,correct,0.9134481304925901,15
Qwen-3-235B,1001,challenging,semantic,,16
Qwen-3-235B,1001,challenging,semantic,,17
Qwen-3-235B,1001,challenging,correct,0.9558727131875335,18
Qwen-3-235B,1001,challenging,semantic,,19
Qwen-3-235B,1001,challenging,correct,1.7218960643618177,20
Qwen-3-235B,1001,challenging,correct,2.4710333412154175,21
Qwen-3-235B,1001,challenging,correct,1.1027934437786393,22
Qwen-3-235B,1001,challenging,semantic,,23
Qwen-3-235B,1001,challenging,semantic,,24
Qwen-3-235B,1001,challenging,semantic,,25
Qwen-3-235B,1001,challenging,semantic,,26
Qwen-3-235B,1001,challenging,semantic,,27
Qwen-3-235B,1001,challenging,semantic,,28
Qwen-3-235B,1001,challenging,correct,0.898160665273852,29
Qwen-3-235B,1001,challenging,semantic,,30
Qwen-3-235B,1001,challenging,semantic,,31
Qwen-3-235B,1001,challenging,semantic,,32
Qwen-3-235B,1001,challenging,semantic,,33
Qwen-3-235B,1001,challenging,correct,0.7241356000946362,34
Qwen-3-235B,1001,challenging,semantic,,35
Qwen-3-235B,1001,challenging,correct,1.0018934271030566,36
Qwen-3-235B,1001,challenging,correct,1.0578720926471064,37
Qwen-3-235B,1001,challenging,correct,1.2006049370670309,38
Qwen-3-235B,1001,challenging,semantic,,39
Qwen-3-235B,1001,challenging,correct,0.7966857071119201,40
Qwen-3-235B,1001,challenging,semantic,,41
Qwen-3-235B,1001,challenging,semantic,,42
Qwen-3-235B,1001,challenging,semantic,,43
Qwen-3-235B,1001,challenging,correct,0.8851251840942562,44
Qwen-3-235B,1001,challenging,semantic,,45
Qwen-3-235B,1001,challenging,semantic,,46
Qwen-3-235B,1001,challenging,semantic,,47
Qwen-3-235B,1001,challenging,semantic,,48
Qwen-3-235B,1001,challenging,correct,1.310158201498751,49
Qwen-3-235B,1001,challenging,correct,1.2118329900767646,50
Qwen-3-235B,994,challenging,semantic,,1
Qwen-3-235B,994,challenging,semantic,,2
Qwen-3-235B,994,challenging,semantic,,3
Qwen-3-235B,994,challenging,semantic,,4
Qwen-3-235B,994,challenging,semantic,,5
Qwen-3-235B,994,challenging,semantic,,6
Qwen-3-235B,994,challenging,semantic,,7
Qwen-3-235B,994,challenging,semantic,,8
Qwen-3-235B,994,challenging,semantic,,9
Qwen-3-235B,994,challenging,semantic,,10
Qwen-3-235B,994,challenging,semantic,,11
Qwen-3-235B,994,challenging,semantic,,12
Qwen-3-235B,994,challenging,semantic,,13
Qwen-3-235B,994,challenging,semantic,,14
Qwen-3-235B,994,challenging,semantic,,15
Qwen-3-235B,994,challenging,semantic,,16
Qwen-3-235B,994,challenging,semantic,,17
Qwen-3-235B,994,challenging,semantic,,18
Qwen-3-235B,994,challenging,semantic,,19
Qwen-3-235B,994,challenging,semantic,,20
Qwen-3-235B,994,challenging,semantic,,21
Qwen-3-235B,994,challenging,semantic,,22
Qwen-3-235B,994,challenging,semantic,,23
Qwen-3-235B,994,challenging,semantic,,24
Qwen-3-235B,994,challenging,semantic,,25
Qwen-3-235B,994,challenging,semantic,,26
Qwen-3-235B,994,challenging,semantic,,27
Qwen-3-235B,994,challenging,semantic,,28
Qwen-3-235B,994,challenging,semantic,,29
Qwen-3-235B,994,challenging,semantic,,30
Qwen-3-235B,994,challenging,semantic,,31
Qwen-3-235B,994,challenging,semantic,,32
Qwen-3-235B,994,challenging,semantic,,33
Qwen-3-235B,994,challenging,semantic,,34
Qwen-3-235B,994,challenging,semantic,,35
Qwen-3-235B,994,challenging,semantic,,36
Qwen-3-235B,994,challenging,semantic,,37
Qwen-3-235B,994,challenging,semantic,,38
Qwen-3-235B,994,challenging,semantic,,39
Qwen-3-235B,994,challenging,semantic,,40
Qwen-3-235B,994,challenging,semantic,,41
Qwen-3-235B,994,challenging,semantic,,42
Qwen-3-235B,994,challenging,semantic,,43
Qwen-3-235B,994,challenging,semantic,,44
Qwen-3-235B,994,challenging,semantic,,45
Qwen-3-235B,994,challenging,semantic,,46
Qwen-3-235B,994,challenging,semantic,,47
Qwen-3-235B,994,challenging,semantic,,48
Qwen-3-235B,994,challenging,semantic,,49
Qwen-3-235B,994,challenging,semantic,,50
Qwen-3-235B,896,challenging,hallucination,,1
Qwen-3-235B,896,challenging,hallucination,,2
Qwen-3-235B,896,challenging,hallucination,,3
Qwen-3-235B,896,challenging,hallucination,,4
Qwen-3-235B,896,challenging,hallucination,,5
Qwen-3-235B,896,challenging,hallucination,,6
Qwen-3-235B,896,challenging,hallucination,,7
Qwen-3-235B,896,challenging,hallucination,,8
Qwen-3-235B,896,challenging,hallucination,,9
Qwen-3-235B,896,challenging,hallucination,,10
Qwen-3-235B,896,challenging,hallucination,,11
Qwen-3-235B,896,challenging,hallucination,,12
Qwen-3-235B,896,challenging,hallucination,,13
Qwen-3-235B,896,challenging,hallucination,,14
Qwen-3-235B,896,challenging,hallucination,,15
Qwen-3-235B,896,challenging,hallucination,,16
Qwen-3-235B,896,challenging,hallucination,,17
Qwen-3-235B,896,challenging,hallucination,,18
Qwen-3-235B,896,challenging,hallucination,,19
Qwen-3-235B,896,challenging,hallucination,,20
Qwen-3-235B,896,challenging,hallucination,,21
Qwen-3-235B,896,challenging,hallucination,,22
Qwen-3-235B,896,challenging,semantic,,23
Qwen-3-235B,896,challenging,hallucination,,24
Qwen-3-235B,896,challenging,hallucination,,25
Qwen-3-235B,896,challenging,semantic,,26
Qwen-3-235B,896,challenging,hallucination,,27
Qwen-3-235B,896,challenging,hallucination,,28
Qwen-3-235B,896,challenging,hallucination,,29
Qwen-3-235B,896,challenging,hallucination,,30
Qwen-3-235B,896,challenging,hallucination,,31
Qwen-3-235B,896,challenging,hallucination,,32
Qwen-3-235B,896,challenging,semantic,,33
Qwen-3-235B,896,challenging,hallucination,,34
Qwen-3-235B,896,challenging,hallucination,,35
Qwen-3-235B,896,challenging,hallucination,,36
Qwen-3-235B,896,challenging,hallucination,,37
Qwen-3-235B,896,challenging,hallucination,,38
Qwen-3-235B,896,challenging,hallucination,,39
Qwen-3-235B,896,challenging,hallucination,,40
Qwen-3-235B,896,challenging,hallucination,,41
Qwen-3-235B,896,challenging,hallucination,,42
Qwen-3-235B,896,challenging,hallucination,,43
Qwen-3-235B,896,challenging,hallucination,,44
Qwen-3-235B,896,challenging,hallucination,,45
Qwen-3-235B,896,challenging,hallucination,,46
Qwen-3-235B,896,challenging,hallucination,,47
Qwen-3-235B,896,challenging,hallucination,,48
Qwen-3-235B,896,challenging,hallucination,,49
Qwen-3-235B,896,challenging,hallucination,,50
Qwen-3-235B,1028,challenging,semantic,,1
Qwen-3-235B,1028,challenging,semantic,,2
Qwen-3-235B,1028,challenging,semantic,,3
Qwen-3-235B,1028,challenging,semantic,,4
Qwen-3-235B,1028,challenging,semantic,,5
Qwen-3-235B,1028,challenging,semantic,,6
Qwen-3-235B,1028,challenging,semantic,,7
Qwen-3-235B,1028,challenging,semantic,,8
Qwen-3-235B,1028,challenging,semantic,,9
Qwen-3-235B,1028,challenging,semantic,,10
Qwen-3-235B,1028,challenging,semantic,,11
Qwen-3-235B,1028,challenging,semantic,,12
Qwen-3-235B,1028,challenging,semantic,,13
Qwen-3-235B,1028,challenging,semantic,,14
Qwen-3-235B,1028,challenging,semantic,,15
Qwen-3-235B,1028,challenging,semantic,,16
Qwen-3-235B,1028,challenging,semantic,,17
Qwen-3-235B,1028,challenging,semantic,,18
Qwen-3-235B,1028,challenging,semantic,,19
Qwen-3-235B,1028,challenging,semantic,,20
Qwen-3-235B,1028,challenging,semantic,,21
Qwen-3-235B,1028,challenging,semantic,,22
Qwen-3-235B,1028,challenging,semantic,,23
Qwen-3-235B,1028,challenging,semantic,,24
Qwen-3-235B,1028,challenging,semantic,,25
Qwen-3-235B,1028,challenging,semantic,,26
Qwen-3-235B,1028,challenging,semantic,,27
Qwen-3-235B,1028,challenging,semantic,,28
Qwen-3-235B,1028,challenging,semantic,,29
Qwen-3-235B,1028,challenging,semantic,,30
Qwen-3-235B,1028,challenging,semantic,,31
Qwen-3-235B,1028,challenging,semantic,,32
Qwen-3-235B,1028,challenging,semantic,,33
Qwen-3-235B,1028,challenging,semantic,,34
Qwen-3-235B,1028,challenging,semantic,,35
Qwen-3-235B,1028,challenging,semantic,,36
Qwen-3-235B,1028,challenging,semantic,,37
Qwen-3-235B,1028,challenging,semantic,,38
Qwen-3-235B,1028,challenging,semantic,,39
Qwen-3-235B,1028,challenging,semantic,,40
Qwen-3-235B,1028,challenging,semantic,,41
Qwen-3-235B,1028,challenging,semantic,,42
Qwen-3-235B,1028,challenging,semantic,,43
Qwen-3-235B,1028,challenging,semantic,,44
Qwen-3-235B,1028,challenging,semantic,,45
Qwen-3-235B,1028,challenging,semantic,,46
Qwen-3-235B,1028,challenging,semantic,,47
Qwen-3-235B,1028,challenging,semantic,,48
Qwen-3-235B,1028,challenging,semantic,,49
Qwen-3-235B,1028,challenging,semantic,,50
Qwen-3-235B,1549,Challenging,semantic,,1
Qwen-3-235B,1549,Challenging,semantic,,2
Qwen-3-235B,1549,Challenging,semantic,,3
Qwen-3-235B,1549,Challenging,semantic,,4
Qwen-3-235B,1549,Challenging,semantic,,5
Qwen-3-235B,1549,Challenging,semantic,,6
Qwen-3-235B,1549,Challenging,semantic,,7
Qwen-3-235B,1549,Challenging,semantic,,8
Qwen-3-235B,1549,Challenging,semantic,,9
Qwen-3-235B,1549,Challenging,semantic,,10
Qwen-3-235B,1549,Challenging,semantic,,11
Qwen-3-235B,1549,Challenging,semantic,,12
Qwen-3-235B,1549,Challenging,semantic,,13
Qwen-3-235B,1549,Challenging,semantic,,14
Qwen-3-235B,1549,Challenging,semantic,,15
Qwen-3-235B,1549,Challenging,semantic,,16
Qwen-3-235B,1549,Challenging,semantic,,17
Qwen-3-235B,1549,Challenging,semantic,,18
Qwen-3-235B,1549,Challenging,semantic,,19
Qwen-3-235B,1549,Challenging,semantic,,20
Qwen-3-235B,1549,Challenging,semantic,,21
Qwen-3-235B,1549,Challenging,semantic,,22
Qwen-3-235B,1549,Challenging,semantic,,23
Qwen-3-235B,1549,Challenging,semantic,,24
Qwen-3-235B,1549,Challenging,semantic,,25
Qwen-3-235B,1549,Challenging,semantic,,26
Qwen-3-235B,1549,Challenging,semantic,,27
Qwen-3-235B,1549,Challenging,semantic,,28
Qwen-3-235B,1549,Challenging,semantic,,29
Qwen-3-235B,1549,Challenging,semantic,,30
Qwen-3-235B,1549,Challenging,semantic,,31
Qwen-3-235B,1549,Challenging,semantic,,32
Qwen-3-235B,1549,Challenging,semantic,,33
Qwen-3-235B,1549,Challenging,semantic,,34
Qwen-3-235B,1549,Challenging,semantic,,35
Qwen-3-235B,1549,Challenging,semantic,,36
Qwen-3-235B,1549,Challenging,semantic,,37
Qwen-3-235B,1549,Challenging,semantic,,38
Qwen-3-235B,1549,Challenging,semantic,,39
Qwen-3-235B,1549,Challenging,semantic,,40
Qwen-3-235B,1549,Challenging,semantic,,41
Qwen-3-235B,1549,Challenging,semantic,,42
Qwen-3-235B,1549,Challenging,semantic,,43
Qwen-3-235B,1549,Challenging,semantic,,44
Qwen-3-235B,1549,Challenging,semantic,,45
Qwen-3-235B,1549,Challenging,semantic,,46
Qwen-3-235B,1549,Challenging,semantic,,47
Qwen-3-235B,1549,Challenging,semantic,,48
Qwen-3-235B,1549,Challenging,semantic,,49
Qwen-3-235B,1549,Challenging,semantic,,50
Qwen-3-235B,1191,challenging,correct,3.5112928154758936,1
Qwen-3-235B,1191,challenging,correct,1.2466767625778226,2
Qwen-3-235B,1191,challenging,correct,0.5344852274354446,3
Qwen-3-235B,1191,challenging,correct,2.857465424781259,4
Qwen-3-235B,1191,challenging,correct,1.6555266887104394,5
Qwen-3-235B,1191,challenging,correct,0.9907655246252677,6
Qwen-3-235B,1191,challenging,correct,0.8195506138522122,7
Qwen-3-235B,1191,challenging,correct,0.7375757133474422,8
Qwen-3-235B,1191,challenging,correct,1.4805342889721453,9
Qwen-3-235B,1191,challenging,correct,0.6808014911463187,10
Qwen-3-235B,1191,challenging,correct,1.2346900438321853,11
Qwen-3-235B,1191,challenging,correct,0.8039640239840107,12
Qwen-3-235B,1191,challenging,correct,1.8675943193229092,13
Qwen-3-235B,1191,challenging,correct,1.0063688785609777,14
Qwen-3-235B,1191,challenging,correct,0.8828082191780822,15
Qwen-3-235B,1191,challenging,correct,0.6649174122505161,16
Qwen-3-235B,1191,challenging,correct,1.7048439485948312,17
Qwen-3-235B,1191,challenging,correct,1.5564128943758573,18
Qwen-3-235B,1191,challenging,correct,0.8898978433598184,19
Qwen-3-235B,1191,challenging,correct,1.153803519467923,20
Qwen-3-235B,1191,challenging,correct,0.7415587510923969,21
Qwen-3-235B,1191,challenging,correct,1.7774049217002237,22
Qwen-3-235B,1191,challenging,correct,1.1658198614318707,23
Qwen-3-235B,1191,challenging,correct,0.844693195803786,24
Qwen-3-235B,1191,challenging,correct,1.439282981746639,25
Qwen-3-235B,1191,challenging,correct,0.2063437512634941,26
Qwen-3-235B,1191,challenging,correct,0.8528055342044581,27
Qwen-3-235B,1191,challenging,correct,0.941524267429017,28
Qwen-3-235B,1191,challenging,correct,1.7683889298116384,29
Qwen-3-235B,1191,challenging,correct,1.5963639396213827,30
Qwen-3-235B,1191,challenging,correct,0.8032945017437115,31
Qwen-3-235B,1191,challenging,correct,0.8569831667543398,32
Qwen-3-235B,1191,challenging,correct,0.8837079435990507,33
Qwen-3-235B,1191,challenging,correct,0.5092453446586083,34
Qwen-3-235B,1191,challenging,correct,0.9700138504155125,35
Qwen-3-235B,1191,challenging,correct,0.6971790443293034,36
Qwen-3-235B,1191,challenging,correct,1.1457203489742984,37
Qwen-3-235B,1191,challenging,correct,0.9435246659383142,38
Qwen-3-235B,1191,challenging,correct,0.698812881993418,39
Qwen-3-235B,1191,challenging,correct,1.2981305667025547,40
Qwen-3-235B,1191,challenging,correct,0.989883543112575,41
Qwen-3-235B,1191,challenging,correct,2.0059055118110236,42
Qwen-3-235B,1191,challenging,correct,0.9324549567425986,43
Qwen-3-235B,1191,challenging,correct,0.987353981352481,44
Qwen-3-235B,1191,challenging,correct,2.6199082042455535,45
Qwen-3-235B,1191,challenging,correct,0.7150574450277715,46
Qwen-3-235B,1191,challenging,correct,1.1399658299382311,47
Qwen-3-235B,1191,challenging,correct,1.136522014570795,48
Qwen-3-235B,1191,challenging,correct,1.338023813205505,49
Qwen-3-235B,1191,challenging,correct,1.3742345202993875,50
Qwen-3-235B,1169,challenging,correct,3.0989544764223766,1
Qwen-3-235B,1169,challenging,correct,1.2530557980792127,2
Qwen-3-235B,1169,challenging,correct,1.0566277620972868,3
Qwen-3-235B,1169,challenging,correct,1.021291927198345,4
Qwen-3-235B,1169,challenging,correct,1.3870687902405965,5
Qwen-3-235B,1169,challenging,correct,0.9335893994345603,6
Qwen-3-235B,1169,challenging,correct,1.1423342038789228,7
Qwen-3-235B,1169,challenging,correct,1.355842319250486,8
Qwen-3-235B,1169,challenging,correct,1.1541727240166024,9
Qwen-3-235B,1169,challenging,correct,3.4669141136024826,10
Qwen-3-235B,1169,challenging,correct,1.2464612379007194,11
Qwen-3-235B,1169,challenging,correct,0.7313879829402911,12
Qwen-3-235B,1169,challenging,correct,1.1335412865634749,13
Qwen-3-235B,1169,challenging,correct,1.0133296532017144,14
Qwen-3-235B,1169,challenging,correct,0.7064114361254034,15
Qwen-3-235B,1169,challenging,correct,0.9675057966213978,16
Qwen-3-235B,1169,challenging,correct,1.0093223805303702,17
Qwen-3-235B,1169,challenging,correct,0.8996241712765508,18
Qwen-3-235B,1169,challenging,correct,1.2304076244445876,19
Qwen-3-235B,1169,challenging,correct,1.341095841257311,20
Qwen-3-235B,1169,challenging,correct,0.8549772309658864,21
Qwen-3-235B,1169,challenging,correct,0.9024178147592415,22
Qwen-3-235B,1169,challenging,correct,0.96843736315559,23
Qwen-3-235B,1169,challenging,correct,0.9396201583807946,24
Qwen-3-235B,1169,challenging,correct,0.8861108255371646,25
Qwen-3-235B,1169,challenging,correct,0.9798678895994615,26
Qwen-3-235B,1169,challenging,correct,1.121120438630133,27
Qwen-3-235B,1169,challenging,correct,1.2577628050267071,28
Qwen-3-235B,1169,challenging,correct,0.8156813369198191,29
Qwen-3-235B,1169,challenging,correct,0.6523657676674676,30
Qwen-3-235B,1169,challenging,correct,1.3001995608231347,31
Qwen-3-235B,1169,challenging,correct,0.7967127218288994,32
Qwen-3-235B,1169,challenging,correct,1.1987460815047022,33
Qwen-3-235B,1169,challenging,correct,1.1093154207679348,34
Qwen-3-235B,1169,challenging,correct,1.9359887949675645,35
Qwen-3-235B,1169,challenging,correct,1.3570302711878106,36
Qwen-3-235B,1169,challenging,correct,1.12111776286713,37
Qwen-3-235B,1169,challenging,correct,0.8610027882793042,38
Qwen-3-235B,1169,challenging,correct,1.4165034909709449,39
Qwen-3-235B,1169,challenging,correct,1.0026648990855473,40
Qwen-3-235B,1169,challenging,correct,1.673257914250404,41
Qwen-3-235B,1169,challenging,correct,1.3102627767432238,42
Qwen-3-235B,1169,challenging,correct,0.5647205300369069,43
Qwen-3-235B,1169,challenging,correct,0.951689055408328,44
Qwen-3-235B,1169,challenging,correct,0.5817851243902127,45
Qwen-3-235B,1169,challenging,correct,0.9091909289455966,46
Qwen-3-235B,1169,challenging,correct,1.669656143173135,47
Qwen-3-235B,1169,challenging,correct,0.6015867978419549,48
Qwen-3-235B,1169,challenging,correct,1.6636432501395424,49
Qwen-3-235B,1169,challenging,correct,1.1889010079735218,50
Qwen-3-235B,1552,Challenging,semantic,,1
Qwen-3-235B,1552,Challenging,semantic,,2
Qwen-3-235B,1552,Challenging,semantic,,3
Qwen-3-235B,1552,Challenging,semantic,,4
Qwen-3-235B,1552,Challenging,semantic,,5
Qwen-3-235B,1552,Challenging,semantic,,6
Qwen-3-235B,1552,Challenging,semantic,,7
Qwen-3-235B,1552,Challenging,semantic,,8
Qwen-3-235B,1552,Challenging,semantic,,9
Qwen-3-235B,1552,Challenging,semantic,,10
Qwen-3-235B,1552,Challenging,semantic,,11
Qwen-3-235B,1552,Challenging,semantic,,12
Qwen-3-235B,1552,Challenging,semantic,,13
Qwen-3-235B,1552,Challenging,semantic,,14
Qwen-3-235B,1552,Challenging,semantic,,15
Qwen-3-235B,1552,Challenging,semantic,,16
Qwen-3-235B,1552,Challenging,semantic,,17
Qwen-3-235B,1552,Challenging,semantic,,18
Qwen-3-235B,1552,Challenging,semantic,,19
Qwen-3-235B,1552,Challenging,semantic,,20
Qwen-3-235B,1552,Challenging,semantic,,21
Qwen-3-235B,1552,Challenging,semantic,,22
Qwen-3-235B,1552,Challenging,semantic,,23
Qwen-3-235B,1552,Challenging,semantic,,24
Qwen-3-235B,1552,Challenging,semantic,,25
Qwen-3-235B,1552,Challenging,semantic,,26
Qwen-3-235B,1552,Challenging,semantic,,27
Qwen-3-235B,1552,Challenging,semantic,,28
Qwen-3-235B,1552,Challenging,semantic,,29
Qwen-3-235B,1552,Challenging,semantic,,30
Qwen-3-235B,1552,Challenging,semantic,,31
Qwen-3-235B,1552,Challenging,semantic,,32
Qwen-3-235B,1552,Challenging,semantic,,33
Qwen-3-235B,1552,Challenging,semantic,,34
Qwen-3-235B,1552,Challenging,semantic,,35
Qwen-3-235B,1552,Challenging,semantic,,36
Qwen-3-235B,1552,Challenging,semantic,,37
Qwen-3-235B,1552,Challenging,semantic,,38
Qwen-3-235B,1552,Challenging,semantic,,39
Qwen-3-235B,1552,Challenging,semantic,,40
Qwen-3-235B,1552,Challenging,semantic,,41
Qwen-3-235B,1552,Challenging,semantic,,42
Qwen-3-235B,1552,Challenging,semantic,,43
Qwen-3-235B,1552,Challenging,semantic,,44
Qwen-3-235B,1552,Challenging,semantic,,45
Qwen-3-235B,1552,Challenging,semantic,,46
Qwen-3-235B,1552,Challenging,semantic,,47
Qwen-3-235B,1552,Challenging,semantic,,48
Qwen-3-235B,1552,Challenging,semantic,,49
Qwen-3-235B,1552,Challenging,semantic,,50
Qwen-3-235B,744,challenging,correct,3.924959593627338,1
Qwen-3-235B,744,challenging,correct,0.9692982456140351,2
Qwen-3-235B,744,challenging,correct,1.0470777912132205,3
Qwen-3-235B,744,challenging,correct,0.9930781758957655,4
Qwen-3-235B,744,challenging,correct,0.8295638126009693,5
Qwen-3-235B,744,challenging,correct,2.070256073539068,6
Qwen-3-235B,744,challenging,correct,1.6279527559055118,7
Qwen-3-235B,744,challenging,correct,1.615260395639887,8
Qwen-3-235B,744,challenging,correct,0.3930381356761305,9
Qwen-3-235B,744,challenging,correct,2.5846432889963724,10
Qwen-3-235B,744,challenging,correct,1.757588243373163,11
Qwen-3-235B,744,challenging,correct,1.1668118888566172,12
Qwen-3-235B,744,challenging,correct,1.2972753151687677,13
Qwen-3-235B,744,challenging,correct,1.271870622691965,14
Qwen-3-235B,744,challenging,correct,1.6245928338762214,15
Qwen-3-235B,744,challenging,correct,1.552668966916988,16
Qwen-3-235B,744,challenging,correct,1.7240175997572447,17
Qwen-3-235B,744,challenging,correct,1.5077259475218658,18
Qwen-3-235B,744,challenging,correct,1.4241556954779622,19
Qwen-3-235B,744,challenging,correct,1.155062661627213,20
Qwen-3-235B,744,challenging,correct,1.3204908962880997,21
Qwen-3-235B,744,challenging,correct,1.2485486568926498,22
Qwen-3-235B,744,challenging,correct,1.022407386555568,23
Qwen-3-235B,744,challenging,correct,1.670843776106934,24
Qwen-3-235B,744,challenging,correct,1.2230303030303031,25
Qwen-3-235B,744,challenging,correct,1.4279108869272803,26
Qwen-3-235B,744,challenging,correct,1.1759404799329352,27
Qwen-3-235B,744,challenging,correct,1.1433253873659117,28
Qwen-3-235B,744,challenging,correct,1.1078947368421053,29
Qwen-3-235B,744,challenging,correct,1.482367149758454,30
Qwen-3-235B,744,challenging,correct,1.1640148698884758,31
Qwen-3-235B,744,challenging,correct,1.687874406114439,32
Qwen-3-235B,744,challenging,correct,1.505648267008986,33
Qwen-3-235B,744,challenging,correct,2.041198501872659,34
Qwen-3-235B,744,challenging,correct,1.1905797786815473,35
Qwen-3-235B,744,challenging,correct,1.348801237432328,36
Qwen-3-235B,744,challenging,correct,1.3841942728804042,37
Qwen-3-235B,744,challenging,correct,1.4982227488151658,38
Qwen-3-235B,744,challenging,correct,0.8564473684210526,39
Qwen-3-235B,744,challenging,correct,1.6573241671073506,40
Qwen-3-235B,744,challenging,correct,1.9122886133032695,41
Qwen-3-235B,744,challenging,correct,1.279439969313387,42
Qwen-3-235B,744,challenging,correct,1.47630173564753,43
Qwen-3-235B,744,challenging,correct,1.3711883548751411,44
Qwen-3-235B,744,challenging,correct,1.4710002801905295,45
Qwen-3-235B,744,challenging,correct,0.27424371797999514,46
Qwen-3-235B,744,challenging,correct,2.1837640302793004,47
Qwen-3-235B,744,challenging,correct,1.2400684623006937,48
Qwen-3-235B,744,challenging,correct,0.6896513558384062,49
Qwen-3-235B,744,challenging,correct,1.301575147670094,50
Qwen-3-235B,962,challenging,semantic,,1
Qwen-3-235B,962,challenging,semantic,,2
Qwen-3-235B,962,challenging,semantic,,3
Qwen-3-235B,962,challenging,semantic,,4
Qwen-3-235B,962,challenging,semantic,,5
Qwen-3-235B,962,challenging,semantic,,6
Qwen-3-235B,962,challenging,semantic,,7
Qwen-3-235B,962,challenging,semantic,,8
Qwen-3-235B,962,challenging,semantic,,9
Qwen-3-235B,962,challenging,semantic,,10
Qwen-3-235B,962,challenging,semantic,,11
Qwen-3-235B,962,challenging,semantic,,12
Qwen-3-235B,962,challenging,semantic,,13
Qwen-3-235B,962,challenging,semantic,,14
Qwen-3-235B,962,challenging,semantic,,15
Qwen-3-235B,962,challenging,semantic,,16
Qwen-3-235B,962,challenging,semantic,,17
Qwen-3-235B,962,challenging,semantic,,18
Qwen-3-235B,962,challenging,semantic,,19
Qwen-3-235B,962,challenging,semantic,,20
Qwen-3-235B,962,challenging,semantic,,21
Qwen-3-235B,962,challenging,semantic,,22
Qwen-3-235B,962,challenging,semantic,,23
Qwen-3-235B,962,challenging,semantic,,24
Qwen-3-235B,962,challenging,semantic,,25
Qwen-3-235B,962,challenging,semantic,,26
Qwen-3-235B,962,challenging,semantic,,27
Qwen-3-235B,962,challenging,semantic,,28
Qwen-3-235B,962,challenging,semantic,,29
Qwen-3-235B,962,challenging,semantic,,30
Qwen-3-235B,962,challenging,semantic,,31
Qwen-3-235B,962,challenging,semantic,,32
Qwen-3-235B,962,challenging,semantic,,33
Qwen-3-235B,962,challenging,semantic,,34
Qwen-3-235B,962,challenging,semantic,,35
Qwen-3-235B,962,challenging,semantic,,36
Qwen-3-235B,962,challenging,semantic,,37
Qwen-3-235B,962,challenging,semantic,,38
Qwen-3-235B,962,challenging,semantic,,39
Qwen-3-235B,962,challenging,semantic,,40
Qwen-3-235B,962,challenging,semantic,,41
Qwen-3-235B,962,challenging,semantic,,42
Qwen-3-235B,962,challenging,semantic,,43
Qwen-3-235B,962,challenging,semantic,,44
Qwen-3-235B,962,challenging,semantic,,45
Qwen-3-235B,962,challenging,semantic,,46
Qwen-3-235B,962,challenging,semantic,,47
Qwen-3-235B,962,challenging,semantic,,48
Qwen-3-235B,962,challenging,semantic,,49
Qwen-3-235B,962,challenging,semantic,,50
Qwen-3-235B,290,challenging,semantic,,1
Qwen-3-235B,290,challenging,semantic,,2
Qwen-3-235B,290,challenging,semantic,,3
Qwen-3-235B,290,challenging,semantic,,4
Qwen-3-235B,290,challenging,semantic,,5
Qwen-3-235B,290,challenging,semantic,,6
Qwen-3-235B,290,challenging,semantic,,7
Qwen-3-235B,290,challenging,semantic,,8
Qwen-3-235B,290,challenging,semantic,,9
Qwen-3-235B,290,challenging,semantic,,10
Qwen-3-235B,290,challenging,semantic,,11
Qwen-3-235B,290,challenging,semantic,,12
Qwen-3-235B,290,challenging,semantic,,13
Qwen-3-235B,290,challenging,semantic,,14
Qwen-3-235B,290,challenging,semantic,,15
Qwen-3-235B,290,challenging,semantic,,16
Qwen-3-235B,290,challenging,semantic,,17
Qwen-3-235B,290,challenging,semantic,,18
Qwen-3-235B,290,challenging,semantic,,19
Qwen-3-235B,290,challenging,semantic,,20
Qwen-3-235B,290,challenging,semantic,,21
Qwen-3-235B,290,challenging,semantic,,22
Qwen-3-235B,290,challenging,semantic,,23
Qwen-3-235B,290,challenging,semantic,,24
Qwen-3-235B,290,challenging,semantic,,25
Qwen-3-235B,290,challenging,semantic,,26
Qwen-3-235B,290,challenging,semantic,,27
Qwen-3-235B,290,challenging,semantic,,28
Qwen-3-235B,290,challenging,semantic,,29
Qwen-3-235B,290,challenging,correct,0.951982333607231,30
Qwen-3-235B,290,challenging,semantic,,31
Qwen-3-235B,290,challenging,semantic,,32
Qwen-3-235B,290,challenging,semantic,,33
Qwen-3-235B,290,challenging,semantic,,34
Qwen-3-235B,290,challenging,semantic,,35
Qwen-3-235B,290,challenging,semantic,,36
Qwen-3-235B,290,challenging,semantic,,37
Qwen-3-235B,290,challenging,semantic,,38
Qwen-3-235B,290,challenging,semantic,,39
Qwen-3-235B,290,challenging,semantic,,40
Qwen-3-235B,290,challenging,correct,3.6525778458397142,41
Qwen-3-235B,290,challenging,semantic,,42
Qwen-3-235B,290,challenging,semantic,,43
Qwen-3-235B,290,challenging,semantic,,44
Qwen-3-235B,290,challenging,semantic,,45
Qwen-3-235B,290,challenging,correct,1.2349455558369207,46
Qwen-3-235B,290,challenging,semantic,,47
Qwen-3-235B,290,challenging,semantic,,48
Qwen-3-235B,290,challenging,semantic,,49
Qwen-3-235B,290,challenging,semantic,,50
Qwen-3-235B,1114,challenging,correct,1.3973739457110235,1
Qwen-3-235B,1114,challenging,correct,0.9935428111732045,2
Qwen-3-235B,1114,challenging,correct,1.0171293723615429,3
Qwen-3-235B,1114,challenging,correct,0.844670740302243,4
Qwen-3-235B,1114,challenging,correct,0.8513165517269318,5
Qwen-3-235B,1114,challenging,correct,0.8317674040947298,6
Qwen-3-235B,1114,challenging,correct,0.9948905714898955,7
Qwen-3-235B,1114,challenging,correct,1.0279812255355685,8
Qwen-3-235B,1114,challenging,correct,1.0347978428154618,9
Qwen-3-235B,1114,challenging,correct,1.0234713548961132,10
Qwen-3-235B,1114,challenging,correct,0.9721496659504283,11
Qwen-3-235B,1114,challenging,correct,0.8539956544489514,12
Qwen-3-235B,1114,challenging,correct,0.991071260667286,13
Qwen-3-235B,1114,challenging,correct,1.03150708444528,14
Qwen-3-235B,1114,challenging,correct,1.037464018366872,15
Qwen-3-235B,1114,challenging,correct,0.9064037483207436,16
Qwen-3-235B,1114,challenging,correct,0.953137478244694,17
Qwen-3-235B,1114,challenging,correct,0.9793220369071817,18
Qwen-3-235B,1114,challenging,correct,1.209663511395055,19
Qwen-3-235B,1114,challenging,correct,0.8626206222611462,20
Qwen-3-235B,1114,challenging,correct,0.8791029180592784,21
Qwen-3-235B,1114,challenging,correct,1.222198503643971,22
Qwen-3-235B,1114,challenging,correct,0.9231957033273027,23
Qwen-3-235B,1114,challenging,correct,0.9496475623676913,24
Qwen-3-235B,1114,challenging,correct,1.056018979073008,25
Qwen-3-235B,1114,challenging,correct,0.8983711545342414,26
Qwen-3-235B,1114,challenging,correct,0.9125736222762227,27
Qwen-3-235B,1114,challenging,correct,0.9370994892326061,28
Qwen-3-235B,1114,challenging,correct,0.9284193638850771,29
Qwen-3-235B,1114,challenging,correct,1.143838858785737,30
Qwen-3-235B,1114,challenging,correct,0.97591293512275,31
Qwen-3-235B,1114,challenging,correct,1.0216268077490904,32
Qwen-3-235B,1114,challenging,correct,1.1137226195777794,33
Qwen-3-235B,1114,challenging,correct,0.8042652892504568,34
Qwen-3-235B,1114,challenging,correct,1.2840297390518014,35
Qwen-3-235B,1114,challenging,correct,1.1002285027221277,36
Qwen-3-235B,1114,challenging,correct,0.9085576713915329,37
Qwen-3-235B,1114,challenging,correct,0.9213642253316641,38
Qwen-3-235B,1114,challenging,correct,1.049305340021292,39
Qwen-3-235B,1114,challenging,correct,1.127079936242599,40
Qwen-3-235B,1114,challenging,correct,1.032303410834146,41
Qwen-3-235B,1114,challenging,correct,0.7672792827794557,42
Qwen-3-235B,1114,challenging,correct,0.9332007442999729,43
Qwen-3-235B,1114,challenging,correct,1.063154828141193,44
Qwen-3-235B,1114,challenging,correct,0.9918622775485032,45
Qwen-3-235B,1114,challenging,correct,1.1547745188049592,46
Qwen-3-235B,1114,challenging,correct,0.924901728253154,47
Qwen-3-235B,1114,challenging,correct,0.974607342719523,48
Qwen-3-235B,1114,challenging,correct,1.1023576694998216,49
Qwen-3-235B,1114,challenging,correct,0.9073816294999022,50
Qwen-3-235B,1302,challenging,hallucination,,1
Qwen-3-235B,1302,challenging,correct,4.088188277087034,2
Qwen-3-235B,1302,challenging,hallucination,,3
Qwen-3-235B,1302,challenging,hallucination,,4
Qwen-3-235B,1302,challenging,semantic,,5
Qwen-3-235B,1302,challenging,semantic,,6
Qwen-3-235B,1302,challenging,correct,1.385214626391097,7
Qwen-3-235B,1302,challenging,hallucination,,8
Qwen-3-235B,1302,challenging,hallucination,,9
Qwen-3-235B,1302,challenging,semantic,,10
Qwen-3-235B,1302,challenging,hallucination,,11
Qwen-3-235B,1302,challenging,semantic,,12
Qwen-3-235B,1302,challenging,correct,2.332720328193521,13
Qwen-3-235B,1302,challenging,hallucination,,14
Qwen-3-235B,1302,challenging,semantic,,15
Qwen-3-235B,1302,challenging,correct,1.4527082478457118,16
Qwen-3-235B,1302,challenging,semantic,,17
Qwen-3-235B,1302,challenging,semantic,,18
Qwen-3-235B,1302,challenging,semantic,,19
Qwen-3-235B,1302,challenging,semantic,,20
Qwen-3-235B,1302,challenging,semantic,,21
Qwen-3-235B,1302,challenging,hallucination,,22
Qwen-3-235B,1302,challenging,hallucination,,23
Qwen-3-235B,1302,challenging,semantic,,24
Qwen-3-235B,1302,challenging,semantic,,25
Qwen-3-235B,1302,challenging,semantic,,26
Qwen-3-235B,1302,challenging,semantic,,27
Qwen-3-235B,1302,challenging,semantic,,28
Qwen-3-235B,1302,challenging,correct,1.264898210980876,29
Qwen-3-235B,1302,challenging,semantic,,30
Qwen-3-235B,1302,challenging,correct,1.4784938654632633,31
Qwen-3-235B,1302,challenging,correct,1.27551583360918,32
Qwen-3-235B,1302,challenging,semantic,,33
Qwen-3-235B,1302,challenging,correct,1.043037127884937,34
Qwen-3-235B,1302,challenging,hallucination,,35
Qwen-3-235B,1302,challenging,semantic,,36
Qwen-3-235B,1302,challenging,hallucination,,37
Qwen-3-235B,1302,challenging,semantic,,38
Qwen-3-235B,1302,challenging,semantic,,39
Qwen-3-235B,1302,challenging,semantic,,40
Qwen-3-235B,1302,challenging,hallucination,,41
Qwen-3-235B,1302,challenging,hallucination,,42
Qwen-3-235B,1302,challenging,correct,1.5545321331379527,43
Qwen-3-235B,1302,challenging,semantic,,44
Qwen-3-235B,1302,challenging,semantic,,45
Qwen-3-235B,1302,challenging,correct,1.125653355634539,46
Qwen-3-235B,1302,challenging,semantic,,47
Qwen-3-235B,1302,challenging,semantic,,48
Qwen-3-235B,1302,challenging,hallucination,,49
Qwen-3-235B,1302,challenging,semantic,,50
Qwen-3-235B,206,challenging,correct,8.845080841170876,1
Qwen-3-235B,206,challenging,correct,1.0602189085084475,2
Qwen-3-235B,206,challenging,correct,1.4407319952774498,3
Qwen-3-235B,206,challenging,correct,0.9556662804171495,4
Qwen-3-235B,206,challenging,correct,1.2837464099563876,5
Qwen-3-235B,206,challenging,correct,1.202093788786358,6
Qwen-3-235B,206,challenging,correct,1.4960653753026634,7
Qwen-3-235B,206,challenging,correct,1.0004465140014034,8
Qwen-3-235B,206,challenging,correct,0.9357507193303688,9
Qwen-3-235B,206,challenging,correct,0.9616510989857887,10
Qwen-3-235B,206,challenging,correct,1.155523544605603,11
Qwen-3-235B,206,challenging,correct,1.1776006337574887,12
Qwen-3-235B,206,challenging,correct,0.898345065149019,13
Qwen-3-235B,206,challenging,correct,0.8645517087708549,14
Qwen-3-235B,206,challenging,correct,1.5732577665827037,15
Qwen-3-235B,206,challenging,correct,2.0629250973178768,16
Qwen-3-235B,206,challenging,correct,1.000535924827611,17
Qwen-3-235B,206,challenging,correct,0.6795783863522805,18
Qwen-3-235B,206,challenging,correct,0.7719235831939948,19
Qwen-3-235B,206,challenging,correct,1.1670919572819205,20
Qwen-3-235B,206,challenging,correct,1.0156569094622192,21
Qwen-3-235B,206,challenging,correct,1.4869665615702297,22
Qwen-3-235B,206,challenging,correct,1.8128575087509604,23
Qwen-3-235B,206,challenging,correct,0.9694317761617157,24
Qwen-3-235B,206,challenging,correct,1.4984209627859337,25
Qwen-3-235B,206,challenging,correct,0.9937855671542786,26
Qwen-3-235B,206,challenging,correct,1.013010081613058,27
Qwen-3-235B,206,challenging,correct,0.8796986455077342,28
Qwen-3-235B,206,challenging,correct,1.5166292486816686,29
Qwen-3-235B,206,challenging,correct,1.0841440740260302,30
Qwen-3-235B,206,challenging,correct,1.131769940552172,31
Qwen-3-235B,206,challenging,correct,1.159074119674957,32
Qwen-3-235B,206,challenging,correct,1.1738672870278055,33
Qwen-3-235B,206,challenging,correct,1.0040311622429567,34
Qwen-3-235B,206,challenging,correct,1.3197574061114998,35
Qwen-3-235B,206,challenging,correct,0.8710710128055879,36
Qwen-3-235B,206,challenging,correct,2.0843321362121934,37
Qwen-3-235B,206,challenging,correct,1.6169935900525327,38
Qwen-3-235B,206,challenging,correct,1.389335808580858,39
Qwen-3-235B,206,challenging,correct,1.240330909474128,40
Qwen-3-235B,206,challenging,correct,1.1535298713046338,41
Qwen-3-235B,206,challenging,correct,0.9449024203955859,42
Qwen-3-235B,206,challenging,correct,1.2284198631426957,43
Qwen-3-235B,206,challenging,correct,1.1551958077948814,44
Qwen-3-235B,206,challenging,correct,1.2343611735075897,45
Qwen-3-235B,206,challenging,correct,0.8781887755102041,46
Qwen-3-235B,206,challenging,correct,0.9716992130574177,47
Qwen-3-235B,206,challenging,correct,1.7920829548894943,48
Qwen-3-235B,206,challenging,correct,0.9582894602764852,49
Qwen-3-235B,206,challenging,correct,1.3346599346599346,50
Qwen-3-235B,1257,challenging,semantic,,1
Qwen-3-235B,1257,challenging,semantic,,2
Qwen-3-235B,1257,challenging,semantic,,3
Qwen-3-235B,1257,challenging,semantic,,4
Qwen-3-235B,1257,challenging,semantic,,5
Qwen-3-235B,1257,challenging,semantic,,6
Qwen-3-235B,1257,challenging,semantic,,7
Qwen-3-235B,1257,challenging,semantic,,8
Qwen-3-235B,1257,challenging,semantic,,9
Qwen-3-235B,1257,challenging,semantic,,10
Qwen-3-235B,1257,challenging,semantic,,11
Qwen-3-235B,1257,challenging,semantic,,12
Qwen-3-235B,1257,challenging,semantic,,13
Qwen-3-235B,1257,challenging,semantic,,14
Qwen-3-235B,1257,challenging,semantic,,15
Qwen-3-235B,1257,challenging,semantic,,16
Qwen-3-235B,1257,challenging,semantic,,17
Qwen-3-235B,1257,challenging,semantic,,18
Qwen-3-235B,1257,challenging,semantic,,19
Qwen-3-235B,1257,challenging,semantic,,20
Qwen-3-235B,1257,challenging,semantic,,21
Qwen-3-235B,1257,challenging,semantic,,22
Qwen-3-235B,1257,challenging,semantic,,23
Qwen-3-235B,1257,challenging,semantic,,24
Qwen-3-235B,1257,challenging,semantic,,25
Qwen-3-235B,1257,challenging,semantic,,26
Qwen-3-235B,1257,challenging,semantic,,27
Qwen-3-235B,1257,challenging,semantic,,28
Qwen-3-235B,1257,challenging,semantic,,29
Qwen-3-235B,1257,challenging,semantic,,30
Qwen-3-235B,1257,challenging,semantic,,31
Qwen-3-235B,1257,challenging,semantic,,32
Qwen-3-235B,1257,challenging,semantic,,33
Qwen-3-235B,1257,challenging,semantic,,34
Qwen-3-235B,1257,challenging,semantic,,35
Qwen-3-235B,1257,challenging,semantic,,36
Qwen-3-235B,1257,challenging,semantic,,37
Qwen-3-235B,1257,challenging,semantic,,38
Qwen-3-235B,1257,challenging,semantic,,39
Qwen-3-235B,1257,challenging,semantic,,40
Qwen-3-235B,1257,challenging,semantic,,41
Qwen-3-235B,1257,challenging,semantic,,42
Qwen-3-235B,1257,challenging,semantic,,43
Qwen-3-235B,1257,challenging,semantic,,44
Qwen-3-235B,1257,challenging,semantic,,45
Qwen-3-235B,1257,challenging,semantic,,46
Qwen-3-235B,1257,challenging,semantic,,47
Qwen-3-235B,1257,challenging,semantic,,48
Qwen-3-235B,1257,challenging,semantic,,49
Qwen-3-235B,1257,challenging,semantic,,50
Qwen-3-235B,477,challenging,semantic,,1
Qwen-3-235B,477,challenging,semantic,,2
Qwen-3-235B,477,challenging,semantic,,3
Qwen-3-235B,477,challenging,semantic,,4
Qwen-3-235B,477,challenging,semantic,,5
Qwen-3-235B,477,challenging,semantic,,6
Qwen-3-235B,477,challenging,semantic,,7
Qwen-3-235B,477,challenging,semantic,,8
Qwen-3-235B,477,challenging,semantic,,9
Qwen-3-235B,477,challenging,semantic,,10
Qwen-3-235B,477,challenging,semantic,,11
Qwen-3-235B,477,challenging,semantic,,12
Qwen-3-235B,477,challenging,semantic,,13
Qwen-3-235B,477,challenging,semantic,,14
Qwen-3-235B,477,challenging,semantic,,15
Qwen-3-235B,477,challenging,semantic,,16
Qwen-3-235B,477,challenging,semantic,,17
Qwen-3-235B,477,challenging,semantic,,18
Qwen-3-235B,477,challenging,semantic,,19
Qwen-3-235B,477,challenging,semantic,,20
Qwen-3-235B,477,challenging,semantic,,21
Qwen-3-235B,477,challenging,semantic,,22
Qwen-3-235B,477,challenging,semantic,,23
Qwen-3-235B,477,challenging,semantic,,24
Qwen-3-235B,477,challenging,semantic,,25
Qwen-3-235B,477,challenging,semantic,,26
Qwen-3-235B,477,challenging,semantic,,27
Qwen-3-235B,477,challenging,semantic,,28
Qwen-3-235B,477,challenging,semantic,,29
Qwen-3-235B,477,challenging,semantic,,30
Qwen-3-235B,477,challenging,semantic,,31
Qwen-3-235B,477,challenging,semantic,,32
Qwen-3-235B,477,challenging,semantic,,33
Qwen-3-235B,477,challenging,semantic,,34
Qwen-3-235B,477,challenging,semantic,,35
Qwen-3-235B,477,challenging,semantic,,36
Qwen-3-235B,477,challenging,semantic,,37
Qwen-3-235B,477,challenging,semantic,,38
Qwen-3-235B,477,challenging,semantic,,39
Qwen-3-235B,477,challenging,semantic,,40
Qwen-3-235B,477,challenging,semantic,,41
Qwen-3-235B,477,challenging,semantic,,42
Qwen-3-235B,477,challenging,semantic,,43
Qwen-3-235B,477,challenging,semantic,,44
Qwen-3-235B,477,challenging,semantic,,45
Qwen-3-235B,477,challenging,semantic,,46
Qwen-3-235B,477,challenging,semantic,,47
Qwen-3-235B,477,challenging,semantic,,48
Qwen-3-235B,477,challenging,semantic,,49
Qwen-3-235B,477,challenging,semantic,,50
Qwen-3-235B,1036,challenging,semantic,,1
Qwen-3-235B,1036,challenging,semantic,,2
Qwen-3-235B,1036,challenging,semantic,,3
Qwen-3-235B,1036,challenging,semantic,,4
Qwen-3-235B,1036,challenging,semantic,,5
Qwen-3-235B,1036,challenging,semantic,,6
Qwen-3-235B,1036,challenging,semantic,,7
Qwen-3-235B,1036,challenging,semantic,,8
Qwen-3-235B,1036,challenging,semantic,,9
Qwen-3-235B,1036,challenging,semantic,,10
Qwen-3-235B,1036,challenging,semantic,,11
Qwen-3-235B,1036,challenging,semantic,,12
Qwen-3-235B,1036,challenging,semantic,,13
Qwen-3-235B,1036,challenging,semantic,,14
Qwen-3-235B,1036,challenging,semantic,,15
Qwen-3-235B,1036,challenging,semantic,,16
Qwen-3-235B,1036,challenging,semantic,,17
Qwen-3-235B,1036,challenging,semantic,,18
Qwen-3-235B,1036,challenging,semantic,,19
Qwen-3-235B,1036,challenging,semantic,,20
Qwen-3-235B,1036,challenging,semantic,,21
Qwen-3-235B,1036,challenging,semantic,,22
Qwen-3-235B,1036,challenging,semantic,,23
Qwen-3-235B,1036,challenging,semantic,,24
Qwen-3-235B,1036,challenging,semantic,,25
Qwen-3-235B,1036,challenging,semantic,,26
Qwen-3-235B,1036,challenging,semantic,,27
Qwen-3-235B,1036,challenging,semantic,,28
Qwen-3-235B,1036,challenging,semantic,,29
Qwen-3-235B,1036,challenging,semantic,,30
Qwen-3-235B,1036,challenging,semantic,,31
Qwen-3-235B,1036,challenging,semantic,,32
Qwen-3-235B,1036,challenging,semantic,,33
Qwen-3-235B,1036,challenging,semantic,,34
Qwen-3-235B,1036,challenging,semantic,,35
Qwen-3-235B,1036,challenging,semantic,,36
Qwen-3-235B,1036,challenging,semantic,,37
Qwen-3-235B,1036,challenging,semantic,,38
Qwen-3-235B,1036,challenging,semantic,,39
Qwen-3-235B,1036,challenging,semantic,,40
Qwen-3-235B,1036,challenging,semantic,,41
Qwen-3-235B,1036,challenging,semantic,,42
Qwen-3-235B,1036,challenging,semantic,,43
Qwen-3-235B,1036,challenging,semantic,,44
Qwen-3-235B,1036,challenging,semantic,,45
Qwen-3-235B,1036,challenging,semantic,,46
Qwen-3-235B,1036,challenging,semantic,,47
Qwen-3-235B,1036,challenging,semantic,,48
Qwen-3-235B,1036,challenging,semantic,,49
Qwen-3-235B,1036,challenging,semantic,,50
Qwen-3-235B,1192,challenging,correct,3.2468606431852987,1
Qwen-3-235B,1192,challenging,correct,1.1268228331015795,2
Qwen-3-235B,1192,challenging,correct,0.9411024867040391,3
Qwen-3-235B,1192,challenging,correct,0.7681168075005226,4
Qwen-3-235B,1192,challenging,correct,0.9867908719010301,5
Qwen-3-235B,1192,challenging,correct,0.8871035585092959,6
Qwen-3-235B,1192,challenging,correct,1.1410688493018777,7
Qwen-3-235B,1192,challenging,correct,2.3193998867710888,8
Qwen-3-235B,1192,challenging,correct,1.4853605816466888,9
Qwen-3-235B,1192,challenging,correct,0.9885609377206609,10
Qwen-3-235B,1192,challenging,correct,1.9711295898346257,11
Qwen-3-235B,1192,challenging,correct,0.8113179885647266,12
Qwen-3-235B,1192,challenging,correct,0.9640910368080922,13
Qwen-3-235B,1192,challenging,correct,0.9697068403908795,14
Qwen-3-235B,1192,challenging,correct,1.0682371759915659,15
Qwen-3-235B,1192,challenging,correct,0.8846055280981145,16
Qwen-3-235B,1192,challenging,correct,1.8062672695302688,17
Qwen-3-235B,1192,challenging,correct,0.8493029358701001,18
Qwen-3-235B,1192,challenging,correct,2.57316709419555,19
Qwen-3-235B,1192,challenging,correct,0.9550642848050239,20
Qwen-3-235B,1192,challenging,correct,0.9027038535235257,21
Qwen-3-235B,1192,challenging,correct,0.9653465346534653,22
Qwen-3-235B,1192,challenging,correct,1.035965062510704,23
Qwen-3-235B,1192,challenging,correct,1.185987700442554,24
Qwen-3-235B,1192,challenging,correct,1.1777498497349872,25
Qwen-3-235B,1192,challenging,correct,1.0223307391016838,26
Qwen-3-235B,1192,challenging,correct,0.8888503855150307,27
Qwen-3-235B,1192,challenging,correct,0.8816768086544963,28
Qwen-3-235B,1192,challenging,correct,0.4876696458126448,29
Qwen-3-235B,1192,challenging,correct,2.318599779884262,30
Qwen-3-235B,1192,challenging,correct,1.166766977630655,31
Qwen-3-235B,1192,challenging,correct,0.8505824561403509,32
Qwen-3-235B,1192,challenging,correct,0.7403194416482115,33
Qwen-3-235B,1192,challenging,correct,0.7868817204301075,34
Qwen-3-235B,1192,challenging,correct,1.3567285382830627,35
Qwen-3-235B,1192,challenging,correct,0.9856279601502531,36
Qwen-3-235B,1192,challenging,correct,0.7994793173271623,37
Qwen-3-235B,1192,challenging,correct,0.4246172877686717,38
Qwen-3-235B,1192,challenging,correct,1.7135359593978892,39
Qwen-3-235B,1192,challenging,correct,1.6748155391590362,40
Qwen-3-235B,1192,challenging,correct,1.1680495192940867,41
Qwen-3-235B,1192,challenging,correct,0.7692187682826943,42
Qwen-3-235B,1192,challenging,correct,1.0135808836169846,43
Qwen-3-235B,1192,challenging,correct,1.2107233181588266,44
Qwen-3-235B,1192,challenging,correct,0.6590792463895608,45
Qwen-3-235B,1192,challenging,correct,0.501856027753686,46
Qwen-3-235B,1192,challenging,correct,0.97923197492163,47
Qwen-3-235B,1192,challenging,correct,1.1483935588257954,48
Qwen-3-235B,1192,challenging,correct,2.422562259943006,49
Qwen-3-235B,1192,challenging,correct,0.9751861042183623,50
Qwen-3-235B,1168,challenging,semantic,,1
Qwen-3-235B,1168,challenging,semantic,,2
Qwen-3-235B,1168,challenging,semantic,,3
Qwen-3-235B,1168,challenging,semantic,,4
Qwen-3-235B,1168,challenging,semantic,,5
Qwen-3-235B,1168,challenging,semantic,,6
Qwen-3-235B,1168,challenging,semantic,,7
Qwen-3-235B,1168,challenging,semantic,,8
Qwen-3-235B,1168,challenging,semantic,,9
Qwen-3-235B,1168,challenging,semantic,,10
Qwen-3-235B,1168,challenging,semantic,,11
Qwen-3-235B,1168,challenging,semantic,,12
Qwen-3-235B,1168,challenging,semantic,,13
Qwen-3-235B,1168,challenging,semantic,,14
Qwen-3-235B,1168,challenging,semantic,,15
Qwen-3-235B,1168,challenging,semantic,,16
Qwen-3-235B,1168,challenging,semantic,,17
Qwen-3-235B,1168,challenging,semantic,,18
Qwen-3-235B,1168,challenging,semantic,,19
Qwen-3-235B,1168,challenging,semantic,,20
Qwen-3-235B,1168,challenging,semantic,,21
Qwen-3-235B,1168,challenging,semantic,,22
Qwen-3-235B,1168,challenging,semantic,,23
Qwen-3-235B,1168,challenging,semantic,,24
Qwen-3-235B,1168,challenging,semantic,,25
Qwen-3-235B,1168,challenging,semantic,,26
Qwen-3-235B,1168,challenging,semantic,,27
Qwen-3-235B,1168,challenging,semantic,,28
Qwen-3-235B,1168,challenging,semantic,,29
Qwen-3-235B,1168,challenging,semantic,,30
Qwen-3-235B,1168,challenging,semantic,,31
Qwen-3-235B,1168,challenging,semantic,,32
Qwen-3-235B,1168,challenging,semantic,,33
Qwen-3-235B,1168,challenging,semantic,,34
Qwen-3-235B,1168,challenging,semantic,,35
Qwen-3-235B,1168,challenging,semantic,,36
Qwen-3-235B,1168,challenging,semantic,,37
Qwen-3-235B,1168,challenging,semantic,,38
Qwen-3-235B,1168,challenging,semantic,,39
Qwen-3-235B,1168,challenging,semantic,,40
Qwen-3-235B,1168,challenging,semantic,,41
Qwen-3-235B,1168,challenging,semantic,,42
Qwen-3-235B,1168,challenging,semantic,,43
Qwen-3-235B,1168,challenging,semantic,,44
Qwen-3-235B,1168,challenging,semantic,,45
Qwen-3-235B,1168,challenging,semantic,,46
Qwen-3-235B,1168,challenging,semantic,,47
Qwen-3-235B,1168,challenging,semantic,,48
Qwen-3-235B,1168,challenging,semantic,,49
Qwen-3-235B,1168,challenging,semantic,,50
Qwen-3-235B,1437,challenging,semantic,,1
Qwen-3-235B,1437,challenging,semantic,,2
Qwen-3-235B,1437,challenging,semantic,,3
Qwen-3-235B,1437,challenging,semantic,,4
Qwen-3-235B,1437,challenging,semantic,,5
Qwen-3-235B,1437,challenging,semantic,,6
Qwen-3-235B,1437,challenging,semantic,,7
Qwen-3-235B,1437,challenging,semantic,,8
Qwen-3-235B,1437,challenging,semantic,,9
Qwen-3-235B,1437,challenging,semantic,,10
Qwen-3-235B,1437,challenging,semantic,,11
Qwen-3-235B,1437,challenging,semantic,,12
Qwen-3-235B,1437,challenging,semantic,,13
Qwen-3-235B,1437,challenging,semantic,,14
Qwen-3-235B,1437,challenging,semantic,,15
Qwen-3-235B,1437,challenging,semantic,,16
Qwen-3-235B,1437,challenging,semantic,,17
Qwen-3-235B,1437,challenging,semantic,,18
Qwen-3-235B,1437,challenging,semantic,,19
Qwen-3-235B,1437,challenging,semantic,,20
Qwen-3-235B,1437,challenging,semantic,,21
Qwen-3-235B,1437,challenging,semantic,,22
Qwen-3-235B,1437,challenging,semantic,,23
Qwen-3-235B,1437,challenging,semantic,,24
Qwen-3-235B,1437,challenging,semantic,,25
Qwen-3-235B,1437,challenging,semantic,,26
Qwen-3-235B,1437,challenging,semantic,,27
Qwen-3-235B,1437,challenging,semantic,,28
Qwen-3-235B,1437,challenging,semantic,,29
Qwen-3-235B,1437,challenging,semantic,,30
Qwen-3-235B,1437,challenging,semantic,,31
Qwen-3-235B,1437,challenging,semantic,,32
Qwen-3-235B,1437,challenging,semantic,,33
Qwen-3-235B,1437,challenging,semantic,,34
Qwen-3-235B,1437,challenging,semantic,,35
Qwen-3-235B,1437,challenging,semantic,,36
Qwen-3-235B,1437,challenging,semantic,,37
Qwen-3-235B,1437,challenging,semantic,,38
Qwen-3-235B,1437,challenging,semantic,,39
Qwen-3-235B,1437,challenging,semantic,,40
Qwen-3-235B,1437,challenging,semantic,,41
Qwen-3-235B,1437,challenging,semantic,,42
Qwen-3-235B,1437,challenging,semantic,,43
Qwen-3-235B,1437,challenging,semantic,,44
Qwen-3-235B,1437,challenging,semantic,,45
Qwen-3-235B,1437,challenging,semantic,,46
Qwen-3-235B,1437,challenging,semantic,,47
Qwen-3-235B,1437,challenging,semantic,,48
Qwen-3-235B,1437,challenging,semantic,,49
Qwen-3-235B,1437,challenging,semantic,,50
Qwen-3-235B,521,challenging,semantic,,1
Qwen-3-235B,521,challenging,semantic,,2
Qwen-3-235B,521,challenging,semantic,,3
Qwen-3-235B,521,challenging,semantic,,4
Qwen-3-235B,521,challenging,semantic,,5
Qwen-3-235B,521,challenging,semantic,,6
Qwen-3-235B,521,challenging,semantic,,7
Qwen-3-235B,521,challenging,semantic,,8
Qwen-3-235B,521,challenging,semantic,,9
Qwen-3-235B,521,challenging,semantic,,10
Qwen-3-235B,521,challenging,semantic,,11
Qwen-3-235B,521,challenging,semantic,,12
Qwen-3-235B,521,challenging,semantic,,13
Qwen-3-235B,521,challenging,semantic,,14
Qwen-3-235B,521,challenging,semantic,,15
Qwen-3-235B,521,challenging,semantic,,16
Qwen-3-235B,521,challenging,semantic,,17
Qwen-3-235B,521,challenging,semantic,,18
Qwen-3-235B,521,challenging,semantic,,19
Qwen-3-235B,521,challenging,semantic,,20
Qwen-3-235B,521,challenging,semantic,,21
Qwen-3-235B,521,challenging,semantic,,22
Qwen-3-235B,521,challenging,semantic,,23
Qwen-3-235B,521,challenging,semantic,,24
Qwen-3-235B,521,challenging,semantic,,25
Qwen-3-235B,521,challenging,semantic,,26
Qwen-3-235B,521,challenging,semantic,,27
Qwen-3-235B,521,challenging,semantic,,28
Qwen-3-235B,521,challenging,semantic,,29
Qwen-3-235B,521,challenging,semantic,,30
Qwen-3-235B,521,challenging,semantic,,31
Qwen-3-235B,521,challenging,semantic,,32
Qwen-3-235B,521,challenging,semantic,,33
Qwen-3-235B,521,challenging,semantic,,34
Qwen-3-235B,521,challenging,semantic,,35
Qwen-3-235B,521,challenging,semantic,,36
Qwen-3-235B,521,challenging,semantic,,37
Qwen-3-235B,521,challenging,semantic,,38
Qwen-3-235B,521,challenging,semantic,,39
Qwen-3-235B,521,challenging,semantic,,40
Qwen-3-235B,521,challenging,semantic,,41
Qwen-3-235B,521,challenging,semantic,,42
Qwen-3-235B,521,challenging,semantic,,43
Qwen-3-235B,521,challenging,semantic,,44
Qwen-3-235B,521,challenging,semantic,,45
Qwen-3-235B,521,challenging,semantic,,46
Qwen-3-235B,521,challenging,semantic,,47
Qwen-3-235B,521,challenging,semantic,,48
Qwen-3-235B,521,challenging,semantic,,49
Qwen-3-235B,521,challenging,semantic,,50
Qwen-3-235B,212,challenging,correct,2.3570159507264687,1
Qwen-3-235B,212,challenging,correct,0.723388482663342,2
Qwen-3-235B,212,challenging,correct,1.2134770251065845,3
Qwen-3-235B,212,challenging,correct,1.200340577045881,4
Qwen-3-235B,212,challenging,correct,0.9034429784926803,5
Qwen-3-235B,212,challenging,correct,0.9498634579279741,6
Qwen-3-235B,212,challenging,correct,1.0549659900452124,7
Qwen-3-235B,212,challenging,correct,1.5087822357986254,8
Qwen-3-235B,212,challenging,correct,1.0728503834230707,9
Qwen-3-235B,212,challenging,correct,1.3415730800565129,10
Qwen-3-235B,212,challenging,correct,0.6416255399800622,11
Qwen-3-235B,212,challenging,correct,0.5350020040634114,12
Qwen-3-235B,212,challenging,correct,1.149982428836789,13
Qwen-3-235B,212,challenging,correct,0.7847306954854454,14
Qwen-3-235B,212,challenging,correct,1.1997925964333993,15
Qwen-3-235B,212,challenging,correct,1.0597569289358,16
Qwen-3-235B,212,challenging,correct,1.074299406578184,17
Qwen-3-235B,212,challenging,correct,1.6316339963572755,18
Qwen-3-235B,212,challenging,correct,0.8287900448372214,19
Qwen-3-235B,212,challenging,correct,1.073664199877792,20
Qwen-3-235B,212,challenging,correct,0.7992205328828428,21
Qwen-3-235B,212,challenging,correct,0.9955063620453148,22
Qwen-3-235B,212,challenging,correct,1.0310189359783588,23
Qwen-3-235B,212,challenging,correct,1.0031567080045096,24
Qwen-3-235B,212,challenging,correct,0.6817396658172428,25
Qwen-3-235B,212,challenging,correct,0.9820731372009899,26
Qwen-3-235B,212,challenging,correct,0.9756126236584424,27
Qwen-3-235B,212,challenging,correct,0.8782883275261324,28
Qwen-3-235B,212,challenging,correct,1.1557983668446175,29
Qwen-3-235B,212,challenging,correct,1.2502854306279474,30
Qwen-3-235B,212,challenging,correct,0.6461069142041661,31
Qwen-3-235B,212,challenging,correct,0.782819319173698,32
Qwen-3-235B,212,challenging,correct,0.8011140145784624,33
Qwen-3-235B,212,challenging,correct,0.7971880492091389,34
Qwen-3-235B,212,challenging,correct,0.5809489010062399,35
Qwen-3-235B,212,challenging,correct,0.6358987565300567,36
Qwen-3-235B,212,challenging,correct,0.6387955324710595,37
Qwen-3-235B,212,challenging,correct,0.6243249046195517,38
Qwen-3-235B,212,challenging,correct,1.1080659719373103,39
Qwen-3-235B,212,challenging,correct,1.242039018250472,40
Qwen-3-235B,212,challenging,correct,0.5276828541869142,41
Qwen-3-235B,212,challenging,correct,1.0052240443152525,42
Qwen-3-235B,212,challenging,correct,0.7136652970855598,43
Qwen-3-235B,212,challenging,correct,1.1053331118125935,44
Qwen-3-235B,212,challenging,correct,0.7866497930979068,45
Qwen-3-235B,212,challenging,correct,1.081106659516073,46
Qwen-3-235B,212,challenging,correct,0.8161364776718515,47
Qwen-3-235B,212,challenging,correct,1.1798024355334475,48
Qwen-3-235B,212,challenging,correct,0.8835873294502513,49
Qwen-3-235B,212,challenging,correct,1.2236902258388955,50
Qwen-3-235B,1476,challenging,correct,4.020671124435395,1
Qwen-3-235B,1476,challenging,correct,1.101198392091939,2
Qwen-3-235B,1476,challenging,correct,1.0634040985802304,3
Qwen-3-235B,1476,challenging,correct,0.985034923254193,4
Qwen-3-235B,1476,challenging,correct,0.9550049262892497,5
Qwen-3-235B,1476,challenging,correct,0.9939068736649811,6
Qwen-3-235B,1476,challenging,correct,1.0361558902513135,7
Qwen-3-235B,1476,challenging,correct,0.9382118668992719,8
Qwen-3-235B,1476,challenging,correct,1.0629015675572762,9
Qwen-3-235B,1476,challenging,correct,1.1844535226359496,10
Qwen-3-235B,1476,challenging,correct,1.0248218426011368,11
Qwen-3-235B,1476,challenging,correct,0.8647629960475546,12
Qwen-3-235B,1476,challenging,correct,0.9247578817226458,13
Qwen-3-235B,1476,challenging,correct,1.089215434841375,14
Qwen-3-235B,1476,challenging,correct,1.0487782229730946,15
Qwen-3-235B,1476,challenging,correct,1.1534343870096402,16
Qwen-3-235B,1476,challenging,correct,0.8246397945123012,17
Qwen-3-235B,1476,challenging,correct,0.934195189574268,18
Qwen-3-235B,1476,challenging,correct,1.2579897255525543,19
Qwen-3-235B,1476,challenging,correct,1.1300640740000922,20
Qwen-3-235B,1476,challenging,correct,0.9411953385419187,21
Qwen-3-235B,1476,challenging,correct,1.0350650723548205,22
Qwen-3-235B,1476,challenging,correct,0.9210313078064625,23
Qwen-3-235B,1476,challenging,correct,0.8455057385510031,24
Qwen-3-235B,1476,challenging,correct,1.0877394693978406,25
Qwen-3-235B,1476,challenging,correct,0.9945229420381054,26
Qwen-3-235B,1476,challenging,correct,1.1359911465792558,27
Qwen-3-235B,1476,challenging,correct,0.7782517760699739,28
Qwen-3-235B,1476,challenging,correct,1.0297918642854222,29
Qwen-3-235B,1476,challenging,correct,1.0834110528438887,30
Qwen-3-235B,1476,challenging,correct,1.0861948391335938,31
Qwen-3-235B,1476,challenging,correct,0.7552399940285763,32
Qwen-3-235B,1476,challenging,correct,0.9910598323290393,33
Qwen-3-235B,1476,challenging,correct,0.896619668444271,34
Qwen-3-235B,1476,challenging,correct,1.4524559959087893,35
Qwen-3-235B,1476,challenging,correct,0.8783329100235395,36
Qwen-3-235B,1476,challenging,correct,0.9915977805458045,37
Qwen-3-235B,1476,challenging,correct,1.1235771233084426,38
Qwen-3-235B,1476,challenging,correct,0.8514349029985646,39
Qwen-3-235B,1476,challenging,correct,1.2479005651308956,40
Qwen-3-235B,1476,challenging,correct,1.0018717120966485,41
Qwen-3-235B,1476,challenging,correct,1.1400862610574989,42
Qwen-3-235B,1476,challenging,correct,0.806697207754081,43
Qwen-3-235B,1476,challenging,correct,1.0312679534630056,44
Qwen-3-235B,1476,challenging,correct,0.9715269545848112,45
Qwen-3-235B,1476,challenging,correct,1.0779358861619635,46
Qwen-3-235B,1476,challenging,correct,0.8055059261360877,47
Qwen-3-235B,1476,challenging,correct,1.0241692678056917,48
Qwen-3-235B,1476,challenging,correct,0.9772544292535411,49
Qwen-3-235B,1476,challenging,correct,1.1969648544695108,50
Qwen-3-235B,302,challenging,correct,9.787341634495133,1
Qwen-3-235B,302,challenging,correct,4.280801209372638,2
Qwen-3-235B,302,challenging,correct,1.5898124467178176,3
Qwen-3-235B,302,challenging,correct,2.292381934723348,4
Qwen-3-235B,302,challenging,correct,1.466042573489953,5
Qwen-3-235B,302,challenging,correct,1.2739026236125126,6
Qwen-3-235B,302,challenging,correct,0.8593240470791491,7
Qwen-3-235B,302,challenging,correct,1.1381509961551906,8
Qwen-3-235B,302,challenging,correct,1.2548941092721124,9
Qwen-3-235B,302,challenging,correct,1.0573900986031224,10
Qwen-3-235B,302,challenging,correct,1.297478241463959,11
Qwen-3-235B,302,challenging,correct,2.264847512038523,12
Qwen-3-235B,302,challenging,correct,1.570508043659317,13
Qwen-3-235B,302,challenging,correct,1.1034020048938353,14
Qwen-3-235B,302,challenging,correct,1.4628781487284561,15
Qwen-3-235B,302,challenging,correct,1.291978400884783,16
Qwen-3-235B,302,challenging,correct,0.7664755544354839,17
Qwen-3-235B,302,challenging,correct,1.244505788067676,18
Qwen-3-235B,302,challenging,correct,2.0396100691016783,19
Qwen-3-235B,302,challenging,correct,0.5689530685920577,20
Qwen-3-235B,302,challenging,correct,0.6799234701878745,21
Qwen-3-235B,302,challenging,correct,0.7883836554608015,22
Qwen-3-235B,302,challenging,correct,1.641812865497076,23
Qwen-3-235B,302,challenging,correct,2.379721296861071,24
Qwen-3-235B,302,challenging,correct,1.1034910365278339,25
Qwen-3-235B,302,challenging,correct,1.719388775551022,26
Qwen-3-235B,302,challenging,correct,0.8688506598622657,27
Qwen-3-235B,302,challenging,correct,1.289855072463768,28
Qwen-3-235B,302,challenging,correct,1.0667861623946944,29
Qwen-3-235B,302,challenging,correct,1.4114907618324475,30
Qwen-3-235B,302,challenging,correct,0.9020805450784767,31
Qwen-3-235B,302,challenging,correct,0.9414032534078168,32
Qwen-3-235B,302,challenging,correct,1.243808174176302,33
Qwen-3-235B,302,challenging,correct,0.8663102836470886,34
Qwen-3-235B,302,challenging,correct,1.9286922379945637,35
Qwen-3-235B,302,challenging,correct,1.1846871306736513,36
Qwen-3-235B,302,challenging,correct,0.8667466229011489,37
Qwen-3-235B,302,challenging,correct,0.7802102210945995,38
Qwen-3-235B,302,challenging,correct,1.6439022019151315,39
Qwen-3-235B,302,challenging,correct,1.1049491558174924,40
Qwen-3-235B,302,challenging,correct,1.1266939039682862,41
Qwen-3-235B,302,challenging,correct,2.9834648197413083,42
Qwen-3-235B,302,challenging,correct,1.221514508138712,43
Qwen-3-235B,302,challenging,correct,1.2416669551071269,44
Qwen-3-235B,302,challenging,correct,0.8630958329169581,45
Qwen-3-235B,302,challenging,correct,1.2896535531670668,46
Qwen-3-235B,302,challenging,correct,0.9809302095200356,47
Qwen-3-235B,302,challenging,correct,3.422286332491886,48
Qwen-3-235B,302,challenging,correct,1.4744985897837668,49
Qwen-3-235B,302,challenging,correct,0.9704301075268817,50
Qwen-3-235B,1429,challenging,correct,4.424720865317516,1
Qwen-3-235B,1429,challenging,correct,1.2050163576881134,2
Qwen-3-235B,1429,challenging,correct,1.8947117675083374,3
Qwen-3-235B,1429,challenging,correct,1.3134365223118722,4
Qwen-3-235B,1429,challenging,correct,1.2746376811594202,5
Qwen-3-235B,1429,challenging,correct,1.3756819953234607,6
Qwen-3-235B,1429,challenging,correct,1.1647006454484754,7
Qwen-3-235B,1429,challenging,correct,2.273247496423462,8
Qwen-3-235B,1429,challenging,correct,1.377752218205718,9
Qwen-3-235B,1429,challenging,correct,0.8867099822799763,10
Qwen-3-235B,1429,challenging,correct,1.5970061059680913,11
Qwen-3-235B,1429,challenging,correct,1.922551697229809,12
Qwen-3-235B,1429,challenging,correct,1.4629201950218116,13
Qwen-3-235B,1429,challenging,correct,0.9827052868391452,14
Qwen-3-235B,1429,challenging,correct,1.2674157303370785,15
Qwen-3-235B,1429,challenging,correct,1.3190325717063685,16
Qwen-3-235B,1429,challenging,correct,1.1299658853306922,17
Qwen-3-235B,1429,challenging,correct,1.6235431235431235,18
Qwen-3-235B,1429,challenging,correct,1.1376936316695352,19
Qwen-3-235B,1429,challenging,correct,0.9035087719298246,20
Qwen-3-235B,1429,challenging,correct,1.7640932759791714,21
Qwen-3-235B,1429,challenging,correct,2.128588098016336,22
Qwen-3-235B,1429,challenging,correct,1.1588614289835562,23
Qwen-3-235B,1429,challenging,correct,1.1703061331104379,24
Qwen-3-235B,1429,challenging,correct,1.2529025744573448,25
Qwen-3-235B,1429,challenging,correct,1.4677586564379017,26
Qwen-3-235B,1429,challenging,correct,1.0946440677966103,27
Qwen-3-235B,1429,challenging,correct,1.2015603487838458,28
Qwen-3-235B,1429,challenging,correct,0.9779050736497545,29
Qwen-3-235B,1429,challenging,correct,1.1409454292665973,30
Qwen-3-235B,1429,challenging,correct,2.5406266595857674,31
Qwen-3-235B,1429,challenging,correct,1.2975943591870593,32
Qwen-3-235B,1429,challenging,correct,1.4367063492063492,33
Qwen-3-235B,1429,challenging,correct,1.6233977619532045,34
Qwen-3-235B,1429,challenging,correct,1.6279125059438897,35
Qwen-3-235B,1429,challenging,correct,1.0056681309338247,36
Qwen-3-235B,1429,challenging,correct,1.5950378469301933,37
Qwen-3-235B,1429,challenging,correct,2.507142857142857,38
Qwen-3-235B,1429,challenging,correct,1.338322045007647,39
Qwen-3-235B,1429,challenging,correct,1.2903187581467,40
Qwen-3-235B,1429,challenging,correct,1.4487826769886682,41
Qwen-3-235B,1429,challenging,correct,1.4215184893784423,42
Qwen-3-235B,1429,challenging,correct,1.7262798634812286,43
Qwen-3-235B,1429,challenging,correct,2.192292089249493,44
Qwen-3-235B,1429,challenging,correct,1.5733631343676044,45
Qwen-3-235B,1429,challenging,correct,1.3286486486486486,46
Qwen-3-235B,1429,challenging,correct,1.9113235536508983,47
Qwen-3-235B,1429,challenging,correct,0.6946891825746452,48
Qwen-3-235B,1429,challenging,correct,1.4875612144955925,49
Qwen-3-235B,1429,challenging,correct,1.4526813880126184,50
Qwen-3-235B,1071,challenging,semantic,,1
Qwen-3-235B,1071,challenging,semantic,,2
Qwen-3-235B,1071,challenging,semantic,,3
Qwen-3-235B,1071,challenging,semantic,,4
Qwen-3-235B,1071,challenging,semantic,,5
Qwen-3-235B,1071,challenging,semantic,,6
Qwen-3-235B,1071,challenging,semantic,,7
Qwen-3-235B,1071,challenging,semantic,,8
Qwen-3-235B,1071,challenging,semantic,,9
Qwen-3-235B,1071,challenging,semantic,,10
Qwen-3-235B,1071,challenging,semantic,,11
Qwen-3-235B,1071,challenging,semantic,,12
Qwen-3-235B,1071,challenging,semantic,,13
Qwen-3-235B,1071,challenging,semantic,,14
Qwen-3-235B,1071,challenging,semantic,,15
Qwen-3-235B,1071,challenging,semantic,,16
Qwen-3-235B,1071,challenging,semantic,,17
Qwen-3-235B,1071,challenging,semantic,,18
Qwen-3-235B,1071,challenging,semantic,,19
Qwen-3-235B,1071,challenging,semantic,,20
Qwen-3-235B,1071,challenging,semantic,,21
Qwen-3-235B,1071,challenging,semantic,,22
Qwen-3-235B,1071,challenging,semantic,,23
Qwen-3-235B,1071,challenging,semantic,,24
Qwen-3-235B,1071,challenging,semantic,,25
Qwen-3-235B,1071,challenging,semantic,,26
Qwen-3-235B,1071,challenging,semantic,,27
Qwen-3-235B,1071,challenging,semantic,,28
Qwen-3-235B,1071,challenging,semantic,,29
Qwen-3-235B,1071,challenging,semantic,,30
Qwen-3-235B,1071,challenging,semantic,,31
Qwen-3-235B,1071,challenging,semantic,,32
Qwen-3-235B,1071,challenging,semantic,,33
Qwen-3-235B,1071,challenging,semantic,,34
Qwen-3-235B,1071,challenging,semantic,,35
Qwen-3-235B,1071,challenging,semantic,,36
Qwen-3-235B,1071,challenging,semantic,,37
Qwen-3-235B,1071,challenging,semantic,,38
Qwen-3-235B,1071,challenging,semantic,,39
Qwen-3-235B,1071,challenging,semantic,,40
Qwen-3-235B,1071,challenging,semantic,,41
Qwen-3-235B,1071,challenging,semantic,,42
Qwen-3-235B,1071,challenging,semantic,,43
Qwen-3-235B,1071,challenging,semantic,,44
Qwen-3-235B,1071,challenging,semantic,,45
Qwen-3-235B,1071,challenging,semantic,,46
Qwen-3-235B,1071,challenging,semantic,,47
Qwen-3-235B,1071,challenging,semantic,,48
Qwen-3-235B,1071,challenging,semantic,,49
Qwen-3-235B,1071,challenging,semantic,,50
Qwen-3-235B,307,challenging,correct,6.023809523809524,1
Qwen-3-235B,307,challenging,correct,1.888234488426243,2
Qwen-3-235B,307,challenging,correct,1.2240554465161924,3
Qwen-3-235B,307,challenging,correct,1.420029393239555,4
Qwen-3-235B,307,challenging,correct,1.4322120703076986,5
Qwen-3-235B,307,challenging,correct,1.6251331203407882,6
Qwen-3-235B,307,challenging,correct,1.132498767325919,7
Qwen-3-235B,307,challenging,correct,5.741410117460968,8
Qwen-3-235B,307,challenging,correct,0.7695089816234091,9
Qwen-3-235B,307,challenging,correct,1.4039322961189946,10
Qwen-3-235B,307,challenging,correct,2.515322960867515,11
Qwen-3-235B,307,challenging,correct,1.6186046511627907,12
Qwen-3-235B,307,challenging,correct,2.8020265003897116,13
Qwen-3-235B,307,challenging,correct,1.402574975955233,14
Qwen-3-235B,307,challenging,correct,1.4484462685317028,15
Qwen-3-235B,307,challenging,correct,1.5363900174114915,16
Qwen-3-235B,307,challenging,correct,1.7774841985286498,17
Qwen-3-235B,307,challenging,correct,1.2250036121947696,18
Qwen-3-235B,307,challenging,correct,1.4616872129562486,19
Qwen-3-235B,307,challenging,correct,1.8624076936287137,20
Qwen-3-235B,307,challenging,correct,2.434559267892601,21
Qwen-3-235B,307,challenging,correct,1.9905163329820863,22
Qwen-3-235B,307,challenging,correct,2.067429985093089,23
Qwen-3-235B,307,challenging,correct,1.7016547142280587,24
Qwen-3-235B,307,challenging,correct,1.4753019510684422,25
Qwen-3-235B,307,challenging,correct,1.3666346249461367,26
Qwen-3-235B,307,challenging,correct,6.750507811057355,27
Qwen-3-235B,307,challenging,correct,1.4051235733639873,28
Qwen-3-235B,307,challenging,correct,1.49098131145406,29
Qwen-3-235B,307,challenging,correct,1.5161204191976503,30
Qwen-3-235B,307,challenging,correct,0.8701833305041589,31
Qwen-3-235B,307,challenging,correct,3.006799591002045,32
Qwen-3-235B,307,challenging,correct,0.9493519125930282,33
Qwen-3-235B,307,challenging,correct,1.2230489085506178,34
Qwen-3-235B,307,challenging,correct,1.4603731062977339,35
Qwen-3-235B,307,challenging,correct,1.1836414731548588,36
Qwen-3-235B,307,challenging,correct,1.2234921834411752,37
Qwen-3-235B,307,challenging,correct,2.1938578458855043,38
Qwen-3-235B,307,challenging,correct,1.5365790090958846,39
Qwen-3-235B,307,challenging,correct,1.5158372620918457,40
Qwen-3-235B,307,challenging,correct,1.8850508877825263,41
Qwen-3-235B,307,challenging,correct,1.647278686639257,42
Qwen-3-235B,307,challenging,correct,1.7606603313840157,43
Qwen-3-235B,307,challenging,correct,2.3145752936686317,44
Qwen-3-235B,307,challenging,correct,3.0162615255658003,45
Qwen-3-235B,307,challenging,correct,1.2642849238260356,46
Qwen-3-235B,307,challenging,correct,1.203696819496076,47
Qwen-3-235B,307,challenging,correct,2.0682516909202704,48
Qwen-3-235B,307,challenging,correct,1.4284056226625972,49
Qwen-3-235B,307,challenging,correct,1.8555035128805621,50
Qwen-3-235B,87,challenging,semantic,,1
Qwen-3-235B,87,challenging,semantic,,2
Qwen-3-235B,87,challenging,semantic,,3
Qwen-3-235B,87,challenging,semantic,,4
Qwen-3-235B,87,challenging,semantic,,5
Qwen-3-235B,87,challenging,semantic,,6
Qwen-3-235B,87,challenging,semantic,,7
Qwen-3-235B,87,challenging,semantic,,8
Qwen-3-235B,87,challenging,semantic,,9
Qwen-3-235B,87,challenging,semantic,,10
Qwen-3-235B,87,challenging,semantic,,11
Qwen-3-235B,87,challenging,semantic,,12
Qwen-3-235B,87,challenging,semantic,,13
Qwen-3-235B,87,challenging,semantic,,14
Qwen-3-235B,87,challenging,semantic,,15
Qwen-3-235B,87,challenging,semantic,,16
Qwen-3-235B,87,challenging,semantic,,17
Qwen-3-235B,87,challenging,semantic,,18
Qwen-3-235B,87,challenging,semantic,,19
Qwen-3-235B,87,challenging,semantic,,20
Qwen-3-235B,87,challenging,semantic,,21
Qwen-3-235B,87,challenging,semantic,,22
Qwen-3-235B,87,challenging,semantic,,23
Qwen-3-235B,87,challenging,semantic,,24
Qwen-3-235B,87,challenging,semantic,,25
Qwen-3-235B,87,challenging,semantic,,26
Qwen-3-235B,87,challenging,semantic,,27
Qwen-3-235B,87,challenging,semantic,,28
Qwen-3-235B,87,challenging,semantic,,29
Qwen-3-235B,87,challenging,semantic,,30
Qwen-3-235B,87,challenging,semantic,,31
Qwen-3-235B,87,challenging,semantic,,32
Qwen-3-235B,87,challenging,semantic,,33
Qwen-3-235B,87,challenging,semantic,,34
Qwen-3-235B,87,challenging,semantic,,35
Qwen-3-235B,87,challenging,semantic,,36
Qwen-3-235B,87,challenging,semantic,,37
Qwen-3-235B,87,challenging,semantic,,38
Qwen-3-235B,87,challenging,semantic,,39
Qwen-3-235B,87,challenging,semantic,,40
Qwen-3-235B,87,challenging,semantic,,41
Qwen-3-235B,87,challenging,semantic,,42
Qwen-3-235B,87,challenging,semantic,,43
Qwen-3-235B,87,challenging,semantic,,44
Qwen-3-235B,87,challenging,semantic,,45
Qwen-3-235B,87,challenging,semantic,,46
Qwen-3-235B,87,challenging,semantic,,47
Qwen-3-235B,87,challenging,semantic,,48
Qwen-3-235B,87,challenging,semantic,,49
Qwen-3-235B,87,challenging,semantic,,50
Qwen-3-235B,1686,Challenging,semantic,,1
Qwen-3-235B,1686,Challenging,semantic,,2
Qwen-3-235B,1686,Challenging,semantic,,3
Qwen-3-235B,1686,Challenging,semantic,,4
Qwen-3-235B,1686,Challenging,semantic,,5
Qwen-3-235B,1686,Challenging,semantic,,6
Qwen-3-235B,1686,Challenging,semantic,,7
Qwen-3-235B,1686,Challenging,semantic,,8
Qwen-3-235B,1686,Challenging,semantic,,9
Qwen-3-235B,1686,Challenging,semantic,,10
Qwen-3-235B,1686,Challenging,semantic,,11
Qwen-3-235B,1686,Challenging,semantic,,12
Qwen-3-235B,1686,Challenging,semantic,,13
Qwen-3-235B,1686,Challenging,semantic,,14
Qwen-3-235B,1686,Challenging,semantic,,15
Qwen-3-235B,1686,Challenging,semantic,,16
Qwen-3-235B,1686,Challenging,semantic,,17
Qwen-3-235B,1686,Challenging,semantic,,18
Qwen-3-235B,1686,Challenging,semantic,,19
Qwen-3-235B,1686,Challenging,semantic,,20
Qwen-3-235B,1686,Challenging,semantic,,21
Qwen-3-235B,1686,Challenging,semantic,,22
Qwen-3-235B,1686,Challenging,semantic,,23
Qwen-3-235B,1686,Challenging,semantic,,24
Qwen-3-235B,1686,Challenging,semantic,,25
Qwen-3-235B,1686,Challenging,semantic,,26
Qwen-3-235B,1686,Challenging,semantic,,27
Qwen-3-235B,1686,Challenging,semantic,,28
Qwen-3-235B,1686,Challenging,semantic,,29
Qwen-3-235B,1686,Challenging,semantic,,30
Qwen-3-235B,1686,Challenging,semantic,,31
Qwen-3-235B,1686,Challenging,semantic,,32
Qwen-3-235B,1686,Challenging,semantic,,33
Qwen-3-235B,1686,Challenging,semantic,,34
Qwen-3-235B,1686,Challenging,semantic,,35
Qwen-3-235B,1686,Challenging,semantic,,36
Qwen-3-235B,1686,Challenging,semantic,,37
Qwen-3-235B,1686,Challenging,semantic,,38
Qwen-3-235B,1686,Challenging,semantic,,39
Qwen-3-235B,1686,Challenging,semantic,,40
Qwen-3-235B,1686,Challenging,semantic,,41
Qwen-3-235B,1686,Challenging,semantic,,42
Qwen-3-235B,1686,Challenging,semantic,,43
Qwen-3-235B,1686,Challenging,semantic,,44
Qwen-3-235B,1686,Challenging,semantic,,45
Qwen-3-235B,1686,Challenging,semantic,,46
Qwen-3-235B,1686,Challenging,semantic,,47
Qwen-3-235B,1686,Challenging,semantic,,48
Qwen-3-235B,1686,Challenging,semantic,,49
Qwen-3-235B,1686,Challenging,semantic,,50
Qwen-3-235B,819,challenging,correct,6.603454271473281,1
Qwen-3-235B,819,challenging,correct,2.2118834080717487,2
Qwen-3-235B,819,challenging,correct,1.0702536510376632,3
Qwen-3-235B,819,challenging,correct,0.78099173553719,4
Qwen-3-235B,819,challenging,correct,0.1543823563021369,5
Qwen-3-235B,819,challenging,correct,1.3405764160378215,6
Qwen-3-235B,819,challenging,correct,1.9199659429544487,7
Qwen-3-235B,819,challenging,correct,1.1724351817392382,8
Qwen-3-235B,819,challenging,correct,0.9502809467052614,9
Qwen-3-235B,819,challenging,correct,6.746996567505721,10
Qwen-3-235B,819,challenging,correct,1.104826314171534,11
Qwen-3-235B,819,challenging,correct,1.578976702708728,12
Qwen-3-235B,819,challenging,correct,1.1790351399642645,13
Qwen-3-235B,819,challenging,correct,1.0595197255574613,14
Qwen-3-235B,819,challenging,correct,1.613116026387272,15
Qwen-3-235B,819,challenging,correct,1.1207253375381887,16
Qwen-3-235B,819,challenging,correct,1.6499180775532496,17
Qwen-3-235B,819,challenging,correct,1.0478856637689702,18
Qwen-3-235B,819,challenging,correct,1.0788597178683386,19
Qwen-3-235B,819,challenging,correct,1.1568959674686548,20
Qwen-3-235B,819,challenging,correct,1.3055662557781202,21
Qwen-3-235B,819,challenging,correct,1.195506454816286,22
Qwen-3-235B,819,challenging,correct,1.3358369098712446,23
Qwen-3-235B,819,challenging,correct,1.8525505078691817,24
Qwen-3-235B,819,challenging,correct,1.4780672456023158,25
Qwen-3-235B,819,challenging,correct,2.3687755102040815,26
Qwen-3-235B,819,challenging,correct,2.1840942562592045,27
Qwen-3-235B,819,challenging,correct,1.6969823973176865,28
Qwen-3-235B,819,challenging,correct,1.1939946549284703,29
Qwen-3-235B,819,challenging,correct,1.0418159025787965,30
Qwen-3-235B,819,challenging,correct,0.8474127002420191,31
Qwen-3-235B,819,challenging,correct,0.5917899323472079,32
Qwen-3-235B,819,challenging,correct,2.721539002108222,33
Qwen-3-235B,819,challenging,correct,1.408169628936701,34
Qwen-3-235B,819,challenging,correct,1.0548488008342023,35
Qwen-3-235B,819,challenging,correct,1.3311625329084107,36
Qwen-3-235B,819,challenging,correct,1.5097816841508365,37
Qwen-3-235B,819,challenging,correct,1.5878586672990278,38
Qwen-3-235B,819,challenging,correct,1.3411279229711142,39
Qwen-3-235B,819,challenging,correct,1.5227606461086638,40
Qwen-3-235B,819,challenging,correct,1.0227214045959205,41
Qwen-3-235B,819,challenging,correct,1.5125315141628355,42
Qwen-3-235B,819,challenging,correct,1.6904951440853366,43
Qwen-3-235B,819,challenging,correct,0.9616523143164694,44
Qwen-3-235B,819,challenging,correct,1.5225395732966276,45
Qwen-3-235B,819,challenging,correct,1.5485817742908872,46
Qwen-3-235B,819,challenging,correct,1.5647599005165487,47
Qwen-3-235B,819,challenging,correct,0.7620948234155781,48
Qwen-3-235B,819,challenging,correct,1.2623367877586142,49
Qwen-3-235B,819,challenging,correct,0.9958970533383066,50
Qwen-3-235B,322,challenging,correct,1.920156747489591,1
Qwen-3-235B,322,challenging,correct,1.4286833855799372,2
Qwen-3-235B,322,challenging,correct,0.995680106335844,3
Qwen-3-235B,322,challenging,correct,2.0513008427995603,4
Qwen-3-235B,322,challenging,correct,1.3388441429984457,5
Qwen-3-235B,322,challenging,correct,1.4780876494023905,6
Qwen-3-235B,322,challenging,correct,0.8464132077665387,7
Qwen-3-235B,322,challenging,correct,2.07331223628692,8
Qwen-3-235B,322,challenging,correct,0.9204581358609795,9
Qwen-3-235B,322,challenging,correct,2.923815119467293,10
Qwen-3-235B,322,challenging,correct,0.9807273857631333,11
Qwen-3-235B,322,challenging,correct,1.0166723960123754,12
Qwen-3-235B,322,challenging,correct,1.4052231061916292,13
Qwen-3-235B,322,challenging,correct,2.2589080459770114,14
Qwen-3-235B,322,challenging,correct,2.130153999006458,15
Qwen-3-235B,322,challenging,correct,1.4493125849826258,16
Qwen-3-235B,322,challenging,correct,1.1235855336143776,17
Qwen-3-235B,322,challenging,correct,1.6071320640676943,18
Qwen-3-235B,322,challenging,correct,1.5342133620689655,19
Qwen-3-235B,322,challenging,correct,1.4669017632241814,20
Qwen-3-235B,322,challenging,correct,1.4697114465889547,21
Qwen-3-235B,322,challenging,correct,1.3141690229343386,22
Qwen-3-235B,322,challenging,correct,1.4353790613718411,23
Qwen-3-235B,322,challenging,correct,2.1202123625331817,24
Qwen-3-235B,322,challenging,correct,1.7248418631397355,25
Qwen-3-235B,322,challenging,correct,1.2904817179338364,26
Qwen-3-235B,322,challenging,correct,1.2722490135905304,27
Qwen-3-235B,322,challenging,correct,1.6255041886441204,28
Qwen-3-235B,322,challenging,correct,1.5806958473625141,29
Qwen-3-235B,322,challenging,correct,1.560248198558847,30
Qwen-3-235B,322,challenging,correct,1.31979280261723,31
Qwen-3-235B,322,challenging,correct,1.4014610659139963,32
Qwen-3-235B,322,challenging,correct,1.6351692774128348,33
Qwen-3-235B,322,challenging,correct,1.2144535840188013,34
Qwen-3-235B,322,challenging,correct,1.4583868894601542,35
Qwen-3-235B,322,challenging,correct,1.2766473521088801,36
Qwen-3-235B,322,challenging,correct,1.4891701828410688,37
Qwen-3-235B,322,challenging,correct,1.461963190184049,38
Qwen-3-235B,322,challenging,correct,1.3148470529718976,39
Qwen-3-235B,322,challenging,correct,1.964650432050275,40
Qwen-3-235B,322,challenging,correct,1.0650253439536568,41
Qwen-3-235B,322,challenging,correct,1.3977848101265822,42
Qwen-3-235B,322,challenging,correct,1.054490566037736,43
Qwen-3-235B,322,challenging,correct,1.930751837196156,44
Qwen-3-235B,322,challenging,correct,0.9982668977469671,45
Qwen-3-235B,322,challenging,correct,1.3276444111027756,46
Qwen-3-235B,322,challenging,correct,2.63330125120308,47
Qwen-3-235B,322,challenging,correct,1.0555010786428711,48
Qwen-3-235B,322,challenging,correct,1.5518769551616267,49
Qwen-3-235B,322,challenging,correct,1.472695500218436,50
Qwen-3-235B,506,challenging,correct,3.5113603845933725,1
Qwen-3-235B,506,challenging,correct,1.2773611401595506,2
Qwen-3-235B,506,challenging,correct,2.354585646378353,3
Qwen-3-235B,506,challenging,correct,0.927320108228077,4
Qwen-3-235B,506,challenging,correct,1.2790431685239045,5
Qwen-3-235B,506,challenging,correct,0.9598805112304318,6
Qwen-3-235B,506,challenging,correct,2.2769652337729065,7
Qwen-3-235B,506,challenging,correct,0.826273169818386,8
Qwen-3-235B,506,challenging,correct,1.9737776358547627,9
Qwen-3-235B,506,challenging,correct,1.9651149469182005,10
Qwen-3-235B,506,challenging,correct,0.999061868176304,11
Qwen-3-235B,506,challenging,correct,1.3906167633104902,12
Qwen-3-235B,506,challenging,correct,1.7617290916192874,13
Qwen-3-235B,506,challenging,correct,2.011498354545815,14
Qwen-3-235B,506,challenging,correct,1.1024930747922437,15
Qwen-3-235B,506,challenging,correct,0.929477742726954,16
Qwen-3-235B,506,challenging,correct,2.1982562456585786,17
Qwen-3-235B,506,challenging,correct,0.656080510102174,18
Qwen-3-235B,506,challenging,correct,0.8951687038234993,19
Qwen-3-235B,506,challenging,correct,1.025768409323057,20
Qwen-3-235B,506,challenging,correct,1.09730774738651,21
Qwen-3-235B,506,challenging,correct,0.5490677235204732,22
Qwen-3-235B,506,challenging,correct,1.0276060357127417,23
Qwen-3-235B,506,challenging,correct,0.6735756483428457,24
Qwen-3-235B,506,challenging,correct,2.60376046673317,25
Qwen-3-235B,506,challenging,correct,1.1181281658069613,26
Qwen-3-235B,506,challenging,correct,1.184777624942687,27
Qwen-3-235B,506,challenging,correct,0.9566692031742581,28
Qwen-3-235B,506,challenging,correct,1.1200071168045547,29
Qwen-3-235B,506,challenging,correct,0.9034407010338817,30
Qwen-3-235B,506,challenging,correct,1.114465946052502,31
Qwen-3-235B,506,challenging,correct,0.9890401173064631,32
Qwen-3-235B,506,challenging,correct,1.1475027558721276,33
Qwen-3-235B,506,challenging,correct,1.0596531884289595,34
Qwen-3-235B,506,challenging,correct,1.0085377760235983,35
Qwen-3-235B,506,challenging,correct,1.0385291048620375,36
Qwen-3-235B,506,challenging,correct,0.9815330907369605,37
Qwen-3-235B,506,challenging,correct,2.1125136125136126,38
Qwen-3-235B,506,challenging,correct,1.8754472887420863,39
Qwen-3-235B,506,challenging,correct,1.3368258486509403,40
Qwen-3-235B,506,challenging,correct,1.9431477633161982,41
Qwen-3-235B,506,challenging,correct,1.701361686252565,42
Qwen-3-235B,506,challenging,correct,1.9509851405544685,43
Qwen-3-235B,506,challenging,correct,1.5509138976252337,44
Qwen-3-235B,506,challenging,correct,0.8643717418658997,45
Qwen-3-235B,506,challenging,correct,0.80900354071826,46
Qwen-3-235B,506,challenging,correct,1.073955250712172,47
Qwen-3-235B,506,challenging,correct,1.2515277253866466,48
Qwen-3-235B,506,challenging,correct,1.195471126712093,49
Qwen-3-235B,506,challenging,correct,1.502222118263473,50
Qwen-3-235B,149,challenging,semantic,,1
Qwen-3-235B,149,challenging,semantic,,2
Qwen-3-235B,149,challenging,semantic,,3
Qwen-3-235B,149,challenging,semantic,,4
Qwen-3-235B,149,challenging,semantic,,5
Qwen-3-235B,149,challenging,semantic,,6
Qwen-3-235B,149,challenging,semantic,,7
Qwen-3-235B,149,challenging,semantic,,8
Qwen-3-235B,149,challenging,semantic,,9
Qwen-3-235B,149,challenging,semantic,,10
Qwen-3-235B,149,challenging,semantic,,11
Qwen-3-235B,149,challenging,semantic,,12
Qwen-3-235B,149,challenging,semantic,,13
Qwen-3-235B,149,challenging,semantic,,14
Qwen-3-235B,149,challenging,semantic,,15
Qwen-3-235B,149,challenging,semantic,,16
Qwen-3-235B,149,challenging,semantic,,17
Qwen-3-235B,149,challenging,semantic,,18
Qwen-3-235B,149,challenging,semantic,,19
Qwen-3-235B,149,challenging,semantic,,20
Qwen-3-235B,149,challenging,semantic,,21
Qwen-3-235B,149,challenging,semantic,,22
Qwen-3-235B,149,challenging,semantic,,23
Qwen-3-235B,149,challenging,semantic,,24
Qwen-3-235B,149,challenging,semantic,,25
Qwen-3-235B,149,challenging,semantic,,26
Qwen-3-235B,149,challenging,semantic,,27
Qwen-3-235B,149,challenging,semantic,,28
Qwen-3-235B,149,challenging,semantic,,29
Qwen-3-235B,149,challenging,semantic,,30
Qwen-3-235B,149,challenging,semantic,,31
Qwen-3-235B,149,challenging,semantic,,32
Qwen-3-235B,149,challenging,semantic,,33
Qwen-3-235B,149,challenging,semantic,,34
Qwen-3-235B,149,challenging,semantic,,35
Qwen-3-235B,149,challenging,semantic,,36
Qwen-3-235B,149,challenging,semantic,,37
Qwen-3-235B,149,challenging,semantic,,38
Qwen-3-235B,149,challenging,semantic,,39
Qwen-3-235B,149,challenging,semantic,,40
Qwen-3-235B,149,challenging,semantic,,41
Qwen-3-235B,149,challenging,semantic,,42
Qwen-3-235B,149,challenging,semantic,,43
Qwen-3-235B,149,challenging,semantic,,44
Qwen-3-235B,149,challenging,semantic,,45
Qwen-3-235B,149,challenging,semantic,,46
Qwen-3-235B,149,challenging,semantic,,47
Qwen-3-235B,149,challenging,semantic,,48
Qwen-3-235B,149,challenging,semantic,,49
Qwen-3-235B,149,challenging,semantic,,50
Qwen-3-235B,775,challenging,correct,14.198440009176416,1
Qwen-3-235B,775,challenging,correct,1.2188252286952335,2
Qwen-3-235B,775,challenging,correct,1.5077826725403818,3
Qwen-3-235B,775,challenging,correct,1.196662156066757,4
Qwen-3-235B,775,challenging,correct,3.3820526598602902,5
Qwen-3-235B,775,challenging,correct,1.326494871153365,6
Qwen-3-235B,775,challenging,correct,1.380601247872944,7
Qwen-3-235B,775,challenging,correct,1.512805241215009,8
Qwen-3-235B,775,challenging,correct,1.4541892706449668,9
Qwen-3-235B,775,challenging,correct,1.4328736279200676,10
Qwen-3-235B,775,challenging,correct,1.5526315789473684,11
Qwen-3-235B,775,challenging,correct,1.5048773278155483,12
Qwen-3-235B,775,challenging,correct,1.5371652121576889,13
Qwen-3-235B,775,challenging,correct,1.176231468197035,14
Qwen-3-235B,775,challenging,correct,1.5859760394644116,15
Qwen-3-235B,775,challenging,correct,1.3720120310273864,16
Qwen-3-235B,775,challenging,correct,1.3284222737819025,17
Qwen-3-235B,775,challenging,correct,1.3318838876483723,18
Qwen-3-235B,775,challenging,correct,1.006065676636687,19
Qwen-3-235B,775,challenging,correct,1.2550274223034734,20
Qwen-3-235B,775,challenging,correct,1.2479550922213312,21
Qwen-3-235B,775,challenging,correct,0.49975053456878116,22
Qwen-3-235B,775,challenging,correct,1.1077204760451633,23
Qwen-3-235B,775,challenging,correct,1.297488956056731,24
Qwen-3-235B,775,challenging,correct,1.3234575442883323,25
Qwen-3-235B,775,challenging,correct,1.3950598575541748,26
Qwen-3-235B,775,challenging,correct,1.330439882697947,27
Qwen-3-235B,775,challenging,correct,1.4052679177029166,28
Qwen-3-235B,775,challenging,correct,1.1045879539030223,29
Qwen-3-235B,775,challenging,correct,1.5192307692307692,30
Qwen-3-235B,775,challenging,correct,1.50407223796034,31
Qwen-3-235B,775,challenging,correct,1.319580337144878,32
Qwen-3-235B,775,challenging,correct,1.3847619047619049,33
Qwen-3-235B,775,challenging,correct,1.457687338501292,34
Qwen-3-235B,775,challenging,correct,1.4398110441439973,35
Qwen-3-235B,775,challenging,correct,1.2376808555252674,36
Qwen-3-235B,775,challenging,correct,1.3134208840486867,37
Qwen-3-235B,775,challenging,correct,1.2496691662990738,38
Qwen-3-235B,775,challenging,correct,1.273606035600613,39
Qwen-3-235B,775,challenging,correct,1.3302040305419953,40
Qwen-3-235B,775,challenging,correct,1.4134330684120306,41
Qwen-3-235B,775,challenging,correct,1.333603707995365,42
Qwen-3-235B,775,challenging,correct,1.4159643822547305,43
Qwen-3-235B,775,challenging,correct,1.4389875963794838,44
Qwen-3-235B,775,challenging,correct,1.2887653917402202,45
Qwen-3-235B,775,challenging,correct,1.2999377722464218,46
Qwen-3-235B,775,challenging,correct,1.349319213313162,47
Qwen-3-235B,775,challenging,correct,1.3394774803654432,48
Qwen-3-235B,775,challenging,correct,1.879225352112676,49
Qwen-3-235B,775,challenging,correct,1.4543935850317407,50
Qwen-3-235B,253,challenging,correct,4.787919807687819,1
Qwen-3-235B,253,challenging,correct,1.9418999496336253,2
Qwen-3-235B,253,challenging,correct,1.4898176210985272,3
Qwen-3-235B,253,challenging,correct,2.039708675097984,4
Qwen-3-235B,253,challenging,correct,1.5778672433871237,5
Qwen-3-235B,253,challenging,correct,1.9122636307612468,6
Qwen-3-235B,253,challenging,correct,2.0560319243167227,7
Qwen-3-235B,253,challenging,semantic,,8
Qwen-3-235B,253,challenging,correct,1.6662613488975357,9
Qwen-3-235B,253,challenging,correct,1.4803437047098702,10
Qwen-3-235B,253,challenging,correct,1.4389577025415177,11
Qwen-3-235B,253,challenging,correct,1.240889137144535,12
Qwen-3-235B,253,challenging,semantic,,13
Qwen-3-235B,253,challenging,semantic,,14
Qwen-3-235B,253,challenging,semantic,,15
Qwen-3-235B,253,challenging,semantic,,16
Qwen-3-235B,253,challenging,correct,1.4851118277025028,17
Qwen-3-235B,253,challenging,correct,1.805232670399691,18
Qwen-3-235B,253,challenging,correct,1.5775724551843955,19
Qwen-3-235B,253,challenging,semantic,,20
Qwen-3-235B,253,challenging,semantic,,21
Qwen-3-235B,253,challenging,correct,1.1516427570425634,22
Qwen-3-235B,253,challenging,correct,1.6826469752911104,23
Qwen-3-235B,253,challenging,correct,1.6305696021372007,24
Qwen-3-235B,253,challenging,correct,1.6827411167512691,25
Qwen-3-235B,253,challenging,semantic,,26
Qwen-3-235B,253,challenging,correct,1.249334774973736,27
Qwen-3-235B,253,challenging,correct,1.797487147668853,28
Qwen-3-235B,253,challenging,correct,3.3773014885120065,29
Qwen-3-235B,253,challenging,semantic,,30
Qwen-3-235B,253,challenging,correct,1.6508213024702483,31
Qwen-3-235B,253,challenging,correct,1.2364982117866583,32
Qwen-3-235B,253,challenging,correct,1.202810862002065,33
Qwen-3-235B,253,challenging,correct,1.5179353000952176,34
Qwen-3-235B,253,challenging,correct,1.9352072345834124,35
Qwen-3-235B,253,challenging,semantic,,36
Qwen-3-235B,253,challenging,correct,1.6296513092069889,37
Qwen-3-235B,253,challenging,correct,1.2635309771505614,38
Qwen-3-235B,253,challenging,correct,1.332821386575796,39
Qwen-3-235B,253,challenging,correct,1.2904694033964852,40
Qwen-3-235B,253,challenging,correct,1.754112548435953,41
Qwen-3-235B,253,challenging,semantic,,42
Qwen-3-235B,253,challenging,correct,2.058457418137717,43
Qwen-3-235B,253,challenging,correct,1.1694590466820347,44
Qwen-3-235B,253,challenging,correct,1.5229886191049133,45
Qwen-3-235B,253,challenging,correct,1.7593473827328348,46
Qwen-3-235B,253,challenging,correct,1.5755013952465393,47
Qwen-3-235B,253,challenging,correct,1.5725877530463492,48
Qwen-3-235B,253,challenging,correct,1.2642348044866916,49
Qwen-3-235B,253,challenging,correct,1.6467204955204071,50
Qwen-3-235B,1243,challenging,semantic,,1
Qwen-3-235B,1243,challenging,semantic,,2
Qwen-3-235B,1243,challenging,semantic,,3
Qwen-3-235B,1243,challenging,semantic,,4
Qwen-3-235B,1243,challenging,semantic,,5
Qwen-3-235B,1243,challenging,semantic,,6
Qwen-3-235B,1243,challenging,semantic,,7
Qwen-3-235B,1243,challenging,semantic,,8
Qwen-3-235B,1243,challenging,semantic,,9
Qwen-3-235B,1243,challenging,semantic,,10
Qwen-3-235B,1243,challenging,semantic,,11
Qwen-3-235B,1243,challenging,semantic,,12
Qwen-3-235B,1243,challenging,semantic,,13
Qwen-3-235B,1243,challenging,semantic,,14
Qwen-3-235B,1243,challenging,semantic,,15
Qwen-3-235B,1243,challenging,semantic,,16
Qwen-3-235B,1243,challenging,semantic,,17
Qwen-3-235B,1243,challenging,semantic,,18
Qwen-3-235B,1243,challenging,semantic,,19
Qwen-3-235B,1243,challenging,semantic,,20
Qwen-3-235B,1243,challenging,semantic,,21
Qwen-3-235B,1243,challenging,semantic,,22
Qwen-3-235B,1243,challenging,semantic,,23
Qwen-3-235B,1243,challenging,semantic,,24
Qwen-3-235B,1243,challenging,semantic,,25
Qwen-3-235B,1243,challenging,semantic,,26
Qwen-3-235B,1243,challenging,semantic,,27
Qwen-3-235B,1243,challenging,semantic,,28
Qwen-3-235B,1243,challenging,semantic,,29
Qwen-3-235B,1243,challenging,semantic,,30
Qwen-3-235B,1243,challenging,semantic,,31
Qwen-3-235B,1243,challenging,semantic,,32
Qwen-3-235B,1243,challenging,semantic,,33
Qwen-3-235B,1243,challenging,semantic,,34
Qwen-3-235B,1243,challenging,semantic,,35
Qwen-3-235B,1243,challenging,semantic,,36
Qwen-3-235B,1243,challenging,semantic,,37
Qwen-3-235B,1243,challenging,semantic,,38
Qwen-3-235B,1243,challenging,semantic,,39
Qwen-3-235B,1243,challenging,semantic,,40
Qwen-3-235B,1243,challenging,semantic,,41
Qwen-3-235B,1243,challenging,semantic,,42
Qwen-3-235B,1243,challenging,semantic,,43
Qwen-3-235B,1243,challenging,semantic,,44
Qwen-3-235B,1243,challenging,semantic,,45
Qwen-3-235B,1243,challenging,semantic,,46
Qwen-3-235B,1243,challenging,semantic,,47
Qwen-3-235B,1243,challenging,semantic,,48
Qwen-3-235B,1243,challenging,semantic,,49
Qwen-3-235B,1243,challenging,semantic,,50
Qwen-3-235B,1292,challenging,semantic,,1
Qwen-3-235B,1292,challenging,semantic,,2
Qwen-3-235B,1292,challenging,semantic,,3
Qwen-3-235B,1292,challenging,semantic,,4
Qwen-3-235B,1292,challenging,semantic,,5
Qwen-3-235B,1292,challenging,semantic,,6
Qwen-3-235B,1292,challenging,semantic,,7
Qwen-3-235B,1292,challenging,correct,0.8522245240209135,8
Qwen-3-235B,1292,challenging,semantic,,9
Qwen-3-235B,1292,challenging,semantic,,10
Qwen-3-235B,1292,challenging,correct,1.5243790248390063,11
Qwen-3-235B,1292,challenging,semantic,,12
Qwen-3-235B,1292,challenging,semantic,,13
Qwen-3-235B,1292,challenging,semantic,,14
Qwen-3-235B,1292,challenging,semantic,,15
Qwen-3-235B,1292,challenging,correct,1.2866976148551306,16
Qwen-3-235B,1292,challenging,correct,1.1796258403975446,17
Qwen-3-235B,1292,challenging,semantic,,18
Qwen-3-235B,1292,challenging,correct,1.5561648127839574,19
Qwen-3-235B,1292,challenging,correct,1.2898292657379282,20
Qwen-3-235B,1292,challenging,semantic,,21
Qwen-3-235B,1292,challenging,semantic,,22
Qwen-3-235B,1292,challenging,semantic,,23
Qwen-3-235B,1292,challenging,semantic,,24
Qwen-3-235B,1292,challenging,semantic,,25
Qwen-3-235B,1292,challenging,correct,1.559092520382843,26
Qwen-3-235B,1292,challenging,correct,1.1705346575412958,27
Qwen-3-235B,1292,challenging,semantic,,28
Qwen-3-235B,1292,challenging,semantic,,29
Qwen-3-235B,1292,challenging,semantic,,30
Qwen-3-235B,1292,challenging,semantic,,31
Qwen-3-235B,1292,challenging,semantic,,32
Qwen-3-235B,1292,challenging,semantic,,33
Qwen-3-235B,1292,challenging,correct,1.0453498848733607,34
Qwen-3-235B,1292,challenging,correct,1.1529806974512105,35
Qwen-3-235B,1292,challenging,semantic,,36
Qwen-3-235B,1292,challenging,semantic,,37
Qwen-3-235B,1292,challenging,correct,1.2087816066845065,38
Qwen-3-235B,1292,challenging,correct,1.1218441868024704,39
Qwen-3-235B,1292,challenging,semantic,,40
Qwen-3-235B,1292,challenging,semantic,,41
Qwen-3-235B,1292,challenging,semantic,,42
Qwen-3-235B,1292,challenging,semantic,,43
Qwen-3-235B,1292,challenging,semantic,,44
Qwen-3-235B,1292,challenging,semantic,,45
Qwen-3-235B,1292,challenging,correct,1.3441562683739465,46
Qwen-3-235B,1292,challenging,semantic,,47
Qwen-3-235B,1292,challenging,correct,1.1641597155750034,48
Qwen-3-235B,1292,challenging,semantic,,49
Qwen-3-235B,1292,challenging,semantic,,50
Qwen-3-235B,639,challenging,semantic,,1
Qwen-3-235B,639,challenging,semantic,,2
Qwen-3-235B,639,challenging,semantic,,3
Qwen-3-235B,639,challenging,semantic,,4
Qwen-3-235B,639,challenging,semantic,,5
Qwen-3-235B,639,challenging,semantic,,6
Qwen-3-235B,639,challenging,semantic,,7
Qwen-3-235B,639,challenging,semantic,,8
Qwen-3-235B,639,challenging,semantic,,9
Qwen-3-235B,639,challenging,semantic,,10
Qwen-3-235B,639,challenging,semantic,,11
Qwen-3-235B,639,challenging,semantic,,12
Qwen-3-235B,639,challenging,semantic,,13
Qwen-3-235B,639,challenging,semantic,,14
Qwen-3-235B,639,challenging,semantic,,15
Qwen-3-235B,639,challenging,semantic,,16
Qwen-3-235B,639,challenging,semantic,,17
Qwen-3-235B,639,challenging,semantic,,18
Qwen-3-235B,639,challenging,semantic,,19
Qwen-3-235B,639,challenging,semantic,,20
Qwen-3-235B,639,challenging,semantic,,21
Qwen-3-235B,639,challenging,semantic,,22
Qwen-3-235B,639,challenging,semantic,,23
Qwen-3-235B,639,challenging,semantic,,24
Qwen-3-235B,639,challenging,semantic,,25
Qwen-3-235B,639,challenging,semantic,,26
Qwen-3-235B,639,challenging,semantic,,27
Qwen-3-235B,639,challenging,semantic,,28
Qwen-3-235B,639,challenging,semantic,,29
Qwen-3-235B,639,challenging,semantic,,30
Qwen-3-235B,639,challenging,semantic,,31
Qwen-3-235B,639,challenging,semantic,,32
Qwen-3-235B,639,challenging,semantic,,33
Qwen-3-235B,639,challenging,semantic,,34
Qwen-3-235B,639,challenging,semantic,,35
Qwen-3-235B,639,challenging,semantic,,36
Qwen-3-235B,639,challenging,semantic,,37
Qwen-3-235B,639,challenging,semantic,,38
Qwen-3-235B,639,challenging,semantic,,39
Qwen-3-235B,639,challenging,semantic,,40
Qwen-3-235B,639,challenging,semantic,,41
Qwen-3-235B,639,challenging,semantic,,42
Qwen-3-235B,639,challenging,semantic,,43
Qwen-3-235B,639,challenging,semantic,,44
Qwen-3-235B,639,challenging,semantic,,45
Qwen-3-235B,639,challenging,semantic,,46
Qwen-3-235B,639,challenging,semantic,,47
Qwen-3-235B,639,challenging,semantic,,48
Qwen-3-235B,639,challenging,semantic,,49
Qwen-3-235B,639,challenging,semantic,,50
Qwen-3-235B,829,challenging,correct,14.397976807303232,1
Qwen-3-235B,829,challenging,correct,1.4575214341387372,2
Qwen-3-235B,829,challenging,correct,0.8753134260314566,3
Qwen-3-235B,829,challenging,correct,0.8373261205564142,4
Qwen-3-235B,829,challenging,correct,1.3335044270499166,5
Qwen-3-235B,829,challenging,correct,1.291206261510129,6
Qwen-3-235B,829,challenging,correct,1.6116597037599696,7
Qwen-3-235B,829,challenging,correct,1.3491022099447514,8
Qwen-3-235B,829,challenging,correct,1.596138535031847,9
Qwen-3-235B,829,challenging,correct,1.4542168674698794,10
Qwen-3-235B,829,challenging,correct,1.3473992061834135,11
Qwen-3-235B,829,challenging,correct,1.502560950624872,12
Qwen-3-235B,829,challenging,correct,1.2732388495206335,13
Qwen-3-235B,829,challenging,correct,1.3837852066333245,14
Qwen-3-235B,829,challenging,correct,1.5952523439058448,15
Qwen-3-235B,829,challenging,correct,1.359402772840384,16
Qwen-3-235B,829,challenging,correct,1.209928129700819,17
Qwen-3-235B,829,challenging,correct,1.3493651404386302,18
Qwen-3-235B,829,challenging,correct,1.4019914096056227,19
Qwen-3-235B,829,challenging,correct,1.5391687416203792,20
Qwen-3-235B,829,challenging,correct,1.761839530332681,21
Qwen-3-235B,829,challenging,correct,1.494417096890383,22
Qwen-3-235B,829,challenging,correct,1.5806122448979592,23
Qwen-3-235B,829,challenging,correct,1.529849358378278,24
Qwen-3-235B,829,challenging,correct,1.5606962213626896,25
Qwen-3-235B,829,challenging,correct,1.5274083031035872,26
Qwen-3-235B,829,challenging,correct,1.4815261044176706,27
Qwen-3-235B,829,challenging,correct,1.3123468887800098,28
Qwen-3-235B,829,challenging,correct,1.3200162238896775,29
Qwen-3-235B,829,challenging,correct,1.5434298440979954,30
Qwen-3-235B,829,challenging,correct,1.426750380517504,31
Qwen-3-235B,829,challenging,correct,1.5372371782275496,32
Qwen-3-235B,829,challenging,correct,1.6871727748691099,33
Qwen-3-235B,829,challenging,correct,1.5100037750094375,34
Qwen-3-235B,829,challenging,correct,1.649859943977591,35
Qwen-3-235B,829,challenging,correct,1.3302002451982018,36
Qwen-3-235B,829,challenging,correct,1.8446544595392793,37
Qwen-3-235B,829,challenging,correct,0.8775478206334274,38
Qwen-3-235B,829,challenging,correct,1.539563862928349,39
Qwen-3-235B,829,challenging,correct,1.133924511141428,40
Qwen-3-235B,829,challenging,correct,1.7156481121058778,41
Qwen-3-235B,829,challenging,correct,1.6833916763905095,42
Qwen-3-235B,829,challenging,correct,1.4792,43
Qwen-3-235B,829,challenging,correct,1.4374751885668917,44
Qwen-3-235B,829,challenging,correct,1.4264647269828616,45
Qwen-3-235B,829,challenging,correct,1.5008600917431192,46
Qwen-3-235B,829,challenging,correct,1.4018301173662224,47
Qwen-3-235B,829,challenging,correct,1.2478857142857143,48
Qwen-3-235B,829,challenging,correct,1.5913853317811408,49
Qwen-3-235B,829,challenging,correct,1.9112789051439358,50
Qwen-3-235B,334,challenging,correct,12.661670235546039,1
Qwen-3-235B,334,challenging,correct,1.6584287200832466,2
Qwen-3-235B,334,challenging,correct,1.5328227571115973,3
Qwen-3-235B,334,challenging,correct,1.4706546275395034,4
Qwen-3-235B,334,challenging,correct,1.5453471196454949,5
Qwen-3-235B,334,challenging,correct,1.5027818448023427,6
Qwen-3-235B,334,challenging,correct,1.110107676276485,7
Qwen-3-235B,334,challenging,correct,1.6669009135628954,8
Qwen-3-235B,334,challenging,correct,1.7235523385300668,9
Qwen-3-235B,334,challenging,correct,1.454238169526781,10
Qwen-3-235B,334,challenging,correct,1.6683154712833197,11
Qwen-3-235B,334,challenging,correct,1.8835208471211118,12
Qwen-3-235B,334,challenging,correct,1.5372704357220022,13
Qwen-3-235B,334,challenging,correct,1.4086865515436944,14
Qwen-3-235B,334,challenging,correct,1.769736842105263,15
Qwen-3-235B,334,challenging,correct,1.4421413659409483,16
Qwen-3-235B,334,challenging,correct,1.8007984031936128,17
Qwen-3-235B,334,challenging,correct,1.639701822197681,18
Qwen-3-235B,334,challenging,correct,1.7246438443546672,19
Qwen-3-235B,334,challenging,correct,1.7388483373884833,20
Qwen-3-235B,334,challenging,correct,1.164271501216007,21
Qwen-3-235B,334,challenging,correct,1.7013431656570976,22
Qwen-3-235B,334,challenging,correct,1.587427944002196,23
Qwen-3-235B,334,challenging,correct,1.4549260396315937,24
Qwen-3-235B,334,challenging,correct,1.625033866160932,25
Qwen-3-235B,334,challenging,correct,1.5473763684409212,26
Qwen-3-235B,334,challenging,correct,1.6208125445473984,27
Qwen-3-235B,334,challenging,correct,1.6617161716171618,28
Qwen-3-235B,334,challenging,correct,1.4439925436366718,29
Qwen-3-235B,334,challenging,correct,1.607723035952064,30
Qwen-3-235B,334,challenging,correct,1.6669484361792055,31
Qwen-3-235B,334,challenging,correct,1.5169468173050427,32
Qwen-3-235B,334,challenging,correct,1.5923120089786758,33
Qwen-3-235B,334,challenging,correct,1.5940265486725664,34
Qwen-3-235B,334,challenging,correct,1.367178924259056,35
Qwen-3-235B,334,challenging,correct,1.514021774991752,36
Qwen-3-235B,334,challenging,correct,1.286407031368389,37
Qwen-3-235B,334,challenging,correct,1.6186951754385965,38
Qwen-3-235B,334,challenging,correct,1.6754291845493563,39
Qwen-3-235B,334,challenging,correct,1.2862692365157626,40
Qwen-3-235B,334,challenging,correct,1.3366141732283465,41
Qwen-3-235B,334,challenging,correct,1.4138315672058004,42
Qwen-3-235B,334,challenging,correct,1.5795947901591896,43
Qwen-3-235B,334,challenging,correct,1.7367554213560252,44
Qwen-3-235B,334,challenging,correct,1.674096221799402,45
Qwen-3-235B,334,challenging,correct,1.2860232945091514,46
Qwen-3-235B,334,challenging,correct,1.3164360130617323,47
Qwen-3-235B,334,challenging,correct,1.6761110032990492,48
Qwen-3-235B,334,challenging,correct,1.543398082124416,49
Qwen-3-235B,334,challenging,correct,1.2642300778909528,50
Qwen-3-235B,285,challenging,semantic,,1
Qwen-3-235B,285,challenging,semantic,,2
Qwen-3-235B,285,challenging,semantic,,3
Qwen-3-235B,285,challenging,semantic,,4
Qwen-3-235B,285,challenging,semantic,,5
Qwen-3-235B,285,challenging,semantic,,6
Qwen-3-235B,285,challenging,semantic,,7
Qwen-3-235B,285,challenging,semantic,,8
Qwen-3-235B,285,challenging,semantic,,9
Qwen-3-235B,285,challenging,semantic,,10
Qwen-3-235B,285,challenging,semantic,,11
Qwen-3-235B,285,challenging,semantic,,12
Qwen-3-235B,285,challenging,semantic,,13
Qwen-3-235B,285,challenging,semantic,,14
Qwen-3-235B,285,challenging,semantic,,15
Qwen-3-235B,285,challenging,semantic,,16
Qwen-3-235B,285,challenging,semantic,,17
Qwen-3-235B,285,challenging,semantic,,18
Qwen-3-235B,285,challenging,semantic,,19
Qwen-3-235B,285,challenging,semantic,,20
Qwen-3-235B,285,challenging,semantic,,21
Qwen-3-235B,285,challenging,semantic,,22
Qwen-3-235B,285,challenging,semantic,,23
Qwen-3-235B,285,challenging,semantic,,24
Qwen-3-235B,285,challenging,correct,2.771082818605824,25
Qwen-3-235B,285,challenging,semantic,,26
Qwen-3-235B,285,challenging,semantic,,27
Qwen-3-235B,285,challenging,semantic,,28
Qwen-3-235B,285,challenging,correct,1.0333263830970254,29
Qwen-3-235B,285,challenging,semantic,,30
Qwen-3-235B,285,challenging,semantic,,31
Qwen-3-235B,285,challenging,semantic,,32
Qwen-3-235B,285,challenging,semantic,,33
Qwen-3-235B,285,challenging,semantic,,34
Qwen-3-235B,285,challenging,correct,1.4227173264372388,35
Qwen-3-235B,285,challenging,semantic,,36
Qwen-3-235B,285,challenging,semantic,,37
Qwen-3-235B,285,challenging,semantic,,38
Qwen-3-235B,285,challenging,semantic,,39
Qwen-3-235B,285,challenging,semantic,,40
Qwen-3-235B,285,challenging,semantic,,41
Qwen-3-235B,285,challenging,semantic,,42
Qwen-3-235B,285,challenging,semantic,,43
Qwen-3-235B,285,challenging,semantic,,44
Qwen-3-235B,285,challenging,semantic,,45
Qwen-3-235B,285,challenging,correct,1.082848281429239,46
Qwen-3-235B,285,challenging,semantic,,47
Qwen-3-235B,285,challenging,semantic,,48
Qwen-3-235B,285,challenging,semantic,,49
Qwen-3-235B,285,challenging,correct,0.9019596640575901,50
Qwen-3-235B,337,challenging,correct,5.586837564702982,1
Qwen-3-235B,337,challenging,correct,1.1373589223487803,2
Qwen-3-235B,337,challenging,correct,1.0934897606452627,3
Qwen-3-235B,337,challenging,correct,1.5668415051311289,4
Qwen-3-235B,337,challenging,correct,1.5042815803460698,5
Qwen-3-235B,337,challenging,correct,1.0313508281350827,6
Qwen-3-235B,337,challenging,correct,1.2428459545755768,7
Qwen-3-235B,337,challenging,correct,1.1657307877426601,8
Qwen-3-235B,337,challenging,correct,0.891178813221824,9
Qwen-3-235B,337,challenging,correct,1.1578811502917032,10
Qwen-3-235B,337,challenging,correct,1.1725961538461538,11
Qwen-3-235B,337,challenging,correct,1.1125584326907927,12
Qwen-3-235B,337,challenging,correct,1.168857218263394,13
Qwen-3-235B,337,challenging,correct,1.1826590824517569,14
Qwen-3-235B,337,challenging,correct,1.1048881524440761,15
Qwen-3-235B,337,challenging,correct,1.3811779370520412,16
Qwen-3-235B,337,challenging,correct,0.8744077090986531,17
Qwen-3-235B,337,challenging,correct,1.036828446800287,18
Qwen-3-235B,337,challenging,correct,1.39703893996755,19
Qwen-3-235B,337,challenging,correct,1.2740252608456892,20
Qwen-3-235B,337,challenging,correct,1.106453829483588,21
Qwen-3-235B,337,challenging,correct,1.0802169803567025,22
Qwen-3-235B,337,challenging,correct,1.099560218301277,23
Qwen-3-235B,337,challenging,correct,1.209196470041802,24
Qwen-3-235B,337,challenging,correct,1.1139417392239062,25
Qwen-3-235B,337,challenging,correct,1.4641744548286604,26
Qwen-3-235B,337,challenging,correct,1.1682739191678404,27
Qwen-3-235B,337,challenging,correct,1.133855271027021,28
Qwen-3-235B,337,challenging,correct,1.136129195907669,29
Qwen-3-235B,337,challenging,correct,1.185471944323619,30
Qwen-3-235B,337,challenging,correct,1.1381162580439292,31
Qwen-3-235B,337,challenging,correct,1.1780030582771706,32
Qwen-3-235B,337,challenging,correct,1.0813683042902638,33
Qwen-3-235B,337,challenging,correct,0.8682882055988986,34
Qwen-3-235B,337,challenging,correct,2.22289007822149,35
Qwen-3-235B,337,challenging,correct,1.608607569917976,36
Qwen-3-235B,337,challenging,correct,1.2018779342723005,37
Qwen-3-235B,337,challenging,correct,0.84886814234804,38
Qwen-3-235B,337,challenging,correct,1.0358937271619975,39
Qwen-3-235B,337,challenging,correct,1.1629199163990416,40
Qwen-3-235B,337,challenging,correct,1.123742079761461,41
Qwen-3-235B,337,challenging,correct,1.1261294389577643,42
Qwen-3-235B,337,challenging,correct,1.1804149656059504,43
Qwen-3-235B,337,challenging,correct,1.1414844439827558,44
Qwen-3-235B,337,challenging,correct,1.1855503475028286,45
Qwen-3-235B,337,challenging,correct,1.171699037049127,46
Qwen-3-235B,337,challenging,correct,1.6629859556279258,47
Qwen-3-235B,337,challenging,correct,1.1695495993368334,48
Qwen-3-235B,337,challenging,correct,1.0954837351300137,49
Qwen-3-235B,337,challenging,correct,1.0728235352879476,50
Qwen-3-235B,523,challenging,semantic,,1
Qwen-3-235B,523,challenging,hallucination,,2
Qwen-3-235B,523,challenging,semantic,,3
Qwen-3-235B,523,challenging,semantic,,4
Qwen-3-235B,523,challenging,semantic,,5
Qwen-3-235B,523,challenging,semantic,,6
Qwen-3-235B,523,challenging,semantic,,7
Qwen-3-235B,523,challenging,semantic,,8
Qwen-3-235B,523,challenging,semantic,,9
Qwen-3-235B,523,challenging,hallucination,,10
Qwen-3-235B,523,challenging,semantic,,11
Qwen-3-235B,523,challenging,semantic,,12
Qwen-3-235B,523,challenging,hallucination,,13
Qwen-3-235B,523,challenging,hallucination,,14
Qwen-3-235B,523,challenging,semantic,,15
Qwen-3-235B,523,challenging,semantic,,16
Qwen-3-235B,523,challenging,semantic,,17
Qwen-3-235B,523,challenging,semantic,,18
Qwen-3-235B,523,challenging,hallucination,,19
Qwen-3-235B,523,challenging,semantic,,20
Qwen-3-235B,523,challenging,semantic,,21
Qwen-3-235B,523,challenging,semantic,,22
Qwen-3-235B,523,challenging,semantic,,23
Qwen-3-235B,523,challenging,semantic,,24
Qwen-3-235B,523,challenging,semantic,,25
Qwen-3-235B,523,challenging,semantic,,26
Qwen-3-235B,523,challenging,semantic,,27
Qwen-3-235B,523,challenging,semantic,,28
Qwen-3-235B,523,challenging,semantic,,29
Qwen-3-235B,523,challenging,semantic,,30
Qwen-3-235B,523,challenging,semantic,,31
Qwen-3-235B,523,challenging,semantic,,32
Qwen-3-235B,523,challenging,semantic,,33
Qwen-3-235B,523,challenging,semantic,,34
Qwen-3-235B,523,challenging,semantic,,35
Qwen-3-235B,523,challenging,semantic,,36
Qwen-3-235B,523,challenging,semantic,,37
Qwen-3-235B,523,challenging,semantic,,38
Qwen-3-235B,523,challenging,hallucination,,39
Qwen-3-235B,523,challenging,semantic,,40
Qwen-3-235B,523,challenging,hallucination,,41
Qwen-3-235B,523,challenging,semantic,,42
Qwen-3-235B,523,challenging,hallucination,,43
Qwen-3-235B,523,challenging,semantic,,44
Qwen-3-235B,523,challenging,semantic,,45
Qwen-3-235B,523,challenging,semantic,,46
Qwen-3-235B,523,challenging,semantic,,47
Qwen-3-235B,523,challenging,semantic,,48
Qwen-3-235B,523,challenging,semantic,,49
Qwen-3-235B,523,challenging,semantic,,50
Qwen-3-235B,513,challenging,correct,1.220300304273052,1
Qwen-3-235B,513,challenging,correct,2.9089547405068417,2
Qwen-3-235B,513,challenging,correct,2.532995101469559,3
Qwen-3-235B,513,challenging,correct,2.6611029700847064,4
Qwen-3-235B,513,challenging,correct,2.70963477735393,5
Qwen-3-235B,513,challenging,correct,2.085906236307872,6
Qwen-3-235B,513,challenging,correct,1.4407218580561625,7
Qwen-3-235B,513,challenging,correct,1.983578083057003,8
Qwen-3-235B,513,challenging,correct,2.617763838377098,9
Qwen-3-235B,513,challenging,correct,1.1934845884021195,10
Qwen-3-235B,513,challenging,correct,2.356921359464153,11
Qwen-3-235B,513,challenging,correct,3.2810503903477644,12
Qwen-3-235B,513,challenging,correct,2.6612873364601333,13
Qwen-3-235B,513,challenging,correct,2.8498098128866176,14
Qwen-3-235B,513,challenging,correct,1.9248351366924898,15
Qwen-3-235B,513,challenging,correct,2.2821420004797313,16
Qwen-3-235B,513,challenging,correct,2.066226342445873,17
Qwen-3-235B,513,challenging,correct,2.857398910238027,18
Qwen-3-235B,513,challenging,correct,2.239782270606532,19
Qwen-3-235B,513,challenging,correct,1.4547309552599759,20
Qwen-3-235B,513,challenging,correct,2.0023786722683883,21
Qwen-3-235B,513,challenging,correct,2.4498301245753114,22
Qwen-3-235B,513,challenging,correct,2.239658362989324,23
Qwen-3-235B,513,challenging,correct,1.942366663016099,24
Qwen-3-235B,513,challenging,correct,2.465721903648782,25
Qwen-3-235B,513,challenging,correct,2.5914175749073776,26
Qwen-3-235B,513,challenging,correct,2.1635442858660623,27
Qwen-3-235B,513,challenging,correct,0.6866412342594781,28
Qwen-3-235B,513,challenging,correct,1.0267956829177523,29
Qwen-3-235B,513,challenging,correct,0.6522972433080304,30
Qwen-3-235B,513,challenging,correct,2.439128504593109,31
Qwen-3-235B,513,challenging,correct,2.3200547615867504,32
Qwen-3-235B,513,challenging,correct,2.104937427340491,33
Qwen-3-235B,513,challenging,correct,1.7103641893472665,34
Qwen-3-235B,513,challenging,correct,1.5205696736525935,35
Qwen-3-235B,513,challenging,correct,2.1951821924073793,36
Qwen-3-235B,513,challenging,correct,0.4054697777470055,37
Qwen-3-235B,513,challenging,correct,1.8354899423597224,38
Qwen-3-235B,513,challenging,correct,0.45216923425464434,39
Qwen-3-235B,513,challenging,correct,2.4637988683127574,40
Qwen-3-235B,513,challenging,correct,3.04556345937851,41
Qwen-3-235B,513,challenging,correct,2.680180466416725,42
Qwen-3-235B,513,challenging,correct,2.8640547736782045,43
Qwen-3-235B,513,challenging,correct,2.7744626025632333,44
Qwen-3-235B,513,challenging,correct,2.2017421813562397,45
Qwen-3-235B,513,challenging,correct,2.406740736143008,46
Qwen-3-235B,513,challenging,correct,2.1131535465596603,47
Qwen-3-235B,513,challenging,correct,2.2319836877366734,48
Qwen-3-235B,513,challenging,correct,2.166551351949741,49
Qwen-3-235B,513,challenging,correct,2.3881851325464996,50
Qwen-3-235B,416,challenging,semantic,,1
Qwen-3-235B,416,challenging,semantic,,2
Qwen-3-235B,416,challenging,semantic,,3
Qwen-3-235B,416,challenging,semantic,,4
Qwen-3-235B,416,challenging,semantic,,5
Qwen-3-235B,416,challenging,semantic,,6
Qwen-3-235B,416,challenging,semantic,,7
Qwen-3-235B,416,challenging,semantic,,8
Qwen-3-235B,416,challenging,semantic,,9
Qwen-3-235B,416,challenging,semantic,,10
Qwen-3-235B,416,challenging,semantic,,11
Qwen-3-235B,416,challenging,semantic,,12
Qwen-3-235B,416,challenging,semantic,,13
Qwen-3-235B,416,challenging,semantic,,14
Qwen-3-235B,416,challenging,semantic,,15
Qwen-3-235B,416,challenging,semantic,,16
Qwen-3-235B,416,challenging,semantic,,17
Qwen-3-235B,416,challenging,semantic,,18
Qwen-3-235B,416,challenging,semantic,,19
Qwen-3-235B,416,challenging,semantic,,20
Qwen-3-235B,416,challenging,semantic,,21
Qwen-3-235B,416,challenging,semantic,,22
Qwen-3-235B,416,challenging,semantic,,23
Qwen-3-235B,416,challenging,semantic,,24
Qwen-3-235B,416,challenging,semantic,,25
Qwen-3-235B,416,challenging,semantic,,26
Qwen-3-235B,416,challenging,semantic,,27
Qwen-3-235B,416,challenging,semantic,,28
Qwen-3-235B,416,challenging,semantic,,29
Qwen-3-235B,416,challenging,semantic,,30
Qwen-3-235B,416,challenging,semantic,,31
Qwen-3-235B,416,challenging,semantic,,32
Qwen-3-235B,416,challenging,semantic,,33
Qwen-3-235B,416,challenging,semantic,,34
Qwen-3-235B,416,challenging,semantic,,35
Qwen-3-235B,416,challenging,semantic,,36
Qwen-3-235B,416,challenging,semantic,,37
Qwen-3-235B,416,challenging,semantic,,38
Qwen-3-235B,416,challenging,semantic,,39
Qwen-3-235B,416,challenging,semantic,,40
Qwen-3-235B,416,challenging,semantic,,41
Qwen-3-235B,416,challenging,semantic,,42
Qwen-3-235B,416,challenging,semantic,,43
Qwen-3-235B,416,challenging,semantic,,44
Qwen-3-235B,416,challenging,semantic,,45
Qwen-3-235B,416,challenging,semantic,,46
Qwen-3-235B,416,challenging,semantic,,47
Qwen-3-235B,416,challenging,semantic,,48
Qwen-3-235B,416,challenging,semantic,,49
Qwen-3-235B,416,challenging,semantic,,50
Qwen-3-235B,1448,challenging,correct,1.4276354973198333,1
Qwen-3-235B,1448,challenging,correct,1.6388613861386139,2
Qwen-3-235B,1448,challenging,correct,1.54705450989978,3
Qwen-3-235B,1448,challenging,correct,1.575278810408922,4
Qwen-3-235B,1448,challenging,correct,1.6074672048435923,5
Qwen-3-235B,1448,challenging,correct,1.5561023622047243,6
Qwen-3-235B,1448,challenging,correct,1.5193463109829368,7
Qwen-3-235B,1448,challenging,correct,1.6202185792349726,8
Qwen-3-235B,1448,challenging,correct,1.4093453394986615,9
Qwen-3-235B,1448,challenging,correct,1.1987545407368967,10
Qwen-3-235B,1448,challenging,correct,1.3501483679525224,11
Qwen-3-235B,1448,challenging,correct,1.4009456264775413,12
Qwen-3-235B,1448,challenging,correct,1.4572454308093994,13
Qwen-3-235B,1448,challenging,correct,1.43375468164794,14
Qwen-3-235B,1448,challenging,correct,1.5053627760252366,15
Qwen-3-235B,1448,challenging,correct,1.517515923566879,16
Qwen-3-235B,1448,challenging,correct,1.553315105946685,17
Qwen-3-235B,1448,challenging,correct,1.6394751853964633,18
Qwen-3-235B,1448,challenging,correct,1.6555012224938874,19
Qwen-3-235B,1448,challenging,correct,1.2897702326942777,20
Qwen-3-235B,1448,challenging,correct,1.3393920401128172,21
Qwen-3-235B,1448,challenging,correct,1.7286059031000558,22
Qwen-3-235B,1448,challenging,correct,1.2828482622209665,23
Qwen-3-235B,1448,challenging,correct,1.3058470764617691,24
Qwen-3-235B,1448,challenging,correct,1.4558633186642507,25
Qwen-3-235B,1448,challenging,correct,1.5050814956855225,26
Qwen-3-235B,1448,challenging,correct,1.4405550299590035,27
Qwen-3-235B,1448,challenging,correct,1.818693418155126,28
Qwen-3-235B,1448,challenging,correct,1.6622401847575057,29
Qwen-3-235B,1448,challenging,correct,1.3147720109266652,30
Qwen-3-235B,1448,challenging,correct,1.8941241685144123,31
Qwen-3-235B,1448,challenging,correct,1.6653944020356235,32
Qwen-3-235B,1448,challenging,correct,1.4395055234087322,33
Qwen-3-235B,1448,challenging,correct,1.3779717123081552,34
Qwen-3-235B,1448,challenging,correct,1.47312661498708,35
Qwen-3-235B,1448,challenging,correct,1.5102722136620441,36
Qwen-3-235B,1448,challenging,correct,1.5454545454545454,37
Qwen-3-235B,1448,challenging,correct,1.3503322739092747,38
Qwen-3-235B,1448,challenging,correct,1.7387775805224448,39
Qwen-3-235B,1448,challenging,correct,1.5383792457876437,40
Qwen-3-235B,1448,challenging,correct,1.5675196351659488,41
Qwen-3-235B,1448,challenging,correct,1.673778218804267,42
Qwen-3-235B,1448,challenging,correct,1.4725077081192188,43
Qwen-3-235B,1448,challenging,correct,2.0783699059561127,44
Qwen-3-235B,1448,challenging,correct,1.5927613941018768,45
Qwen-3-235B,1448,challenging,correct,1.5491854636591478,46
Qwen-3-235B,1448,challenging,correct,1.704649880536666,47
Qwen-3-235B,1448,challenging,correct,1.3926596279537455,48
Qwen-3-235B,1448,challenging,correct,1.8696774193548387,49
Qwen-3-235B,1448,challenging,correct,1.731852234564712,50
Qwen-3-235B,94,challenging,semantic,,1
Qwen-3-235B,94,challenging,semantic,,2
Qwen-3-235B,94,challenging,semantic,,3
Qwen-3-235B,94,challenging,semantic,,4
Qwen-3-235B,94,challenging,semantic,,5
Qwen-3-235B,94,challenging,hallucination,,6
Qwen-3-235B,94,challenging,hallucination,,7
Qwen-3-235B,94,challenging,semantic,,8
Qwen-3-235B,94,challenging,hallucination,,9
Qwen-3-235B,94,challenging,semantic,,10
Qwen-3-235B,94,challenging,semantic,,11
Qwen-3-235B,94,challenging,semantic,,12
Qwen-3-235B,94,challenging,hallucination,,13
Qwen-3-235B,94,challenging,semantic,,14
Qwen-3-235B,94,challenging,semantic,,15
Qwen-3-235B,94,challenging,semantic,,16
Qwen-3-235B,94,challenging,semantic,,17
Qwen-3-235B,94,challenging,semantic,,18
Qwen-3-235B,94,challenging,hallucination,,19
Qwen-3-235B,94,challenging,semantic,,20
Qwen-3-235B,94,challenging,semantic,,21
Qwen-3-235B,94,challenging,semantic,,22
Qwen-3-235B,94,challenging,hallucination,,23
Qwen-3-235B,94,challenging,hallucination,,24
Qwen-3-235B,94,challenging,semantic,,25
Qwen-3-235B,94,challenging,semantic,,26
Qwen-3-235B,94,challenging,semantic,,27
Qwen-3-235B,94,challenging,semantic,,28
Qwen-3-235B,94,challenging,semantic,,29
Qwen-3-235B,94,challenging,semantic,,30
Qwen-3-235B,94,challenging,semantic,,31
Qwen-3-235B,94,challenging,semantic,,32
Qwen-3-235B,94,challenging,semantic,,33
Qwen-3-235B,94,challenging,semantic,,34
Qwen-3-235B,94,challenging,hallucination,,35
Qwen-3-235B,94,challenging,semantic,,36
Qwen-3-235B,94,challenging,semantic,,37
Qwen-3-235B,94,challenging,hallucination,,38
Qwen-3-235B,94,challenging,hallucination,,39
Qwen-3-235B,94,challenging,semantic,,40
Qwen-3-235B,94,challenging,semantic,,41
Qwen-3-235B,94,challenging,semantic,,42
Qwen-3-235B,94,challenging,semantic,,43
Qwen-3-235B,94,challenging,semantic,,44
Qwen-3-235B,94,challenging,semantic,,45
Qwen-3-235B,94,challenging,semantic,,46
Qwen-3-235B,94,challenging,semantic,,47
Qwen-3-235B,94,challenging,semantic,,48
Qwen-3-235B,94,challenging,semantic,,49
Qwen-3-235B,94,challenging,semantic,,50
Qwen-3-235B,743,challenging,semantic,,1
Qwen-3-235B,743,challenging,semantic,,2
Qwen-3-235B,743,challenging,semantic,,3
Qwen-3-235B,743,challenging,semantic,,4
Qwen-3-235B,743,challenging,semantic,,5
Qwen-3-235B,743,challenging,semantic,,6
Qwen-3-235B,743,challenging,semantic,,7
Qwen-3-235B,743,challenging,semantic,,8
Qwen-3-235B,743,challenging,semantic,,9
Qwen-3-235B,743,challenging,semantic,,10
Qwen-3-235B,743,challenging,semantic,,11
Qwen-3-235B,743,challenging,semantic,,12
Qwen-3-235B,743,challenging,semantic,,13
Qwen-3-235B,743,challenging,semantic,,14
Qwen-3-235B,743,challenging,semantic,,15
Qwen-3-235B,743,challenging,semantic,,16
Qwen-3-235B,743,challenging,semantic,,17
Qwen-3-235B,743,challenging,semantic,,18
Qwen-3-235B,743,challenging,semantic,,19
Qwen-3-235B,743,challenging,semantic,,20
Qwen-3-235B,743,challenging,semantic,,21
Qwen-3-235B,743,challenging,semantic,,22
Qwen-3-235B,743,challenging,semantic,,23
Qwen-3-235B,743,challenging,semantic,,24
Qwen-3-235B,743,challenging,semantic,,25
Qwen-3-235B,743,challenging,semantic,,26
Qwen-3-235B,743,challenging,semantic,,27
Qwen-3-235B,743,challenging,semantic,,28
Qwen-3-235B,743,challenging,semantic,,29
Qwen-3-235B,743,challenging,semantic,,30
Qwen-3-235B,743,challenging,semantic,,31
Qwen-3-235B,743,challenging,semantic,,32
Qwen-3-235B,743,challenging,semantic,,33
Qwen-3-235B,743,challenging,semantic,,34
Qwen-3-235B,743,challenging,semantic,,35
Qwen-3-235B,743,challenging,semantic,,36
Qwen-3-235B,743,challenging,semantic,,37
Qwen-3-235B,743,challenging,semantic,,38
Qwen-3-235B,743,challenging,semantic,,39
Qwen-3-235B,743,challenging,semantic,,40
Qwen-3-235B,743,challenging,semantic,,41
Qwen-3-235B,743,challenging,semantic,,42
Qwen-3-235B,743,challenging,semantic,,43
Qwen-3-235B,743,challenging,semantic,,44
Qwen-3-235B,743,challenging,semantic,,45
Qwen-3-235B,743,challenging,semantic,,46
Qwen-3-235B,743,challenging,semantic,,47
Qwen-3-235B,743,challenging,semantic,,48
Qwen-3-235B,743,challenging,semantic,,49
Qwen-3-235B,743,challenging,semantic,,50
Qwen-3-235B,1194,challenging,correct,6.510903116598626,1
Qwen-3-235B,1194,challenging,correct,1.1520960229308492,2
Qwen-3-235B,1194,challenging,correct,1.3985645933014355,3
Qwen-3-235B,1194,challenging,correct,1.188683656768763,4
Qwen-3-235B,1194,challenging,correct,1.3536237785016287,5
Qwen-3-235B,1194,challenging,correct,1.3049260559634004,6
Qwen-3-235B,1194,challenging,correct,0.8679981276330161,7
Qwen-3-235B,1194,challenging,correct,1.4026363091671659,8
Qwen-3-235B,1194,challenging,correct,1.8134469696969697,9
Qwen-3-235B,1194,challenging,correct,1.4297924297924298,10
Qwen-3-235B,1194,challenging,correct,1.3351254480286738,11
Qwen-3-235B,1194,challenging,correct,0.8084199974940484,12
Qwen-3-235B,1194,challenging,correct,1.2538533395609528,13
Qwen-3-235B,1194,challenging,correct,1.536417510992162,14
Qwen-3-235B,1194,challenging,correct,1.4142292490118578,15
Qwen-3-235B,1194,challenging,correct,1.4545624882893011,16
Qwen-3-235B,1194,challenging,correct,1.7637231503579953,17
Qwen-3-235B,1194,challenging,correct,1.4612424409015943,18
Qwen-3-235B,1194,challenging,correct,1.3401386748844375,19
Qwen-3-235B,1194,challenging,correct,1.6936179387667099,20
Qwen-3-235B,1194,challenging,correct,1.6465280502157709,21
Qwen-3-235B,1194,challenging,correct,1.4179728317659352,22
Qwen-3-235B,1194,challenging,correct,1.305149884704074,23
Qwen-3-235B,1194,challenging,correct,1.4083963803589972,24
Qwen-3-235B,1194,challenging,correct,1.232973065705953,25
Qwen-3-235B,1194,challenging,correct,1.1837643432094538,26
Qwen-3-235B,1194,challenging,correct,1.474769291183978,27
Qwen-3-235B,1194,challenging,correct,1.37989417989418,28
Qwen-3-235B,1194,challenging,correct,1.5068186063889408,29
Qwen-3-235B,1194,challenging,correct,1.5106071689831748,30
Qwen-3-235B,1194,challenging,correct,1.5001060445387062,31
Qwen-3-235B,1194,challenging,correct,1.2921313506815366,32
Qwen-3-235B,1194,challenging,correct,1.4024878768711786,33
Qwen-3-235B,1194,challenging,correct,1.3829344432882413,34
Qwen-3-235B,1194,challenging,correct,1.3911624403715792,35
Qwen-3-235B,1194,challenging,correct,1.3883812010443863,36
Qwen-3-235B,1194,challenging,correct,1.5572033898305084,37
Qwen-3-235B,1194,challenging,correct,1.3739754098360655,38
Qwen-3-235B,1194,challenging,correct,1.3380900109769485,39
Qwen-3-235B,1194,challenging,correct,1.2271157167530224,40
Qwen-3-235B,1194,challenging,correct,1.3796221864951768,41
Qwen-3-235B,1194,challenging,correct,2.0498621899273366,42
Qwen-3-235B,1194,challenging,correct,1.223413762287757,43
Qwen-3-235B,1194,challenging,correct,1.6840615602335043,44
Qwen-3-235B,1194,challenging,correct,1.4482965931863727,45
Qwen-3-235B,1194,challenging,correct,1.9031496062992126,46
Qwen-3-235B,1194,challenging,correct,1.7468719923002887,47
Qwen-3-235B,1194,challenging,correct,1.0873559865830538,48
Qwen-3-235B,1194,challenging,correct,1.409453530115676,49
Qwen-3-235B,1194,challenging,correct,1.5941891378655526,50
Qwen-3-235B,1131,simple,semantic,,1
Qwen-3-235B,1131,simple,semantic,,2
Qwen-3-235B,1131,simple,hallucination,,3
Qwen-3-235B,1131,simple,semantic,,4
Qwen-3-235B,1131,simple,hallucination,,5
Qwen-3-235B,1131,simple,semantic,,6
Qwen-3-235B,1131,simple,semantic,,7
Qwen-3-235B,1131,simple,semantic,,8
Qwen-3-235B,1131,simple,semantic,,9
Qwen-3-235B,1131,simple,semantic,,10
Qwen-3-235B,1131,simple,hallucination,,11
Qwen-3-235B,1131,simple,hallucination,,12
Qwen-3-235B,1131,simple,semantic,,13
Qwen-3-235B,1131,simple,semantic,,14
Qwen-3-235B,1131,simple,semantic,,15
Qwen-3-235B,1131,simple,semantic,,16
Qwen-3-235B,1131,simple,semantic,,17
Qwen-3-235B,1131,simple,semantic,,18
Qwen-3-235B,1131,simple,semantic,,19
Qwen-3-235B,1131,simple,hallucination,,20
Qwen-3-235B,1131,simple,semantic,,21
Qwen-3-235B,1131,simple,semantic,,22
Qwen-3-235B,1131,simple,semantic,,23
Qwen-3-235B,1131,simple,semantic,,24
Qwen-3-235B,1131,simple,semantic,,25
Qwen-3-235B,1131,simple,hallucination,,26
Qwen-3-235B,1131,simple,semantic,,27
Qwen-3-235B,1131,simple,semantic,,28
Qwen-3-235B,1131,simple,semantic,,29
Qwen-3-235B,1131,simple,semantic,,30
Qwen-3-235B,1131,simple,semantic,,31
Qwen-3-235B,1131,simple,semantic,,32
Qwen-3-235B,1131,simple,semantic,,33
Qwen-3-235B,1131,simple,semantic,,34
Qwen-3-235B,1131,simple,semantic,,35
Qwen-3-235B,1131,simple,semantic,,36
Qwen-3-235B,1131,simple,semantic,,37
Qwen-3-235B,1131,simple,semantic,,38
Qwen-3-235B,1131,simple,semantic,,39
Qwen-3-235B,1131,simple,semantic,,40
Qwen-3-235B,1131,simple,semantic,,41
Qwen-3-235B,1131,simple,semantic,,42
Qwen-3-235B,1131,simple,hallucination,,43
Qwen-3-235B,1131,simple,semantic,,44
Qwen-3-235B,1131,simple,semantic,,45
Qwen-3-235B,1131,simple,semantic,,46
Qwen-3-235B,1131,simple,semantic,,47
Qwen-3-235B,1131,simple,semantic,,48
Qwen-3-235B,1131,simple,semantic,,49
Qwen-3-235B,1131,simple,hallucination,,50
Qwen-3-235B,407,moderate,semantic,,1
Qwen-3-235B,407,moderate,semantic,,2
Qwen-3-235B,407,moderate,semantic,,3
Qwen-3-235B,407,moderate,semantic,,4
Qwen-3-235B,407,moderate,semantic,,5
Qwen-3-235B,407,moderate,semantic,,6
Qwen-3-235B,407,moderate,semantic,,7
Qwen-3-235B,407,moderate,semantic,,8
Qwen-3-235B,407,moderate,semantic,,9
Qwen-3-235B,407,moderate,semantic,,10
Qwen-3-235B,407,moderate,semantic,,11
Qwen-3-235B,407,moderate,semantic,,12
Qwen-3-235B,407,moderate,semantic,,13
Qwen-3-235B,407,moderate,semantic,,14
Qwen-3-235B,407,moderate,semantic,,15
Qwen-3-235B,407,moderate,semantic,,16
Qwen-3-235B,407,moderate,semantic,,17
Qwen-3-235B,407,moderate,semantic,,18
Qwen-3-235B,407,moderate,semantic,,19
Qwen-3-235B,407,moderate,semantic,,20
Qwen-3-235B,407,moderate,semantic,,21
Qwen-3-235B,407,moderate,semantic,,22
Qwen-3-235B,407,moderate,semantic,,23
Qwen-3-235B,407,moderate,semantic,,24
Qwen-3-235B,407,moderate,semantic,,25
Qwen-3-235B,407,moderate,semantic,,26
Qwen-3-235B,407,moderate,semantic,,27
Qwen-3-235B,407,moderate,semantic,,28
Qwen-3-235B,407,moderate,semantic,,29
Qwen-3-235B,407,moderate,semantic,,30
Qwen-3-235B,407,moderate,semantic,,31
Qwen-3-235B,407,moderate,semantic,,32
Qwen-3-235B,407,moderate,semantic,,33
Qwen-3-235B,407,moderate,semantic,,34
Qwen-3-235B,407,moderate,semantic,,35
Qwen-3-235B,407,moderate,semantic,,36
Qwen-3-235B,407,moderate,semantic,,37
Qwen-3-235B,407,moderate,semantic,,38
Qwen-3-235B,407,moderate,semantic,,39
Qwen-3-235B,407,moderate,semantic,,40
Qwen-3-235B,407,moderate,semantic,,41
Qwen-3-235B,407,moderate,semantic,,42
Qwen-3-235B,407,moderate,semantic,,43
Qwen-3-235B,407,moderate,semantic,,44
Qwen-3-235B,407,moderate,semantic,,45
Qwen-3-235B,407,moderate,semantic,,46
Qwen-3-235B,407,moderate,semantic,,47
Qwen-3-235B,407,moderate,semantic,,48
Qwen-3-235B,407,moderate,semantic,,49
Qwen-3-235B,407,moderate,semantic,,50
Qwen-3-235B,701,challenging,correct,13.121257242318809,1
Qwen-3-235B,701,challenging,correct,0.9839226858235287,2
Qwen-3-235B,701,challenging,correct,1.2258894097573418,3
Qwen-3-235B,701,challenging,correct,1.4405209376402108,4
Qwen-3-235B,701,challenging,correct,1.4068219453687225,5
Qwen-3-235B,701,challenging,correct,1.6361856370198522,6
Qwen-3-235B,701,challenging,correct,1.5551769128734136,7
Qwen-3-235B,701,challenging,correct,0.9734121232948348,8
Qwen-3-235B,701,challenging,correct,0.8871019369344753,9
Qwen-3-235B,701,challenging,correct,1.5687632791564774,10
Qwen-3-235B,701,challenging,correct,0.9887617127268414,11
Qwen-3-235B,701,challenging,correct,1.0477931782811976,12
Qwen-3-235B,701,challenging,correct,1.0743463403004052,13
Qwen-3-235B,701,challenging,correct,0.9243660349108055,14
Qwen-3-235B,701,challenging,correct,1.147629639079478,15
Qwen-3-235B,701,challenging,correct,0.6352942411895661,16
Qwen-3-235B,701,challenging,correct,1.4961895655360373,17
Qwen-3-235B,701,challenging,correct,1.5464163999538236,18
Qwen-3-235B,701,challenging,correct,0.6191299116219244,19
Qwen-3-235B,701,challenging,correct,0.6483335329960569,20
Qwen-3-235B,701,challenging,correct,1.0111297105437849,21
Qwen-3-235B,701,challenging,correct,0.62129287544582,22
Qwen-3-235B,701,challenging,correct,0.5917208814609627,23
Qwen-3-235B,701,challenging,correct,1.2199105794507523,24
Qwen-3-235B,701,challenging,correct,0.6216764811328248,25
Qwen-3-235B,701,challenging,correct,0.757715036112935,26
Qwen-3-235B,701,challenging,correct,0.6273020727149168,27
Qwen-3-235B,701,challenging,correct,0.7327960368357723,28
Qwen-3-235B,701,challenging,correct,0.9512664650745,29
Qwen-3-235B,701,challenging,correct,1.5917451466523782,30
Qwen-3-235B,701,challenging,correct,0.8172729337794218,31
Qwen-3-235B,701,challenging,correct,1.3335897335040725,32
Qwen-3-235B,701,challenging,correct,1.109316005574641,33
Qwen-3-235B,701,challenging,correct,0.940827719417952,34
Qwen-3-235B,701,challenging,correct,0.5856548359879066,35
Qwen-3-235B,701,challenging,correct,0.98320856512999,36
Qwen-3-235B,701,challenging,correct,0.6389357455709997,37
Qwen-3-235B,701,challenging,correct,0.9858400653535445,38
Qwen-3-235B,701,challenging,correct,1.0626255519127437,39
Qwen-3-235B,701,challenging,correct,0.7541969623041256,40
Qwen-3-235B,701,challenging,correct,0.9320622331766675,41
Qwen-3-235B,701,challenging,correct,0.5537265637829589,42
Qwen-3-235B,701,challenging,correct,1.6978836961061865,43
Qwen-3-235B,701,challenging,correct,1.3746612876006585,44
Qwen-3-235B,701,challenging,correct,0.7180089761269118,45
Qwen-3-235B,701,challenging,correct,0.5585508166170191,46
Qwen-3-235B,701,challenging,correct,0.7086844623313178,47
Qwen-3-235B,701,challenging,correct,0.6005870247580206,48
Qwen-3-235B,701,challenging,correct,0.9686819241907788,49
Qwen-3-235B,701,challenging,correct,1.6368846068270757,50
