model_name,question_id,difficulty,result,efficiency_score,repetition_number
Qwen-3-Coder-30B,82,simple,semantic,,1
Qwen-3-Coder-30B,82,simple,semantic,,2
Qwen-3-Coder-30B,82,simple,semantic,,3
Qwen-3-Coder-30B,82,simple,semantic,,4
Qwen-3-Coder-30B,82,simple,semantic,,5
Qwen-3-Coder-30B,82,simple,semantic,,6
Qwen-3-Coder-30B,82,simple,semantic,,7
Qwen-3-Coder-30B,82,simple,semantic,,8
Qwen-3-Coder-30B,82,simple,semantic,,9
Qwen-3-Coder-30B,82,simple,semantic,,10
Qwen-3-Coder-30B,82,simple,semantic,,11
Qwen-3-Coder-30B,82,simple,semantic,,12
Qwen-3-Coder-30B,82,simple,semantic,,13
Qwen-3-Coder-30B,82,simple,semantic,,14
Qwen-3-Coder-30B,82,simple,semantic,,15
Qwen-3-Coder-30B,82,simple,semantic,,16
Qwen-3-Coder-30B,82,simple,semantic,,17
Qwen-3-Coder-30B,82,simple,semantic,,18
Qwen-3-Coder-30B,82,simple,semantic,,19
Qwen-3-Coder-30B,82,simple,semantic,,20
Qwen-3-Coder-30B,82,simple,semantic,,21
Qwen-3-Coder-30B,82,simple,semantic,,22
Qwen-3-Coder-30B,82,simple,semantic,,23
Qwen-3-Coder-30B,82,simple,semantic,,24
Qwen-3-Coder-30B,82,simple,semantic,,25
Qwen-3-Coder-30B,82,simple,semantic,,26
Qwen-3-Coder-30B,82,simple,semantic,,27
Qwen-3-Coder-30B,82,simple,semantic,,28
Qwen-3-Coder-30B,82,simple,semantic,,29
Qwen-3-Coder-30B,82,simple,semantic,,30
Qwen-3-Coder-30B,82,simple,semantic,,31
Qwen-3-Coder-30B,82,simple,semantic,,32
Qwen-3-Coder-30B,82,simple,semantic,,33
Qwen-3-Coder-30B,82,simple,semantic,,34
Qwen-3-Coder-30B,82,simple,semantic,,35
Qwen-3-Coder-30B,82,simple,semantic,,36
Qwen-3-Coder-30B,82,simple,semantic,,37
Qwen-3-Coder-30B,82,simple,semantic,,38
Qwen-3-Coder-30B,82,simple,semantic,,39
Qwen-3-Coder-30B,82,simple,semantic,,40
Qwen-3-Coder-30B,82,simple,semantic,,41
Qwen-3-Coder-30B,82,simple,semantic,,42
Qwen-3-Coder-30B,82,simple,semantic,,43
Qwen-3-Coder-30B,82,simple,semantic,,44
Qwen-3-Coder-30B,82,simple,semantic,,45
Qwen-3-Coder-30B,82,simple,semantic,,46
Qwen-3-Coder-30B,82,simple,semantic,,47
Qwen-3-Coder-30B,82,simple,semantic,,48
Qwen-3-Coder-30B,82,simple,semantic,,49
Qwen-3-Coder-30B,82,simple,semantic,,50
Qwen-3-Coder-30B,831,simple,correct,6.406750324534833,1
Qwen-3-Coder-30B,831,simple,correct,1.3799917661589132,2
Qwen-3-Coder-30B,831,simple,correct,1.3553829078801332,3
Qwen-3-Coder-30B,831,simple,correct,1.577116935483871,4
Qwen-3-Coder-30B,831,simple,correct,1.4979388153612496,5
Qwen-3-Coder-30B,831,simple,correct,1.3464547677261614,6
Qwen-3-Coder-30B,831,simple,correct,1.4820445031945362,7
Qwen-3-Coder-30B,831,simple,correct,1.6012734990903579,8
Qwen-3-Coder-30B,831,simple,correct,1.401023890784983,9
Qwen-3-Coder-30B,831,simple,correct,1.3996544063194274,10
Qwen-3-Coder-30B,831,simple,correct,1.7474703035635724,11
Qwen-3-Coder-30B,831,simple,correct,1.6487196323046618,12
Qwen-3-Coder-30B,831,simple,correct,1.550735477437048,13
Qwen-3-Coder-30B,831,simple,correct,1.579225352112676,14
Qwen-3-Coder-30B,831,simple,correct,1.3703610832497493,15
Qwen-3-Coder-30B,831,simple,correct,1.3779800606848722,16
Qwen-3-Coder-30B,831,simple,correct,1.4595833333333332,17
Qwen-3-Coder-30B,831,simple,correct,1.6643717728055079,18
Qwen-3-Coder-30B,831,simple,correct,1.553776888444222,19
Qwen-3-Coder-30B,831,simple,correct,1.3657505285412261,20
Qwen-3-Coder-30B,831,simple,correct,1.594298245614035,21
Qwen-3-Coder-30B,831,simple,correct,1.5698505523066926,22
Qwen-3-Coder-30B,831,simple,correct,1.4549854791868344,23
Qwen-3-Coder-30B,831,simple,correct,1.3894111825828797,24
Qwen-3-Coder-30B,831,simple,correct,1.3580829401539607,25
Qwen-3-Coder-30B,831,simple,correct,1.4122102364011935,26
Qwen-3-Coder-30B,831,simple,correct,1.0590097869890616,27
Qwen-3-Coder-30B,831,simple,correct,1.8019653920102543,28
Qwen-3-Coder-30B,831,simple,correct,1.4515352197471403,29
Qwen-3-Coder-30B,831,simple,correct,1.4336909871244634,30
Qwen-3-Coder-30B,831,simple,correct,1.2661570535093816,31
Qwen-3-Coder-30B,831,simple,correct,1.5277940315974254,32
Qwen-3-Coder-30B,831,simple,correct,1.4264226623213838,33
Qwen-3-Coder-30B,831,simple,correct,1.4462871287128714,34
Qwen-3-Coder-30B,831,simple,correct,1.5753838409262522,35
Qwen-3-Coder-30B,831,simple,correct,1.3983160621761659,36
Qwen-3-Coder-30B,831,simple,correct,1.328895463510848,37
Qwen-3-Coder-30B,831,simple,correct,1.3298076923076922,38
Qwen-3-Coder-30B,831,simple,correct,1.604691789368605,39
Qwen-3-Coder-30B,831,simple,correct,1.5857605177993528,40
Qwen-3-Coder-30B,831,simple,correct,1.6088709677419355,41
Qwen-3-Coder-30B,831,simple,correct,1.5818000994530084,42
Qwen-3-Coder-30B,831,simple,correct,1.1870721689810289,43
Qwen-3-Coder-30B,831,simple,correct,1.4152719665271967,44
Qwen-3-Coder-30B,831,simple,correct,0.4377404522848832,45
Qwen-3-Coder-30B,831,simple,correct,1.3453153988868274,46
Qwen-3-Coder-30B,831,simple,correct,1.4760825780463243,47
Qwen-3-Coder-30B,831,simple,correct,1.3405511811023623,48
Qwen-3-Coder-30B,831,simple,correct,1.4081810269799826,49
Qwen-3-Coder-30B,831,simple,correct,1.1686260747499562,50
Qwen-3-Coder-30B,554,simple,correct,2.274377399644442,1
Qwen-3-Coder-30B,554,simple,correct,1.106149725095494,2
Qwen-3-Coder-30B,554,simple,correct,1.1397496499740576,3
Qwen-3-Coder-30B,554,simple,correct,0.9304124409716491,4
Qwen-3-Coder-30B,554,simple,correct,1.146068736999446,5
Qwen-3-Coder-30B,554,simple,correct,1.1170486921768035,6
Qwen-3-Coder-30B,554,simple,correct,1.1018301649722582,7
Qwen-3-Coder-30B,554,simple,correct,1.0255687841161911,8
Qwen-3-Coder-30B,554,simple,correct,1.089547404222416,9
Qwen-3-Coder-30B,554,simple,correct,1.1406905779998617,10
Qwen-3-Coder-30B,554,simple,correct,1.1288438914654084,11
Qwen-3-Coder-30B,554,simple,correct,1.0228131364077577,12
Qwen-3-Coder-30B,554,simple,correct,1.1552532199971948,13
Qwen-3-Coder-30B,554,simple,correct,1.1348265945563392,14
Qwen-3-Coder-30B,554,simple,correct,1.125791411304619,15
Qwen-3-Coder-30B,554,simple,correct,1.1030194078585318,16
Qwen-3-Coder-30B,554,simple,correct,0.9894792338804866,17
Qwen-3-Coder-30B,554,simple,correct,1.0465544385385668,18
Qwen-3-Coder-30B,554,simple,correct,1.0800213640057004,19
Qwen-3-Coder-30B,554,simple,correct,1.0459281561625737,20
Qwen-3-Coder-30B,554,simple,correct,1.108347731080576,21
Qwen-3-Coder-30B,554,simple,correct,1.1343948284003755,22
Qwen-3-Coder-30B,554,simple,correct,1.1057762461803546,23
Qwen-3-Coder-30B,554,simple,correct,1.1720404278345589,24
Qwen-3-Coder-30B,554,simple,correct,1.0820058501492182,25
Qwen-3-Coder-30B,554,simple,correct,1.10129838117642,26
Qwen-3-Coder-30B,554,simple,correct,1.1299747830306501,27
Qwen-3-Coder-30B,554,simple,correct,1.0874764915501465,28
Qwen-3-Coder-30B,554,simple,correct,1.062020502899374,29
Qwen-3-Coder-30B,554,simple,correct,1.0872192306013286,30
Qwen-3-Coder-30B,554,simple,correct,1.1432158314647756,31
Qwen-3-Coder-30B,554,simple,correct,1.1052748580529919,32
Qwen-3-Coder-30B,554,simple,correct,1.0316697778758062,33
Qwen-3-Coder-30B,554,simple,correct,1.1318292591141137,34
Qwen-3-Coder-30B,554,simple,correct,1.1200048546507027,35
Qwen-3-Coder-30B,554,simple,correct,0.5211747133506128,36
Qwen-3-Coder-30B,554,simple,correct,1.0981982587327337,37
Qwen-3-Coder-30B,554,simple,correct,1.1552430127349664,38
Qwen-3-Coder-30B,554,simple,correct,1.0104054182168813,39
Qwen-3-Coder-30B,554,simple,correct,1.0216547348683103,40
Qwen-3-Coder-30B,554,simple,correct,1.0491333327212802,41
Qwen-3-Coder-30B,554,simple,correct,1.0271672582076308,42
Qwen-3-Coder-30B,554,simple,correct,0.9850309100833884,43
Qwen-3-Coder-30B,554,simple,correct,1.1127781433300648,44
Qwen-3-Coder-30B,554,simple,correct,1.0805865730874638,45
Qwen-3-Coder-30B,554,simple,correct,1.1319863033081472,46
Qwen-3-Coder-30B,554,simple,correct,1.049506987096485,47
Qwen-3-Coder-30B,554,simple,correct,1.165162300604871,48
Qwen-3-Coder-30B,554,simple,correct,0.9677212923829082,49
Qwen-3-Coder-30B,554,simple,correct,1.0928285690900534,50
Qwen-3-Coder-30B,542,simple,correct,9.671577668322955,1
Qwen-3-Coder-30B,542,simple,correct,1.197889641137682,2
Qwen-3-Coder-30B,542,simple,correct,0.9178088616518101,3
Qwen-3-Coder-30B,542,simple,correct,1.0892274014564791,4
Qwen-3-Coder-30B,542,simple,correct,1.0369165325145178,5
Qwen-3-Coder-30B,542,simple,correct,0.5435520196049668,6
Qwen-3-Coder-30B,542,simple,correct,0.8755544483562007,7
Qwen-3-Coder-30B,542,simple,correct,1.008177689885007,8
Qwen-3-Coder-30B,542,simple,correct,1.091167249227927,9
Qwen-3-Coder-30B,542,simple,correct,1.0762200097927208,10
Qwen-3-Coder-30B,542,simple,correct,1.1539306840411188,11
Qwen-3-Coder-30B,542,simple,correct,1.21296181036962,12
Qwen-3-Coder-30B,542,simple,correct,1.0617255230385088,13
Qwen-3-Coder-30B,542,simple,correct,0.9905930992619572,14
Qwen-3-Coder-30B,542,simple,correct,0.7075163664941547,15
Qwen-3-Coder-30B,542,simple,correct,0.9929517696262771,16
Qwen-3-Coder-30B,542,simple,correct,0.9808098944102963,17
Qwen-3-Coder-30B,542,simple,correct,1.0843008717983376,18
Qwen-3-Coder-30B,542,simple,correct,1.1469685457524572,19
Qwen-3-Coder-30B,542,simple,correct,1.0872549297084426,20
Qwen-3-Coder-30B,542,simple,correct,1.1527266509568386,21
Qwen-3-Coder-30B,542,simple,correct,1.2588051878384192,22
Qwen-3-Coder-30B,542,simple,correct,1.0407060108109405,23
Qwen-3-Coder-30B,542,simple,correct,1.1481163916899018,24
Qwen-3-Coder-30B,542,simple,correct,1.0958576258922732,25
Qwen-3-Coder-30B,542,simple,correct,1.2307276434149932,26
Qwen-3-Coder-30B,542,simple,correct,1.0592436070140407,27
Qwen-3-Coder-30B,542,simple,correct,1.1928688632768718,28
Qwen-3-Coder-30B,542,simple,correct,1.1636939221175127,29
Qwen-3-Coder-30B,542,simple,correct,1.1726981038824518,30
Qwen-3-Coder-30B,542,simple,correct,1.190343481497877,31
Qwen-3-Coder-30B,542,simple,correct,1.1145007522430876,32
Qwen-3-Coder-30B,542,simple,correct,1.099196129666715,33
Qwen-3-Coder-30B,542,simple,correct,1.1398719528690373,34
Qwen-3-Coder-30B,542,simple,correct,1.120382741077763,35
Qwen-3-Coder-30B,542,simple,correct,1.156927658121579,36
Qwen-3-Coder-30B,542,simple,correct,1.0718204459249845,37
Qwen-3-Coder-30B,542,simple,correct,1.2042416162444878,38
Qwen-3-Coder-30B,542,simple,correct,1.1336148408976001,39
Qwen-3-Coder-30B,542,simple,correct,1.0841628069386804,40
Qwen-3-Coder-30B,542,simple,correct,1.2081122365154993,41
Qwen-3-Coder-30B,542,simple,correct,1.2020381763554102,42
Qwen-3-Coder-30B,542,simple,correct,1.0895888826373834,43
Qwen-3-Coder-30B,542,simple,correct,1.1445149502966485,44
Qwen-3-Coder-30B,542,simple,correct,1.147736366929814,45
Qwen-3-Coder-30B,542,simple,correct,1.1897297332949321,46
Qwen-3-Coder-30B,542,simple,correct,1.1476458728901295,47
Qwen-3-Coder-30B,542,simple,correct,1.1915037751947624,48
Qwen-3-Coder-30B,542,simple,correct,1.1961503745541895,49
Qwen-3-Coder-30B,542,simple,correct,1.196028744952671,50
Qwen-3-Coder-30B,695,simple,correct,1.5498272350747122,1
Qwen-3-Coder-30B,695,simple,correct,0.9445924527029306,2
Qwen-3-Coder-30B,695,simple,correct,1.012525798875525,3
Qwen-3-Coder-30B,695,simple,correct,1.4562117162925998,4
Qwen-3-Coder-30B,695,simple,correct,1.030133016274058,5
Qwen-3-Coder-30B,695,simple,correct,1.4269987582386092,6
Qwen-3-Coder-30B,695,simple,correct,1.4557333758280784,7
Qwen-3-Coder-30B,695,simple,correct,1.481664432056077,8
Qwen-3-Coder-30B,695,simple,correct,1.0873623296621244,9
Qwen-3-Coder-30B,695,simple,correct,1.4650297448147553,10
Qwen-3-Coder-30B,695,simple,correct,1.5296490422936644,11
Qwen-3-Coder-30B,695,simple,correct,1.4707609206200094,12
Qwen-3-Coder-30B,695,simple,correct,1.2186423292391046,13
Qwen-3-Coder-30B,695,simple,correct,1.455709536963341,14
Qwen-3-Coder-30B,695,simple,correct,1.4801979042684776,15
Qwen-3-Coder-30B,695,simple,correct,1.4434077452945377,16
Qwen-3-Coder-30B,695,simple,correct,1.4629138147786003,17
Qwen-3-Coder-30B,695,simple,correct,1.4489010989010989,18
Qwen-3-Coder-30B,695,simple,correct,1.4864839650145774,19
Qwen-3-Coder-30B,695,simple,correct,1.4489146231746983,20
Qwen-3-Coder-30B,695,simple,correct,1.4113371438858635,21
Qwen-3-Coder-30B,695,simple,correct,1.3805274638112235,22
Qwen-3-Coder-30B,695,simple,correct,1.2324300431811228,23
Qwen-3-Coder-30B,695,simple,correct,1.4563286108383597,24
Qwen-3-Coder-30B,695,simple,correct,1.675962784124367,25
Qwen-3-Coder-30B,695,simple,correct,1.4089925834363413,26
Qwen-3-Coder-30B,695,simple,correct,1.4790089151325692,27
Qwen-3-Coder-30B,695,simple,correct,1.4686310882800608,28
Qwen-3-Coder-30B,695,simple,correct,1.407173192700798,29
Qwen-3-Coder-30B,695,simple,correct,1.475684597145381,30
Qwen-3-Coder-30B,695,simple,correct,1.43142798513418,31
Qwen-3-Coder-30B,695,simple,correct,1.4169858227507894,32
Qwen-3-Coder-30B,695,simple,correct,1.4717936962750717,33
Qwen-3-Coder-30B,695,simple,correct,1.4691502023327778,34
Qwen-3-Coder-30B,695,simple,correct,1.4778302430035701,35
Qwen-3-Coder-30B,695,simple,correct,1.5843192820876137,36
Qwen-3-Coder-30B,695,simple,correct,1.2935972060535506,37
Qwen-3-Coder-30B,695,simple,correct,1.4263748986916753,38
Qwen-3-Coder-30B,695,simple,correct,0.9820534363972442,39
Qwen-3-Coder-30B,695,simple,correct,1.0208310847274689,40
Qwen-3-Coder-30B,695,simple,correct,1.0283781377959764,41
Qwen-3-Coder-30B,695,simple,correct,1.0132943551193707,42
Qwen-3-Coder-30B,695,simple,correct,1.062728759442411,43
Qwen-3-Coder-30B,695,simple,correct,1.0418393164900444,44
Qwen-3-Coder-30B,695,simple,correct,1.024156318219232,45
Qwen-3-Coder-30B,695,simple,correct,1.0250115437894414,46
Qwen-3-Coder-30B,695,simple,correct,1.064206453496861,47
Qwen-3-Coder-30B,695,simple,correct,1.0687059467597344,48
Qwen-3-Coder-30B,695,simple,correct,1.0358755735395064,49
Qwen-3-Coder-30B,695,simple,correct,1.0108292753833854,50
Qwen-3-Coder-30B,998,simple,semantic,,1
Qwen-3-Coder-30B,998,simple,semantic,,2
Qwen-3-Coder-30B,998,simple,semantic,,3
Qwen-3-Coder-30B,998,simple,semantic,,4
Qwen-3-Coder-30B,998,simple,semantic,,5
Qwen-3-Coder-30B,998,simple,semantic,,6
Qwen-3-Coder-30B,998,simple,semantic,,7
Qwen-3-Coder-30B,998,simple,semantic,,8
Qwen-3-Coder-30B,998,simple,semantic,,9
Qwen-3-Coder-30B,998,simple,semantic,,10
Qwen-3-Coder-30B,998,simple,semantic,,11
Qwen-3-Coder-30B,998,simple,semantic,,12
Qwen-3-Coder-30B,998,simple,semantic,,13
Qwen-3-Coder-30B,998,simple,semantic,,14
Qwen-3-Coder-30B,998,simple,semantic,,15
Qwen-3-Coder-30B,998,simple,semantic,,16
Qwen-3-Coder-30B,998,simple,semantic,,17
Qwen-3-Coder-30B,998,simple,semantic,,18
Qwen-3-Coder-30B,998,simple,semantic,,19
Qwen-3-Coder-30B,998,simple,semantic,,20
Qwen-3-Coder-30B,998,simple,semantic,,21
Qwen-3-Coder-30B,998,simple,semantic,,22
Qwen-3-Coder-30B,998,simple,semantic,,23
Qwen-3-Coder-30B,998,simple,semantic,,24
Qwen-3-Coder-30B,998,simple,semantic,,25
Qwen-3-Coder-30B,998,simple,semantic,,26
Qwen-3-Coder-30B,998,simple,semantic,,27
Qwen-3-Coder-30B,998,simple,semantic,,28
Qwen-3-Coder-30B,998,simple,semantic,,29
Qwen-3-Coder-30B,998,simple,semantic,,30
Qwen-3-Coder-30B,998,simple,semantic,,31
Qwen-3-Coder-30B,998,simple,semantic,,32
Qwen-3-Coder-30B,998,simple,semantic,,33
Qwen-3-Coder-30B,998,simple,semantic,,34
Qwen-3-Coder-30B,998,simple,semantic,,35
Qwen-3-Coder-30B,998,simple,semantic,,36
Qwen-3-Coder-30B,998,simple,semantic,,37
Qwen-3-Coder-30B,998,simple,semantic,,38
Qwen-3-Coder-30B,998,simple,semantic,,39
Qwen-3-Coder-30B,998,simple,semantic,,40
Qwen-3-Coder-30B,998,simple,semantic,,41
Qwen-3-Coder-30B,998,simple,semantic,,42
Qwen-3-Coder-30B,998,simple,semantic,,43
Qwen-3-Coder-30B,998,simple,semantic,,44
Qwen-3-Coder-30B,998,simple,semantic,,45
Qwen-3-Coder-30B,998,simple,semantic,,46
Qwen-3-Coder-30B,998,simple,semantic,,47
Qwen-3-Coder-30B,998,simple,semantic,,48
Qwen-3-Coder-30B,998,simple,semantic,,49
Qwen-3-Coder-30B,998,simple,semantic,,50
Qwen-3-Coder-30B,799,simple,semantic,,1
Qwen-3-Coder-30B,799,simple,correct,1.4802910855063676,2
Qwen-3-Coder-30B,799,simple,correct,1.562938816449348,3
Qwen-3-Coder-30B,799,simple,correct,1.3450015767896562,4
Qwen-3-Coder-30B,799,simple,correct,0.09584713768395099,5
Qwen-3-Coder-30B,799,simple,correct,1.2910521140609637,6
Qwen-3-Coder-30B,799,simple,correct,1.3213751868460388,7
Qwen-3-Coder-30B,799,simple,correct,1.3483386923901393,8
Qwen-3-Coder-30B,799,simple,correct,1.2460165710643722,9
Qwen-3-Coder-30B,799,simple,correct,1.8444816053511706,10
Qwen-3-Coder-30B,799,simple,correct,0.38881770529994175,11
Qwen-3-Coder-30B,799,simple,correct,1.3585250091274188,12
Qwen-3-Coder-30B,799,simple,correct,1.2342559165663858,13
Qwen-3-Coder-30B,799,simple,correct,0.9121601434120108,14
Qwen-3-Coder-30B,799,simple,correct,1.4205867475973697,15
Qwen-3-Coder-30B,799,simple,correct,1.4631857555341674,16
Qwen-3-Coder-30B,799,simple,correct,1.3637366678926075,17
Qwen-3-Coder-30B,799,simple,correct,1.3711416883599852,18
Qwen-3-Coder-30B,799,simple,correct,1.5779156327543424,19
Qwen-3-Coder-30B,799,simple,correct,1.1855631141345426,20
Qwen-3-Coder-30B,799,simple,correct,1.3031640912435614,21
Qwen-3-Coder-30B,799,simple,correct,1.263336566440349,22
Qwen-3-Coder-30B,799,simple,correct,1.4314745972738538,23
Qwen-3-Coder-30B,799,simple,correct,1.5700176366843033,24
Qwen-3-Coder-30B,799,simple,correct,1.33743961352657,25
Qwen-3-Coder-30B,799,simple,correct,1.4253132026983617,26
Qwen-3-Coder-30B,799,simple,correct,1.709621496677261,27
Qwen-3-Coder-30B,799,simple,correct,1.2935987903225807,28
Qwen-3-Coder-30B,799,simple,correct,1.4929678188319429,29
Qwen-3-Coder-30B,799,simple,correct,1.523439458510905,30
Qwen-3-Coder-30B,799,simple,correct,1.2784758816376165,31
Qwen-3-Coder-30B,799,simple,correct,1.274932614555256,32
Qwen-3-Coder-30B,799,simple,correct,1.23347022587269,33
Qwen-3-Coder-30B,799,simple,correct,1.4153155400349213,34
Qwen-3-Coder-30B,799,simple,correct,1.5730279898218829,35
Qwen-3-Coder-30B,799,simple,correct,1.5199459093982421,36
Qwen-3-Coder-30B,799,simple,correct,1.648628613787991,37
Qwen-3-Coder-30B,799,simple,correct,1.5199228791773778,38
Qwen-3-Coder-30B,799,simple,correct,1.6683785766691122,39
Qwen-3-Coder-30B,799,simple,correct,1.611295681063123,40
Qwen-3-Coder-30B,799,simple,correct,1.618279569892473,41
Qwen-3-Coder-30B,799,simple,correct,1.5891891891891892,42
Qwen-3-Coder-30B,799,simple,correct,1.267401392111369,43
Qwen-3-Coder-30B,799,simple,correct,1.6297653958944283,44
Qwen-3-Coder-30B,799,simple,correct,1.6150656530753282,45
Qwen-3-Coder-30B,799,simple,correct,1.2399571505088378,46
Qwen-3-Coder-30B,799,simple,correct,1.0845962451933953,47
Qwen-3-Coder-30B,799,simple,correct,1.5861234368697055,48
Qwen-3-Coder-30B,799,simple,correct,1.5393175074183976,49
Qwen-3-Coder-30B,799,simple,correct,1.459186189889026,50
Qwen-3-Coder-30B,1134,simple,correct,0.020177837218694757,1
Qwen-3-Coder-30B,1134,simple,correct,0.02611681419057762,2
Qwen-3-Coder-30B,1134,simple,correct,0.015547075623395013,3
Qwen-3-Coder-30B,1134,simple,correct,0.026316356011384236,4
Qwen-3-Coder-30B,1134,simple,correct,0.029219999313681754,5
Qwen-3-Coder-30B,1134,simple,correct,0.028254595169375663,6
Qwen-3-Coder-30B,1134,simple,correct,0.03890338391682543,7
Qwen-3-Coder-30B,1134,simple,correct,0.037094439240398534,8
Qwen-3-Coder-30B,1134,simple,correct,0.013317116295307758,9
Qwen-3-Coder-30B,1134,simple,correct,0.026460134465277566,10
Qwen-3-Coder-30B,1134,simple,correct,0.039229206579903544,11
Qwen-3-Coder-30B,1134,simple,correct,0.021212908642074018,12
Qwen-3-Coder-30B,1134,simple,correct,0.026882575004967216,13
Qwen-3-Coder-30B,1134,simple,correct,0.025878502399433866,14
Qwen-3-Coder-30B,1134,simple,correct,0.025961312386448648,15
Qwen-3-Coder-30B,1134,simple,correct,0.024807166704330808,16
Qwen-3-Coder-30B,1134,simple,correct,0.02527210746499867,17
Qwen-3-Coder-30B,1134,simple,correct,0.0251260309223987,18
Qwen-3-Coder-30B,1134,simple,correct,0.029201987104957194,19
Qwen-3-Coder-30B,1134,simple,correct,0.02801549061493959,20
Qwen-3-Coder-30B,1134,simple,correct,0.013952426947448866,21
Qwen-3-Coder-30B,1134,simple,correct,0.032604023652835795,22
Qwen-3-Coder-30B,1134,simple,correct,0.013077830409466215,23
Qwen-3-Coder-30B,1134,simple,correct,0.02850996750049658,24
Qwen-3-Coder-30B,1134,simple,correct,0.027566163009457283,25
Qwen-3-Coder-30B,1134,simple,correct,0.02705873757408275,26
Qwen-3-Coder-30B,1134,simple,correct,0.02611335227398253,27
Qwen-3-Coder-30B,1134,simple,correct,0.02694547876501379,28
Qwen-3-Coder-30B,1134,simple,correct,0.03060211157183177,29
Qwen-3-Coder-30B,1134,simple,correct,0.02446576187277973,30
Qwen-3-Coder-30B,1134,simple,correct,0.04174782995010594,31
Qwen-3-Coder-30B,1134,simple,correct,0.03668065678746733,32
Qwen-3-Coder-30B,1134,simple,correct,0.03165224457334521,33
Qwen-3-Coder-30B,1134,simple,correct,0.030237524171164733,34
Qwen-3-Coder-30B,1134,simple,correct,0.026507831958578514,35
Qwen-3-Coder-30B,1134,simple,correct,0.034909441961006524,36
Qwen-3-Coder-30B,1134,simple,correct,0.023872197512934557,37
Qwen-3-Coder-30B,1134,simple,correct,0.027009879452551438,38
Qwen-3-Coder-30B,1134,simple,correct,0.030676079472976042,39
Qwen-3-Coder-30B,1134,simple,correct,0.030509513695780692,40
Qwen-3-Coder-30B,1134,simple,correct,0.027024791949580417,41
Qwen-3-Coder-30B,1134,simple,correct,0.02682447338457159,42
Qwen-3-Coder-30B,1134,simple,correct,0.02785251031027823,43
Qwen-3-Coder-30B,1134,simple,correct,0.030892977427918588,44
Qwen-3-Coder-30B,1134,simple,correct,0.028942489277771325,45
Qwen-3-Coder-30B,1134,simple,correct,0.029476770903998074,46
Qwen-3-Coder-30B,1134,simple,correct,0.026603934620283837,47
Qwen-3-Coder-30B,1134,simple,correct,0.028899174185256907,48
Qwen-3-Coder-30B,1134,simple,correct,0.03152678149098026,49
Qwen-3-Coder-30B,1134,simple,correct,0.015387107223841918,50
Qwen-3-Coder-30B,223,simple,semantic,,1
Qwen-3-Coder-30B,223,simple,semantic,,2
Qwen-3-Coder-30B,223,simple,semantic,,3
Qwen-3-Coder-30B,223,simple,semantic,,4
Qwen-3-Coder-30B,223,simple,semantic,,5
Qwen-3-Coder-30B,223,simple,semantic,,6
Qwen-3-Coder-30B,223,simple,semantic,,7
Qwen-3-Coder-30B,223,simple,semantic,,8
Qwen-3-Coder-30B,223,simple,semantic,,9
Qwen-3-Coder-30B,223,simple,semantic,,10
Qwen-3-Coder-30B,223,simple,semantic,,11
Qwen-3-Coder-30B,223,simple,semantic,,12
Qwen-3-Coder-30B,223,simple,semantic,,13
Qwen-3-Coder-30B,223,simple,semantic,,14
Qwen-3-Coder-30B,223,simple,semantic,,15
Qwen-3-Coder-30B,223,simple,semantic,,16
Qwen-3-Coder-30B,223,simple,semantic,,17
Qwen-3-Coder-30B,223,simple,semantic,,18
Qwen-3-Coder-30B,223,simple,semantic,,19
Qwen-3-Coder-30B,223,simple,semantic,,20
Qwen-3-Coder-30B,223,simple,semantic,,21
Qwen-3-Coder-30B,223,simple,semantic,,22
Qwen-3-Coder-30B,223,simple,semantic,,23
Qwen-3-Coder-30B,223,simple,semantic,,24
Qwen-3-Coder-30B,223,simple,semantic,,25
Qwen-3-Coder-30B,223,simple,semantic,,26
Qwen-3-Coder-30B,223,simple,semantic,,27
Qwen-3-Coder-30B,223,simple,semantic,,28
Qwen-3-Coder-30B,223,simple,semantic,,29
Qwen-3-Coder-30B,223,simple,semantic,,30
Qwen-3-Coder-30B,223,simple,semantic,,31
Qwen-3-Coder-30B,223,simple,semantic,,32
Qwen-3-Coder-30B,223,simple,semantic,,33
Qwen-3-Coder-30B,223,simple,semantic,,34
Qwen-3-Coder-30B,223,simple,semantic,,35
Qwen-3-Coder-30B,223,simple,semantic,,36
Qwen-3-Coder-30B,223,simple,semantic,,37
Qwen-3-Coder-30B,223,simple,semantic,,38
Qwen-3-Coder-30B,223,simple,semantic,,39
Qwen-3-Coder-30B,223,simple,semantic,,40
Qwen-3-Coder-30B,223,simple,semantic,,41
Qwen-3-Coder-30B,223,simple,semantic,,42
Qwen-3-Coder-30B,223,simple,semantic,,43
Qwen-3-Coder-30B,223,simple,semantic,,44
Qwen-3-Coder-30B,223,simple,semantic,,45
Qwen-3-Coder-30B,223,simple,semantic,,46
Qwen-3-Coder-30B,223,simple,semantic,,47
Qwen-3-Coder-30B,223,simple,semantic,,48
Qwen-3-Coder-30B,223,simple,semantic,,49
Qwen-3-Coder-30B,223,simple,semantic,,50
Qwen-3-Coder-30B,69,simple,correct,11.642898123104663,1
Qwen-3-Coder-30B,69,simple,correct,0.9936567164179104,2
Qwen-3-Coder-30B,69,simple,correct,0.9598468772105022,3
Qwen-3-Coder-30B,69,simple,correct,0.9293746805247913,4
Qwen-3-Coder-30B,69,simple,correct,0.964052680036828,5
Qwen-3-Coder-30B,69,simple,correct,0.9601746654267578,6
Qwen-3-Coder-30B,69,simple,correct,0.9271083225687397,7
Qwen-3-Coder-30B,69,simple,correct,0.9450910418102924,8
Qwen-3-Coder-30B,69,simple,correct,0.9403423828462736,9
Qwen-3-Coder-30B,69,simple,correct,1.038010782092351,10
Qwen-3-Coder-30B,69,simple,correct,0.9779372122921246,11
Qwen-3-Coder-30B,69,simple,correct,1.0347190497944267,12
Qwen-3-Coder-30B,69,simple,correct,0.9588691031517462,13
Qwen-3-Coder-30B,69,simple,correct,1.025154397511608,14
Qwen-3-Coder-30B,69,simple,correct,0.9889916516614831,15
Qwen-3-Coder-30B,69,simple,correct,0.9719807161399316,16
Qwen-3-Coder-30B,69,simple,correct,0.9667648463620443,17
Qwen-3-Coder-30B,69,simple,correct,0.9064936077330839,18
Qwen-3-Coder-30B,69,simple,correct,1.0085192697768763,19
Qwen-3-Coder-30B,69,simple,correct,1.0146236180240498,20
Qwen-3-Coder-30B,69,simple,correct,0.9743663358215077,21
Qwen-3-Coder-30B,69,simple,correct,1.0214521452145215,22
Qwen-3-Coder-30B,69,simple,correct,0.9467297224948693,23
Qwen-3-Coder-30B,69,simple,correct,1.0034720787004505,24
Qwen-3-Coder-30B,69,simple,correct,0.9609833605508231,25
Qwen-3-Coder-30B,69,simple,correct,1.012735808050074,26
Qwen-3-Coder-30B,69,simple,correct,1.046645477192681,27
Qwen-3-Coder-30B,69,simple,correct,1.0053896044578423,28
Qwen-3-Coder-30B,69,simple,correct,0.9919398414985591,29
Qwen-3-Coder-30B,69,simple,correct,0.7494387938918604,30
Qwen-3-Coder-30B,69,simple,correct,0.9735349716446124,31
Qwen-3-Coder-30B,69,simple,correct,0.9678288560463787,32
Qwen-3-Coder-30B,69,simple,correct,0.9737766522342945,33
Qwen-3-Coder-30B,69,simple,correct,1.0552136678572965,34
Qwen-3-Coder-30B,69,simple,correct,0.9168995261815089,35
Qwen-3-Coder-30B,69,simple,correct,1.1480756686236138,36
Qwen-3-Coder-30B,69,simple,correct,0.9761691773714531,37
Qwen-3-Coder-30B,69,simple,correct,0.9998326009625444,38
Qwen-3-Coder-30B,69,simple,correct,0.9332747322998242,39
Qwen-3-Coder-30B,69,simple,correct,0.9693478354326985,40
Qwen-3-Coder-30B,69,simple,correct,1.0085752568110764,41
Qwen-3-Coder-30B,69,simple,correct,0.9615283383049658,42
Qwen-3-Coder-30B,69,simple,correct,0.9215253703120075,43
Qwen-3-Coder-30B,69,simple,correct,0.9935667783812936,44
Qwen-3-Coder-30B,69,simple,correct,1.0200058108164196,45
Qwen-3-Coder-30B,69,simple,correct,0.9241280532652034,46
Qwen-3-Coder-30B,69,simple,correct,0.836063755038645,47
Qwen-3-Coder-30B,69,simple,correct,1.0397163120567376,48
Qwen-3-Coder-30B,69,simple,correct,1.0221740580193397,49
Qwen-3-Coder-30B,69,simple,correct,0.9611031404431691,50
Qwen-3-Coder-30B,202,simple,correct,6.840336134453781,1
Qwen-3-Coder-30B,202,simple,correct,1.2331658291457286,2
Qwen-3-Coder-30B,202,simple,correct,1.1771225428690923,3
Qwen-3-Coder-30B,202,simple,correct,1.3257839721254356,4
Qwen-3-Coder-30B,202,simple,correct,1.213225371120108,5
Qwen-3-Coder-30B,202,simple,correct,1.0262109456909205,6
Qwen-3-Coder-30B,202,simple,correct,1.2466887417218544,7
Qwen-3-Coder-30B,202,simple,correct,1.2523250122369065,8
Qwen-3-Coder-30B,202,simple,correct,1.1775969363331737,9
Qwen-3-Coder-30B,202,simple,correct,1.3958333333333333,10
Qwen-3-Coder-30B,202,simple,correct,1.2497527200791296,11
Qwen-3-Coder-30B,202,simple,correct,1.2804020100502513,12
Qwen-3-Coder-30B,202,simple,correct,1.3468917881811204,13
Qwen-3-Coder-30B,202,simple,correct,1.2355959878703056,14
Qwen-3-Coder-30B,202,simple,correct,1.2630183220829316,15
Qwen-3-Coder-30B,202,simple,correct,1.40960219478738,16
Qwen-3-Coder-30B,202,simple,correct,1.2146385271665918,17
Qwen-3-Coder-30B,202,simple,correct,1.1807084729535664,18
Qwen-3-Coder-30B,202,simple,correct,1.2020075282308658,19
Qwen-3-Coder-30B,202,simple,correct,1.2120204603580562,20
Qwen-3-Coder-30B,202,simple,correct,1.2571072319201995,21
Qwen-3-Coder-30B,202,simple,correct,1.2729812087353987,22
Qwen-3-Coder-30B,202,simple,correct,1.00850719060158,23
Qwen-3-Coder-30B,202,simple,correct,1.1944244172074021,24
Qwen-3-Coder-30B,202,simple,correct,1.2980849292256453,25
Qwen-3-Coder-30B,202,simple,correct,1.3097345132743363,26
Qwen-3-Coder-30B,202,simple,correct,1.186284289276808,27
Qwen-3-Coder-30B,202,simple,correct,1.1176731793960923,28
Qwen-3-Coder-30B,202,simple,correct,1.2284431845027168,29
Qwen-3-Coder-30B,202,simple,correct,1.1804493861477878,30
Qwen-3-Coder-30B,202,simple,correct,1.1620041753653445,31
Qwen-3-Coder-30B,202,simple,correct,1.2127016129032258,32
Qwen-3-Coder-30B,202,simple,correct,1.4155717761557178,33
Qwen-3-Coder-30B,202,simple,correct,1.1986899563318778,34
Qwen-3-Coder-30B,202,simple,correct,1.1798070134149212,35
Qwen-3-Coder-30B,202,simple,correct,1.0534011443102351,36
Qwen-3-Coder-30B,202,simple,correct,1.3034674765882055,37
Qwen-3-Coder-30B,202,simple,correct,1.1636160714285715,38
Qwen-3-Coder-30B,202,simple,correct,1.0945540308747856,39
Qwen-3-Coder-30B,202,simple,correct,1.277919428862825,40
Qwen-3-Coder-30B,202,simple,correct,1.1902710919685837,41
Qwen-3-Coder-30B,202,simple,correct,1.309090909090909,42
Qwen-3-Coder-30B,202,simple,correct,1.1768554026618543,43
Qwen-3-Coder-30B,202,simple,correct,1.2525942799291319,44
Qwen-3-Coder-30B,202,simple,correct,1.2575116848430892,45
Qwen-3-Coder-30B,202,simple,correct,1.3277625342978299,46
Qwen-3-Coder-30B,202,simple,correct,1.2920888122440182,47
Qwen-3-Coder-30B,202,simple,correct,1.2276250880902044,48
Qwen-3-Coder-30B,202,simple,correct,1.257618437900128,49
Qwen-3-Coder-30B,202,simple,correct,1.2247333671914677,50
Qwen-3-Coder-30B,422,simple,correct,28.21267650232209,1
Qwen-3-Coder-30B,422,simple,correct,1.0136696556146845,2
Qwen-3-Coder-30B,422,simple,correct,0.9886596349063044,3
Qwen-3-Coder-30B,422,simple,correct,0.16185132851245393,4
Qwen-3-Coder-30B,422,simple,correct,0.9176543938215656,5
Qwen-3-Coder-30B,422,simple,correct,1.1143218782988047,6
Qwen-3-Coder-30B,422,simple,correct,0.8366057001945171,7
Qwen-3-Coder-30B,422,simple,correct,1.0003002822653293,8
Qwen-3-Coder-30B,422,simple,correct,0.5048068930769998,9
Qwen-3-Coder-30B,422,simple,correct,0.9820656181556038,10
Qwen-3-Coder-30B,422,simple,correct,1.0022100920131274,11
Qwen-3-Coder-30B,422,simple,correct,1.033257551884032,12
Qwen-3-Coder-30B,422,simple,correct,1.0206059350366818,13
Qwen-3-Coder-30B,422,simple,correct,1.0877709835625666,14
Qwen-3-Coder-30B,422,simple,correct,0.9931383577052868,15
Qwen-3-Coder-30B,422,simple,correct,0.9942903069169332,16
Qwen-3-Coder-30B,422,simple,correct,0.9781006947327632,17
Qwen-3-Coder-30B,422,simple,correct,0.9716648806402335,18
Qwen-3-Coder-30B,422,simple,correct,0.9535198555956679,19
Qwen-3-Coder-30B,422,simple,correct,1.012594089087295,20
Qwen-3-Coder-30B,422,simple,correct,0.9849191178568372,21
Qwen-3-Coder-30B,422,simple,correct,1.0194535605551382,22
Qwen-3-Coder-30B,422,simple,correct,1.0342434006623071,23
Qwen-3-Coder-30B,422,simple,correct,1.0174751852369635,24
Qwen-3-Coder-30B,422,simple,correct,1.0291636867259248,25
Qwen-3-Coder-30B,422,simple,correct,1.0468940212266173,26
Qwen-3-Coder-30B,422,simple,correct,0.8461222388574289,27
Qwen-3-Coder-30B,422,simple,correct,1.0120379654528053,28
Qwen-3-Coder-30B,422,simple,correct,0.9359325189719864,29
Qwen-3-Coder-30B,422,simple,correct,1.101867455305375,30
Qwen-3-Coder-30B,422,simple,correct,2060.9411399382057,31
Qwen-3-Coder-30B,422,simple,correct,1.9919194892153944,32
Qwen-3-Coder-30B,422,simple,correct,0.9508137984322229,33
Qwen-3-Coder-30B,422,simple,correct,1.0153228011364313,34
Qwen-3-Coder-30B,422,simple,correct,0.9362381046508345,35
Qwen-3-Coder-30B,422,simple,correct,1.0126010986723042,36
Qwen-3-Coder-30B,422,simple,correct,1.1491959990522986,37
Qwen-3-Coder-30B,422,simple,correct,1.0354258368885578,38
Qwen-3-Coder-30B,422,simple,correct,0.9954999977180515,39
Qwen-3-Coder-30B,422,simple,correct,0.8753327977346337,40
Qwen-3-Coder-30B,422,simple,correct,0.9405212604152889,41
Qwen-3-Coder-30B,422,simple,correct,0.839617029915976,42
Qwen-3-Coder-30B,422,simple,correct,1.2366715604026846,43
Qwen-3-Coder-30B,422,simple,correct,1.2248185173416763,44
Qwen-3-Coder-30B,422,simple,correct,1.255001908084828,45
Qwen-3-Coder-30B,422,simple,correct,1.0891943699587547,46
Qwen-3-Coder-30B,422,simple,correct,1.1725132312693696,47
Qwen-3-Coder-30B,422,simple,correct,1.0726851058155704,48
Qwen-3-Coder-30B,422,simple,correct,0.9047090269883558,49
Qwen-3-Coder-30B,422,simple,correct,0.9291053531324373,50
Qwen-3-Coder-30B,1410,simple,correct,2.7704166666666667,1
Qwen-3-Coder-30B,1410,simple,correct,1.5208672086720867,2
Qwen-3-Coder-30B,1410,simple,correct,1.6550847457627118,3
Qwen-3-Coder-30B,1410,simple,correct,1.1167981527804502,4
Qwen-3-Coder-30B,1410,simple,correct,1.4861167002012072,5
Qwen-3-Coder-30B,1410,simple,correct,1.8064076346284936,6
Qwen-3-Coder-30B,1410,simple,correct,1.989281045751634,7
Qwen-3-Coder-30B,1410,simple,correct,1.5611510791366907,8
Qwen-3-Coder-30B,1410,simple,correct,1.6807909604519775,9
Qwen-3-Coder-30B,1410,simple,correct,1.4298908480268682,10
Qwen-3-Coder-30B,1410,simple,correct,1.389542841500137,11
Qwen-3-Coder-30B,1410,simple,correct,1.52320107599193,12
Qwen-3-Coder-30B,1410,simple,correct,1.4183901621017327,13
Qwen-3-Coder-30B,1410,simple,correct,1.394620077648364,14
Qwen-3-Coder-30B,1410,simple,correct,1.6282339707536557,15
Qwen-3-Coder-30B,1410,simple,correct,1.6077502090883746,16
Qwen-3-Coder-30B,1410,simple,correct,1.5819809736989368,17
Qwen-3-Coder-30B,1410,simple,correct,1.431675392670157,18
Qwen-3-Coder-30B,1410,simple,correct,1.46181220914317,19
Qwen-3-Coder-30B,1410,simple,correct,1.4562312517043905,20
Qwen-3-Coder-30B,1410,simple,correct,1.674444756817543,21
Qwen-3-Coder-30B,1410,simple,correct,1.0512992455993295,22
Qwen-3-Coder-30B,1410,simple,correct,1.4180394274912234,23
Qwen-3-Coder-30B,1410,simple,correct,1.4593473451327434,24
Qwen-3-Coder-30B,1410,simple,correct,1.6397820163487737,25
Qwen-3-Coder-30B,1410,simple,correct,1.5831937465103294,26
Qwen-3-Coder-30B,1410,simple,correct,1.556947925368978,27
Qwen-3-Coder-30B,1410,simple,correct,1.5919087700244365,28
Qwen-3-Coder-30B,1410,simple,correct,1.7464327485380118,29
Qwen-3-Coder-30B,1410,simple,correct,1.9879281302638967,30
Qwen-3-Coder-30B,1410,simple,correct,1.2289236187541273,31
Qwen-3-Coder-30B,1410,simple,correct,1.506940736785905,32
Qwen-3-Coder-30B,1410,simple,correct,1.609357696566999,33
Qwen-3-Coder-30B,1410,simple,correct,1.447535114293583,34
Qwen-3-Coder-30B,1410,simple,correct,1.4344960175775885,35
Qwen-3-Coder-30B,1410,simple,correct,1.344469672397016,36
Qwen-3-Coder-30B,1410,simple,correct,1.4577603143418467,37
Qwen-3-Coder-30B,1410,simple,correct,1.682762492981471,38
Qwen-3-Coder-30B,1410,simple,correct,1.6888514462229711,39
Qwen-3-Coder-30B,1410,simple,correct,1.6828001093792726,40
Qwen-3-Coder-30B,1410,simple,correct,1.7040067720090293,41
Qwen-3-Coder-30B,1410,simple,correct,1.958982772764561,42
Qwen-3-Coder-30B,1410,simple,correct,1.6059004843681197,43
Qwen-3-Coder-30B,1410,simple,correct,1.519204200055264,44
Qwen-3-Coder-30B,1410,simple,correct,1.6638609828943796,45
Qwen-3-Coder-30B,1410,simple,correct,1.4977924944812362,46
Qwen-3-Coder-30B,1410,simple,correct,1.55,47
Qwen-3-Coder-30B,1410,simple,correct,1.3949784017278617,48
Qwen-3-Coder-30B,1410,simple,correct,1.2244278374591313,49
Qwen-3-Coder-30B,1410,simple,correct,1.4066867634968485,50
Qwen-3-Coder-30B,929,simple,semantic,,1
Qwen-3-Coder-30B,929,simple,semantic,,2
Qwen-3-Coder-30B,929,simple,semantic,,3
Qwen-3-Coder-30B,929,simple,semantic,,4
Qwen-3-Coder-30B,929,simple,semantic,,5
Qwen-3-Coder-30B,929,simple,semantic,,6
Qwen-3-Coder-30B,929,simple,semantic,,7
Qwen-3-Coder-30B,929,simple,semantic,,8
Qwen-3-Coder-30B,929,simple,semantic,,9
Qwen-3-Coder-30B,929,simple,semantic,,10
Qwen-3-Coder-30B,929,simple,semantic,,11
Qwen-3-Coder-30B,929,simple,semantic,,12
Qwen-3-Coder-30B,929,simple,semantic,,13
Qwen-3-Coder-30B,929,simple,semantic,,14
Qwen-3-Coder-30B,929,simple,semantic,,15
Qwen-3-Coder-30B,929,simple,semantic,,16
Qwen-3-Coder-30B,929,simple,semantic,,17
Qwen-3-Coder-30B,929,simple,semantic,,18
Qwen-3-Coder-30B,929,simple,semantic,,19
Qwen-3-Coder-30B,929,simple,semantic,,20
Qwen-3-Coder-30B,929,simple,semantic,,21
Qwen-3-Coder-30B,929,simple,semantic,,22
Qwen-3-Coder-30B,929,simple,semantic,,23
Qwen-3-Coder-30B,929,simple,semantic,,24
Qwen-3-Coder-30B,929,simple,semantic,,25
Qwen-3-Coder-30B,929,simple,semantic,,26
Qwen-3-Coder-30B,929,simple,semantic,,27
Qwen-3-Coder-30B,929,simple,semantic,,28
Qwen-3-Coder-30B,929,simple,semantic,,29
Qwen-3-Coder-30B,929,simple,semantic,,30
Qwen-3-Coder-30B,929,simple,semantic,,31
Qwen-3-Coder-30B,929,simple,semantic,,32
Qwen-3-Coder-30B,929,simple,semantic,,33
Qwen-3-Coder-30B,929,simple,semantic,,34
Qwen-3-Coder-30B,929,simple,semantic,,35
Qwen-3-Coder-30B,929,simple,semantic,,36
Qwen-3-Coder-30B,929,simple,semantic,,37
Qwen-3-Coder-30B,929,simple,semantic,,38
Qwen-3-Coder-30B,929,simple,semantic,,39
Qwen-3-Coder-30B,929,simple,semantic,,40
Qwen-3-Coder-30B,929,simple,semantic,,41
Qwen-3-Coder-30B,929,simple,semantic,,42
Qwen-3-Coder-30B,929,simple,semantic,,43
Qwen-3-Coder-30B,929,simple,semantic,,44
Qwen-3-Coder-30B,929,simple,semantic,,45
Qwen-3-Coder-30B,929,simple,semantic,,46
Qwen-3-Coder-30B,929,simple,semantic,,47
Qwen-3-Coder-30B,929,simple,semantic,,48
Qwen-3-Coder-30B,929,simple,semantic,,49
Qwen-3-Coder-30B,929,simple,semantic,,50
Qwen-3-Coder-30B,546,simple,semantic,,1
Qwen-3-Coder-30B,546,simple,semantic,,2
Qwen-3-Coder-30B,546,simple,semantic,,3
Qwen-3-Coder-30B,546,simple,semantic,,4
Qwen-3-Coder-30B,546,simple,semantic,,5
Qwen-3-Coder-30B,546,simple,semantic,,6
Qwen-3-Coder-30B,546,simple,semantic,,7
Qwen-3-Coder-30B,546,simple,semantic,,8
Qwen-3-Coder-30B,546,simple,semantic,,9
Qwen-3-Coder-30B,546,simple,semantic,,10
Qwen-3-Coder-30B,546,simple,semantic,,11
Qwen-3-Coder-30B,546,simple,semantic,,12
Qwen-3-Coder-30B,546,simple,semantic,,13
Qwen-3-Coder-30B,546,simple,semantic,,14
Qwen-3-Coder-30B,546,simple,semantic,,15
Qwen-3-Coder-30B,546,simple,semantic,,16
Qwen-3-Coder-30B,546,simple,semantic,,17
Qwen-3-Coder-30B,546,simple,semantic,,18
Qwen-3-Coder-30B,546,simple,semantic,,19
Qwen-3-Coder-30B,546,simple,semantic,,20
Qwen-3-Coder-30B,546,simple,semantic,,21
Qwen-3-Coder-30B,546,simple,semantic,,22
Qwen-3-Coder-30B,546,simple,semantic,,23
Qwen-3-Coder-30B,546,simple,semantic,,24
Qwen-3-Coder-30B,546,simple,semantic,,25
Qwen-3-Coder-30B,546,simple,semantic,,26
Qwen-3-Coder-30B,546,simple,semantic,,27
Qwen-3-Coder-30B,546,simple,semantic,,28
Qwen-3-Coder-30B,546,simple,semantic,,29
Qwen-3-Coder-30B,546,simple,semantic,,30
Qwen-3-Coder-30B,546,simple,semantic,,31
Qwen-3-Coder-30B,546,simple,semantic,,32
Qwen-3-Coder-30B,546,simple,semantic,,33
Qwen-3-Coder-30B,546,simple,semantic,,34
Qwen-3-Coder-30B,546,simple,semantic,,35
Qwen-3-Coder-30B,546,simple,semantic,,36
Qwen-3-Coder-30B,546,simple,semantic,,37
Qwen-3-Coder-30B,546,simple,semantic,,38
Qwen-3-Coder-30B,546,simple,semantic,,39
Qwen-3-Coder-30B,546,simple,semantic,,40
Qwen-3-Coder-30B,546,simple,semantic,,41
Qwen-3-Coder-30B,546,simple,semantic,,42
Qwen-3-Coder-30B,546,simple,semantic,,43
Qwen-3-Coder-30B,546,simple,semantic,,44
Qwen-3-Coder-30B,546,simple,semantic,,45
Qwen-3-Coder-30B,546,simple,semantic,,46
Qwen-3-Coder-30B,546,simple,semantic,,47
Qwen-3-Coder-30B,546,simple,semantic,,48
Qwen-3-Coder-30B,546,simple,semantic,,49
Qwen-3-Coder-30B,546,simple,semantic,,50
Qwen-3-Coder-30B,86,simple,semantic,,1
Qwen-3-Coder-30B,86,simple,semantic,,2
Qwen-3-Coder-30B,86,simple,semantic,,3
Qwen-3-Coder-30B,86,simple,semantic,,4
Qwen-3-Coder-30B,86,simple,semantic,,5
Qwen-3-Coder-30B,86,simple,semantic,,6
Qwen-3-Coder-30B,86,simple,semantic,,7
Qwen-3-Coder-30B,86,simple,semantic,,8
Qwen-3-Coder-30B,86,simple,semantic,,9
Qwen-3-Coder-30B,86,simple,semantic,,10
Qwen-3-Coder-30B,86,simple,semantic,,11
Qwen-3-Coder-30B,86,simple,semantic,,12
Qwen-3-Coder-30B,86,simple,semantic,,13
Qwen-3-Coder-30B,86,simple,semantic,,14
Qwen-3-Coder-30B,86,simple,semantic,,15
Qwen-3-Coder-30B,86,simple,semantic,,16
Qwen-3-Coder-30B,86,simple,semantic,,17
Qwen-3-Coder-30B,86,simple,semantic,,18
Qwen-3-Coder-30B,86,simple,semantic,,19
Qwen-3-Coder-30B,86,simple,semantic,,20
Qwen-3-Coder-30B,86,simple,semantic,,21
Qwen-3-Coder-30B,86,simple,semantic,,22
Qwen-3-Coder-30B,86,simple,semantic,,23
Qwen-3-Coder-30B,86,simple,semantic,,24
Qwen-3-Coder-30B,86,simple,semantic,,25
Qwen-3-Coder-30B,86,simple,semantic,,26
Qwen-3-Coder-30B,86,simple,semantic,,27
Qwen-3-Coder-30B,86,simple,semantic,,28
Qwen-3-Coder-30B,86,simple,semantic,,29
Qwen-3-Coder-30B,86,simple,semantic,,30
Qwen-3-Coder-30B,86,simple,semantic,,31
Qwen-3-Coder-30B,86,simple,semantic,,32
Qwen-3-Coder-30B,86,simple,semantic,,33
Qwen-3-Coder-30B,86,simple,semantic,,34
Qwen-3-Coder-30B,86,simple,semantic,,35
Qwen-3-Coder-30B,86,simple,semantic,,36
Qwen-3-Coder-30B,86,simple,semantic,,37
Qwen-3-Coder-30B,86,simple,semantic,,38
Qwen-3-Coder-30B,86,simple,semantic,,39
Qwen-3-Coder-30B,86,simple,semantic,,40
Qwen-3-Coder-30B,86,simple,semantic,,41
Qwen-3-Coder-30B,86,simple,semantic,,42
Qwen-3-Coder-30B,86,simple,semantic,,43
Qwen-3-Coder-30B,86,simple,semantic,,44
Qwen-3-Coder-30B,86,simple,semantic,,45
Qwen-3-Coder-30B,86,simple,semantic,,46
Qwen-3-Coder-30B,86,simple,semantic,,47
Qwen-3-Coder-30B,86,simple,semantic,,48
Qwen-3-Coder-30B,86,simple,semantic,,49
Qwen-3-Coder-30B,86,simple,semantic,,50
Qwen-3-Coder-30B,950,simple,semantic,,1
Qwen-3-Coder-30B,950,simple,semantic,,2
Qwen-3-Coder-30B,950,simple,semantic,,3
Qwen-3-Coder-30B,950,simple,semantic,,4
Qwen-3-Coder-30B,950,simple,semantic,,5
Qwen-3-Coder-30B,950,simple,semantic,,6
Qwen-3-Coder-30B,950,simple,semantic,,7
Qwen-3-Coder-30B,950,simple,semantic,,8
Qwen-3-Coder-30B,950,simple,semantic,,9
Qwen-3-Coder-30B,950,simple,semantic,,10
Qwen-3-Coder-30B,950,simple,semantic,,11
Qwen-3-Coder-30B,950,simple,semantic,,12
Qwen-3-Coder-30B,950,simple,semantic,,13
Qwen-3-Coder-30B,950,simple,semantic,,14
Qwen-3-Coder-30B,950,simple,semantic,,15
Qwen-3-Coder-30B,950,simple,semantic,,16
Qwen-3-Coder-30B,950,simple,semantic,,17
Qwen-3-Coder-30B,950,simple,semantic,,18
Qwen-3-Coder-30B,950,simple,semantic,,19
Qwen-3-Coder-30B,950,simple,semantic,,20
Qwen-3-Coder-30B,950,simple,semantic,,21
Qwen-3-Coder-30B,950,simple,semantic,,22
Qwen-3-Coder-30B,950,simple,semantic,,23
Qwen-3-Coder-30B,950,simple,semantic,,24
Qwen-3-Coder-30B,950,simple,semantic,,25
Qwen-3-Coder-30B,950,simple,semantic,,26
Qwen-3-Coder-30B,950,simple,semantic,,27
Qwen-3-Coder-30B,950,simple,semantic,,28
Qwen-3-Coder-30B,950,simple,semantic,,29
Qwen-3-Coder-30B,950,simple,semantic,,30
Qwen-3-Coder-30B,950,simple,semantic,,31
Qwen-3-Coder-30B,950,simple,semantic,,32
Qwen-3-Coder-30B,950,simple,semantic,,33
Qwen-3-Coder-30B,950,simple,semantic,,34
Qwen-3-Coder-30B,950,simple,semantic,,35
Qwen-3-Coder-30B,950,simple,semantic,,36
Qwen-3-Coder-30B,950,simple,semantic,,37
Qwen-3-Coder-30B,950,simple,semantic,,38
Qwen-3-Coder-30B,950,simple,semantic,,39
Qwen-3-Coder-30B,950,simple,semantic,,40
Qwen-3-Coder-30B,950,simple,semantic,,41
Qwen-3-Coder-30B,950,simple,semantic,,42
Qwen-3-Coder-30B,950,simple,semantic,,43
Qwen-3-Coder-30B,950,simple,semantic,,44
Qwen-3-Coder-30B,950,simple,semantic,,45
Qwen-3-Coder-30B,950,simple,semantic,,46
Qwen-3-Coder-30B,950,simple,semantic,,47
Qwen-3-Coder-30B,950,simple,semantic,,48
Qwen-3-Coder-30B,950,simple,semantic,,49
Qwen-3-Coder-30B,950,simple,semantic,,50
Qwen-3-Coder-30B,400,simple,correct,668.8069076071116,1
Qwen-3-Coder-30B,400,simple,correct,36.488800543003975,2
Qwen-3-Coder-30B,400,simple,correct,48.455382331106165,3
Qwen-3-Coder-30B,400,simple,correct,52.625364181662384,4
Qwen-3-Coder-30B,400,simple,correct,56.535581222056635,5
Qwen-3-Coder-30B,400,simple,correct,54.45193530801381,6
Qwen-3-Coder-30B,400,simple,correct,58.41376658334936,7
Qwen-3-Coder-30B,400,simple,correct,59.52745483813271,8
Qwen-3-Coder-30B,400,simple,correct,50.21935592648794,9
Qwen-3-Coder-30B,400,simple,correct,57.141176470588235,10
Qwen-3-Coder-30B,400,simple,correct,35.95475541869004,11
Qwen-3-Coder-30B,400,simple,correct,53.31812704424169,12
Qwen-3-Coder-30B,400,simple,correct,60.29003661591829,13
Qwen-3-Coder-30B,400,simple,correct,55.56294626080421,14
Qwen-3-Coder-30B,400,simple,correct,51.861425609950565,15
Qwen-3-Coder-30B,400,simple,correct,61.64339589545694,16
Qwen-3-Coder-30B,400,simple,correct,44.58430104365721,17
Qwen-3-Coder-30B,400,simple,correct,66.67431021625653,18
Qwen-3-Coder-30B,400,simple,correct,61.19113521600898,19
Qwen-3-Coder-30B,400,simple,correct,54.779712746858166,20
Qwen-3-Coder-30B,400,simple,correct,46.779883151744826,21
Qwen-3-Coder-30B,400,simple,correct,56.30738860688099,22
Qwen-3-Coder-30B,400,simple,correct,59.295565576850805,23
Qwen-3-Coder-30B,400,simple,correct,53.67422044960116,24
Qwen-3-Coder-30B,400,simple,correct,54.396905361640876,25
Qwen-3-Coder-30B,400,simple,correct,51.4029676558853,26
Qwen-3-Coder-30B,400,simple,correct,43.629385349424645,27
Qwen-3-Coder-30B,400,simple,correct,58.435695097380794,28
Qwen-3-Coder-30B,400,simple,correct,52.61527505786007,29
Qwen-3-Coder-30B,400,simple,correct,39.84262731341478,30
Qwen-3-Coder-30B,400,simple,correct,59.85527837435982,31
Qwen-3-Coder-30B,400,simple,correct,39.71763711296629,32
Qwen-3-Coder-30B,400,simple,correct,58.63805460750853,33
Qwen-3-Coder-30B,400,simple,correct,31.230395913154535,34
Qwen-3-Coder-30B,400,simple,correct,78.42890901929894,35
Qwen-3-Coder-30B,400,simple,correct,62.434085301374694,36
Qwen-3-Coder-30B,400,simple,correct,118.5137197892059,37
Qwen-3-Coder-30B,400,simple,correct,28.685833546298664,38
Qwen-3-Coder-30B,400,simple,correct,32.22831386257014,39
Qwen-3-Coder-30B,400,simple,correct,53.25594308519868,40
Qwen-3-Coder-30B,400,simple,correct,57.39324349971532,41
Qwen-3-Coder-30B,400,simple,correct,55.55280267088385,42
Qwen-3-Coder-30B,400,simple,correct,47.63403693931399,43
Qwen-3-Coder-30B,400,simple,correct,54.676616094986805,44
Qwen-3-Coder-30B,400,simple,correct,60.34400144652382,45
Qwen-3-Coder-30B,400,simple,correct,63.112512557205044,46
Qwen-3-Coder-30B,400,simple,correct,32.489108236895845,47
Qwen-3-Coder-30B,400,simple,correct,52.980383280519085,48
Qwen-3-Coder-30B,400,simple,correct,50.76958986328776,49
Qwen-3-Coder-30B,400,simple,correct,50.815522207063815,50
Qwen-3-Coder-30B,299,simple,semantic,,1
Qwen-3-Coder-30B,299,simple,semantic,,2
Qwen-3-Coder-30B,299,simple,semantic,,3
Qwen-3-Coder-30B,299,simple,semantic,,4
Qwen-3-Coder-30B,299,simple,semantic,,5
Qwen-3-Coder-30B,299,simple,semantic,,6
Qwen-3-Coder-30B,299,simple,semantic,,7
Qwen-3-Coder-30B,299,simple,semantic,,8
Qwen-3-Coder-30B,299,simple,semantic,,9
Qwen-3-Coder-30B,299,simple,semantic,,10
Qwen-3-Coder-30B,299,simple,semantic,,11
Qwen-3-Coder-30B,299,simple,semantic,,12
Qwen-3-Coder-30B,299,simple,semantic,,13
Qwen-3-Coder-30B,299,simple,semantic,,14
Qwen-3-Coder-30B,299,simple,semantic,,15
Qwen-3-Coder-30B,299,simple,semantic,,16
Qwen-3-Coder-30B,299,simple,semantic,,17
Qwen-3-Coder-30B,299,simple,semantic,,18
Qwen-3-Coder-30B,299,simple,semantic,,19
Qwen-3-Coder-30B,299,simple,semantic,,20
Qwen-3-Coder-30B,299,simple,semantic,,21
Qwen-3-Coder-30B,299,simple,semantic,,22
Qwen-3-Coder-30B,299,simple,semantic,,23
Qwen-3-Coder-30B,299,simple,semantic,,24
Qwen-3-Coder-30B,299,simple,semantic,,25
Qwen-3-Coder-30B,299,simple,semantic,,26
Qwen-3-Coder-30B,299,simple,semantic,,27
Qwen-3-Coder-30B,299,simple,semantic,,28
Qwen-3-Coder-30B,299,simple,semantic,,29
Qwen-3-Coder-30B,299,simple,semantic,,30
Qwen-3-Coder-30B,299,simple,semantic,,31
Qwen-3-Coder-30B,299,simple,semantic,,32
Qwen-3-Coder-30B,299,simple,semantic,,33
Qwen-3-Coder-30B,299,simple,semantic,,34
Qwen-3-Coder-30B,299,simple,semantic,,35
Qwen-3-Coder-30B,299,simple,semantic,,36
Qwen-3-Coder-30B,299,simple,semantic,,37
Qwen-3-Coder-30B,299,simple,semantic,,38
Qwen-3-Coder-30B,299,simple,semantic,,39
Qwen-3-Coder-30B,299,simple,semantic,,40
Qwen-3-Coder-30B,299,simple,semantic,,41
Qwen-3-Coder-30B,299,simple,semantic,,42
Qwen-3-Coder-30B,299,simple,semantic,,43
Qwen-3-Coder-30B,299,simple,semantic,,44
Qwen-3-Coder-30B,299,simple,semantic,,45
Qwen-3-Coder-30B,299,simple,semantic,,46
Qwen-3-Coder-30B,299,simple,semantic,,47
Qwen-3-Coder-30B,299,simple,semantic,,48
Qwen-3-Coder-30B,299,simple,semantic,,49
Qwen-3-Coder-30B,299,simple,semantic,,50
Qwen-3-Coder-30B,301,simple,correct,2.8773234200743496,1
Qwen-3-Coder-30B,301,simple,correct,1.7764516129032257,2
Qwen-3-Coder-30B,301,simple,correct,1.5966036526754246,3
Qwen-3-Coder-30B,301,simple,correct,1.62967826657912,4
Qwen-3-Coder-30B,301,simple,correct,1.888233467867122,5
Qwen-3-Coder-30B,301,simple,correct,1.4280465401102265,6
Qwen-3-Coder-30B,301,simple,correct,1.7323898359601158,7
Qwen-3-Coder-30B,301,simple,correct,1.4857351865398682,8
Qwen-3-Coder-30B,301,simple,correct,1.5945617868414663,9
Qwen-3-Coder-30B,301,simple,correct,1.3517587939698492,10
Qwen-3-Coder-30B,301,simple,correct,1.4148686178167058,11
Qwen-3-Coder-30B,301,simple,correct,1.7097812097812097,12
Qwen-3-Coder-30B,301,simple,correct,0.7458407079646018,13
Qwen-3-Coder-30B,301,simple,correct,1.5436654366543665,14
Qwen-3-Coder-30B,301,simple,correct,1.859375,15
Qwen-3-Coder-30B,301,simple,correct,1.6977777777777778,16
Qwen-3-Coder-30B,301,simple,correct,1.490764331210191,17
Qwen-3-Coder-30B,301,simple,correct,1.7252638522427441,18
Qwen-3-Coder-30B,301,simple,correct,1.4696723970158936,19
Qwen-3-Coder-30B,301,simple,correct,1.463927227101631,20
Qwen-3-Coder-30B,301,simple,correct,1.4881762228701003,21
Qwen-3-Coder-30B,301,simple,correct,1.837745516652434,22
Qwen-3-Coder-30B,301,simple,correct,2.0135818066961466,23
Qwen-3-Coder-30B,301,simple,correct,1.4763132452465355,24
Qwen-3-Coder-30B,301,simple,correct,1.7922848664688427,25
Qwen-3-Coder-30B,301,simple,correct,1.7238493723849373,26
Qwen-3-Coder-30B,301,simple,correct,1.3152542372881355,27
Qwen-3-Coder-30B,301,simple,correct,0.9544637507489515,28
Qwen-3-Coder-30B,301,simple,correct,1.6494464944649447,29
Qwen-3-Coder-30B,301,simple,correct,1.5938155136268344,30
Qwen-3-Coder-30B,301,simple,correct,1.942097026604069,31
Qwen-3-Coder-30B,301,simple,correct,1.738074588031223,32
Qwen-3-Coder-30B,301,simple,correct,1.9123319696084162,33
Qwen-3-Coder-30B,301,simple,correct,1.7593423019431988,34
Qwen-3-Coder-30B,301,simple,correct,1.8559431524547803,35
Qwen-3-Coder-30B,301,simple,correct,1.7001959503592423,36
Qwen-3-Coder-30B,301,simple,correct,1.7777777777777777,37
Qwen-3-Coder-30B,301,simple,correct,1.1565118050266565,38
Qwen-3-Coder-30B,301,simple,correct,1.325740318906606,39
Qwen-3-Coder-30B,301,simple,correct,2.0175732217573223,40
Qwen-3-Coder-30B,301,simple,correct,1.3708240534521159,41
Qwen-3-Coder-30B,301,simple,correct,1.5352585627938213,42
Qwen-3-Coder-30B,301,simple,correct,1.6309963099630995,43
Qwen-3-Coder-30B,301,simple,correct,1.483264953573742,44
Qwen-3-Coder-30B,301,simple,correct,1.4512428298279159,45
Qwen-3-Coder-30B,301,simple,correct,1.4401544401544402,46
Qwen-3-Coder-30B,301,simple,correct,1.4704378395653563,47
Qwen-3-Coder-30B,301,simple,correct,1.823360916613622,48
Qwen-3-Coder-30B,301,simple,correct,1.5728,49
Qwen-3-Coder-30B,301,simple,correct,1.2826174227217986,50
Qwen-3-Coder-30B,1665,Simple,semantic,,1
Qwen-3-Coder-30B,1665,Simple,semantic,,2
Qwen-3-Coder-30B,1665,Simple,semantic,,3
Qwen-3-Coder-30B,1665,Simple,semantic,,4
Qwen-3-Coder-30B,1665,Simple,semantic,,5
Qwen-3-Coder-30B,1665,Simple,semantic,,6
Qwen-3-Coder-30B,1665,Simple,semantic,,7
Qwen-3-Coder-30B,1665,Simple,semantic,,8
Qwen-3-Coder-30B,1665,Simple,semantic,,9
Qwen-3-Coder-30B,1665,Simple,semantic,,10
Qwen-3-Coder-30B,1665,Simple,semantic,,11
Qwen-3-Coder-30B,1665,Simple,semantic,,12
Qwen-3-Coder-30B,1665,Simple,semantic,,13
Qwen-3-Coder-30B,1665,Simple,semantic,,14
Qwen-3-Coder-30B,1665,Simple,semantic,,15
Qwen-3-Coder-30B,1665,Simple,semantic,,16
Qwen-3-Coder-30B,1665,Simple,semantic,,17
Qwen-3-Coder-30B,1665,Simple,semantic,,18
Qwen-3-Coder-30B,1665,Simple,semantic,,19
Qwen-3-Coder-30B,1665,Simple,semantic,,20
Qwen-3-Coder-30B,1665,Simple,semantic,,21
Qwen-3-Coder-30B,1665,Simple,semantic,,22
Qwen-3-Coder-30B,1665,Simple,semantic,,23
Qwen-3-Coder-30B,1665,Simple,semantic,,24
Qwen-3-Coder-30B,1665,Simple,semantic,,25
Qwen-3-Coder-30B,1665,Simple,semantic,,26
Qwen-3-Coder-30B,1665,Simple,semantic,,27
Qwen-3-Coder-30B,1665,Simple,semantic,,28
Qwen-3-Coder-30B,1665,Simple,semantic,,29
Qwen-3-Coder-30B,1665,Simple,semantic,,30
Qwen-3-Coder-30B,1665,Simple,semantic,,31
Qwen-3-Coder-30B,1665,Simple,semantic,,32
Qwen-3-Coder-30B,1665,Simple,semantic,,33
Qwen-3-Coder-30B,1665,Simple,semantic,,34
Qwen-3-Coder-30B,1665,Simple,semantic,,35
Qwen-3-Coder-30B,1665,Simple,semantic,,36
Qwen-3-Coder-30B,1665,Simple,semantic,,37
Qwen-3-Coder-30B,1665,Simple,semantic,,38
Qwen-3-Coder-30B,1665,Simple,semantic,,39
Qwen-3-Coder-30B,1665,Simple,semantic,,40
Qwen-3-Coder-30B,1665,Simple,semantic,,41
Qwen-3-Coder-30B,1665,Simple,semantic,,42
Qwen-3-Coder-30B,1665,Simple,semantic,,43
Qwen-3-Coder-30B,1665,Simple,semantic,,44
Qwen-3-Coder-30B,1665,Simple,semantic,,45
Qwen-3-Coder-30B,1665,Simple,semantic,,46
Qwen-3-Coder-30B,1665,Simple,semantic,,47
Qwen-3-Coder-30B,1665,Simple,semantic,,48
Qwen-3-Coder-30B,1665,Simple,semantic,,49
Qwen-3-Coder-30B,1665,Simple,semantic,,50
Qwen-3-Coder-30B,844,simple,correct,6.926305015353122,1
Qwen-3-Coder-30B,844,simple,correct,1.439894319682959,2
Qwen-3-Coder-30B,844,simple,correct,1.5663956639566397,3
Qwen-3-Coder-30B,844,simple,correct,1.399652978600347,4
Qwen-3-Coder-30B,844,simple,correct,2.0846153846153848,5
Qwen-3-Coder-30B,844,simple,correct,1.8114499066583696,6
Qwen-3-Coder-30B,844,simple,correct,1.6297043010752688,7
Qwen-3-Coder-30B,844,simple,correct,1.4970267591674926,8
Qwen-3-Coder-30B,844,simple,correct,1.3747390396659707,9
Qwen-3-Coder-30B,844,simple,correct,1.6219839142091153,10
Qwen-3-Coder-30B,844,simple,correct,2.129088785046729,11
Qwen-3-Coder-30B,844,simple,correct,1.8741355463347165,12
Qwen-3-Coder-30B,844,simple,correct,1.297482837528604,13
Qwen-3-Coder-30B,844,simple,correct,1.4598540145985401,14
Qwen-3-Coder-30B,844,simple,correct,1.4856512141280354,15
Qwen-3-Coder-30B,844,simple,correct,1.589157413455258,16
Qwen-3-Coder-30B,844,simple,correct,1.5407166123778502,17
Qwen-3-Coder-30B,844,simple,correct,23.91397955171058,18
Qwen-3-Coder-30B,844,simple,correct,1.526605504587156,19
Qwen-3-Coder-30B,844,simple,correct,1.7197070572569906,20
Qwen-3-Coder-30B,844,simple,correct,1.4806007509386734,21
Qwen-3-Coder-30B,844,simple,correct,1.8873417721518988,22
Qwen-3-Coder-30B,844,simple,correct,1.644057249533292,23
Qwen-3-Coder-30B,844,simple,correct,1.4009735320961363,24
Qwen-3-Coder-30B,844,simple,correct,1.7385204081632653,25
Qwen-3-Coder-30B,844,simple,correct,0.8658410732714138,26
Qwen-3-Coder-30B,844,simple,correct,1.5308056872037914,27
Qwen-3-Coder-30B,844,simple,correct,1.1379310344827587,28
Qwen-3-Coder-30B,844,simple,correct,0.8689080010424811,29
Qwen-3-Coder-30B,844,simple,correct,4.694332610715391,30
Qwen-3-Coder-30B,844,simple,correct,1.66467859509609,31
Qwen-3-Coder-30B,844,simple,correct,1.393872003953546,32
Qwen-3-Coder-30B,844,simple,correct,1.7282479141835518,33
Qwen-3-Coder-30B,844,simple,correct,1.6217447916666667,34
Qwen-3-Coder-30B,844,simple,correct,1.4602564102564102,35
Qwen-3-Coder-30B,844,simple,correct,1.6066838046272494,36
Qwen-3-Coder-30B,844,simple,correct,1.4700996677740863,37
Qwen-3-Coder-30B,844,simple,correct,1.3706697459584296,38
Qwen-3-Coder-30B,844,simple,correct,1.525812619502868,39
Qwen-3-Coder-30B,844,simple,correct,1.7101932045303132,40
Qwen-3-Coder-30B,844,simple,correct,1.5485775630703167,41
Qwen-3-Coder-30B,844,simple,correct,1.2693955259400285,42
Qwen-3-Coder-30B,844,simple,correct,1.0834413060378336,43
Qwen-3-Coder-30B,844,simple,correct,1.1161007667031764,44
Qwen-3-Coder-30B,844,simple,correct,1.4985549132947977,45
Qwen-3-Coder-30B,844,simple,correct,1.6085869112130053,46
Qwen-3-Coder-30B,844,simple,correct,1.1428571428571428,47
Qwen-3-Coder-30B,844,simple,correct,1.8044117647058824,48
Qwen-3-Coder-30B,844,simple,correct,1.6569885212694127,49
Qwen-3-Coder-30B,844,simple,correct,1.4592852958406561,50
Qwen-3-Coder-30B,200,simple,semantic,,1
Qwen-3-Coder-30B,200,simple,semantic,,2
Qwen-3-Coder-30B,200,simple,semantic,,3
Qwen-3-Coder-30B,200,simple,semantic,,4
Qwen-3-Coder-30B,200,simple,semantic,,5
Qwen-3-Coder-30B,200,simple,semantic,,6
Qwen-3-Coder-30B,200,simple,semantic,,7
Qwen-3-Coder-30B,200,simple,semantic,,8
Qwen-3-Coder-30B,200,simple,semantic,,9
Qwen-3-Coder-30B,200,simple,semantic,,10
Qwen-3-Coder-30B,200,simple,semantic,,11
Qwen-3-Coder-30B,200,simple,semantic,,12
Qwen-3-Coder-30B,200,simple,semantic,,13
Qwen-3-Coder-30B,200,simple,semantic,,14
Qwen-3-Coder-30B,200,simple,semantic,,15
Qwen-3-Coder-30B,200,simple,semantic,,16
Qwen-3-Coder-30B,200,simple,semantic,,17
Qwen-3-Coder-30B,200,simple,semantic,,18
Qwen-3-Coder-30B,200,simple,semantic,,19
Qwen-3-Coder-30B,200,simple,semantic,,20
Qwen-3-Coder-30B,200,simple,semantic,,21
Qwen-3-Coder-30B,200,simple,semantic,,22
Qwen-3-Coder-30B,200,simple,semantic,,23
Qwen-3-Coder-30B,200,simple,semantic,,24
Qwen-3-Coder-30B,200,simple,semantic,,25
Qwen-3-Coder-30B,200,simple,semantic,,26
Qwen-3-Coder-30B,200,simple,semantic,,27
Qwen-3-Coder-30B,200,simple,semantic,,28
Qwen-3-Coder-30B,200,simple,semantic,,29
Qwen-3-Coder-30B,200,simple,semantic,,30
Qwen-3-Coder-30B,200,simple,semantic,,31
Qwen-3-Coder-30B,200,simple,semantic,,32
Qwen-3-Coder-30B,200,simple,semantic,,33
Qwen-3-Coder-30B,200,simple,semantic,,34
Qwen-3-Coder-30B,200,simple,semantic,,35
Qwen-3-Coder-30B,200,simple,semantic,,36
Qwen-3-Coder-30B,200,simple,semantic,,37
Qwen-3-Coder-30B,200,simple,semantic,,38
Qwen-3-Coder-30B,200,simple,semantic,,39
Qwen-3-Coder-30B,200,simple,semantic,,40
Qwen-3-Coder-30B,200,simple,semantic,,41
Qwen-3-Coder-30B,200,simple,semantic,,42
Qwen-3-Coder-30B,200,simple,semantic,,43
Qwen-3-Coder-30B,200,simple,semantic,,44
Qwen-3-Coder-30B,200,simple,semantic,,45
Qwen-3-Coder-30B,200,simple,semantic,,46
Qwen-3-Coder-30B,200,simple,semantic,,47
Qwen-3-Coder-30B,200,simple,semantic,,48
Qwen-3-Coder-30B,200,simple,semantic,,49
Qwen-3-Coder-30B,200,simple,semantic,,50
Qwen-3-Coder-30B,318,simple,correct,0.0453087609678277,1
Qwen-3-Coder-30B,318,simple,correct,0.2350981968531067,2
Qwen-3-Coder-30B,318,simple,correct,0.012063746102685279,3
Qwen-3-Coder-30B,318,simple,correct,0.5483369599005284,4
Qwen-3-Coder-30B,318,simple,correct,0.3186754256602762,5
Qwen-3-Coder-30B,318,simple,correct,0.2526706014340764,6
Qwen-3-Coder-30B,318,simple,correct,0.3307206364061769,7
Qwen-3-Coder-30B,318,simple,correct,0.22322022621423818,8
Qwen-3-Coder-30B,318,simple,correct,0.23075882591640742,9
Qwen-3-Coder-30B,318,simple,correct,0.3310277483928717,10
Qwen-3-Coder-30B,318,simple,correct,0.16111510791366906,11
Qwen-3-Coder-30B,318,simple,correct,0.3013167176110981,12
Qwen-3-Coder-30B,318,simple,correct,0.2625784302119096,13
Qwen-3-Coder-30B,318,simple,correct,0.23871626900655088,14
Qwen-3-Coder-30B,318,simple,correct,0.2269680137904616,15
Qwen-3-Coder-30B,318,simple,correct,0.14901525391002124,16
Qwen-3-Coder-30B,318,simple,correct,0.3247791010372647,17
Qwen-3-Coder-30B,318,simple,correct,0.12729346424675195,18
Qwen-3-Coder-30B,318,simple,correct,0.1488034188034188,19
Qwen-3-Coder-30B,318,simple,correct,0.22292945933802605,20
Qwen-3-Coder-30B,318,simple,correct,0.1944061453614339,21
Qwen-3-Coder-30B,318,simple,correct,0.23874333673585119,22
Qwen-3-Coder-30B,318,simple,correct,0.18356734269370775,23
Qwen-3-Coder-30B,318,simple,correct,0.22052140636211431,24
Qwen-3-Coder-30B,318,simple,correct,0.22560669456066945,25
Qwen-3-Coder-30B,318,simple,correct,0.19608450050297918,26
Qwen-3-Coder-30B,318,simple,correct,0.2608643744030564,27
Qwen-3-Coder-30B,318,simple,correct,0.2387933123334141,28
Qwen-3-Coder-30B,318,simple,correct,0.28619195046439627,29
Qwen-3-Coder-30B,318,simple,correct,0.33892980935875217,30
Qwen-3-Coder-30B,318,simple,correct,0.23317515099223468,31
Qwen-3-Coder-30B,318,simple,correct,0.2285858585858586,32
Qwen-3-Coder-30B,318,simple,correct,0.20778223397900844,33
Qwen-3-Coder-30B,318,simple,correct,0.2518454724409449,34
Qwen-3-Coder-30B,318,simple,correct,0.21653689284390062,35
Qwen-3-Coder-30B,318,simple,correct,0.21688904808811676,36
Qwen-3-Coder-30B,318,simple,correct,0.23383026176781313,37
Qwen-3-Coder-30B,318,simple,correct,0.1627569343623443,38
Qwen-3-Coder-30B,318,simple,correct,0.2568537083669882,39
Qwen-3-Coder-30B,318,simple,correct,0.26903684550743373,40
Qwen-3-Coder-30B,318,simple,correct,0.24379149250061471,41
Qwen-3-Coder-30B,318,simple,correct,0.24762917663741912,42
Qwen-3-Coder-30B,318,simple,correct,0.2785654712260217,43
Qwen-3-Coder-30B,318,simple,correct,0.2515274949083503,44
Qwen-3-Coder-30B,318,simple,correct,0.18306740475415173,45
Qwen-3-Coder-30B,318,simple,correct,0.2467076382791923,46
Qwen-3-Coder-30B,318,simple,correct,0.2760696899820651,47
Qwen-3-Coder-30B,318,simple,correct,0.2181502191325374,48
Qwen-3-Coder-30B,318,simple,correct,0.2452854230377166,49
Qwen-3-Coder-30B,318,simple,correct,0.2462744090441932,50
Qwen-3-Coder-30B,1505,simple,semantic,,1
Qwen-3-Coder-30B,1505,simple,semantic,,2
Qwen-3-Coder-30B,1505,simple,semantic,,3
Qwen-3-Coder-30B,1505,simple,semantic,,4
Qwen-3-Coder-30B,1505,simple,semantic,,5
Qwen-3-Coder-30B,1505,simple,semantic,,6
Qwen-3-Coder-30B,1505,simple,semantic,,7
Qwen-3-Coder-30B,1505,simple,semantic,,8
Qwen-3-Coder-30B,1505,simple,semantic,,9
Qwen-3-Coder-30B,1505,simple,semantic,,10
Qwen-3-Coder-30B,1505,simple,semantic,,11
Qwen-3-Coder-30B,1505,simple,semantic,,12
Qwen-3-Coder-30B,1505,simple,semantic,,13
Qwen-3-Coder-30B,1505,simple,semantic,,14
Qwen-3-Coder-30B,1505,simple,semantic,,15
Qwen-3-Coder-30B,1505,simple,semantic,,16
Qwen-3-Coder-30B,1505,simple,semantic,,17
Qwen-3-Coder-30B,1505,simple,semantic,,18
Qwen-3-Coder-30B,1505,simple,semantic,,19
Qwen-3-Coder-30B,1505,simple,semantic,,20
Qwen-3-Coder-30B,1505,simple,semantic,,21
Qwen-3-Coder-30B,1505,simple,semantic,,22
Qwen-3-Coder-30B,1505,simple,semantic,,23
Qwen-3-Coder-30B,1505,simple,semantic,,24
Qwen-3-Coder-30B,1505,simple,semantic,,25
Qwen-3-Coder-30B,1505,simple,semantic,,26
Qwen-3-Coder-30B,1505,simple,semantic,,27
Qwen-3-Coder-30B,1505,simple,semantic,,28
Qwen-3-Coder-30B,1505,simple,semantic,,29
Qwen-3-Coder-30B,1505,simple,semantic,,30
Qwen-3-Coder-30B,1505,simple,semantic,,31
Qwen-3-Coder-30B,1505,simple,semantic,,32
Qwen-3-Coder-30B,1505,simple,semantic,,33
Qwen-3-Coder-30B,1505,simple,semantic,,34
Qwen-3-Coder-30B,1505,simple,semantic,,35
Qwen-3-Coder-30B,1505,simple,semantic,,36
Qwen-3-Coder-30B,1505,simple,semantic,,37
Qwen-3-Coder-30B,1505,simple,semantic,,38
Qwen-3-Coder-30B,1505,simple,semantic,,39
Qwen-3-Coder-30B,1505,simple,semantic,,40
Qwen-3-Coder-30B,1505,simple,semantic,,41
Qwen-3-Coder-30B,1505,simple,semantic,,42
Qwen-3-Coder-30B,1505,simple,semantic,,43
Qwen-3-Coder-30B,1505,simple,semantic,,44
Qwen-3-Coder-30B,1505,simple,semantic,,45
Qwen-3-Coder-30B,1505,simple,semantic,,46
Qwen-3-Coder-30B,1505,simple,semantic,,47
Qwen-3-Coder-30B,1505,simple,semantic,,48
Qwen-3-Coder-30B,1505,simple,semantic,,49
Qwen-3-Coder-30B,1505,simple,semantic,,50
Qwen-3-Coder-30B,1314,simple,hallucination,,1
Qwen-3-Coder-30B,1314,simple,hallucination,,2
Qwen-3-Coder-30B,1314,simple,hallucination,,3
Qwen-3-Coder-30B,1314,simple,hallucination,,4
Qwen-3-Coder-30B,1314,simple,hallucination,,5
Qwen-3-Coder-30B,1314,simple,hallucination,,6
Qwen-3-Coder-30B,1314,simple,hallucination,,7
Qwen-3-Coder-30B,1314,simple,hallucination,,8
Qwen-3-Coder-30B,1314,simple,hallucination,,9
Qwen-3-Coder-30B,1314,simple,hallucination,,10
Qwen-3-Coder-30B,1314,simple,hallucination,,11
Qwen-3-Coder-30B,1314,simple,semantic,,12
Qwen-3-Coder-30B,1314,simple,hallucination,,13
Qwen-3-Coder-30B,1314,simple,hallucination,,14
Qwen-3-Coder-30B,1314,simple,hallucination,,15
Qwen-3-Coder-30B,1314,simple,hallucination,,16
Qwen-3-Coder-30B,1314,simple,hallucination,,17
Qwen-3-Coder-30B,1314,simple,hallucination,,18
Qwen-3-Coder-30B,1314,simple,hallucination,,19
Qwen-3-Coder-30B,1314,simple,hallucination,,20
Qwen-3-Coder-30B,1314,simple,hallucination,,21
Qwen-3-Coder-30B,1314,simple,hallucination,,22
Qwen-3-Coder-30B,1314,simple,hallucination,,23
Qwen-3-Coder-30B,1314,simple,hallucination,,24
Qwen-3-Coder-30B,1314,simple,hallucination,,25
Qwen-3-Coder-30B,1314,simple,hallucination,,26
Qwen-3-Coder-30B,1314,simple,hallucination,,27
Qwen-3-Coder-30B,1314,simple,hallucination,,28
Qwen-3-Coder-30B,1314,simple,hallucination,,29
Qwen-3-Coder-30B,1314,simple,hallucination,,30
Qwen-3-Coder-30B,1314,simple,hallucination,,31
Qwen-3-Coder-30B,1314,simple,hallucination,,32
Qwen-3-Coder-30B,1314,simple,hallucination,,33
Qwen-3-Coder-30B,1314,simple,hallucination,,34
Qwen-3-Coder-30B,1314,simple,hallucination,,35
Qwen-3-Coder-30B,1314,simple,hallucination,,36
Qwen-3-Coder-30B,1314,simple,hallucination,,37
Qwen-3-Coder-30B,1314,simple,hallucination,,38
Qwen-3-Coder-30B,1314,simple,hallucination,,39
Qwen-3-Coder-30B,1314,simple,hallucination,,40
Qwen-3-Coder-30B,1314,simple,hallucination,,41
Qwen-3-Coder-30B,1314,simple,hallucination,,42
Qwen-3-Coder-30B,1314,simple,hallucination,,43
Qwen-3-Coder-30B,1314,simple,hallucination,,44
Qwen-3-Coder-30B,1314,simple,hallucination,,45
Qwen-3-Coder-30B,1314,simple,hallucination,,46
Qwen-3-Coder-30B,1314,simple,hallucination,,47
Qwen-3-Coder-30B,1314,simple,hallucination,,48
Qwen-3-Coder-30B,1314,simple,hallucination,,49
Qwen-3-Coder-30B,1314,simple,hallucination,,50
Qwen-3-Coder-30B,1512,simple,correct,5.209630491707885,1
Qwen-3-Coder-30B,1512,simple,correct,1.8283653846153847,2
Qwen-3-Coder-30B,1512,simple,correct,2.3995192307692306,3
Qwen-3-Coder-30B,1512,simple,correct,1.8074794315632012,4
Qwen-3-Coder-30B,1512,simple,correct,2.0857758620689655,5
Qwen-3-Coder-30B,1512,simple,correct,2.41410175879397,6
Qwen-3-Coder-30B,1512,simple,correct,2.0812472551602985,7
Qwen-3-Coder-30B,1512,simple,correct,1.91883963494133,8
Qwen-3-Coder-30B,1512,simple,correct,2.0,9
Qwen-3-Coder-30B,1512,simple,correct,1.8463682570913265,10
Qwen-3-Coder-30B,1512,simple,correct,1.8835298320828868,11
Qwen-3-Coder-30B,1512,simple,correct,1.6368055555555556,12
Qwen-3-Coder-30B,1512,simple,correct,2.0582827725684867,13
Qwen-3-Coder-30B,1512,simple,correct,1.985243482538121,14
Qwen-3-Coder-30B,1512,simple,correct,1.8320229815542788,15
Qwen-3-Coder-30B,1512,simple,correct,2.000667556742323,16
Qwen-3-Coder-30B,1512,simple,correct,2.2360922659430122,17
Qwen-3-Coder-30B,1512,simple,correct,1.7702081643687484,18
Qwen-3-Coder-30B,1512,simple,correct,2.254421221864952,19
Qwen-3-Coder-30B,1512,simple,correct,2.0888814913448734,20
Qwen-3-Coder-30B,1512,simple,correct,1.8596427269413052,21
Qwen-3-Coder-30B,1512,simple,correct,1.9640092879256965,22
Qwen-3-Coder-30B,1512,simple,correct,2.037279803359279,23
Qwen-3-Coder-30B,1512,simple,correct,2.2228760573740347,24
Qwen-3-Coder-30B,1512,simple,correct,2.472922695328648,25
Qwen-3-Coder-30B,1512,simple,correct,2.190058479532164,26
Qwen-3-Coder-30B,1512,simple,correct,1.882072256305385,27
Qwen-3-Coder-30B,1512,simple,correct,1.9262435677530017,28
Qwen-3-Coder-30B,1512,simple,correct,0.9252098462699236,29
Qwen-3-Coder-30B,1512,simple,correct,1.431791221826809,30
Qwen-3-Coder-30B,1512,simple,correct,1.952542372881356,31
Qwen-3-Coder-30B,1512,simple,correct,1.9376285126799178,32
Qwen-3-Coder-30B,1512,simple,correct,1.974458807039402,33
Qwen-3-Coder-30B,1512,simple,correct,2.123081030570017,34
Qwen-3-Coder-30B,1512,simple,correct,1.508267070554083,35
Qwen-3-Coder-30B,1512,simple,correct,2.426189005558987,36
Qwen-3-Coder-30B,1512,simple,correct,0.1331376120828396,37
Qwen-3-Coder-30B,1512,simple,correct,2.569438397910318,38
Qwen-3-Coder-30B,1512,simple,correct,1.3380978559648158,39
Qwen-3-Coder-30B,1512,simple,correct,1.866779497098646,40
Qwen-3-Coder-30B,1512,simple,correct,1.9133858267716535,41
Qwen-3-Coder-30B,1512,simple,correct,1.960146130853537,42
Qwen-3-Coder-30B,1512,simple,correct,2.2067002408583316,43
Qwen-3-Coder-30B,1512,simple,correct,1.02109133126935,44
Qwen-3-Coder-30B,1512,simple,correct,2.1882239382239383,45
Qwen-3-Coder-30B,1512,simple,correct,3.0107664701358625,46
Qwen-3-Coder-30B,1512,simple,correct,8.505222163214729,47
Qwen-3-Coder-30B,1512,simple,correct,1.789665875479277,48
Qwen-3-Coder-30B,1512,simple,correct,2.2328088578088576,49
Qwen-3-Coder-30B,1512,simple,correct,0.9014645810501146,50
Qwen-3-Coder-30B,1361,simple,correct,3.116920543433512,1
Qwen-3-Coder-30B,1361,simple,correct,0.9972023624494871,2
Qwen-3-Coder-30B,1361,simple,correct,1.5366637452527023,3
Qwen-3-Coder-30B,1361,simple,correct,1.8679906542056075,4
Qwen-3-Coder-30B,1361,simple,correct,1.4887445887445887,5
Qwen-3-Coder-30B,1361,simple,correct,1.0902033271719038,6
Qwen-3-Coder-30B,1361,simple,correct,1.580844490216272,7
Qwen-3-Coder-30B,1361,simple,correct,1.546400332917187,8
Qwen-3-Coder-30B,1361,simple,correct,0.6463366336633664,9
Qwen-3-Coder-30B,1361,simple,correct,1.2063329928498467,10
Qwen-3-Coder-30B,1361,simple,correct,1.0201834862385322,11
Qwen-3-Coder-30B,1361,simple,correct,1.664774193548387,12
Qwen-3-Coder-30B,1361,simple,correct,1.9988980716253444,13
Qwen-3-Coder-30B,1361,simple,correct,1.4908275580921322,14
Qwen-3-Coder-30B,1361,simple,correct,1.4299253302699597,15
Qwen-3-Coder-30B,1361,simple,correct,1.238876732312181,16
Qwen-3-Coder-30B,1361,simple,correct,1.484966395472232,17
Qwen-3-Coder-30B,1361,simple,correct,1.4839599862021386,18
Qwen-3-Coder-30B,1361,simple,correct,1.6930309734513274,19
Qwen-3-Coder-30B,1361,simple,correct,1.1091954022988506,20
Qwen-3-Coder-30B,1361,simple,correct,1.854109961894393,21
Qwen-3-Coder-30B,1361,simple,correct,1.2890533696922477,22
Qwen-3-Coder-30B,1361,simple,correct,1.8342541436464088,23
Qwen-3-Coder-30B,1361,simple,correct,1.4911377930245855,24
Qwen-3-Coder-30B,1361,simple,correct,1.2197696737044146,25
Qwen-3-Coder-30B,1361,simple,correct,1.2989821882951653,26
Qwen-3-Coder-30B,1361,simple,correct,1.4802850356294537,27
Qwen-3-Coder-30B,1361,simple,correct,1.6890756302521008,28
Qwen-3-Coder-30B,1361,simple,correct,0.6096242227629088,29
Qwen-3-Coder-30B,1361,simple,correct,1.7716241443683882,30
Qwen-3-Coder-30B,1361,simple,correct,0.6690255851932498,31
Qwen-3-Coder-30B,1361,simple,correct,1.5393939393939393,32
Qwen-3-Coder-30B,1361,simple,correct,0.6353331490185237,33
Qwen-3-Coder-30B,1361,simple,correct,1.7001499250374812,34
Qwen-3-Coder-30B,1361,simple,correct,1.2205882352941178,35
Qwen-3-Coder-30B,1361,simple,correct,1.3118172790466733,36
Qwen-3-Coder-30B,1361,simple,correct,2.3239775461106658,37
Qwen-3-Coder-30B,1361,simple,correct,0.991414554374489,38
Qwen-3-Coder-30B,1361,simple,correct,1.6544741998693664,39
Qwen-3-Coder-30B,1361,simple,correct,0.9316261879619853,40
Qwen-3-Coder-30B,1361,simple,correct,1.7456,41
Qwen-3-Coder-30B,1361,simple,correct,1.2925170068027212,42
Qwen-3-Coder-30B,1361,simple,correct,1.1475352112676056,43
Qwen-3-Coder-30B,1361,simple,correct,1.9657228017883757,44
Qwen-3-Coder-30B,1361,simple,correct,1.535641547861507,45
Qwen-3-Coder-30B,1361,simple,correct,1.8152969894222946,46
Qwen-3-Coder-30B,1361,simple,correct,1.2704456945045435,47
Qwen-3-Coder-30B,1361,simple,correct,1.4900714853057984,48
Qwen-3-Coder-30B,1361,simple,correct,1.560500695410292,49
Qwen-3-Coder-30B,1361,simple,correct,1.6015584415584416,50
Qwen-3-Coder-30B,476,simple,semantic,,1
Qwen-3-Coder-30B,476,simple,semantic,,2
Qwen-3-Coder-30B,476,simple,semantic,,3
Qwen-3-Coder-30B,476,simple,semantic,,4
Qwen-3-Coder-30B,476,simple,semantic,,5
Qwen-3-Coder-30B,476,simple,semantic,,6
Qwen-3-Coder-30B,476,simple,semantic,,7
Qwen-3-Coder-30B,476,simple,semantic,,8
Qwen-3-Coder-30B,476,simple,semantic,,9
Qwen-3-Coder-30B,476,simple,semantic,,10
Qwen-3-Coder-30B,476,simple,semantic,,11
Qwen-3-Coder-30B,476,simple,semantic,,12
Qwen-3-Coder-30B,476,simple,semantic,,13
Qwen-3-Coder-30B,476,simple,semantic,,14
Qwen-3-Coder-30B,476,simple,semantic,,15
Qwen-3-Coder-30B,476,simple,semantic,,16
Qwen-3-Coder-30B,476,simple,semantic,,17
Qwen-3-Coder-30B,476,simple,semantic,,18
Qwen-3-Coder-30B,476,simple,semantic,,19
Qwen-3-Coder-30B,476,simple,semantic,,20
Qwen-3-Coder-30B,476,simple,semantic,,21
Qwen-3-Coder-30B,476,simple,semantic,,22
Qwen-3-Coder-30B,476,simple,semantic,,23
Qwen-3-Coder-30B,476,simple,semantic,,24
Qwen-3-Coder-30B,476,simple,semantic,,25
Qwen-3-Coder-30B,476,simple,semantic,,26
Qwen-3-Coder-30B,476,simple,semantic,,27
Qwen-3-Coder-30B,476,simple,semantic,,28
Qwen-3-Coder-30B,476,simple,semantic,,29
Qwen-3-Coder-30B,476,simple,semantic,,30
Qwen-3-Coder-30B,476,simple,semantic,,31
Qwen-3-Coder-30B,476,simple,semantic,,32
Qwen-3-Coder-30B,476,simple,semantic,,33
Qwen-3-Coder-30B,476,simple,semantic,,34
Qwen-3-Coder-30B,476,simple,semantic,,35
Qwen-3-Coder-30B,476,simple,semantic,,36
Qwen-3-Coder-30B,476,simple,semantic,,37
Qwen-3-Coder-30B,476,simple,semantic,,38
Qwen-3-Coder-30B,476,simple,semantic,,39
Qwen-3-Coder-30B,476,simple,semantic,,40
Qwen-3-Coder-30B,476,simple,semantic,,41
Qwen-3-Coder-30B,476,simple,semantic,,42
Qwen-3-Coder-30B,476,simple,semantic,,43
Qwen-3-Coder-30B,476,simple,semantic,,44
Qwen-3-Coder-30B,476,simple,semantic,,45
Qwen-3-Coder-30B,476,simple,semantic,,46
Qwen-3-Coder-30B,476,simple,semantic,,47
Qwen-3-Coder-30B,476,simple,semantic,,48
Qwen-3-Coder-30B,476,simple,semantic,,49
Qwen-3-Coder-30B,476,simple,semantic,,50
Qwen-3-Coder-30B,748,simple,correct,3.912974683544304,1
Qwen-3-Coder-30B,748,simple,correct,1.5964285714285715,2
Qwen-3-Coder-30B,748,simple,correct,1.733047822983583,3
Qwen-3-Coder-30B,748,simple,correct,1.6405384006334125,4
Qwen-3-Coder-30B,748,simple,correct,1.537047673750718,5
Qwen-3-Coder-30B,748,simple,correct,1.5821220930232558,6
Qwen-3-Coder-30B,748,simple,correct,1.8607198748043818,7
Qwen-3-Coder-30B,748,simple,correct,1.454479768786127,8
Qwen-3-Coder-30B,748,simple,correct,1.8622366288492707,9
Qwen-3-Coder-30B,748,simple,correct,1.6426999266324285,10
Qwen-3-Coder-30B,748,simple,correct,1.0379008746355685,11
Qwen-3-Coder-30B,748,simple,correct,2.099875156054931,12
Qwen-3-Coder-30B,748,simple,correct,0.5160162002945509,13
Qwen-3-Coder-30B,748,simple,correct,1.6443708609271523,14
Qwen-3-Coder-30B,748,simple,correct,1.6001317523056653,15
Qwen-3-Coder-30B,748,simple,correct,1.8646907216494846,16
Qwen-3-Coder-30B,748,simple,correct,0.8874773139745916,17
Qwen-3-Coder-30B,748,simple,correct,1.1871619184998197,18
Qwen-3-Coder-30B,748,simple,correct,1.4829710144927537,19
Qwen-3-Coder-30B,748,simple,correct,2.473101265822785,20
Qwen-3-Coder-30B,748,simple,correct,1.1224146981627297,21
Qwen-3-Coder-30B,748,simple,correct,1.518024411013341,22
Qwen-3-Coder-30B,748,simple,correct,1.6842911877394635,23
Qwen-3-Coder-30B,748,simple,correct,1.6329631794272355,24
Qwen-3-Coder-30B,748,simple,correct,1.1583166332665331,25
Qwen-3-Coder-30B,748,simple,correct,1.743076923076923,26
Qwen-3-Coder-30B,748,simple,correct,1.3474312402698496,27
Qwen-3-Coder-30B,748,simple,correct,1.5539182853315472,28
Qwen-3-Coder-30B,748,simple,correct,1.5955463490419473,29
Qwen-3-Coder-30B,748,simple,correct,0.6588517935548007,30
Qwen-3-Coder-30B,748,simple,correct,1.4297222222222221,31
Qwen-3-Coder-30B,748,simple,correct,1.4932065217391304,32
Qwen-3-Coder-30B,748,simple,correct,1.619109102646869,33
Qwen-3-Coder-30B,748,simple,correct,1.7013188518231186,34
Qwen-3-Coder-30B,748,simple,correct,2.5320584926884138,35
Qwen-3-Coder-30B,748,simple,correct,1.251648733078792,36
Qwen-3-Coder-30B,748,simple,correct,1.179427235534775,37
Qwen-3-Coder-30B,748,simple,correct,1.1665289256198348,38
Qwen-3-Coder-30B,748,simple,correct,1.273392577104025,39
Qwen-3-Coder-30B,748,simple,correct,3.424464192368008,40
Qwen-3-Coder-30B,748,simple,correct,0.6390050627338763,41
Qwen-3-Coder-30B,748,simple,correct,1.697261663286004,42
Qwen-3-Coder-30B,748,simple,correct,1.477636664826063,43
Qwen-3-Coder-30B,748,simple,correct,1.080592867068087,44
Qwen-3-Coder-30B,748,simple,correct,1.6625386996904026,45
Qwen-3-Coder-30B,748,simple,correct,1.5538990825688073,46
Qwen-3-Coder-30B,748,simple,correct,1.42828418230563,47
Qwen-3-Coder-30B,748,simple,correct,1.6306042884990253,48
Qwen-3-Coder-30B,748,simple,correct,1.6244444444444444,49
Qwen-3-Coder-30B,748,simple,correct,1.7585703865791393,50
Qwen-3-Coder-30B,313,simple,correct,5.59646628757108,1
Qwen-3-Coder-30B,313,simple,correct,0.4993059170570883,2
Qwen-3-Coder-30B,313,simple,correct,1.2302691260961596,3
Qwen-3-Coder-30B,313,simple,correct,1.0053292729349068,4
Qwen-3-Coder-30B,313,simple,correct,1.347008547008547,5
Qwen-3-Coder-30B,313,simple,correct,2.18323020583407,6
Qwen-3-Coder-30B,313,simple,correct,0.9986607142857142,7
Qwen-3-Coder-30B,313,simple,correct,1.083568699119455,8
Qwen-3-Coder-30B,313,simple,correct,0.8689415672655896,9
Qwen-3-Coder-30B,313,simple,correct,1.1857261717666636,10
Qwen-3-Coder-30B,313,simple,correct,1.0041788549937316,11
Qwen-3-Coder-30B,313,simple,correct,1.6067438148443736,12
Qwen-3-Coder-30B,313,simple,correct,1.3119359782053466,13
Qwen-3-Coder-30B,313,simple,correct,1.115110477548111,14
Qwen-3-Coder-30B,313,simple,correct,1.2204379562043797,15
Qwen-3-Coder-30B,313,simple,correct,1.2612028301886793,16
Qwen-3-Coder-30B,313,simple,correct,1.2004219409282701,17
Qwen-3-Coder-30B,313,simple,correct,1.2978102189781022,18
Qwen-3-Coder-30B,313,simple,correct,1.20417833297437,19
Qwen-3-Coder-30B,313,simple,correct,1.134879513117855,20
Qwen-3-Coder-30B,313,simple,correct,1.2441592629154328,21
Qwen-3-Coder-30B,313,simple,correct,1.2898767898767898,22
Qwen-3-Coder-30B,313,simple,correct,1.1570454545454545,23
Qwen-3-Coder-30B,313,simple,correct,1.2612214863870492,24
Qwen-3-Coder-30B,313,simple,correct,1.2405678724231817,25
Qwen-3-Coder-30B,313,simple,correct,1.000808244089715,26
Qwen-3-Coder-30B,313,simple,correct,1.1249759661603538,27
Qwen-3-Coder-30B,313,simple,correct,1.3707653701380176,28
Qwen-3-Coder-30B,313,simple,correct,1.0866594750089895,29
Qwen-3-Coder-30B,313,simple,correct,1.216787501276422,30
Qwen-3-Coder-30B,313,simple,correct,0.9567972350230415,31
Qwen-3-Coder-30B,313,simple,correct,1.2409265000911909,32
Qwen-3-Coder-30B,313,simple,correct,1.1992797118847538,33
Qwen-3-Coder-30B,313,simple,correct,1.2925742574257426,34
Qwen-3-Coder-30B,313,simple,correct,1.1759530791788857,35
Qwen-3-Coder-30B,313,simple,correct,1.1790432801822324,36
Qwen-3-Coder-30B,313,simple,correct,1.4463289962825279,37
Qwen-3-Coder-30B,313,simple,correct,1.2039933444259567,38
Qwen-3-Coder-30B,313,simple,correct,1.2697947214076246,39
Qwen-3-Coder-30B,313,simple,correct,1.2700999231360492,40
Qwen-3-Coder-30B,313,simple,correct,1.0855263157894737,41
Qwen-3-Coder-30B,313,simple,correct,1.0946502057613168,42
Qwen-3-Coder-30B,313,simple,correct,0.929141428708778,43
Qwen-3-Coder-30B,313,simple,correct,1.1710173431074558,44
Qwen-3-Coder-30B,313,simple,correct,1.1618173331258752,45
Qwen-3-Coder-30B,313,simple,correct,1.2635552505147563,46
Qwen-3-Coder-30B,313,simple,correct,1.1884057971014492,47
Qwen-3-Coder-30B,313,simple,correct,1.399874055415617,48
Qwen-3-Coder-30B,313,simple,correct,1.0943512390334,49
Qwen-3-Coder-30B,313,simple,correct,0.7696396928529238,50
Qwen-3-Coder-30B,389,simple,semantic,,1
Qwen-3-Coder-30B,389,simple,semantic,,2
Qwen-3-Coder-30B,389,simple,semantic,,3
Qwen-3-Coder-30B,389,simple,semantic,,4
Qwen-3-Coder-30B,389,simple,semantic,,5
Qwen-3-Coder-30B,389,simple,semantic,,6
Qwen-3-Coder-30B,389,simple,semantic,,7
Qwen-3-Coder-30B,389,simple,semantic,,8
Qwen-3-Coder-30B,389,simple,semantic,,9
Qwen-3-Coder-30B,389,simple,semantic,,10
Qwen-3-Coder-30B,389,simple,semantic,,11
Qwen-3-Coder-30B,389,simple,semantic,,12
Qwen-3-Coder-30B,389,simple,semantic,,13
Qwen-3-Coder-30B,389,simple,semantic,,14
Qwen-3-Coder-30B,389,simple,semantic,,15
Qwen-3-Coder-30B,389,simple,semantic,,16
Qwen-3-Coder-30B,389,simple,semantic,,17
Qwen-3-Coder-30B,389,simple,semantic,,18
Qwen-3-Coder-30B,389,simple,semantic,,19
Qwen-3-Coder-30B,389,simple,semantic,,20
Qwen-3-Coder-30B,389,simple,semantic,,21
Qwen-3-Coder-30B,389,simple,semantic,,22
Qwen-3-Coder-30B,389,simple,semantic,,23
Qwen-3-Coder-30B,389,simple,semantic,,24
Qwen-3-Coder-30B,389,simple,semantic,,25
Qwen-3-Coder-30B,389,simple,semantic,,26
Qwen-3-Coder-30B,389,simple,semantic,,27
Qwen-3-Coder-30B,389,simple,semantic,,28
Qwen-3-Coder-30B,389,simple,semantic,,29
Qwen-3-Coder-30B,389,simple,semantic,,30
Qwen-3-Coder-30B,389,simple,semantic,,31
Qwen-3-Coder-30B,389,simple,semantic,,32
Qwen-3-Coder-30B,389,simple,semantic,,33
Qwen-3-Coder-30B,389,simple,semantic,,34
Qwen-3-Coder-30B,389,simple,semantic,,35
Qwen-3-Coder-30B,389,simple,semantic,,36
Qwen-3-Coder-30B,389,simple,semantic,,37
Qwen-3-Coder-30B,389,simple,semantic,,38
Qwen-3-Coder-30B,389,simple,semantic,,39
Qwen-3-Coder-30B,389,simple,semantic,,40
Qwen-3-Coder-30B,389,simple,semantic,,41
Qwen-3-Coder-30B,389,simple,semantic,,42
Qwen-3-Coder-30B,389,simple,semantic,,43
Qwen-3-Coder-30B,389,simple,semantic,,44
Qwen-3-Coder-30B,389,simple,semantic,,45
Qwen-3-Coder-30B,389,simple,semantic,,46
Qwen-3-Coder-30B,389,simple,semantic,,47
Qwen-3-Coder-30B,389,simple,semantic,,48
Qwen-3-Coder-30B,389,simple,semantic,,49
Qwen-3-Coder-30B,389,simple,semantic,,50
Qwen-3-Coder-30B,181,simple,correct,1.8312587711269754,1
Qwen-3-Coder-30B,181,simple,correct,0.9991963899363293,2
Qwen-3-Coder-30B,181,simple,correct,0.8525047080979284,3
Qwen-3-Coder-30B,181,simple,correct,0.8654643975954619,4
Qwen-3-Coder-30B,181,simple,correct,0.7858007260992336,5
Qwen-3-Coder-30B,181,simple,correct,0.9693634016852565,6
Qwen-3-Coder-30B,181,simple,correct,1.025023386342376,7
Qwen-3-Coder-30B,181,simple,correct,1.0223407467042367,8
Qwen-3-Coder-30B,181,simple,correct,1.0085453854918345,9
Qwen-3-Coder-30B,181,simple,correct,0.8911452427584785,10
Qwen-3-Coder-30B,181,simple,correct,0.9283967865874956,11
Qwen-3-Coder-30B,181,simple,correct,1.0362308036379901,12
Qwen-3-Coder-30B,181,simple,correct,0.8269765373067942,13
Qwen-3-Coder-30B,181,simple,correct,1.0152905198776758,14
Qwen-3-Coder-30B,181,simple,correct,0.9301310043668122,15
Qwen-3-Coder-30B,181,simple,correct,0.9644140905823149,16
Qwen-3-Coder-30B,181,simple,correct,0.7087542087542088,17
Qwen-3-Coder-30B,181,simple,correct,0.7360428762840554,18
Qwen-3-Coder-30B,181,simple,correct,0.6613221115431737,19
Qwen-3-Coder-30B,181,simple,correct,1.2468014329580348,20
Qwen-3-Coder-30B,181,simple,correct,0.8903353057199211,21
Qwen-3-Coder-30B,181,simple,correct,1.0839055434600569,22
Qwen-3-Coder-30B,181,simple,correct,0.8444627080336963,23
Qwen-3-Coder-30B,181,simple,correct,0.8297972051806408,24
Qwen-3-Coder-30B,181,simple,correct,0.9289315954714109,25
Qwen-3-Coder-30B,181,simple,correct,0.9916880844315634,26
Qwen-3-Coder-30B,181,simple,correct,1.057442604441099,27
Qwen-3-Coder-30B,181,simple,correct,0.7365135108769876,28
Qwen-3-Coder-30B,181,simple,correct,0.8415116739216463,29
Qwen-3-Coder-30B,181,simple,correct,1.023797206414899,30
Qwen-3-Coder-30B,181,simple,correct,0.9090605148779672,31
Qwen-3-Coder-30B,181,simple,correct,1.1012514220705347,32
Qwen-3-Coder-30B,181,simple,correct,0.8544697549770292,33
Qwen-3-Coder-30B,181,simple,correct,0.862483039348711,34
Qwen-3-Coder-30B,181,simple,correct,1.3592010818683034,35
Qwen-3-Coder-30B,181,simple,correct,0.830871353777113,36
Qwen-3-Coder-30B,181,simple,correct,0.6034246950051972,37
Qwen-3-Coder-30B,181,simple,correct,0.9911825977423574,38
Qwen-3-Coder-30B,181,simple,correct,0.884538965339613,39
Qwen-3-Coder-30B,181,simple,correct,0.7506745278305187,40
Qwen-3-Coder-30B,181,simple,correct,0.8675174013921114,41
Qwen-3-Coder-30B,181,simple,correct,0.9794383149448345,42
Qwen-3-Coder-30B,181,simple,correct,0.9433354127677271,43
Qwen-3-Coder-30B,181,simple,correct,0.7755139613378337,44
Qwen-3-Coder-30B,181,simple,correct,0.8218943033630748,45
Qwen-3-Coder-30B,181,simple,correct,1.0510908805525034,46
Qwen-3-Coder-30B,181,simple,correct,1.053565596080566,47
Qwen-3-Coder-30B,181,simple,correct,0.9781889290012034,48
Qwen-3-Coder-30B,181,simple,correct,0.8381002638522428,49
Qwen-3-Coder-30B,181,simple,correct,0.6547393772578702,50
Qwen-3-Coder-30B,614,simple,semantic,,1
Qwen-3-Coder-30B,614,simple,semantic,,2
Qwen-3-Coder-30B,614,simple,semantic,,3
Qwen-3-Coder-30B,614,simple,semantic,,4
Qwen-3-Coder-30B,614,simple,semantic,,5
Qwen-3-Coder-30B,614,simple,semantic,,6
Qwen-3-Coder-30B,614,simple,semantic,,7
Qwen-3-Coder-30B,614,simple,semantic,,8
Qwen-3-Coder-30B,614,simple,semantic,,9
Qwen-3-Coder-30B,614,simple,semantic,,10
Qwen-3-Coder-30B,614,simple,semantic,,11
Qwen-3-Coder-30B,614,simple,semantic,,12
Qwen-3-Coder-30B,614,simple,semantic,,13
Qwen-3-Coder-30B,614,simple,semantic,,14
Qwen-3-Coder-30B,614,simple,semantic,,15
Qwen-3-Coder-30B,614,simple,semantic,,16
Qwen-3-Coder-30B,614,simple,semantic,,17
Qwen-3-Coder-30B,614,simple,semantic,,18
Qwen-3-Coder-30B,614,simple,semantic,,19
Qwen-3-Coder-30B,614,simple,semantic,,20
Qwen-3-Coder-30B,614,simple,semantic,,21
Qwen-3-Coder-30B,614,simple,semantic,,22
Qwen-3-Coder-30B,614,simple,semantic,,23
Qwen-3-Coder-30B,614,simple,semantic,,24
Qwen-3-Coder-30B,614,simple,semantic,,25
Qwen-3-Coder-30B,614,simple,semantic,,26
Qwen-3-Coder-30B,614,simple,semantic,,27
Qwen-3-Coder-30B,614,simple,semantic,,28
Qwen-3-Coder-30B,614,simple,semantic,,29
Qwen-3-Coder-30B,614,simple,semantic,,30
Qwen-3-Coder-30B,614,simple,semantic,,31
Qwen-3-Coder-30B,614,simple,semantic,,32
Qwen-3-Coder-30B,614,simple,semantic,,33
Qwen-3-Coder-30B,614,simple,semantic,,34
Qwen-3-Coder-30B,614,simple,semantic,,35
Qwen-3-Coder-30B,614,simple,semantic,,36
Qwen-3-Coder-30B,614,simple,semantic,,37
Qwen-3-Coder-30B,614,simple,semantic,,38
Qwen-3-Coder-30B,614,simple,semantic,,39
Qwen-3-Coder-30B,614,simple,semantic,,40
Qwen-3-Coder-30B,614,simple,semantic,,41
Qwen-3-Coder-30B,614,simple,semantic,,42
Qwen-3-Coder-30B,614,simple,semantic,,43
Qwen-3-Coder-30B,614,simple,semantic,,44
Qwen-3-Coder-30B,614,simple,semantic,,45
Qwen-3-Coder-30B,614,simple,semantic,,46
Qwen-3-Coder-30B,614,simple,semantic,,47
Qwen-3-Coder-30B,614,simple,semantic,,48
Qwen-3-Coder-30B,614,simple,semantic,,49
Qwen-3-Coder-30B,614,simple,semantic,,50
Qwen-3-Coder-30B,132,simple,correct,1.1813427800269904,1
Qwen-3-Coder-30B,132,simple,correct,0.9873756694720734,2
Qwen-3-Coder-30B,132,simple,correct,0.9800524517205754,3
Qwen-3-Coder-30B,132,simple,correct,1.0548822439798888,4
Qwen-3-Coder-30B,132,simple,correct,0.8815173727585207,5
Qwen-3-Coder-30B,132,simple,correct,0.8727368144843873,6
Qwen-3-Coder-30B,132,simple,correct,1.121729106628242,7
Qwen-3-Coder-30B,132,simple,correct,0.6950524737631184,8
Qwen-3-Coder-30B,132,simple,correct,1.1678158686996212,9
Qwen-3-Coder-30B,132,simple,correct,1.0339135654261704,10
Qwen-3-Coder-30B,132,simple,correct,0.8938875305623472,11
Qwen-3-Coder-30B,132,simple,correct,0.6237461037120997,12
Qwen-3-Coder-30B,132,simple,correct,1.1670752504796418,13
Qwen-3-Coder-30B,132,simple,correct,1.1192938353425128,14
Qwen-3-Coder-30B,132,simple,correct,0.9246943312337903,15
Qwen-3-Coder-30B,132,simple,correct,0.7837463017751479,16
Qwen-3-Coder-30B,132,simple,correct,0.951954105414127,17
Qwen-3-Coder-30B,132,simple,correct,0.9952967525195968,18
Qwen-3-Coder-30B,132,simple,correct,1.0334260348700395,19
Qwen-3-Coder-30B,132,simple,correct,0.683291770573566,20
Qwen-3-Coder-30B,132,simple,correct,0.9948936170212765,21
Qwen-3-Coder-30B,132,simple,correct,0.817704280155642,22
Qwen-3-Coder-30B,132,simple,correct,1.346162710301913,23
Qwen-3-Coder-30B,132,simple,correct,0.9470505076468321,24
Qwen-3-Coder-30B,132,simple,correct,0.47756274426708106,25
Qwen-3-Coder-30B,132,simple,correct,1.2245057232049947,26
Qwen-3-Coder-30B,132,simple,correct,0.9436444348202685,27
Qwen-3-Coder-30B,132,simple,correct,0.8560652395514781,28
Qwen-3-Coder-30B,132,simple,correct,1.153250773993808,29
Qwen-3-Coder-30B,132,simple,correct,1.1117572425459927,30
Qwen-3-Coder-30B,132,simple,correct,1.154275092936803,31
Qwen-3-Coder-30B,132,simple,correct,0.8529637339761148,32
Qwen-3-Coder-30B,132,simple,correct,0.9008935475556319,33
Qwen-3-Coder-30B,132,simple,correct,1.0274987915570117,34
Qwen-3-Coder-30B,132,simple,correct,1.08008658008658,35
Qwen-3-Coder-30B,132,simple,correct,1.0808766784997685,36
Qwen-3-Coder-30B,132,simple,correct,0.8258234519104084,37
Qwen-3-Coder-30B,132,simple,correct,0.983859649122807,38
Qwen-3-Coder-30B,132,simple,correct,1.0686807215822647,39
Qwen-3-Coder-30B,132,simple,correct,1.0232594361663465,40
Qwen-3-Coder-30B,132,simple,correct,1.0381849874714022,41
Qwen-3-Coder-30B,132,simple,correct,0.863771243593202,42
Qwen-3-Coder-30B,132,simple,correct,1.0427968655816757,43
Qwen-3-Coder-30B,132,simple,correct,1.0620112945264988,44
Qwen-3-Coder-30B,132,simple,correct,1.0610223152734515,45
Qwen-3-Coder-30B,132,simple,correct,0.9829556274995239,46
Qwen-3-Coder-30B,132,simple,correct,1.1129059587687093,47
Qwen-3-Coder-30B,132,simple,correct,1.1240712468193383,48
Qwen-3-Coder-30B,132,simple,correct,1.1099203077768618,49
Qwen-3-Coder-30B,132,simple,correct,1.128180559991483,50
Qwen-3-Coder-30B,1585,Simple,semantic,,1
Qwen-3-Coder-30B,1585,Simple,semantic,,2
Qwen-3-Coder-30B,1585,Simple,semantic,,3
Qwen-3-Coder-30B,1585,Simple,semantic,,4
Qwen-3-Coder-30B,1585,Simple,semantic,,5
Qwen-3-Coder-30B,1585,Simple,semantic,,6
Qwen-3-Coder-30B,1585,Simple,semantic,,7
Qwen-3-Coder-30B,1585,Simple,semantic,,8
Qwen-3-Coder-30B,1585,Simple,semantic,,9
Qwen-3-Coder-30B,1585,Simple,semantic,,10
Qwen-3-Coder-30B,1585,Simple,semantic,,11
Qwen-3-Coder-30B,1585,Simple,semantic,,12
Qwen-3-Coder-30B,1585,Simple,semantic,,13
Qwen-3-Coder-30B,1585,Simple,semantic,,14
Qwen-3-Coder-30B,1585,Simple,semantic,,15
Qwen-3-Coder-30B,1585,Simple,semantic,,16
Qwen-3-Coder-30B,1585,Simple,semantic,,17
Qwen-3-Coder-30B,1585,Simple,semantic,,18
Qwen-3-Coder-30B,1585,Simple,semantic,,19
Qwen-3-Coder-30B,1585,Simple,semantic,,20
Qwen-3-Coder-30B,1585,Simple,semantic,,21
Qwen-3-Coder-30B,1585,Simple,semantic,,22
Qwen-3-Coder-30B,1585,Simple,semantic,,23
Qwen-3-Coder-30B,1585,Simple,semantic,,24
Qwen-3-Coder-30B,1585,Simple,semantic,,25
Qwen-3-Coder-30B,1585,Simple,semantic,,26
Qwen-3-Coder-30B,1585,Simple,semantic,,27
Qwen-3-Coder-30B,1585,Simple,semantic,,28
Qwen-3-Coder-30B,1585,Simple,semantic,,29
Qwen-3-Coder-30B,1585,Simple,semantic,,30
Qwen-3-Coder-30B,1585,Simple,semantic,,31
Qwen-3-Coder-30B,1585,Simple,semantic,,32
Qwen-3-Coder-30B,1585,Simple,semantic,,33
Qwen-3-Coder-30B,1585,Simple,semantic,,34
Qwen-3-Coder-30B,1585,Simple,semantic,,35
Qwen-3-Coder-30B,1585,Simple,semantic,,36
Qwen-3-Coder-30B,1585,Simple,semantic,,37
Qwen-3-Coder-30B,1585,Simple,semantic,,38
Qwen-3-Coder-30B,1585,Simple,semantic,,39
Qwen-3-Coder-30B,1585,Simple,semantic,,40
Qwen-3-Coder-30B,1585,Simple,semantic,,41
Qwen-3-Coder-30B,1585,Simple,semantic,,42
Qwen-3-Coder-30B,1585,Simple,semantic,,43
Qwen-3-Coder-30B,1585,Simple,semantic,,44
Qwen-3-Coder-30B,1585,Simple,semantic,,45
Qwen-3-Coder-30B,1585,Simple,semantic,,46
Qwen-3-Coder-30B,1585,Simple,semantic,,47
Qwen-3-Coder-30B,1585,Simple,semantic,,48
Qwen-3-Coder-30B,1585,Simple,semantic,,49
Qwen-3-Coder-30B,1585,Simple,semantic,,50
Qwen-3-Coder-30B,61,simple,correct,10.418855343582145,1
Qwen-3-Coder-30B,61,simple,correct,1.4528227484829233,2
Qwen-3-Coder-30B,61,simple,correct,1.1901713676068546,3
Qwen-3-Coder-30B,61,simple,correct,1.2607932270245568,4
Qwen-3-Coder-30B,61,simple,correct,1.3762390358696428,5
Qwen-3-Coder-30B,61,simple,correct,1.2715379397228415,6
Qwen-3-Coder-30B,61,simple,correct,0.6959721325089969,7
Qwen-3-Coder-30B,61,simple,correct,1.1654750803025593,8
Qwen-3-Coder-30B,61,simple,correct,1.287897502966892,9
Qwen-3-Coder-30B,61,simple,correct,1.4472493688919994,10
Qwen-3-Coder-30B,61,simple,correct,1.2830807956171957,11
Qwen-3-Coder-30B,61,simple,correct,1.2715609579973524,12
Qwen-3-Coder-30B,61,simple,correct,1.2461705748865355,13
Qwen-3-Coder-30B,61,simple,correct,1.2531432338077684,14
Qwen-3-Coder-30B,61,simple,correct,1.1686039730980056,15
Qwen-3-Coder-30B,61,simple,correct,0.9668568748534355,16
Qwen-3-Coder-30B,61,simple,correct,1.1749456583914883,17
Qwen-3-Coder-30B,61,simple,correct,1.237030991189956,18
Qwen-3-Coder-30B,61,simple,correct,1.1637579654400367,19
Qwen-3-Coder-30B,61,simple,correct,1.3156696277971438,20
Qwen-3-Coder-30B,61,simple,correct,0.9278560312836679,21
Qwen-3-Coder-30B,61,simple,correct,1.188358954145316,22
Qwen-3-Coder-30B,61,simple,correct,0.9690003697769013,23
Qwen-3-Coder-30B,61,simple,correct,1.3271297054517481,24
Qwen-3-Coder-30B,61,simple,correct,0.9404766705649877,25
Qwen-3-Coder-30B,61,simple,correct,1.3840754967515532,26
Qwen-3-Coder-30B,61,simple,correct,1.2832764505119454,27
Qwen-3-Coder-30B,61,simple,correct,0.8861994076999012,28
Qwen-3-Coder-30B,61,simple,correct,0.9794793020599473,29
Qwen-3-Coder-30B,61,simple,correct,1.1427410786825822,30
Qwen-3-Coder-30B,61,simple,correct,0.902309127662883,31
Qwen-3-Coder-30B,61,simple,correct,1.2498195640667853,32
Qwen-3-Coder-30B,61,simple,correct,1.070495930675098,33
Qwen-3-Coder-30B,61,simple,correct,0.9209945689069925,34
Qwen-3-Coder-30B,61,simple,correct,0.8801792142145975,35
Qwen-3-Coder-30B,61,simple,correct,0.8005917566916673,36
Qwen-3-Coder-30B,61,simple,correct,0.9943870134065579,37
Qwen-3-Coder-30B,61,simple,correct,0.5971111918604651,38
Qwen-3-Coder-30B,61,simple,correct,1.2738837063530106,39
Qwen-3-Coder-30B,61,simple,correct,0.9385806555141012,40
Qwen-3-Coder-30B,61,simple,correct,1.1407824126718136,41
Qwen-3-Coder-30B,61,simple,correct,1.2761672187431998,42
Qwen-3-Coder-30B,61,simple,correct,1.076343916179645,43
Qwen-3-Coder-30B,61,simple,correct,0.9776017013102833,44
Qwen-3-Coder-30B,61,simple,correct,0.902557200538358,45
Qwen-3-Coder-30B,61,simple,correct,0.8189130689130689,46
Qwen-3-Coder-30B,61,simple,correct,0.890147627694008,47
Qwen-3-Coder-30B,61,simple,correct,1.3152255639097745,48
Qwen-3-Coder-30B,61,simple,correct,1.0064844835572024,49
Qwen-3-Coder-30B,61,simple,correct,0.9232167555819009,50
Qwen-3-Coder-30B,464,simple,semantic,,1
Qwen-3-Coder-30B,464,simple,semantic,,2
Qwen-3-Coder-30B,464,simple,semantic,,3
Qwen-3-Coder-30B,464,simple,semantic,,4
Qwen-3-Coder-30B,464,simple,semantic,,5
Qwen-3-Coder-30B,464,simple,semantic,,6
Qwen-3-Coder-30B,464,simple,semantic,,7
Qwen-3-Coder-30B,464,simple,semantic,,8
Qwen-3-Coder-30B,464,simple,semantic,,9
Qwen-3-Coder-30B,464,simple,semantic,,10
Qwen-3-Coder-30B,464,simple,semantic,,11
Qwen-3-Coder-30B,464,simple,semantic,,12
Qwen-3-Coder-30B,464,simple,semantic,,13
Qwen-3-Coder-30B,464,simple,semantic,,14
Qwen-3-Coder-30B,464,simple,semantic,,15
Qwen-3-Coder-30B,464,simple,semantic,,16
Qwen-3-Coder-30B,464,simple,semantic,,17
Qwen-3-Coder-30B,464,simple,semantic,,18
Qwen-3-Coder-30B,464,simple,semantic,,19
Qwen-3-Coder-30B,464,simple,semantic,,20
Qwen-3-Coder-30B,464,simple,semantic,,21
Qwen-3-Coder-30B,464,simple,semantic,,22
Qwen-3-Coder-30B,464,simple,semantic,,23
Qwen-3-Coder-30B,464,simple,semantic,,24
Qwen-3-Coder-30B,464,simple,semantic,,25
Qwen-3-Coder-30B,464,simple,semantic,,26
Qwen-3-Coder-30B,464,simple,semantic,,27
Qwen-3-Coder-30B,464,simple,semantic,,28
Qwen-3-Coder-30B,464,simple,semantic,,29
Qwen-3-Coder-30B,464,simple,semantic,,30
Qwen-3-Coder-30B,464,simple,semantic,,31
Qwen-3-Coder-30B,464,simple,semantic,,32
Qwen-3-Coder-30B,464,simple,semantic,,33
Qwen-3-Coder-30B,464,simple,semantic,,34
Qwen-3-Coder-30B,464,simple,semantic,,35
Qwen-3-Coder-30B,464,simple,semantic,,36
Qwen-3-Coder-30B,464,simple,semantic,,37
Qwen-3-Coder-30B,464,simple,semantic,,38
Qwen-3-Coder-30B,464,simple,semantic,,39
Qwen-3-Coder-30B,464,simple,semantic,,40
Qwen-3-Coder-30B,464,simple,semantic,,41
Qwen-3-Coder-30B,464,simple,semantic,,42
Qwen-3-Coder-30B,464,simple,semantic,,43
Qwen-3-Coder-30B,464,simple,semantic,,44
Qwen-3-Coder-30B,464,simple,semantic,,45
Qwen-3-Coder-30B,464,simple,semantic,,46
Qwen-3-Coder-30B,464,simple,semantic,,47
Qwen-3-Coder-30B,464,simple,semantic,,48
Qwen-3-Coder-30B,464,simple,semantic,,49
Qwen-3-Coder-30B,464,simple,semantic,,50
Qwen-3-Coder-30B,496,simple,semantic,,1
Qwen-3-Coder-30B,496,simple,semantic,,2
Qwen-3-Coder-30B,496,simple,semantic,,3
Qwen-3-Coder-30B,496,simple,semantic,,4
Qwen-3-Coder-30B,496,simple,semantic,,5
Qwen-3-Coder-30B,496,simple,semantic,,6
Qwen-3-Coder-30B,496,simple,semantic,,7
Qwen-3-Coder-30B,496,simple,semantic,,8
Qwen-3-Coder-30B,496,simple,semantic,,9
Qwen-3-Coder-30B,496,simple,semantic,,10
Qwen-3-Coder-30B,496,simple,semantic,,11
Qwen-3-Coder-30B,496,simple,semantic,,12
Qwen-3-Coder-30B,496,simple,semantic,,13
Qwen-3-Coder-30B,496,simple,semantic,,14
Qwen-3-Coder-30B,496,simple,semantic,,15
Qwen-3-Coder-30B,496,simple,semantic,,16
Qwen-3-Coder-30B,496,simple,semantic,,17
Qwen-3-Coder-30B,496,simple,semantic,,18
Qwen-3-Coder-30B,496,simple,semantic,,19
Qwen-3-Coder-30B,496,simple,semantic,,20
Qwen-3-Coder-30B,496,simple,semantic,,21
Qwen-3-Coder-30B,496,simple,semantic,,22
Qwen-3-Coder-30B,496,simple,semantic,,23
Qwen-3-Coder-30B,496,simple,semantic,,24
Qwen-3-Coder-30B,496,simple,semantic,,25
Qwen-3-Coder-30B,496,simple,semantic,,26
Qwen-3-Coder-30B,496,simple,semantic,,27
Qwen-3-Coder-30B,496,simple,semantic,,28
Qwen-3-Coder-30B,496,simple,semantic,,29
Qwen-3-Coder-30B,496,simple,semantic,,30
Qwen-3-Coder-30B,496,simple,semantic,,31
Qwen-3-Coder-30B,496,simple,semantic,,32
Qwen-3-Coder-30B,496,simple,semantic,,33
Qwen-3-Coder-30B,496,simple,semantic,,34
Qwen-3-Coder-30B,496,simple,semantic,,35
Qwen-3-Coder-30B,496,simple,semantic,,36
Qwen-3-Coder-30B,496,simple,semantic,,37
Qwen-3-Coder-30B,496,simple,semantic,,38
Qwen-3-Coder-30B,496,simple,semantic,,39
Qwen-3-Coder-30B,496,simple,semantic,,40
Qwen-3-Coder-30B,496,simple,semantic,,41
Qwen-3-Coder-30B,496,simple,semantic,,42
Qwen-3-Coder-30B,496,simple,semantic,,43
Qwen-3-Coder-30B,496,simple,semantic,,44
Qwen-3-Coder-30B,496,simple,semantic,,45
Qwen-3-Coder-30B,496,simple,semantic,,46
Qwen-3-Coder-30B,496,simple,semantic,,47
Qwen-3-Coder-30B,496,simple,semantic,,48
Qwen-3-Coder-30B,496,simple,semantic,,49
Qwen-3-Coder-30B,496,simple,semantic,,50
Qwen-3-Coder-30B,1129,simple,correct,7.046991521095107,1
Qwen-3-Coder-30B,1129,simple,correct,1.30668016194332,2
Qwen-3-Coder-30B,1129,simple,correct,1.1439688715953307,3
Qwen-3-Coder-30B,1129,simple,correct,1.136034604519774,4
Qwen-3-Coder-30B,1129,simple,correct,1.1442824251726784,5
Qwen-3-Coder-30B,1129,simple,correct,1.1548813505335245,6
Qwen-3-Coder-30B,1129,simple,correct,1.1025070764253944,7
Qwen-3-Coder-30B,1129,simple,correct,1.1209494324045408,8
Qwen-3-Coder-30B,1129,simple,correct,1.3727130162049137,9
Qwen-3-Coder-30B,1129,simple,correct,1.184889156989896,10
Qwen-3-Coder-30B,1129,simple,correct,1.8597990421635835,11
Qwen-3-Coder-30B,1129,simple,correct,1.2540008206811655,12
Qwen-3-Coder-30B,1129,simple,correct,4.48209526982012,13
Qwen-3-Coder-30B,1129,simple,correct,1.3043914176859837,14
Qwen-3-Coder-30B,1129,simple,correct,1.2547303689687797,15
Qwen-3-Coder-30B,1129,simple,correct,1.4738856371004052,16
Qwen-3-Coder-30B,1129,simple,correct,1.2895086321381142,17
Qwen-3-Coder-30B,1129,simple,correct,1.1483059876411676,18
Qwen-3-Coder-30B,1129,simple,correct,1.2478576137112722,19
Qwen-3-Coder-30B,1129,simple,correct,1.2446108054478218,20
Qwen-3-Coder-30B,1129,simple,correct,1.2090408993063861,21
Qwen-3-Coder-30B,1129,simple,correct,0.8577834721332479,22
Qwen-3-Coder-30B,1129,simple,correct,1.1553422370617696,23
Qwen-3-Coder-30B,1129,simple,correct,1.2343487646917726,24
Qwen-3-Coder-30B,1129,simple,correct,1.2063959604460341,25
Qwen-3-Coder-30B,1129,simple,correct,1.2868327402135231,26
Qwen-3-Coder-30B,1129,simple,correct,1.1394981229006125,27
Qwen-3-Coder-30B,1129,simple,correct,1.3356727976766698,28
Qwen-3-Coder-30B,1129,simple,correct,1.26760098928277,29
Qwen-3-Coder-30B,1129,simple,correct,4.6332439678284185,30
Qwen-3-Coder-30B,1129,simple,correct,1.2151422525276276,31
Qwen-3-Coder-30B,1129,simple,correct,1.4775268081222908,32
Qwen-3-Coder-30B,1129,simple,correct,1.1937850668968493,33
Qwen-3-Coder-30B,1129,simple,correct,1.5233870967741936,34
Qwen-3-Coder-30B,1129,simple,correct,1.292879110480246,35
Qwen-3-Coder-30B,1129,simple,correct,0.9403211148136928,36
Qwen-3-Coder-30B,1129,simple,correct,1.0401637746149346,37
Qwen-3-Coder-30B,1129,simple,correct,1.228219696969697,38
Qwen-3-Coder-30B,1129,simple,correct,1.2841568081651589,39
Qwen-3-Coder-30B,1129,simple,correct,1.2825983878615457,40
Qwen-3-Coder-30B,1129,simple,correct,1.3372566772295156,41
Qwen-3-Coder-30B,1129,simple,correct,0.9428292999837583,42
Qwen-3-Coder-30B,1129,simple,correct,1.3174338679441784,43
Qwen-3-Coder-30B,1129,simple,correct,5.730590717299578,44
Qwen-3-Coder-30B,1129,simple,correct,1.2276979237964865,45
Qwen-3-Coder-30B,1129,simple,correct,1.0705112672643566,46
Qwen-3-Coder-30B,1129,simple,correct,1.35586176727909,47
Qwen-3-Coder-30B,1129,simple,correct,0.9884436034331283,48
Qwen-3-Coder-30B,1129,simple,correct,1.0940029433406917,49
Qwen-3-Coder-30B,1129,simple,correct,1.229328165374677,50
Qwen-3-Coder-30B,1673,Simple,semantic,,1
Qwen-3-Coder-30B,1673,Simple,semantic,,2
Qwen-3-Coder-30B,1673,Simple,semantic,,3
Qwen-3-Coder-30B,1673,Simple,semantic,,4
Qwen-3-Coder-30B,1673,Simple,semantic,,5
Qwen-3-Coder-30B,1673,Simple,semantic,,6
Qwen-3-Coder-30B,1673,Simple,semantic,,7
Qwen-3-Coder-30B,1673,Simple,semantic,,8
Qwen-3-Coder-30B,1673,Simple,semantic,,9
Qwen-3-Coder-30B,1673,Simple,semantic,,10
Qwen-3-Coder-30B,1673,Simple,semantic,,11
Qwen-3-Coder-30B,1673,Simple,semantic,,12
Qwen-3-Coder-30B,1673,Simple,semantic,,13
Qwen-3-Coder-30B,1673,Simple,semantic,,14
Qwen-3-Coder-30B,1673,Simple,semantic,,15
Qwen-3-Coder-30B,1673,Simple,semantic,,16
Qwen-3-Coder-30B,1673,Simple,semantic,,17
Qwen-3-Coder-30B,1673,Simple,semantic,,18
Qwen-3-Coder-30B,1673,Simple,semantic,,19
Qwen-3-Coder-30B,1673,Simple,semantic,,20
Qwen-3-Coder-30B,1673,Simple,semantic,,21
Qwen-3-Coder-30B,1673,Simple,semantic,,22
Qwen-3-Coder-30B,1673,Simple,semantic,,23
Qwen-3-Coder-30B,1673,Simple,semantic,,24
Qwen-3-Coder-30B,1673,Simple,semantic,,25
Qwen-3-Coder-30B,1673,Simple,semantic,,26
Qwen-3-Coder-30B,1673,Simple,semantic,,27
Qwen-3-Coder-30B,1673,Simple,semantic,,28
Qwen-3-Coder-30B,1673,Simple,semantic,,29
Qwen-3-Coder-30B,1673,Simple,semantic,,30
Qwen-3-Coder-30B,1673,Simple,semantic,,31
Qwen-3-Coder-30B,1673,Simple,semantic,,32
Qwen-3-Coder-30B,1673,Simple,semantic,,33
Qwen-3-Coder-30B,1673,Simple,semantic,,34
Qwen-3-Coder-30B,1673,Simple,semantic,,35
Qwen-3-Coder-30B,1673,Simple,semantic,,36
Qwen-3-Coder-30B,1673,Simple,semantic,,37
Qwen-3-Coder-30B,1673,Simple,semantic,,38
Qwen-3-Coder-30B,1673,Simple,semantic,,39
Qwen-3-Coder-30B,1673,Simple,semantic,,40
Qwen-3-Coder-30B,1673,Simple,semantic,,41
Qwen-3-Coder-30B,1673,Simple,semantic,,42
Qwen-3-Coder-30B,1673,Simple,semantic,,43
Qwen-3-Coder-30B,1673,Simple,semantic,,44
Qwen-3-Coder-30B,1673,Simple,semantic,,45
Qwen-3-Coder-30B,1673,Simple,semantic,,46
Qwen-3-Coder-30B,1673,Simple,semantic,,47
Qwen-3-Coder-30B,1673,Simple,semantic,,48
Qwen-3-Coder-30B,1673,Simple,semantic,,49
Qwen-3-Coder-30B,1673,Simple,semantic,,50
Qwen-3-Coder-30B,84,simple,syntactic,,1
Qwen-3-Coder-30B,84,simple,syntactic,,2
Qwen-3-Coder-30B,84,simple,syntactic,,3
Qwen-3-Coder-30B,84,simple,syntactic,,4
Qwen-3-Coder-30B,84,simple,syntactic,,5
Qwen-3-Coder-30B,84,simple,syntactic,,6
Qwen-3-Coder-30B,84,simple,syntactic,,7
Qwen-3-Coder-30B,84,simple,syntactic,,8
Qwen-3-Coder-30B,84,simple,syntactic,,9
Qwen-3-Coder-30B,84,simple,syntactic,,10
Qwen-3-Coder-30B,84,simple,syntactic,,11
Qwen-3-Coder-30B,84,simple,syntactic,,12
Qwen-3-Coder-30B,84,simple,syntactic,,13
Qwen-3-Coder-30B,84,simple,syntactic,,14
Qwen-3-Coder-30B,84,simple,syntactic,,15
Qwen-3-Coder-30B,84,simple,syntactic,,16
Qwen-3-Coder-30B,84,simple,syntactic,,17
Qwen-3-Coder-30B,84,simple,syntactic,,18
Qwen-3-Coder-30B,84,simple,syntactic,,19
Qwen-3-Coder-30B,84,simple,syntactic,,20
Qwen-3-Coder-30B,84,simple,syntactic,,21
Qwen-3-Coder-30B,84,simple,syntactic,,22
Qwen-3-Coder-30B,84,simple,syntactic,,23
Qwen-3-Coder-30B,84,simple,syntactic,,24
Qwen-3-Coder-30B,84,simple,syntactic,,25
Qwen-3-Coder-30B,84,simple,syntactic,,26
Qwen-3-Coder-30B,84,simple,syntactic,,27
Qwen-3-Coder-30B,84,simple,syntactic,,28
Qwen-3-Coder-30B,84,simple,syntactic,,29
Qwen-3-Coder-30B,84,simple,syntactic,,30
Qwen-3-Coder-30B,84,simple,syntactic,,31
Qwen-3-Coder-30B,84,simple,syntactic,,32
Qwen-3-Coder-30B,84,simple,syntactic,,33
Qwen-3-Coder-30B,84,simple,syntactic,,34
Qwen-3-Coder-30B,84,simple,syntactic,,35
Qwen-3-Coder-30B,84,simple,syntactic,,36
Qwen-3-Coder-30B,84,simple,syntactic,,37
Qwen-3-Coder-30B,84,simple,syntactic,,38
Qwen-3-Coder-30B,84,simple,syntactic,,39
Qwen-3-Coder-30B,84,simple,syntactic,,40
Qwen-3-Coder-30B,84,simple,syntactic,,41
Qwen-3-Coder-30B,84,simple,syntactic,,42
Qwen-3-Coder-30B,84,simple,syntactic,,43
Qwen-3-Coder-30B,84,simple,syntactic,,44
Qwen-3-Coder-30B,84,simple,syntactic,,45
Qwen-3-Coder-30B,84,simple,syntactic,,46
Qwen-3-Coder-30B,84,simple,syntactic,,47
Qwen-3-Coder-30B,84,simple,syntactic,,48
Qwen-3-Coder-30B,84,simple,syntactic,,49
Qwen-3-Coder-30B,84,simple,syntactic,,50
Qwen-3-Coder-30B,1131,simple,hallucination,,1
Qwen-3-Coder-30B,1131,simple,hallucination,,2
Qwen-3-Coder-30B,1131,simple,hallucination,,3
Qwen-3-Coder-30B,1131,simple,hallucination,,4
Qwen-3-Coder-30B,1131,simple,hallucination,,5
Qwen-3-Coder-30B,1131,simple,hallucination,,6
Qwen-3-Coder-30B,1131,simple,hallucination,,7
Qwen-3-Coder-30B,1131,simple,hallucination,,8
Qwen-3-Coder-30B,1131,simple,hallucination,,9
Qwen-3-Coder-30B,1131,simple,hallucination,,10
Qwen-3-Coder-30B,1131,simple,hallucination,,11
Qwen-3-Coder-30B,1131,simple,hallucination,,12
Qwen-3-Coder-30B,1131,simple,hallucination,,13
Qwen-3-Coder-30B,1131,simple,hallucination,,14
Qwen-3-Coder-30B,1131,simple,hallucination,,15
Qwen-3-Coder-30B,1131,simple,hallucination,,16
Qwen-3-Coder-30B,1131,simple,hallucination,,17
Qwen-3-Coder-30B,1131,simple,hallucination,,18
Qwen-3-Coder-30B,1131,simple,hallucination,,19
Qwen-3-Coder-30B,1131,simple,hallucination,,20
Qwen-3-Coder-30B,1131,simple,hallucination,,21
Qwen-3-Coder-30B,1131,simple,hallucination,,22
Qwen-3-Coder-30B,1131,simple,hallucination,,23
Qwen-3-Coder-30B,1131,simple,hallucination,,24
Qwen-3-Coder-30B,1131,simple,hallucination,,25
Qwen-3-Coder-30B,1131,simple,hallucination,,26
Qwen-3-Coder-30B,1131,simple,hallucination,,27
Qwen-3-Coder-30B,1131,simple,hallucination,,28
Qwen-3-Coder-30B,1131,simple,hallucination,,29
Qwen-3-Coder-30B,1131,simple,hallucination,,30
Qwen-3-Coder-30B,1131,simple,hallucination,,31
Qwen-3-Coder-30B,1131,simple,hallucination,,32
Qwen-3-Coder-30B,1131,simple,hallucination,,33
Qwen-3-Coder-30B,1131,simple,hallucination,,34
Qwen-3-Coder-30B,1131,simple,hallucination,,35
Qwen-3-Coder-30B,1131,simple,hallucination,,36
Qwen-3-Coder-30B,1131,simple,hallucination,,37
Qwen-3-Coder-30B,1131,simple,hallucination,,38
Qwen-3-Coder-30B,1131,simple,hallucination,,39
Qwen-3-Coder-30B,1131,simple,hallucination,,40
Qwen-3-Coder-30B,1131,simple,hallucination,,41
Qwen-3-Coder-30B,1131,simple,hallucination,,42
Qwen-3-Coder-30B,1131,simple,hallucination,,43
Qwen-3-Coder-30B,1131,simple,hallucination,,44
Qwen-3-Coder-30B,1131,simple,hallucination,,45
Qwen-3-Coder-30B,1131,simple,hallucination,,46
Qwen-3-Coder-30B,1131,simple,hallucination,,47
Qwen-3-Coder-30B,1131,simple,hallucination,,48
Qwen-3-Coder-30B,1131,simple,hallucination,,49
Qwen-3-Coder-30B,1131,simple,hallucination,,50
Qwen-3-Coder-30B,502,simple,semantic,,1
Qwen-3-Coder-30B,502,simple,semantic,,2
Qwen-3-Coder-30B,502,simple,semantic,,3
Qwen-3-Coder-30B,502,simple,semantic,,4
Qwen-3-Coder-30B,502,simple,semantic,,5
Qwen-3-Coder-30B,502,simple,semantic,,6
Qwen-3-Coder-30B,502,simple,semantic,,7
Qwen-3-Coder-30B,502,simple,semantic,,8
Qwen-3-Coder-30B,502,simple,semantic,,9
Qwen-3-Coder-30B,502,simple,semantic,,10
Qwen-3-Coder-30B,502,simple,semantic,,11
Qwen-3-Coder-30B,502,simple,semantic,,12
Qwen-3-Coder-30B,502,simple,semantic,,13
Qwen-3-Coder-30B,502,simple,semantic,,14
Qwen-3-Coder-30B,502,simple,semantic,,15
Qwen-3-Coder-30B,502,simple,semantic,,16
Qwen-3-Coder-30B,502,simple,semantic,,17
Qwen-3-Coder-30B,502,simple,semantic,,18
Qwen-3-Coder-30B,502,simple,semantic,,19
Qwen-3-Coder-30B,502,simple,semantic,,20
Qwen-3-Coder-30B,502,simple,semantic,,21
Qwen-3-Coder-30B,502,simple,semantic,,22
Qwen-3-Coder-30B,502,simple,semantic,,23
Qwen-3-Coder-30B,502,simple,semantic,,24
Qwen-3-Coder-30B,502,simple,semantic,,25
Qwen-3-Coder-30B,502,simple,semantic,,26
Qwen-3-Coder-30B,502,simple,semantic,,27
Qwen-3-Coder-30B,502,simple,semantic,,28
Qwen-3-Coder-30B,502,simple,semantic,,29
Qwen-3-Coder-30B,502,simple,semantic,,30
Qwen-3-Coder-30B,502,simple,semantic,,31
Qwen-3-Coder-30B,502,simple,semantic,,32
Qwen-3-Coder-30B,502,simple,semantic,,33
Qwen-3-Coder-30B,502,simple,semantic,,34
Qwen-3-Coder-30B,502,simple,semantic,,35
Qwen-3-Coder-30B,502,simple,semantic,,36
Qwen-3-Coder-30B,502,simple,semantic,,37
Qwen-3-Coder-30B,502,simple,semantic,,38
Qwen-3-Coder-30B,502,simple,semantic,,39
Qwen-3-Coder-30B,502,simple,semantic,,40
Qwen-3-Coder-30B,502,simple,semantic,,41
Qwen-3-Coder-30B,502,simple,semantic,,42
Qwen-3-Coder-30B,502,simple,semantic,,43
Qwen-3-Coder-30B,502,simple,semantic,,44
Qwen-3-Coder-30B,502,simple,semantic,,45
Qwen-3-Coder-30B,502,simple,semantic,,46
Qwen-3-Coder-30B,502,simple,semantic,,47
Qwen-3-Coder-30B,502,simple,semantic,,48
Qwen-3-Coder-30B,502,simple,semantic,,49
Qwen-3-Coder-30B,502,simple,semantic,,50
Qwen-3-Coder-30B,953,simple,semantic,,1
Qwen-3-Coder-30B,953,simple,semantic,,2
Qwen-3-Coder-30B,953,simple,semantic,,3
Qwen-3-Coder-30B,953,simple,semantic,,4
Qwen-3-Coder-30B,953,simple,semantic,,5
Qwen-3-Coder-30B,953,simple,semantic,,6
Qwen-3-Coder-30B,953,simple,semantic,,7
Qwen-3-Coder-30B,953,simple,semantic,,8
Qwen-3-Coder-30B,953,simple,semantic,,9
Qwen-3-Coder-30B,953,simple,semantic,,10
Qwen-3-Coder-30B,953,simple,semantic,,11
Qwen-3-Coder-30B,953,simple,semantic,,12
Qwen-3-Coder-30B,953,simple,semantic,,13
Qwen-3-Coder-30B,953,simple,semantic,,14
Qwen-3-Coder-30B,953,simple,semantic,,15
Qwen-3-Coder-30B,953,simple,semantic,,16
Qwen-3-Coder-30B,953,simple,semantic,,17
Qwen-3-Coder-30B,953,simple,semantic,,18
Qwen-3-Coder-30B,953,simple,semantic,,19
Qwen-3-Coder-30B,953,simple,semantic,,20
Qwen-3-Coder-30B,953,simple,semantic,,21
Qwen-3-Coder-30B,953,simple,semantic,,22
Qwen-3-Coder-30B,953,simple,semantic,,23
Qwen-3-Coder-30B,953,simple,semantic,,24
Qwen-3-Coder-30B,953,simple,semantic,,25
Qwen-3-Coder-30B,953,simple,semantic,,26
Qwen-3-Coder-30B,953,simple,semantic,,27
Qwen-3-Coder-30B,953,simple,semantic,,28
Qwen-3-Coder-30B,953,simple,semantic,,29
Qwen-3-Coder-30B,953,simple,semantic,,30
Qwen-3-Coder-30B,953,simple,semantic,,31
Qwen-3-Coder-30B,953,simple,semantic,,32
Qwen-3-Coder-30B,953,simple,semantic,,33
Qwen-3-Coder-30B,953,simple,semantic,,34
Qwen-3-Coder-30B,953,simple,semantic,,35
Qwen-3-Coder-30B,953,simple,semantic,,36
Qwen-3-Coder-30B,953,simple,semantic,,37
Qwen-3-Coder-30B,953,simple,semantic,,38
Qwen-3-Coder-30B,953,simple,semantic,,39
Qwen-3-Coder-30B,953,simple,semantic,,40
Qwen-3-Coder-30B,953,simple,semantic,,41
Qwen-3-Coder-30B,953,simple,semantic,,42
Qwen-3-Coder-30B,953,simple,semantic,,43
Qwen-3-Coder-30B,953,simple,semantic,,44
Qwen-3-Coder-30B,953,simple,semantic,,45
Qwen-3-Coder-30B,953,simple,semantic,,46
Qwen-3-Coder-30B,953,simple,semantic,,47
Qwen-3-Coder-30B,953,simple,semantic,,48
Qwen-3-Coder-30B,953,simple,semantic,,49
Qwen-3-Coder-30B,953,simple,semantic,,50
Qwen-3-Coder-30B,54,simple,semantic,,1
Qwen-3-Coder-30B,54,simple,semantic,,2
Qwen-3-Coder-30B,54,simple,semantic,,3
Qwen-3-Coder-30B,54,simple,semantic,,4
Qwen-3-Coder-30B,54,simple,semantic,,5
Qwen-3-Coder-30B,54,simple,semantic,,6
Qwen-3-Coder-30B,54,simple,semantic,,7
Qwen-3-Coder-30B,54,simple,semantic,,8
Qwen-3-Coder-30B,54,simple,semantic,,9
Qwen-3-Coder-30B,54,simple,semantic,,10
Qwen-3-Coder-30B,54,simple,semantic,,11
Qwen-3-Coder-30B,54,simple,semantic,,12
Qwen-3-Coder-30B,54,simple,semantic,,13
Qwen-3-Coder-30B,54,simple,semantic,,14
Qwen-3-Coder-30B,54,simple,semantic,,15
Qwen-3-Coder-30B,54,simple,semantic,,16
Qwen-3-Coder-30B,54,simple,semantic,,17
Qwen-3-Coder-30B,54,simple,semantic,,18
Qwen-3-Coder-30B,54,simple,semantic,,19
Qwen-3-Coder-30B,54,simple,semantic,,20
Qwen-3-Coder-30B,54,simple,semantic,,21
Qwen-3-Coder-30B,54,simple,semantic,,22
Qwen-3-Coder-30B,54,simple,semantic,,23
Qwen-3-Coder-30B,54,simple,semantic,,24
Qwen-3-Coder-30B,54,simple,semantic,,25
Qwen-3-Coder-30B,54,simple,semantic,,26
Qwen-3-Coder-30B,54,simple,semantic,,27
Qwen-3-Coder-30B,54,simple,semantic,,28
Qwen-3-Coder-30B,54,simple,semantic,,29
Qwen-3-Coder-30B,54,simple,semantic,,30
Qwen-3-Coder-30B,54,simple,semantic,,31
Qwen-3-Coder-30B,54,simple,semantic,,32
Qwen-3-Coder-30B,54,simple,semantic,,33
Qwen-3-Coder-30B,54,simple,semantic,,34
Qwen-3-Coder-30B,54,simple,semantic,,35
Qwen-3-Coder-30B,54,simple,semantic,,36
Qwen-3-Coder-30B,54,simple,semantic,,37
Qwen-3-Coder-30B,54,simple,semantic,,38
Qwen-3-Coder-30B,54,simple,semantic,,39
Qwen-3-Coder-30B,54,simple,semantic,,40
Qwen-3-Coder-30B,54,simple,semantic,,41
Qwen-3-Coder-30B,54,simple,semantic,,42
Qwen-3-Coder-30B,54,simple,semantic,,43
Qwen-3-Coder-30B,54,simple,semantic,,44
Qwen-3-Coder-30B,54,simple,semantic,,45
Qwen-3-Coder-30B,54,simple,semantic,,46
Qwen-3-Coder-30B,54,simple,semantic,,47
Qwen-3-Coder-30B,54,simple,semantic,,48
Qwen-3-Coder-30B,54,simple,semantic,,49
Qwen-3-Coder-30B,54,simple,semantic,,50
Qwen-3-Coder-30B,1004,simple,semantic,,1
Qwen-3-Coder-30B,1004,simple,hallucination,,2
Qwen-3-Coder-30B,1004,simple,hallucination,,3
Qwen-3-Coder-30B,1004,simple,hallucination,,4
Qwen-3-Coder-30B,1004,simple,hallucination,,5
Qwen-3-Coder-30B,1004,simple,hallucination,,6
Qwen-3-Coder-30B,1004,simple,hallucination,,7
Qwen-3-Coder-30B,1004,simple,hallucination,,8
Qwen-3-Coder-30B,1004,simple,hallucination,,9
Qwen-3-Coder-30B,1004,simple,hallucination,,10
Qwen-3-Coder-30B,1004,simple,hallucination,,11
Qwen-3-Coder-30B,1004,simple,hallucination,,12
Qwen-3-Coder-30B,1004,simple,hallucination,,13
Qwen-3-Coder-30B,1004,simple,hallucination,,14
Qwen-3-Coder-30B,1004,simple,hallucination,,15
Qwen-3-Coder-30B,1004,simple,hallucination,,16
Qwen-3-Coder-30B,1004,simple,hallucination,,17
Qwen-3-Coder-30B,1004,simple,hallucination,,18
Qwen-3-Coder-30B,1004,simple,hallucination,,19
Qwen-3-Coder-30B,1004,simple,hallucination,,20
Qwen-3-Coder-30B,1004,simple,hallucination,,21
Qwen-3-Coder-30B,1004,simple,hallucination,,22
Qwen-3-Coder-30B,1004,simple,hallucination,,23
Qwen-3-Coder-30B,1004,simple,hallucination,,24
Qwen-3-Coder-30B,1004,simple,hallucination,,25
Qwen-3-Coder-30B,1004,simple,hallucination,,26
Qwen-3-Coder-30B,1004,simple,hallucination,,27
Qwen-3-Coder-30B,1004,simple,hallucination,,28
Qwen-3-Coder-30B,1004,simple,hallucination,,29
Qwen-3-Coder-30B,1004,simple,hallucination,,30
Qwen-3-Coder-30B,1004,simple,hallucination,,31
Qwen-3-Coder-30B,1004,simple,hallucination,,32
Qwen-3-Coder-30B,1004,simple,hallucination,,33
Qwen-3-Coder-30B,1004,simple,hallucination,,34
Qwen-3-Coder-30B,1004,simple,hallucination,,35
Qwen-3-Coder-30B,1004,simple,hallucination,,36
Qwen-3-Coder-30B,1004,simple,hallucination,,37
Qwen-3-Coder-30B,1004,simple,hallucination,,38
Qwen-3-Coder-30B,1004,simple,hallucination,,39
Qwen-3-Coder-30B,1004,simple,hallucination,,40
Qwen-3-Coder-30B,1004,simple,hallucination,,41
Qwen-3-Coder-30B,1004,simple,hallucination,,42
Qwen-3-Coder-30B,1004,simple,hallucination,,43
Qwen-3-Coder-30B,1004,simple,hallucination,,44
Qwen-3-Coder-30B,1004,simple,hallucination,,45
Qwen-3-Coder-30B,1004,simple,hallucination,,46
Qwen-3-Coder-30B,1004,simple,hallucination,,47
Qwen-3-Coder-30B,1004,simple,hallucination,,48
Qwen-3-Coder-30B,1004,simple,hallucination,,49
Qwen-3-Coder-30B,1004,simple,hallucination,,50
Qwen-3-Coder-30B,1575,Simple,semantic,,1
Qwen-3-Coder-30B,1575,Simple,semantic,,2
Qwen-3-Coder-30B,1575,Simple,semantic,,3
Qwen-3-Coder-30B,1575,Simple,semantic,,4
Qwen-3-Coder-30B,1575,Simple,semantic,,5
Qwen-3-Coder-30B,1575,Simple,semantic,,6
Qwen-3-Coder-30B,1575,Simple,semantic,,7
Qwen-3-Coder-30B,1575,Simple,semantic,,8
Qwen-3-Coder-30B,1575,Simple,semantic,,9
Qwen-3-Coder-30B,1575,Simple,semantic,,10
Qwen-3-Coder-30B,1575,Simple,semantic,,11
Qwen-3-Coder-30B,1575,Simple,semantic,,12
Qwen-3-Coder-30B,1575,Simple,semantic,,13
Qwen-3-Coder-30B,1575,Simple,semantic,,14
Qwen-3-Coder-30B,1575,Simple,semantic,,15
Qwen-3-Coder-30B,1575,Simple,semantic,,16
Qwen-3-Coder-30B,1575,Simple,semantic,,17
Qwen-3-Coder-30B,1575,Simple,semantic,,18
Qwen-3-Coder-30B,1575,Simple,semantic,,19
Qwen-3-Coder-30B,1575,Simple,semantic,,20
Qwen-3-Coder-30B,1575,Simple,semantic,,21
Qwen-3-Coder-30B,1575,Simple,semantic,,22
Qwen-3-Coder-30B,1575,Simple,semantic,,23
Qwen-3-Coder-30B,1575,Simple,semantic,,24
Qwen-3-Coder-30B,1575,Simple,semantic,,25
Qwen-3-Coder-30B,1575,Simple,semantic,,26
Qwen-3-Coder-30B,1575,Simple,semantic,,27
Qwen-3-Coder-30B,1575,Simple,semantic,,28
Qwen-3-Coder-30B,1575,Simple,semantic,,29
Qwen-3-Coder-30B,1575,Simple,semantic,,30
Qwen-3-Coder-30B,1575,Simple,semantic,,31
Qwen-3-Coder-30B,1575,Simple,semantic,,32
Qwen-3-Coder-30B,1575,Simple,semantic,,33
Qwen-3-Coder-30B,1575,Simple,semantic,,34
Qwen-3-Coder-30B,1575,Simple,semantic,,35
Qwen-3-Coder-30B,1575,Simple,semantic,,36
Qwen-3-Coder-30B,1575,Simple,semantic,,37
Qwen-3-Coder-30B,1575,Simple,semantic,,38
Qwen-3-Coder-30B,1575,Simple,semantic,,39
Qwen-3-Coder-30B,1575,Simple,semantic,,40
Qwen-3-Coder-30B,1575,Simple,semantic,,41
Qwen-3-Coder-30B,1575,Simple,semantic,,42
Qwen-3-Coder-30B,1575,Simple,semantic,,43
Qwen-3-Coder-30B,1575,Simple,semantic,,44
Qwen-3-Coder-30B,1575,Simple,semantic,,45
Qwen-3-Coder-30B,1575,Simple,semantic,,46
Qwen-3-Coder-30B,1575,Simple,semantic,,47
Qwen-3-Coder-30B,1575,Simple,semantic,,48
Qwen-3-Coder-30B,1575,Simple,semantic,,49
Qwen-3-Coder-30B,1575,Simple,semantic,,50
Qwen-3-Coder-30B,549,simple,correct,6.297379032258065,1
Qwen-3-Coder-30B,549,simple,correct,1.2157248157248157,2
Qwen-3-Coder-30B,549,simple,correct,1.8743661971830985,3
Qwen-3-Coder-30B,549,simple,correct,1.4816568047337277,4
Qwen-3-Coder-30B,549,simple,correct,1.7727536231884058,5
Qwen-3-Coder-30B,549,simple,correct,1.4800325998370008,6
Qwen-3-Coder-30B,549,simple,correct,1.7886720609233697,7
Qwen-3-Coder-30B,549,simple,correct,1.212676056338028,8
Qwen-3-Coder-30B,549,simple,correct,1.2059413890004014,9
Qwen-3-Coder-30B,549,simple,correct,1.5180072028811524,10
Qwen-3-Coder-30B,549,simple,correct,1.5153521974714028,11
Qwen-3-Coder-30B,549,simple,correct,1.4094319399785638,12
Qwen-3-Coder-30B,549,simple,correct,1.8108576378862258,13
Qwen-3-Coder-30B,549,simple,correct,1.4936092513694461,14
Qwen-3-Coder-30B,549,simple,correct,1.024569330697543,15
Qwen-3-Coder-30B,549,simple,correct,1.5429645542427497,16
Qwen-3-Coder-30B,549,simple,correct,1.8471074380165289,17
Qwen-3-Coder-30B,549,simple,correct,1.7015008337965536,18
Qwen-3-Coder-30B,549,simple,correct,1.51900108577633,19
Qwen-3-Coder-30B,549,simple,correct,0.9983693436608235,20
Qwen-3-Coder-30B,549,simple,correct,0.5847854825141209,21
Qwen-3-Coder-30B,549,simple,correct,0.9023789991796555,22
Qwen-3-Coder-30B,549,simple,correct,1.0263255469039674,23
Qwen-3-Coder-30B,549,simple,correct,1.5015328019619865,24
Qwen-3-Coder-30B,549,simple,correct,1.5371951219512194,25
Qwen-3-Coder-30B,549,simple,correct,1.42242355605889,26
Qwen-3-Coder-30B,549,simple,correct,1.5171171171171172,27
Qwen-3-Coder-30B,549,simple,correct,1.4825721153846154,28
Qwen-3-Coder-30B,549,simple,correct,1.8715769593956564,29
Qwen-3-Coder-30B,549,simple,correct,1.9694273328770249,30
Qwen-3-Coder-30B,549,simple,correct,1.2007104795737122,31
Qwen-3-Coder-30B,549,simple,correct,1.4686800894854586,32
Qwen-3-Coder-30B,549,simple,correct,0.26386918035002366,33
Qwen-3-Coder-30B,549,simple,correct,0.22169941876556878,34
Qwen-3-Coder-30B,549,simple,correct,1.4842916419679906,35
Qwen-3-Coder-30B,549,simple,correct,1.0354430379746835,36
Qwen-3-Coder-30B,549,simple,correct,1.3521685254027263,37
Qwen-3-Coder-30B,549,simple,correct,1.184424271380793,38
Qwen-3-Coder-30B,549,simple,correct,1.0528951486697966,39
Qwen-3-Coder-30B,549,simple,correct,1.4106796116504854,40
Qwen-3-Coder-30B,549,simple,correct,1.4178052005288673,41
Qwen-3-Coder-30B,549,simple,correct,1.2072099363829143,42
Qwen-3-Coder-30B,549,simple,correct,0.5836007868309349,43
Qwen-3-Coder-30B,549,simple,correct,1.2434855701877277,44
Qwen-3-Coder-30B,549,simple,correct,1.5154211150652432,45
Qwen-3-Coder-30B,549,simple,correct,1.3969344608879493,46
Qwen-3-Coder-30B,549,simple,correct,1.5,47
Qwen-3-Coder-30B,549,simple,correct,1.4603640634174986,48
Qwen-3-Coder-30B,549,simple,correct,1.1423670668953687,49
Qwen-3-Coder-30B,549,simple,correct,1.5589804386484885,50
Qwen-3-Coder-30B,1221,simple,semantic,,1
Qwen-3-Coder-30B,1221,simple,semantic,,2
Qwen-3-Coder-30B,1221,simple,correct,1.2524818001323628,3
Qwen-3-Coder-30B,1221,simple,semantic,,4
Qwen-3-Coder-30B,1221,simple,semantic,,5
Qwen-3-Coder-30B,1221,simple,semantic,,6
Qwen-3-Coder-30B,1221,simple,semantic,,7
Qwen-3-Coder-30B,1221,simple,semantic,,8
Qwen-3-Coder-30B,1221,simple,semantic,,9
Qwen-3-Coder-30B,1221,simple,semantic,,10
Qwen-3-Coder-30B,1221,simple,semantic,,11
Qwen-3-Coder-30B,1221,simple,semantic,,12
Qwen-3-Coder-30B,1221,simple,semantic,,13
Qwen-3-Coder-30B,1221,simple,semantic,,14
Qwen-3-Coder-30B,1221,simple,semantic,,15
Qwen-3-Coder-30B,1221,simple,semantic,,16
Qwen-3-Coder-30B,1221,simple,semantic,,17
Qwen-3-Coder-30B,1221,simple,semantic,,18
Qwen-3-Coder-30B,1221,simple,semantic,,19
Qwen-3-Coder-30B,1221,simple,semantic,,20
Qwen-3-Coder-30B,1221,simple,semantic,,21
Qwen-3-Coder-30B,1221,simple,semantic,,22
Qwen-3-Coder-30B,1221,simple,semantic,,23
Qwen-3-Coder-30B,1221,simple,semantic,,24
Qwen-3-Coder-30B,1221,simple,semantic,,25
Qwen-3-Coder-30B,1221,simple,semantic,,26
Qwen-3-Coder-30B,1221,simple,semantic,,27
Qwen-3-Coder-30B,1221,simple,semantic,,28
Qwen-3-Coder-30B,1221,simple,semantic,,29
Qwen-3-Coder-30B,1221,simple,semantic,,30
Qwen-3-Coder-30B,1221,simple,semantic,,31
Qwen-3-Coder-30B,1221,simple,semantic,,32
Qwen-3-Coder-30B,1221,simple,semantic,,33
Qwen-3-Coder-30B,1221,simple,semantic,,34
Qwen-3-Coder-30B,1221,simple,semantic,,35
Qwen-3-Coder-30B,1221,simple,semantic,,36
Qwen-3-Coder-30B,1221,simple,semantic,,37
Qwen-3-Coder-30B,1221,simple,semantic,,38
Qwen-3-Coder-30B,1221,simple,semantic,,39
Qwen-3-Coder-30B,1221,simple,semantic,,40
Qwen-3-Coder-30B,1221,simple,semantic,,41
Qwen-3-Coder-30B,1221,simple,semantic,,42
Qwen-3-Coder-30B,1221,simple,semantic,,43
Qwen-3-Coder-30B,1221,simple,semantic,,44
Qwen-3-Coder-30B,1221,simple,semantic,,45
Qwen-3-Coder-30B,1221,simple,semantic,,46
Qwen-3-Coder-30B,1221,simple,semantic,,47
Qwen-3-Coder-30B,1221,simple,semantic,,48
Qwen-3-Coder-30B,1221,simple,semantic,,49
Qwen-3-Coder-30B,1221,simple,semantic,,50
Qwen-3-Coder-30B,756,simple,correct,3.795399022801303,1
Qwen-3-Coder-30B,756,simple,correct,1.2000662471016894,2
Qwen-3-Coder-30B,756,simple,correct,1.502449646162221,3
Qwen-3-Coder-30B,756,simple,correct,1.4815465729349737,4
Qwen-3-Coder-30B,756,simple,correct,1.5254237288135593,5
Qwen-3-Coder-30B,756,simple,correct,1.1173469387755102,6
Qwen-3-Coder-30B,756,simple,correct,1.4111175448755067,7
Qwen-3-Coder-30B,756,simple,correct,1.4200607902735563,8
Qwen-3-Coder-30B,756,simple,correct,1.9189623507805327,9
Qwen-3-Coder-30B,756,simple,correct,0.6616968786871179,10
Qwen-3-Coder-30B,756,simple,correct,1.453991468616697,11
Qwen-3-Coder-30B,756,simple,correct,0.7490384615384615,12
Qwen-3-Coder-30B,756,simple,correct,1.1246485473289598,13
Qwen-3-Coder-30B,756,simple,correct,1.0616279069767443,14
Qwen-3-Coder-30B,756,simple,correct,1.389284503221431,15
Qwen-3-Coder-30B,756,simple,correct,1.4413004214328717,16
Qwen-3-Coder-30B,756,simple,correct,1.5950512975256488,17
Qwen-3-Coder-30B,756,simple,correct,1.3376623376623376,18
Qwen-3-Coder-30B,756,simple,correct,1.7994082840236687,19
Qwen-3-Coder-30B,756,simple,correct,1.3689119170984456,20
Qwen-3-Coder-30B,756,simple,correct,1.2643051771117166,21
Qwen-3-Coder-30B,756,simple,correct,1.3798816568047336,22
Qwen-3-Coder-30B,756,simple,correct,1.69453044375645,23
Qwen-3-Coder-30B,756,simple,correct,1.371900826446281,24
Qwen-3-Coder-30B,756,simple,correct,1.4492808478425436,25
Qwen-3-Coder-30B,756,simple,correct,1.353888888888889,26
Qwen-3-Coder-30B,756,simple,correct,1.458862506902264,27
Qwen-3-Coder-30B,756,simple,correct,1.4996154832094335,28
Qwen-3-Coder-30B,756,simple,correct,0.8622737556561086,29
Qwen-3-Coder-30B,756,simple,correct,0.6721391815731438,30
Qwen-3-Coder-30B,756,simple,correct,1.3879164313946923,31
Qwen-3-Coder-30B,756,simple,correct,0.9803591470258137,32
Qwen-3-Coder-30B,756,simple,correct,2.5133495145631066,33
Qwen-3-Coder-30B,756,simple,correct,1.3373518183644766,34
Qwen-3-Coder-30B,756,simple,correct,1.116400277970813,35
Qwen-3-Coder-30B,756,simple,correct,1.1845648604269294,36
Qwen-3-Coder-30B,756,simple,correct,1.4365798414496036,37
Qwen-3-Coder-30B,756,simple,correct,1.6107423053711527,38
Qwen-3-Coder-30B,756,simple,correct,1.6999395039322445,39
Qwen-3-Coder-30B,756,simple,correct,1.7894444444444444,40
Qwen-3-Coder-30B,756,simple,correct,1.4382978723404256,41
Qwen-3-Coder-30B,756,simple,correct,1.3877358490566039,42
Qwen-3-Coder-30B,756,simple,correct,0.5289329584134971,43
Qwen-3-Coder-30B,756,simple,correct,1.5164375373580394,44
Qwen-3-Coder-30B,756,simple,correct,2.1131351869606902,45
Qwen-3-Coder-30B,756,simple,correct,0.9836923076923076,46
Qwen-3-Coder-30B,756,simple,correct,1.433982114676486,47
Qwen-3-Coder-30B,756,simple,correct,1.478077297823969,48
Qwen-3-Coder-30B,756,simple,correct,1.2932116371933828,49
Qwen-3-Coder-30B,756,simple,correct,1.4049487024743512,50
Qwen-3-Coder-30B,1313,simple,correct,5.135928143712575,1
Qwen-3-Coder-30B,1313,simple,correct,1.079460966542751,2
Qwen-3-Coder-30B,1313,simple,correct,1.7523330940416368,3
Qwen-3-Coder-30B,1313,simple,correct,1.407112526539278,4
Qwen-3-Coder-30B,1313,simple,correct,1.551467163483931,5
Qwen-3-Coder-30B,1313,simple,correct,2.005657708628006,6
Qwen-3-Coder-30B,1313,simple,correct,1.614814814814815,7
Qwen-3-Coder-30B,1313,simple,correct,1.229145211122554,8
Qwen-3-Coder-30B,1313,simple,correct,1.615068493150685,9
Qwen-3-Coder-30B,1313,simple,correct,1.5806237558062375,10
Qwen-3-Coder-30B,1313,simple,correct,1.6206156048675733,11
Qwen-3-Coder-30B,1313,simple,correct,1.7356241234221599,12
Qwen-3-Coder-30B,1313,simple,correct,1.564434845212383,13
Qwen-3-Coder-30B,1313,simple,correct,1.6407307171853855,14
Qwen-3-Coder-30B,1313,simple,correct,1.5799438990182328,15
Qwen-3-Coder-30B,1313,simple,correct,1.6224272533711852,16
Qwen-3-Coder-30B,1313,simple,correct,1.4695863746958637,17
Qwen-3-Coder-30B,1313,simple,correct,1.9746906636670416,18
Qwen-3-Coder-30B,1313,simple,correct,1.332354668232531,19
Qwen-3-Coder-30B,1313,simple,correct,0.9116571892770106,20
Qwen-3-Coder-30B,1313,simple,correct,1.4279038718291055,21
Qwen-3-Coder-30B,1313,simple,correct,1.591792656587473,22
Qwen-3-Coder-30B,1313,simple,correct,1.7497168742921858,23
Qwen-3-Coder-30B,1313,simple,correct,1.8416938110749186,24
Qwen-3-Coder-30B,1313,simple,correct,1.471441523118767,25
Qwen-3-Coder-30B,1313,simple,correct,1.6184397163120567,26
Qwen-3-Coder-30B,1313,simple,correct,1.7967651195499297,27
Qwen-3-Coder-30B,1313,simple,correct,1.5930599369085174,28
Qwen-3-Coder-30B,1313,simple,correct,1.527972027972028,29
Qwen-3-Coder-30B,1313,simple,correct,3.3644828732956436,30
Qwen-3-Coder-30B,1313,simple,correct,1.6966707768187423,31
Qwen-3-Coder-30B,1313,simple,correct,1.2317477876106195,32
Qwen-3-Coder-30B,1313,simple,correct,1.69553264604811,33
Qwen-3-Coder-30B,1313,simple,correct,1.7981029810298104,34
Qwen-3-Coder-30B,1313,simple,correct,1.406400701446734,35
Qwen-3-Coder-30B,1313,simple,correct,1.7166212534059946,36
Qwen-3-Coder-30B,1313,simple,correct,1.641678129298487,37
Qwen-3-Coder-30B,1313,simple,correct,1.5094869992972593,38
Qwen-3-Coder-30B,1313,simple,correct,1.640549828178694,39
Qwen-3-Coder-30B,1313,simple,correct,1.589794565937707,40
Qwen-3-Coder-30B,1313,simple,correct,1.7340425531914894,41
Qwen-3-Coder-30B,1313,simple,correct,2.0961810466760964,42
Qwen-3-Coder-30B,1313,simple,correct,1.2555373256767843,43
Qwen-3-Coder-30B,1313,simple,correct,1.795027289266222,44
Qwen-3-Coder-30B,1313,simple,correct,1.4132630654369784,45
Qwen-3-Coder-30B,1313,simple,correct,1.5856164383561644,46
Qwen-3-Coder-30B,1313,simple,correct,1.6091040462427746,47
Qwen-3-Coder-30B,1313,simple,correct,1.4579239641178983,48
Qwen-3-Coder-30B,1313,simple,correct,1.6763662171753015,49
Qwen-3-Coder-30B,1313,simple,correct,1.580872011251758,50
Qwen-3-Coder-30B,1363,simple,semantic,,1
Qwen-3-Coder-30B,1363,simple,semantic,,2
Qwen-3-Coder-30B,1363,simple,semantic,,3
Qwen-3-Coder-30B,1363,simple,semantic,,4
Qwen-3-Coder-30B,1363,simple,semantic,,5
Qwen-3-Coder-30B,1363,simple,semantic,,6
Qwen-3-Coder-30B,1363,simple,semantic,,7
Qwen-3-Coder-30B,1363,simple,semantic,,8
Qwen-3-Coder-30B,1363,simple,semantic,,9
Qwen-3-Coder-30B,1363,simple,semantic,,10
Qwen-3-Coder-30B,1363,simple,semantic,,11
Qwen-3-Coder-30B,1363,simple,semantic,,12
Qwen-3-Coder-30B,1363,simple,semantic,,13
Qwen-3-Coder-30B,1363,simple,semantic,,14
Qwen-3-Coder-30B,1363,simple,semantic,,15
Qwen-3-Coder-30B,1363,simple,semantic,,16
Qwen-3-Coder-30B,1363,simple,semantic,,17
Qwen-3-Coder-30B,1363,simple,semantic,,18
Qwen-3-Coder-30B,1363,simple,semantic,,19
Qwen-3-Coder-30B,1363,simple,semantic,,20
Qwen-3-Coder-30B,1363,simple,semantic,,21
Qwen-3-Coder-30B,1363,simple,semantic,,22
Qwen-3-Coder-30B,1363,simple,semantic,,23
Qwen-3-Coder-30B,1363,simple,semantic,,24
Qwen-3-Coder-30B,1363,simple,semantic,,25
Qwen-3-Coder-30B,1363,simple,semantic,,26
Qwen-3-Coder-30B,1363,simple,semantic,,27
Qwen-3-Coder-30B,1363,simple,semantic,,28
Qwen-3-Coder-30B,1363,simple,semantic,,29
Qwen-3-Coder-30B,1363,simple,semantic,,30
Qwen-3-Coder-30B,1363,simple,semantic,,31
Qwen-3-Coder-30B,1363,simple,semantic,,32
Qwen-3-Coder-30B,1363,simple,semantic,,33
Qwen-3-Coder-30B,1363,simple,semantic,,34
Qwen-3-Coder-30B,1363,simple,semantic,,35
Qwen-3-Coder-30B,1363,simple,semantic,,36
Qwen-3-Coder-30B,1363,simple,semantic,,37
Qwen-3-Coder-30B,1363,simple,semantic,,38
Qwen-3-Coder-30B,1363,simple,semantic,,39
Qwen-3-Coder-30B,1363,simple,semantic,,40
Qwen-3-Coder-30B,1363,simple,semantic,,41
Qwen-3-Coder-30B,1363,simple,semantic,,42
Qwen-3-Coder-30B,1363,simple,semantic,,43
Qwen-3-Coder-30B,1363,simple,semantic,,44
Qwen-3-Coder-30B,1363,simple,semantic,,45
Qwen-3-Coder-30B,1363,simple,semantic,,46
Qwen-3-Coder-30B,1363,simple,semantic,,47
Qwen-3-Coder-30B,1363,simple,semantic,,48
Qwen-3-Coder-30B,1363,simple,semantic,,49
Qwen-3-Coder-30B,1363,simple,semantic,,50
Qwen-3-Coder-30B,1045,simple,semantic,,1
Qwen-3-Coder-30B,1045,simple,semantic,,2
Qwen-3-Coder-30B,1045,simple,semantic,,3
Qwen-3-Coder-30B,1045,simple,semantic,,4
Qwen-3-Coder-30B,1045,simple,semantic,,5
Qwen-3-Coder-30B,1045,simple,semantic,,6
Qwen-3-Coder-30B,1045,simple,semantic,,7
Qwen-3-Coder-30B,1045,simple,semantic,,8
Qwen-3-Coder-30B,1045,simple,semantic,,9
Qwen-3-Coder-30B,1045,simple,semantic,,10
Qwen-3-Coder-30B,1045,simple,semantic,,11
Qwen-3-Coder-30B,1045,simple,semantic,,12
Qwen-3-Coder-30B,1045,simple,semantic,,13
Qwen-3-Coder-30B,1045,simple,semantic,,14
Qwen-3-Coder-30B,1045,simple,semantic,,15
Qwen-3-Coder-30B,1045,simple,semantic,,16
Qwen-3-Coder-30B,1045,simple,semantic,,17
Qwen-3-Coder-30B,1045,simple,semantic,,18
Qwen-3-Coder-30B,1045,simple,semantic,,19
Qwen-3-Coder-30B,1045,simple,semantic,,20
Qwen-3-Coder-30B,1045,simple,semantic,,21
Qwen-3-Coder-30B,1045,simple,semantic,,22
Qwen-3-Coder-30B,1045,simple,semantic,,23
Qwen-3-Coder-30B,1045,simple,semantic,,24
Qwen-3-Coder-30B,1045,simple,semantic,,25
Qwen-3-Coder-30B,1045,simple,semantic,,26
Qwen-3-Coder-30B,1045,simple,semantic,,27
Qwen-3-Coder-30B,1045,simple,semantic,,28
Qwen-3-Coder-30B,1045,simple,semantic,,29
Qwen-3-Coder-30B,1045,simple,semantic,,30
Qwen-3-Coder-30B,1045,simple,semantic,,31
Qwen-3-Coder-30B,1045,simple,semantic,,32
Qwen-3-Coder-30B,1045,simple,semantic,,33
Qwen-3-Coder-30B,1045,simple,semantic,,34
Qwen-3-Coder-30B,1045,simple,semantic,,35
Qwen-3-Coder-30B,1045,simple,semantic,,36
Qwen-3-Coder-30B,1045,simple,semantic,,37
Qwen-3-Coder-30B,1045,simple,semantic,,38
Qwen-3-Coder-30B,1045,simple,semantic,,39
Qwen-3-Coder-30B,1045,simple,semantic,,40
Qwen-3-Coder-30B,1045,simple,semantic,,41
Qwen-3-Coder-30B,1045,simple,semantic,,42
Qwen-3-Coder-30B,1045,simple,semantic,,43
Qwen-3-Coder-30B,1045,simple,semantic,,44
Qwen-3-Coder-30B,1045,simple,semantic,,45
Qwen-3-Coder-30B,1045,simple,semantic,,46
Qwen-3-Coder-30B,1045,simple,semantic,,47
Qwen-3-Coder-30B,1045,simple,semantic,,48
Qwen-3-Coder-30B,1045,simple,semantic,,49
Qwen-3-Coder-30B,1045,simple,semantic,,50
Qwen-3-Coder-30B,1145,simple,correct,32.77864387678437,1
Qwen-3-Coder-30B,1145,simple,correct,0.9276884395788592,2
Qwen-3-Coder-30B,1145,simple,correct,0.7860762870098693,3
Qwen-3-Coder-30B,1145,simple,correct,1.033830680024431,4
Qwen-3-Coder-30B,1145,simple,correct,1.1276881949292512,5
Qwen-3-Coder-30B,1145,simple,correct,0.372566441125025,6
Qwen-3-Coder-30B,1145,simple,correct,0.7636765494422139,7
Qwen-3-Coder-30B,1145,simple,correct,34.47228058196334,8
Qwen-3-Coder-30B,1145,simple,correct,1.1235337955047877,9
Qwen-3-Coder-30B,1145,simple,correct,0.9586483959908647,10
Qwen-3-Coder-30B,1145,simple,correct,1.4931342715861544,11
Qwen-3-Coder-30B,1145,simple,correct,0.5731501523526711,12
Qwen-3-Coder-30B,1145,simple,correct,1.3111379390476838,13
Qwen-3-Coder-30B,1145,simple,correct,6.819207756304594,14
Qwen-3-Coder-30B,1145,simple,correct,10.19881906876283,15
Qwen-3-Coder-30B,1145,simple,correct,6.343707105902228,16
Qwen-3-Coder-30B,1145,simple,correct,0.9997181532180047,17
Qwen-3-Coder-30B,1145,simple,correct,1.4426779921163708,18
Qwen-3-Coder-30B,1145,simple,correct,0.9829524121458072,19
Qwen-3-Coder-30B,1145,simple,correct,1.0988091263216473,20
Qwen-3-Coder-30B,1145,simple,correct,0.9985149862636229,21
Qwen-3-Coder-30B,1145,simple,correct,0.9416571382793554,22
Qwen-3-Coder-30B,1145,simple,correct,1.021559532733633,23
Qwen-3-Coder-30B,1145,simple,correct,1.0455882446365836,24
Qwen-3-Coder-30B,1145,simple,correct,1.1145094690779072,25
Qwen-3-Coder-30B,1145,simple,correct,1.9360689037233718,26
Qwen-3-Coder-30B,1145,simple,correct,1.0420466392318244,27
Qwen-3-Coder-30B,1145,simple,correct,0.9390478133774547,28
Qwen-3-Coder-30B,1145,simple,correct,1.130477872153321,29
Qwen-3-Coder-30B,1145,simple,correct,0.9971778958856693,30
Qwen-3-Coder-30B,1145,simple,correct,1.7354269480815108,31
Qwen-3-Coder-30B,1145,simple,correct,3.075477444934862,32
Qwen-3-Coder-30B,1145,simple,correct,4.871228068314979,33
Qwen-3-Coder-30B,1145,simple,correct,25.06925368454061,34
Qwen-3-Coder-30B,1145,simple,correct,1.0610114823362913,35
Qwen-3-Coder-30B,1145,simple,correct,3.5982439320322612,36
Qwen-3-Coder-30B,1145,simple,correct,1.0260353389160233,37
Qwen-3-Coder-30B,1145,simple,correct,0.7832563215454988,38
Qwen-3-Coder-30B,1145,simple,correct,2.185666329889515,39
Qwen-3-Coder-30B,1145,simple,correct,1.9111996481664728,40
Qwen-3-Coder-30B,1145,simple,correct,1.1092564119340487,41
Qwen-3-Coder-30B,1145,simple,correct,1.0316727768225027,42
Qwen-3-Coder-30B,1145,simple,correct,1.06641396193635,43
Qwen-3-Coder-30B,1145,simple,correct,1.0657976915652096,44
Qwen-3-Coder-30B,1145,simple,correct,0.9721914919017868,45
Qwen-3-Coder-30B,1145,simple,correct,0.9751513952107659,46
Qwen-3-Coder-30B,1145,simple,correct,1.0823382495776166,47
Qwen-3-Coder-30B,1145,simple,correct,1.0047947307733784,48
Qwen-3-Coder-30B,1145,simple,correct,1.4587126580352783,49
Qwen-3-Coder-30B,1145,simple,correct,0.9498833425431326,50
Qwen-3-Coder-30B,428,simple,semantic,,1
Qwen-3-Coder-30B,428,simple,semantic,,2
Qwen-3-Coder-30B,428,simple,semantic,,3
Qwen-3-Coder-30B,428,simple,semantic,,4
Qwen-3-Coder-30B,428,simple,semantic,,5
Qwen-3-Coder-30B,428,simple,semantic,,6
Qwen-3-Coder-30B,428,simple,semantic,,7
Qwen-3-Coder-30B,428,simple,semantic,,8
Qwen-3-Coder-30B,428,simple,semantic,,9
Qwen-3-Coder-30B,428,simple,semantic,,10
Qwen-3-Coder-30B,428,simple,semantic,,11
Qwen-3-Coder-30B,428,simple,semantic,,12
Qwen-3-Coder-30B,428,simple,semantic,,13
Qwen-3-Coder-30B,428,simple,semantic,,14
Qwen-3-Coder-30B,428,simple,semantic,,15
Qwen-3-Coder-30B,428,simple,semantic,,16
Qwen-3-Coder-30B,428,simple,semantic,,17
Qwen-3-Coder-30B,428,simple,semantic,,18
Qwen-3-Coder-30B,428,simple,semantic,,19
Qwen-3-Coder-30B,428,simple,semantic,,20
Qwen-3-Coder-30B,428,simple,semantic,,21
Qwen-3-Coder-30B,428,simple,semantic,,22
Qwen-3-Coder-30B,428,simple,semantic,,23
Qwen-3-Coder-30B,428,simple,semantic,,24
Qwen-3-Coder-30B,428,simple,semantic,,25
Qwen-3-Coder-30B,428,simple,semantic,,26
Qwen-3-Coder-30B,428,simple,semantic,,27
Qwen-3-Coder-30B,428,simple,semantic,,28
Qwen-3-Coder-30B,428,simple,semantic,,29
Qwen-3-Coder-30B,428,simple,semantic,,30
Qwen-3-Coder-30B,428,simple,semantic,,31
Qwen-3-Coder-30B,428,simple,semantic,,32
Qwen-3-Coder-30B,428,simple,semantic,,33
Qwen-3-Coder-30B,428,simple,semantic,,34
Qwen-3-Coder-30B,428,simple,semantic,,35
Qwen-3-Coder-30B,428,simple,semantic,,36
Qwen-3-Coder-30B,428,simple,semantic,,37
Qwen-3-Coder-30B,428,simple,semantic,,38
Qwen-3-Coder-30B,428,simple,semantic,,39
Qwen-3-Coder-30B,428,simple,semantic,,40
Qwen-3-Coder-30B,428,simple,semantic,,41
Qwen-3-Coder-30B,428,simple,semantic,,42
Qwen-3-Coder-30B,428,simple,semantic,,43
Qwen-3-Coder-30B,428,simple,semantic,,44
Qwen-3-Coder-30B,428,simple,semantic,,45
Qwen-3-Coder-30B,428,simple,semantic,,46
Qwen-3-Coder-30B,428,simple,semantic,,47
Qwen-3-Coder-30B,428,simple,semantic,,48
Qwen-3-Coder-30B,428,simple,semantic,,49
Qwen-3-Coder-30B,428,simple,semantic,,50
Qwen-3-Coder-30B,1157,simple,correct,13.385110294117647,1
Qwen-3-Coder-30B,1157,simple,correct,5.120594713656388,2
Qwen-3-Coder-30B,1157,simple,correct,1.507908611599297,3
Qwen-3-Coder-30B,1157,simple,correct,1.5394588500563697,4
Qwen-3-Coder-30B,1157,simple,correct,1.5060240963855422,5
Qwen-3-Coder-30B,1157,simple,correct,1.4441951766685361,6
Qwen-3-Coder-30B,1157,simple,correct,0.9737292975442604,7
Qwen-3-Coder-30B,1157,simple,correct,1.4817602779386219,8
Qwen-3-Coder-30B,1157,simple,correct,1.4913329348475792,9
Qwen-3-Coder-30B,1157,simple,correct,1.48023598820059,10
Qwen-3-Coder-30B,1157,simple,correct,1.2334846192637419,11
Qwen-3-Coder-30B,1157,simple,correct,1.458131067961165,12
Qwen-3-Coder-30B,1157,simple,correct,1.4474576271186441,13
Qwen-3-Coder-30B,1157,simple,correct,1.6763341067285382,14
Qwen-3-Coder-30B,1157,simple,correct,1.2837701612903225,15
Qwen-3-Coder-30B,1157,simple,correct,1.720862470862471,16
Qwen-3-Coder-30B,1157,simple,correct,0.7525679758308157,17
Qwen-3-Coder-30B,1157,simple,correct,1.450805008944544,18
Qwen-3-Coder-30B,1157,simple,correct,1.8163972286374135,19
Qwen-3-Coder-30B,1157,simple,correct,1.394646924829157,20
Qwen-3-Coder-30B,1157,simple,correct,1.448467966573816,21
Qwen-3-Coder-30B,1157,simple,correct,1.2045889101338432,22
Qwen-3-Coder-30B,1157,simple,correct,1.2468487394957983,23
Qwen-3-Coder-30B,1157,simple,correct,1.5923718712753279,24
Qwen-3-Coder-30B,1157,simple,correct,1.1081264875892554,25
Qwen-3-Coder-30B,1157,simple,correct,1.4519464720194648,26
Qwen-3-Coder-30B,1157,simple,correct,1.425301204819277,27
Qwen-3-Coder-30B,1157,simple,correct,1.5708358032009484,28
Qwen-3-Coder-30B,1157,simple,correct,1.2675568743818002,29
Qwen-3-Coder-30B,1157,simple,correct,0.817008797653959,30
Qwen-3-Coder-30B,1157,simple,correct,1.4135730858468678,31
Qwen-3-Coder-30B,1157,simple,correct,1.5605247465712582,32
Qwen-3-Coder-30B,1157,simple,correct,1.1841093549765058,33
Qwen-3-Coder-30B,1157,simple,correct,1.5363636363636364,34
Qwen-3-Coder-30B,1157,simple,correct,1.4708708708708709,35
Qwen-3-Coder-30B,1157,simple,correct,1.3778026905829597,36
Qwen-3-Coder-30B,1157,simple,correct,0.8936046511627908,37
Qwen-3-Coder-30B,1157,simple,correct,1.3292357028327098,38
Qwen-3-Coder-30B,1157,simple,correct,1.5356265356265357,39
Qwen-3-Coder-30B,1157,simple,correct,1.528133704735376,40
Qwen-3-Coder-30B,1157,simple,correct,1.0672554347826086,41
Qwen-3-Coder-30B,1157,simple,correct,1.5340977670488836,42
Qwen-3-Coder-30B,1157,simple,correct,1.203656307129799,43
Qwen-3-Coder-30B,1157,simple,correct,1.5856019358741682,44
Qwen-3-Coder-30B,1157,simple,correct,1.5674019607843137,45
Qwen-3-Coder-30B,1157,simple,correct,1.471489883507051,46
Qwen-3-Coder-30B,1157,simple,correct,0.35185185185185186,47
Qwen-3-Coder-30B,1157,simple,correct,1.5129650507328072,48
Qwen-3-Coder-30B,1157,simple,correct,1.916615194564546,49
Qwen-3-Coder-30B,1157,simple,correct,1.5605057194461167,50
Qwen-3-Coder-30B,13,simple,correct,8.23335051251217,1
Qwen-3-Coder-30B,13,simple,correct,1.0356499394512213,2
Qwen-3-Coder-30B,13,simple,correct,1.003853207610085,3
Qwen-3-Coder-30B,13,simple,correct,1.2630938964351386,4
Qwen-3-Coder-30B,13,simple,correct,1.0570317002881844,5
Qwen-3-Coder-30B,13,simple,correct,1.0547862575399947,6
Qwen-3-Coder-30B,13,simple,correct,1.0151043980453132,7
Qwen-3-Coder-30B,13,simple,correct,1.0165857605177993,8
Qwen-3-Coder-30B,13,simple,correct,0.9597070632811174,9
Qwen-3-Coder-30B,13,simple,correct,1.034867629362214,10
Qwen-3-Coder-30B,13,simple,correct,1.3001438764424347,11
Qwen-3-Coder-30B,13,simple,correct,0.9704110510241251,12
Qwen-3-Coder-30B,13,simple,correct,0.9421839175713378,13
Qwen-3-Coder-30B,13,simple,correct,0.9480445564680056,14
Qwen-3-Coder-30B,13,simple,correct,0.9895469385417264,15
Qwen-3-Coder-30B,13,simple,correct,1.012517222173365,16
Qwen-3-Coder-30B,13,simple,correct,1.0212467076382792,17
Qwen-3-Coder-30B,13,simple,correct,0.9885402455661665,18
Qwen-3-Coder-30B,13,simple,correct,0.9831270466781373,19
Qwen-3-Coder-30B,13,simple,correct,1.0304087000206863,20
Qwen-3-Coder-30B,13,simple,correct,1.0714221246126538,21
Qwen-3-Coder-30B,13,simple,correct,1.3901644200859131,22
Qwen-3-Coder-30B,13,simple,correct,0.8836596589371108,23
Qwen-3-Coder-30B,13,simple,correct,1.0334333098094566,24
Qwen-3-Coder-30B,13,simple,correct,0.9898839397741531,25
Qwen-3-Coder-30B,13,simple,correct,1.1866778785512644,26
Qwen-3-Coder-30B,13,simple,correct,0.9291303079330557,27
Qwen-3-Coder-30B,13,simple,correct,1.0575990875392074,28
Qwen-3-Coder-30B,13,simple,correct,1.0091200611926687,29
Qwen-3-Coder-30B,13,simple,correct,1.0549613439516363,30
Qwen-3-Coder-30B,13,simple,correct,0.9272482485227754,31
Qwen-3-Coder-30B,13,simple,correct,0.9808548657004282,32
Qwen-3-Coder-30B,13,simple,correct,0.8438978936269341,33
Qwen-3-Coder-30B,13,simple,correct,1.0296904247660188,34
Qwen-3-Coder-30B,13,simple,correct,1.0764260864763378,35
Qwen-3-Coder-30B,13,simple,correct,1.0003875275740775,36
Qwen-3-Coder-30B,13,simple,correct,0.9999203927292026,37
Qwen-3-Coder-30B,13,simple,correct,0.975237194290643,38
Qwen-3-Coder-30B,13,simple,correct,0.9967919741024819,39
Qwen-3-Coder-30B,13,simple,correct,0.9627518911051434,40
Qwen-3-Coder-30B,13,simple,correct,1.0111809518292154,41
Qwen-3-Coder-30B,13,simple,correct,0.991632265982372,42
Qwen-3-Coder-30B,13,simple,correct,0.9527103060244271,43
Qwen-3-Coder-30B,13,simple,correct,1.0130311121430229,44
Qwen-3-Coder-30B,13,simple,correct,0.987906868315995,45
Qwen-3-Coder-30B,13,simple,correct,1.0417697833041588,46
Qwen-3-Coder-30B,13,simple,correct,0.9696019969491055,47
Qwen-3-Coder-30B,13,simple,correct,0.9423190775563136,48
Qwen-3-Coder-30B,13,simple,correct,0.9486270789150575,49
Qwen-3-Coder-30B,13,simple,correct,1.0409016542446827,50
Qwen-3-Coder-30B,190,simple,correct,5.2904619474908605,1
Qwen-3-Coder-30B,190,simple,correct,1.1877705627705628,2
Qwen-3-Coder-30B,190,simple,correct,1.0611488573193328,3
Qwen-3-Coder-30B,190,simple,correct,1.1918456497997816,4
Qwen-3-Coder-30B,190,simple,correct,1.117636684303351,5
Qwen-3-Coder-30B,190,simple,correct,1.339779005524862,6
Qwen-3-Coder-30B,190,simple,correct,0.6284383119792133,7
Qwen-3-Coder-30B,190,simple,correct,1.1984760522496372,8
Qwen-3-Coder-30B,190,simple,correct,1.1489099859353025,9
Qwen-3-Coder-30B,190,simple,correct,1.1126936086879118,10
Qwen-3-Coder-30B,190,simple,correct,0.9660643455266638,11
Qwen-3-Coder-30B,190,simple,correct,1.0809802876931274,12
Qwen-3-Coder-30B,190,simple,correct,1.1685433422698839,13
Qwen-3-Coder-30B,190,simple,correct,1.1928597057768209,14
Qwen-3-Coder-30B,190,simple,correct,1.1800708143652,15
Qwen-3-Coder-30B,190,simple,correct,1.2025114962858154,16
Qwen-3-Coder-30B,190,simple,correct,0.913075545253398,17
Qwen-3-Coder-30B,190,simple,correct,1.2355979786636722,18
Qwen-3-Coder-30B,190,simple,correct,1.19562298603652,19
Qwen-3-Coder-30B,190,simple,correct,1.1723163841807909,20
Qwen-3-Coder-30B,190,simple,correct,1.1953777777777779,21
Qwen-3-Coder-30B,190,simple,correct,1.356830601092896,22
Qwen-3-Coder-30B,190,simple,correct,1.1583629893238434,23
Qwen-3-Coder-30B,190,simple,correct,1.1076450622272507,24
Qwen-3-Coder-30B,190,simple,correct,1.2307692307692308,25
Qwen-3-Coder-30B,190,simple,correct,1.1763548560186012,26
Qwen-3-Coder-30B,190,simple,correct,1.1602712282323933,27
Qwen-3-Coder-30B,190,simple,correct,1.1791897197929682,28
Qwen-3-Coder-30B,190,simple,correct,1.063678865065291,29
Qwen-3-Coder-30B,190,simple,correct,1.1088306312521559,30
Qwen-3-Coder-30B,190,simple,correct,0.9856951274027715,31
Qwen-3-Coder-30B,190,simple,correct,1.1878711535000899,32
Qwen-3-Coder-30B,190,simple,correct,1.1048487878030493,33
Qwen-3-Coder-30B,190,simple,correct,1.1891261439081284,34
Qwen-3-Coder-30B,190,simple,correct,1.1805730762299513,35
Qwen-3-Coder-30B,190,simple,correct,1.109481582537517,36
Qwen-3-Coder-30B,190,simple,correct,1.0504534212695795,37
Qwen-3-Coder-30B,190,simple,correct,1.1123856766392808,38
Qwen-3-Coder-30B,190,simple,correct,1.1994483709705224,39
Qwen-3-Coder-30B,190,simple,correct,1.108145106091718,40
Qwen-3-Coder-30B,190,simple,correct,1.181117878896453,41
Qwen-3-Coder-30B,190,simple,correct,1.2198429693076374,42
Qwen-3-Coder-30B,190,simple,correct,1.089952025586354,43
Qwen-3-Coder-30B,190,simple,correct,1.0963955026455026,44
Qwen-3-Coder-30B,190,simple,correct,1.1614539306846998,45
Qwen-3-Coder-30B,190,simple,correct,1.1889009399855386,46
Qwen-3-Coder-30B,190,simple,correct,1.1501779359430604,47
Qwen-3-Coder-30B,190,simple,correct,1.0487960452878329,48
Qwen-3-Coder-30B,190,simple,correct,1.132418524871355,49
Qwen-3-Coder-30B,190,simple,correct,1.1805728518057286,50
Qwen-3-Coder-30B,1619,Simple,semantic,,1
Qwen-3-Coder-30B,1619,Simple,semantic,,2
Qwen-3-Coder-30B,1619,Simple,semantic,,3
Qwen-3-Coder-30B,1619,Simple,semantic,,4
Qwen-3-Coder-30B,1619,Simple,semantic,,5
Qwen-3-Coder-30B,1619,Simple,semantic,,6
Qwen-3-Coder-30B,1619,Simple,semantic,,7
Qwen-3-Coder-30B,1619,Simple,semantic,,8
Qwen-3-Coder-30B,1619,Simple,semantic,,9
Qwen-3-Coder-30B,1619,Simple,semantic,,10
Qwen-3-Coder-30B,1619,Simple,semantic,,11
Qwen-3-Coder-30B,1619,Simple,semantic,,12
Qwen-3-Coder-30B,1619,Simple,semantic,,13
Qwen-3-Coder-30B,1619,Simple,semantic,,14
Qwen-3-Coder-30B,1619,Simple,semantic,,15
Qwen-3-Coder-30B,1619,Simple,semantic,,16
Qwen-3-Coder-30B,1619,Simple,semantic,,17
Qwen-3-Coder-30B,1619,Simple,semantic,,18
Qwen-3-Coder-30B,1619,Simple,semantic,,19
Qwen-3-Coder-30B,1619,Simple,semantic,,20
Qwen-3-Coder-30B,1619,Simple,semantic,,21
Qwen-3-Coder-30B,1619,Simple,semantic,,22
Qwen-3-Coder-30B,1619,Simple,semantic,,23
Qwen-3-Coder-30B,1619,Simple,semantic,,24
Qwen-3-Coder-30B,1619,Simple,semantic,,25
Qwen-3-Coder-30B,1619,Simple,semantic,,26
Qwen-3-Coder-30B,1619,Simple,semantic,,27
Qwen-3-Coder-30B,1619,Simple,semantic,,28
Qwen-3-Coder-30B,1619,Simple,semantic,,29
Qwen-3-Coder-30B,1619,Simple,semantic,,30
Qwen-3-Coder-30B,1619,Simple,semantic,,31
Qwen-3-Coder-30B,1619,Simple,semantic,,32
Qwen-3-Coder-30B,1619,Simple,semantic,,33
Qwen-3-Coder-30B,1619,Simple,semantic,,34
Qwen-3-Coder-30B,1619,Simple,semantic,,35
Qwen-3-Coder-30B,1619,Simple,semantic,,36
Qwen-3-Coder-30B,1619,Simple,semantic,,37
Qwen-3-Coder-30B,1619,Simple,semantic,,38
Qwen-3-Coder-30B,1619,Simple,semantic,,39
Qwen-3-Coder-30B,1619,Simple,semantic,,40
Qwen-3-Coder-30B,1619,Simple,semantic,,41
Qwen-3-Coder-30B,1619,Simple,semantic,,42
Qwen-3-Coder-30B,1619,Simple,semantic,,43
Qwen-3-Coder-30B,1619,Simple,semantic,,44
Qwen-3-Coder-30B,1619,Simple,semantic,,45
Qwen-3-Coder-30B,1619,Simple,semantic,,46
Qwen-3-Coder-30B,1619,Simple,semantic,,47
Qwen-3-Coder-30B,1619,Simple,semantic,,48
Qwen-3-Coder-30B,1619,Simple,semantic,,49
Qwen-3-Coder-30B,1619,Simple,semantic,,50
Qwen-3-Coder-30B,1517,simple,semantic,,1
Qwen-3-Coder-30B,1517,simple,semantic,,2
Qwen-3-Coder-30B,1517,simple,semantic,,3
Qwen-3-Coder-30B,1517,simple,semantic,,4
Qwen-3-Coder-30B,1517,simple,semantic,,5
Qwen-3-Coder-30B,1517,simple,semantic,,6
Qwen-3-Coder-30B,1517,simple,semantic,,7
Qwen-3-Coder-30B,1517,simple,semantic,,8
Qwen-3-Coder-30B,1517,simple,semantic,,9
Qwen-3-Coder-30B,1517,simple,semantic,,10
Qwen-3-Coder-30B,1517,simple,semantic,,11
Qwen-3-Coder-30B,1517,simple,semantic,,12
Qwen-3-Coder-30B,1517,simple,semantic,,13
Qwen-3-Coder-30B,1517,simple,semantic,,14
Qwen-3-Coder-30B,1517,simple,semantic,,15
Qwen-3-Coder-30B,1517,simple,semantic,,16
Qwen-3-Coder-30B,1517,simple,semantic,,17
Qwen-3-Coder-30B,1517,simple,semantic,,18
Qwen-3-Coder-30B,1517,simple,semantic,,19
Qwen-3-Coder-30B,1517,simple,semantic,,20
Qwen-3-Coder-30B,1517,simple,semantic,,21
Qwen-3-Coder-30B,1517,simple,semantic,,22
Qwen-3-Coder-30B,1517,simple,semantic,,23
Qwen-3-Coder-30B,1517,simple,semantic,,24
Qwen-3-Coder-30B,1517,simple,semantic,,25
Qwen-3-Coder-30B,1517,simple,semantic,,26
Qwen-3-Coder-30B,1517,simple,semantic,,27
Qwen-3-Coder-30B,1517,simple,semantic,,28
Qwen-3-Coder-30B,1517,simple,semantic,,29
Qwen-3-Coder-30B,1517,simple,semantic,,30
Qwen-3-Coder-30B,1517,simple,semantic,,31
Qwen-3-Coder-30B,1517,simple,semantic,,32
Qwen-3-Coder-30B,1517,simple,semantic,,33
Qwen-3-Coder-30B,1517,simple,semantic,,34
Qwen-3-Coder-30B,1517,simple,semantic,,35
Qwen-3-Coder-30B,1517,simple,semantic,,36
Qwen-3-Coder-30B,1517,simple,semantic,,37
Qwen-3-Coder-30B,1517,simple,semantic,,38
Qwen-3-Coder-30B,1517,simple,semantic,,39
Qwen-3-Coder-30B,1517,simple,semantic,,40
Qwen-3-Coder-30B,1517,simple,semantic,,41
Qwen-3-Coder-30B,1517,simple,semantic,,42
Qwen-3-Coder-30B,1517,simple,semantic,,43
Qwen-3-Coder-30B,1517,simple,semantic,,44
Qwen-3-Coder-30B,1517,simple,semantic,,45
Qwen-3-Coder-30B,1517,simple,semantic,,46
Qwen-3-Coder-30B,1517,simple,semantic,,47
Qwen-3-Coder-30B,1517,simple,semantic,,48
Qwen-3-Coder-30B,1517,simple,semantic,,49
Qwen-3-Coder-30B,1517,simple,semantic,,50
Qwen-3-Coder-30B,1508,simple,correct,4.543840774610006,1
Qwen-3-Coder-30B,1508,simple,correct,1.6357466063348416,2
Qwen-3-Coder-30B,1508,simple,correct,1.6057471264367815,3
Qwen-3-Coder-30B,1508,simple,correct,1.6282527881040891,4
Qwen-3-Coder-30B,1508,simple,correct,1.1137697516930023,5
Qwen-3-Coder-30B,1508,simple,correct,1.311236483309826,6
Qwen-3-Coder-30B,1508,simple,correct,1.51539338654504,7
Qwen-3-Coder-30B,1508,simple,correct,1.6739741427768409,8
Qwen-3-Coder-30B,1508,simple,correct,1.184928340268146,9
Qwen-3-Coder-30B,1508,simple,correct,1.5872235872235871,10
Qwen-3-Coder-30B,1508,simple,correct,1.4774520856820743,11
Qwen-3-Coder-30B,1508,simple,correct,1.4240672622175512,12
Qwen-3-Coder-30B,1508,simple,correct,1.4852002321532212,13
Qwen-3-Coder-30B,1508,simple,correct,1.1720872787155208,14
Qwen-3-Coder-30B,1508,simple,correct,1.4539818788745826,15
Qwen-3-Coder-30B,1508,simple,correct,1.501124859392576,16
Qwen-3-Coder-30B,1508,simple,correct,1.56615925058548,17
Qwen-3-Coder-30B,1508,simple,correct,1.4398410896708287,18
Qwen-3-Coder-30B,1508,simple,correct,1.530823786142935,19
Qwen-3-Coder-30B,1508,simple,correct,1.4163841807909605,20
Qwen-3-Coder-30B,1508,simple,correct,1.3770491803278688,21
Qwen-3-Coder-30B,1508,simple,correct,1.2075282308657465,22
Qwen-3-Coder-30B,1508,simple,correct,1.6560263653483993,23
Qwen-3-Coder-30B,1508,simple,correct,1.3911655135710483,24
Qwen-3-Coder-30B,1508,simple,correct,1.4055772994129159,25
Qwen-3-Coder-30B,1508,simple,correct,1.3964497041420119,26
Qwen-3-Coder-30B,1508,simple,correct,1.5199764982373678,27
Qwen-3-Coder-30B,1508,simple,correct,0.42230245799194555,28
Qwen-3-Coder-30B,1508,simple,correct,2.3544488435090645,29
Qwen-3-Coder-30B,1508,simple,correct,1.3547110055423595,30
Qwen-3-Coder-30B,1508,simple,correct,1.1234830097087378,31
Qwen-3-Coder-30B,1508,simple,correct,1.4927130044843049,32
Qwen-3-Coder-30B,1508,simple,correct,0.8944127501584714,33
Qwen-3-Coder-30B,1508,simple,correct,0.9293790914501091,34
Qwen-3-Coder-30B,1508,simple,correct,0.8175807078957604,35
Qwen-3-Coder-30B,1508,simple,correct,1.1090455049944505,36
Qwen-3-Coder-30B,1508,simple,correct,2.1393518518518517,37
Qwen-3-Coder-30B,1508,simple,correct,1.2560103963612737,38
Qwen-3-Coder-30B,1508,simple,correct,1.7893048128342246,39
Qwen-3-Coder-30B,1508,simple,correct,1.8593012275731822,40
Qwen-3-Coder-30B,1508,simple,correct,1.369012707722385,41
Qwen-3-Coder-30B,1508,simple,correct,2.577767817122367,42
Qwen-3-Coder-30B,1508,simple,correct,1.5087006960556844,43
Qwen-3-Coder-30B,1508,simple,correct,1.5820556501987506,44
Qwen-3-Coder-30B,1508,simple,correct,1.4587912087912087,45
Qwen-3-Coder-30B,1508,simple,correct,1.427316644707949,46
Qwen-3-Coder-30B,1508,simple,correct,1.0361751639517665,47
Qwen-3-Coder-30B,1508,simple,correct,1.0722651383005233,48
Qwen-3-Coder-30B,1508,simple,correct,1.4042780748663102,49
Qwen-3-Coder-30B,1508,simple,correct,0.7044086348434174,50
Qwen-3-Coder-30B,143,simple,correct,14.66068515497553,1
Qwen-3-Coder-30B,143,simple,correct,1.4035623409669211,2
Qwen-3-Coder-30B,143,simple,correct,1.9512541410317086,3
Qwen-3-Coder-30B,143,simple,correct,1.203188756233943,4
Qwen-3-Coder-30B,143,simple,correct,1.7255062944718118,5
Qwen-3-Coder-30B,143,simple,correct,1.6871746332229058,6
Qwen-3-Coder-30B,143,simple,correct,2.0546181172291296,7
Qwen-3-Coder-30B,143,simple,correct,1.1827458256029684,8
Qwen-3-Coder-30B,143,simple,correct,1.825462788061957,9
Qwen-3-Coder-30B,143,simple,correct,1.5089920535340862,10
Qwen-3-Coder-30B,143,simple,correct,1.1582948683138745,11
Qwen-3-Coder-30B,143,simple,correct,1.4396084964598084,12
Qwen-3-Coder-30B,143,simple,correct,1.4581369248035914,13
Qwen-3-Coder-30B,143,simple,correct,0.8169633926785357,14
Qwen-3-Coder-30B,143,simple,correct,1.6085951940850278,15
Qwen-3-Coder-30B,143,simple,correct,0.7829136117309531,16
Qwen-3-Coder-30B,143,simple,correct,1.1097959819342782,17
Qwen-3-Coder-30B,143,simple,correct,2.0361768646717286,18
Qwen-3-Coder-30B,143,simple,correct,1.5280437756497949,19
Qwen-3-Coder-30B,143,simple,correct,1.5864888123924268,20
Qwen-3-Coder-30B,143,simple,correct,1.9058995611896636,21
Qwen-3-Coder-30B,143,simple,correct,2.0522388059701493,22
Qwen-3-Coder-30B,143,simple,correct,1.6966139954853272,23
Qwen-3-Coder-30B,143,simple,correct,1.6686291000841043,24
Qwen-3-Coder-30B,143,simple,correct,1.6602420439264904,25
Qwen-3-Coder-30B,143,simple,correct,1.3958437656484728,26
Qwen-3-Coder-30B,143,simple,correct,2.3381828978622328,27
Qwen-3-Coder-30B,143,simple,correct,1.6297952459402212,28
Qwen-3-Coder-30B,143,simple,correct,0.9301105489975642,29
Qwen-3-Coder-30B,143,simple,correct,1.8459505673869112,30
Qwen-3-Coder-30B,143,simple,correct,1.4884279101662952,31
Qwen-3-Coder-30B,143,simple,correct,2.533077444118311,32
Qwen-3-Coder-30B,143,simple,correct,1.6257842541995549,33
Qwen-3-Coder-30B,143,simple,correct,1.365745310957552,34
Qwen-3-Coder-30B,143,simple,correct,1.4563867134755604,35
Qwen-3-Coder-30B,143,simple,correct,1.8110816386678457,36
Qwen-3-Coder-30B,143,simple,correct,1.8225806451612903,37
Qwen-3-Coder-30B,143,simple,correct,0.8269640573945163,38
Qwen-3-Coder-30B,143,simple,correct,0.997535124476214,39
Qwen-3-Coder-30B,143,simple,correct,1.6686046511627908,40
Qwen-3-Coder-30B,143,simple,correct,1.9467758444216992,41
Qwen-3-Coder-30B,143,simple,correct,1.6551724137931034,42
Qwen-3-Coder-30B,143,simple,correct,1.564958283671037,43
Qwen-3-Coder-30B,143,simple,correct,1.9379036264282166,44
Qwen-3-Coder-30B,143,simple,correct,1.6589541878759833,45
Qwen-3-Coder-30B,143,simple,correct,1.7552761562640324,46
Qwen-3-Coder-30B,143,simple,correct,1.8358705994291151,47
Qwen-3-Coder-30B,143,simple,correct,1.4260249554367201,48
Qwen-3-Coder-30B,143,simple,correct,1.670940170940171,49
Qwen-3-Coder-30B,143,simple,correct,1.5632034632034633,50
Qwen-3-Coder-30B,599,simple,semantic,,1
Qwen-3-Coder-30B,599,simple,semantic,,2
Qwen-3-Coder-30B,599,simple,semantic,,3
Qwen-3-Coder-30B,599,simple,semantic,,4
Qwen-3-Coder-30B,599,simple,semantic,,5
Qwen-3-Coder-30B,599,simple,semantic,,6
Qwen-3-Coder-30B,599,simple,semantic,,7
Qwen-3-Coder-30B,599,simple,semantic,,8
Qwen-3-Coder-30B,599,simple,semantic,,9
Qwen-3-Coder-30B,599,simple,semantic,,10
Qwen-3-Coder-30B,599,simple,semantic,,11
Qwen-3-Coder-30B,599,simple,semantic,,12
Qwen-3-Coder-30B,599,simple,semantic,,13
Qwen-3-Coder-30B,599,simple,semantic,,14
Qwen-3-Coder-30B,599,simple,semantic,,15
Qwen-3-Coder-30B,599,simple,semantic,,16
Qwen-3-Coder-30B,599,simple,semantic,,17
Qwen-3-Coder-30B,599,simple,semantic,,18
Qwen-3-Coder-30B,599,simple,semantic,,19
Qwen-3-Coder-30B,599,simple,semantic,,20
Qwen-3-Coder-30B,599,simple,semantic,,21
Qwen-3-Coder-30B,599,simple,semantic,,22
Qwen-3-Coder-30B,599,simple,semantic,,23
Qwen-3-Coder-30B,599,simple,semantic,,24
Qwen-3-Coder-30B,599,simple,semantic,,25
Qwen-3-Coder-30B,599,simple,semantic,,26
Qwen-3-Coder-30B,599,simple,semantic,,27
Qwen-3-Coder-30B,599,simple,semantic,,28
Qwen-3-Coder-30B,599,simple,semantic,,29
Qwen-3-Coder-30B,599,simple,semantic,,30
Qwen-3-Coder-30B,599,simple,semantic,,31
Qwen-3-Coder-30B,599,simple,semantic,,32
Qwen-3-Coder-30B,599,simple,semantic,,33
Qwen-3-Coder-30B,599,simple,semantic,,34
Qwen-3-Coder-30B,599,simple,semantic,,35
Qwen-3-Coder-30B,599,simple,semantic,,36
Qwen-3-Coder-30B,599,simple,semantic,,37
Qwen-3-Coder-30B,599,simple,semantic,,38
Qwen-3-Coder-30B,599,simple,semantic,,39
Qwen-3-Coder-30B,599,simple,semantic,,40
Qwen-3-Coder-30B,599,simple,semantic,,41
Qwen-3-Coder-30B,599,simple,semantic,,42
Qwen-3-Coder-30B,599,simple,semantic,,43
Qwen-3-Coder-30B,599,simple,semantic,,44
Qwen-3-Coder-30B,599,simple,semantic,,45
Qwen-3-Coder-30B,599,simple,semantic,,46
Qwen-3-Coder-30B,599,simple,semantic,,47
Qwen-3-Coder-30B,599,simple,semantic,,48
Qwen-3-Coder-30B,599,simple,semantic,,49
Qwen-3-Coder-30B,599,simple,semantic,,50
Qwen-3-Coder-30B,225,simple,semantic,,1
Qwen-3-Coder-30B,225,simple,semantic,,2
Qwen-3-Coder-30B,225,simple,semantic,,3
Qwen-3-Coder-30B,225,simple,semantic,,4
Qwen-3-Coder-30B,225,simple,semantic,,5
Qwen-3-Coder-30B,225,simple,semantic,,6
Qwen-3-Coder-30B,225,simple,semantic,,7
Qwen-3-Coder-30B,225,simple,semantic,,8
Qwen-3-Coder-30B,225,simple,semantic,,9
Qwen-3-Coder-30B,225,simple,semantic,,10
Qwen-3-Coder-30B,225,simple,semantic,,11
Qwen-3-Coder-30B,225,simple,semantic,,12
Qwen-3-Coder-30B,225,simple,semantic,,13
Qwen-3-Coder-30B,225,simple,semantic,,14
Qwen-3-Coder-30B,225,simple,semantic,,15
Qwen-3-Coder-30B,225,simple,semantic,,16
Qwen-3-Coder-30B,225,simple,semantic,,17
Qwen-3-Coder-30B,225,simple,semantic,,18
Qwen-3-Coder-30B,225,simple,semantic,,19
Qwen-3-Coder-30B,225,simple,semantic,,20
Qwen-3-Coder-30B,225,simple,semantic,,21
Qwen-3-Coder-30B,225,simple,semantic,,22
Qwen-3-Coder-30B,225,simple,semantic,,23
Qwen-3-Coder-30B,225,simple,semantic,,24
Qwen-3-Coder-30B,225,simple,semantic,,25
Qwen-3-Coder-30B,225,simple,semantic,,26
Qwen-3-Coder-30B,225,simple,semantic,,27
Qwen-3-Coder-30B,225,simple,semantic,,28
Qwen-3-Coder-30B,225,simple,semantic,,29
Qwen-3-Coder-30B,225,simple,semantic,,30
Qwen-3-Coder-30B,225,simple,semantic,,31
Qwen-3-Coder-30B,225,simple,semantic,,32
Qwen-3-Coder-30B,225,simple,semantic,,33
Qwen-3-Coder-30B,225,simple,semantic,,34
Qwen-3-Coder-30B,225,simple,semantic,,35
Qwen-3-Coder-30B,225,simple,semantic,,36
Qwen-3-Coder-30B,225,simple,semantic,,37
Qwen-3-Coder-30B,225,simple,semantic,,38
Qwen-3-Coder-30B,225,simple,semantic,,39
Qwen-3-Coder-30B,225,simple,semantic,,40
Qwen-3-Coder-30B,225,simple,semantic,,41
Qwen-3-Coder-30B,225,simple,semantic,,42
Qwen-3-Coder-30B,225,simple,semantic,,43
Qwen-3-Coder-30B,225,simple,semantic,,44
Qwen-3-Coder-30B,225,simple,semantic,,45
Qwen-3-Coder-30B,225,simple,semantic,,46
Qwen-3-Coder-30B,225,simple,semantic,,47
Qwen-3-Coder-30B,225,simple,semantic,,48
Qwen-3-Coder-30B,225,simple,semantic,,49
Qwen-3-Coder-30B,225,simple,semantic,,50
Qwen-3-Coder-30B,858,simple,correct,0.2963195315767461,1
Qwen-3-Coder-30B,858,simple,correct,1.1713250517598344,2
Qwen-3-Coder-30B,858,simple,correct,3.3037628970260977,3
Qwen-3-Coder-30B,858,simple,correct,0.9664386489952972,4
Qwen-3-Coder-30B,858,simple,correct,1.780265748031496,5
Qwen-3-Coder-30B,858,simple,correct,0.9062690200852099,6
Qwen-3-Coder-30B,858,simple,correct,1.1197942185203331,7
Qwen-3-Coder-30B,858,simple,correct,1.1603773584905661,8
Qwen-3-Coder-30B,858,simple,correct,1.248330447687361,9
Qwen-3-Coder-30B,858,simple,correct,1.0571300044984255,10
Qwen-3-Coder-30B,858,simple,correct,1.2918287937743191,11
Qwen-3-Coder-30B,858,simple,correct,1.1777493606138107,12
Qwen-3-Coder-30B,858,simple,correct,1.2739344613407582,13
Qwen-3-Coder-30B,858,simple,correct,1.5291929021179165,14
Qwen-3-Coder-30B,858,simple,correct,1.1345460785996224,15
Qwen-3-Coder-30B,858,simple,correct,1.3617119190059825,16
Qwen-3-Coder-30B,858,simple,correct,1.3726265822784811,17
Qwen-3-Coder-30B,858,simple,correct,1.2221269296740995,18
Qwen-3-Coder-30B,858,simple,correct,1.2923151750972763,19
Qwen-3-Coder-30B,858,simple,correct,1.4258814102564104,20
Qwen-3-Coder-30B,858,simple,correct,0.8786054326519183,21
Qwen-3-Coder-30B,858,simple,correct,0.7940966775987451,22
Qwen-3-Coder-30B,858,simple,correct,1.3315273100014644,23
Qwen-3-Coder-30B,858,simple,correct,1.0193503800967518,24
Qwen-3-Coder-30B,858,simple,correct,1.0689487739742656,25
Qwen-3-Coder-30B,858,simple,correct,0.8711177236377162,26
Qwen-3-Coder-30B,858,simple,correct,1.3328046523922812,27
Qwen-3-Coder-30B,858,simple,correct,1.2850095916689503,28
Qwen-3-Coder-30B,858,simple,correct,1.4291812184710904,29
Qwen-3-Coder-30B,858,simple,correct,1.2357023875624653,30
Qwen-3-Coder-30B,858,simple,correct,1.5077873254564984,31
Qwen-3-Coder-30B,858,simple,correct,0.957669975650871,32
Qwen-3-Coder-30B,858,simple,correct,1.2451081359423275,33
Qwen-3-Coder-30B,858,simple,correct,1.1553398058252426,34
Qwen-3-Coder-30B,858,simple,correct,1.0108622770551159,35
Qwen-3-Coder-30B,858,simple,correct,1.115728803276202,36
Qwen-3-Coder-30B,858,simple,correct,1.247034456787799,37
Qwen-3-Coder-30B,858,simple,correct,1.1831748114135783,38
Qwen-3-Coder-30B,858,simple,correct,1.5571250519318653,39
Qwen-3-Coder-30B,858,simple,correct,1.185371006073409,40
Qwen-3-Coder-30B,858,simple,correct,1.174475796013461,41
Qwen-3-Coder-30B,858,simple,correct,0.8143742670464065,42
Qwen-3-Coder-30B,858,simple,correct,1.3360607831677382,43
Qwen-3-Coder-30B,858,simple,correct,1.1742243436754176,44
Qwen-3-Coder-30B,858,simple,correct,1.3202247191011236,45
Qwen-3-Coder-30B,858,simple,correct,0.9544957339750602,46
Qwen-3-Coder-30B,858,simple,correct,1.2668711656441718,47
Qwen-3-Coder-30B,858,simple,correct,0.8727978501045088,48
Qwen-3-Coder-30B,858,simple,correct,0.6592853069758601,49
Qwen-3-Coder-30B,858,simple,correct,1.1321358267716535,50
Qwen-3-Coder-30B,809,simple,correct,4.335230506545248,1
Qwen-3-Coder-30B,809,simple,correct,1.242522231204527,2
Qwen-3-Coder-30B,809,simple,correct,1.629865534324133,3
Qwen-3-Coder-30B,809,simple,correct,1.5072563925362819,4
Qwen-3-Coder-30B,809,simple,correct,1.463563704748472,5
Qwen-3-Coder-30B,809,simple,correct,1.728451069345431,6
Qwen-3-Coder-30B,809,simple,correct,1.4673913043478262,7
Qwen-3-Coder-30B,809,simple,correct,1.6736918604651163,8
Qwen-3-Coder-30B,809,simple,correct,1.9192953707496927,9
Qwen-3-Coder-30B,809,simple,correct,1.5881104033970277,10
Qwen-3-Coder-30B,809,simple,correct,1.635499207606973,11
Qwen-3-Coder-30B,809,simple,correct,1.5148992112182296,12
Qwen-3-Coder-30B,809,simple,correct,1.9564134495641345,13
Qwen-3-Coder-30B,809,simple,correct,1.4517025712300209,14
Qwen-3-Coder-30B,809,simple,correct,1.4558160504959423,15
Qwen-3-Coder-30B,809,simple,correct,0.8521142857142857,16
Qwen-3-Coder-30B,809,simple,correct,1.6625454545454545,17
Qwen-3-Coder-30B,809,simple,correct,1.2772006560962275,18
Qwen-3-Coder-30B,809,simple,correct,1.2886699507389163,19
Qwen-3-Coder-30B,809,simple,correct,2.2511873350923484,20
Qwen-3-Coder-30B,809,simple,correct,1.9116555308092056,21
Qwen-3-Coder-30B,809,simple,correct,1.3438685208596712,22
Qwen-3-Coder-30B,809,simple,correct,1.510711817553559,23
Qwen-3-Coder-30B,809,simple,correct,1.1374592833876223,24
Qwen-3-Coder-30B,809,simple,correct,1.8227571115973742,25
Qwen-3-Coder-30B,809,simple,correct,0.7570251937984496,26
Qwen-3-Coder-30B,809,simple,correct,1.5003445899379737,27
Qwen-3-Coder-30B,809,simple,correct,1.0785515320334262,28
Qwen-3-Coder-30B,809,simple,correct,1.6430805316653636,29
Qwen-3-Coder-30B,809,simple,correct,1.3076923076923077,30
Qwen-3-Coder-30B,809,simple,correct,1.6902768834513844,31
Qwen-3-Coder-30B,809,simple,correct,1.1465664502903998,32
Qwen-3-Coder-30B,809,simple,correct,2.5558704453441297,33
Qwen-3-Coder-30B,809,simple,correct,1.823968821045794,34
Qwen-3-Coder-30B,809,simple,correct,1.1768270944741532,35
Qwen-3-Coder-30B,809,simple,correct,6.79642166344294,36
Qwen-3-Coder-30B,809,simple,correct,0.8163071817966343,37
Qwen-3-Coder-30B,809,simple,correct,0.5453376756942063,38
Qwen-3-Coder-30B,809,simple,correct,1.602010892333473,39
Qwen-3-Coder-30B,809,simple,correct,1.174451191032228,40
Qwen-3-Coder-30B,809,simple,correct,1.2539851222104144,41
Qwen-3-Coder-30B,809,simple,correct,0.8264963012777404,42
Qwen-3-Coder-30B,809,simple,correct,1.6766325727773406,43
Qwen-3-Coder-30B,809,simple,correct,1.4209078404401652,44
Qwen-3-Coder-30B,809,simple,correct,1.3136421589460263,45
Qwen-3-Coder-30B,809,simple,correct,1.5552447552447553,46
Qwen-3-Coder-30B,809,simple,correct,1.5496103896103897,47
Qwen-3-Coder-30B,809,simple,correct,1.7343891402714933,48
Qwen-3-Coder-30B,809,simple,correct,2.0,49
Qwen-3-Coder-30B,809,simple,correct,0.5587591966593756,50
Qwen-3-Coder-30B,742,simple,correct,3.3988118811881187,1
Qwen-3-Coder-30B,742,simple,correct,1.6149708650829224,2
Qwen-3-Coder-30B,742,simple,correct,1.1974129966122575,3
Qwen-3-Coder-30B,742,simple,correct,1.3868686868686868,4
Qwen-3-Coder-30B,742,simple,correct,1.496755162241888,5
Qwen-3-Coder-30B,742,simple,correct,1.4403771491957849,6
Qwen-3-Coder-30B,742,simple,correct,1.3028543783260764,7
Qwen-3-Coder-30B,742,simple,correct,1.1053683609366076,8
Qwen-3-Coder-30B,742,simple,correct,1.274015203870076,9
Qwen-3-Coder-30B,742,simple,correct,0.9971596672753094,10
Qwen-3-Coder-30B,742,simple,correct,1.2627002288329519,11
Qwen-3-Coder-30B,742,simple,correct,1.2861987114276026,12
Qwen-3-Coder-30B,742,simple,correct,1.288888888888889,13
Qwen-3-Coder-30B,742,simple,correct,0.9101123595505618,14
Qwen-3-Coder-30B,742,simple,correct,0.3491970991970992,15
Qwen-3-Coder-30B,742,simple,correct,0.8709020566076155,16
Qwen-3-Coder-30B,742,simple,correct,1.4800531914893618,17
Qwen-3-Coder-30B,742,simple,correct,0.8429027113237639,18
Qwen-3-Coder-30B,742,simple,correct,0.9104244083708195,19
Qwen-3-Coder-30B,742,simple,correct,3.0180623973727423,20
Qwen-3-Coder-30B,742,simple,correct,0.9418775750441436,21
Qwen-3-Coder-30B,742,simple,correct,2.1893548387096775,22
Qwen-3-Coder-30B,742,simple,correct,1.3038808038808039,23
Qwen-3-Coder-30B,742,simple,correct,1.3113631500106997,24
Qwen-3-Coder-30B,742,simple,correct,0.6487138263665595,25
Qwen-3-Coder-30B,742,simple,correct,1.025051241175131,26
Qwen-3-Coder-30B,742,simple,correct,1.3059587471352176,27
Qwen-3-Coder-30B,742,simple,correct,1.1019483461712731,28
Qwen-3-Coder-30B,742,simple,correct,1.2111157196184157,29
Qwen-3-Coder-30B,742,simple,correct,1.7651162790697674,30
Qwen-3-Coder-30B,742,simple,correct,0.9255649091714665,31
Qwen-3-Coder-30B,742,simple,correct,1.2567191844300278,32
Qwen-3-Coder-30B,742,simple,correct,0.7896336586146216,33
Qwen-3-Coder-30B,742,simple,correct,0.7631376570110228,34
Qwen-3-Coder-30B,742,simple,correct,1.567342073897497,35
Qwen-3-Coder-30B,742,simple,correct,5.652183908045977,36
Qwen-3-Coder-30B,742,simple,correct,1.1641123882503193,37
Qwen-3-Coder-30B,742,simple,correct,46.47690253671562,38
Qwen-3-Coder-30B,742,simple,correct,0.6555716353111433,39
Qwen-3-Coder-30B,742,simple,correct,1.788573999100315,40
Qwen-3-Coder-30B,742,simple,correct,1.7191961924907457,41
Qwen-3-Coder-30B,742,simple,correct,0.863491141446413,42
Qwen-3-Coder-30B,742,simple,correct,1.6856915317228565,43
Qwen-3-Coder-30B,742,simple,correct,1.1083464566929133,44
Qwen-3-Coder-30B,742,simple,correct,1.4716193656093488,45
Qwen-3-Coder-30B,742,simple,correct,1.7446165470343786,46
Qwen-3-Coder-30B,742,simple,correct,1.2559264634736333,47
Qwen-3-Coder-30B,742,simple,correct,1.321664464993395,48
Qwen-3-Coder-30B,742,simple,correct,2.2955801104972378,49
Qwen-3-Coder-30B,742,simple,correct,1.1441561321800844,50
Qwen-3-Coder-30B,103,simple,correct,3.2884203405118955,1
Qwen-3-Coder-30B,103,simple,correct,1.9990662931839402,2
Qwen-3-Coder-30B,103,simple,correct,1.328750747160789,3
Qwen-3-Coder-30B,103,simple,correct,1.1177072671443193,4
Qwen-3-Coder-30B,103,simple,correct,0.9250114311842706,5
Qwen-3-Coder-30B,103,simple,correct,1.1548757170172084,6
Qwen-3-Coder-30B,103,simple,correct,1.3384615384615384,7
Qwen-3-Coder-30B,103,simple,correct,1.1562614092734576,8
Qwen-3-Coder-30B,103,simple,correct,1.4823965410747375,9
Qwen-3-Coder-30B,103,simple,correct,1.2681632653061226,10
Qwen-3-Coder-30B,103,simple,correct,0.9592915675389903,11
Qwen-3-Coder-30B,103,simple,correct,1.3321234119782215,12
Qwen-3-Coder-30B,103,simple,correct,0.9991554054054054,13
Qwen-3-Coder-30B,103,simple,correct,1.3131774101540217,14
Qwen-3-Coder-30B,103,simple,correct,1.2963979416809606,15
Qwen-3-Coder-30B,103,simple,correct,3.2485331098072088,16
Qwen-3-Coder-30B,103,simple,correct,0.6854395604395604,17
Qwen-3-Coder-30B,103,simple,correct,1.3810957254665863,18
Qwen-3-Coder-30B,103,simple,correct,1.2908871454435726,19
Qwen-3-Coder-30B,103,simple,correct,1.4064990803188229,20
Qwen-3-Coder-30B,103,simple,correct,1.2445984508764778,21
Qwen-3-Coder-30B,103,simple,correct,1.1425855513307985,22
Qwen-3-Coder-30B,103,simple,correct,1.0612305854241337,23
Qwen-3-Coder-30B,103,simple,correct,4.322318251143874,24
Qwen-3-Coder-30B,103,simple,correct,0.687194791101465,25
Qwen-3-Coder-30B,103,simple,correct,1.1932,26
Qwen-3-Coder-30B,103,simple,correct,1.7621982537236776,27
Qwen-3-Coder-30B,103,simple,correct,1.870183486238532,28
Qwen-3-Coder-30B,103,simple,correct,1.3728908886389202,29
Qwen-3-Coder-30B,103,simple,correct,0.8881720430107527,30
Qwen-3-Coder-30B,103,simple,correct,0.5881856540084388,31
Qwen-3-Coder-30B,103,simple,correct,1.2792721518987342,32
Qwen-3-Coder-30B,103,simple,correct,1.470777726645191,33
Qwen-3-Coder-30B,103,simple,correct,1.2340681362725452,34
Qwen-3-Coder-30B,103,simple,correct,1.1143392689784442,35
Qwen-3-Coder-30B,103,simple,correct,1.1466213344666383,36
Qwen-3-Coder-30B,103,simple,correct,1.3484114162627894,37
Qwen-3-Coder-30B,103,simple,correct,1.2833659491193738,38
Qwen-3-Coder-30B,103,simple,correct,1.3388210302708443,39
Qwen-3-Coder-30B,103,simple,correct,2.085164090046108,40
Qwen-3-Coder-30B,103,simple,correct,1.9066995478832718,41
Qwen-3-Coder-30B,103,simple,correct,3.0480145867098867,42
Qwen-3-Coder-30B,103,simple,correct,1.3239644970414202,43
Qwen-3-Coder-30B,103,simple,correct,1.150230680507497,44
Qwen-3-Coder-30B,103,simple,correct,1.968503937007874,45
Qwen-3-Coder-30B,103,simple,correct,0.9932584269662922,46
Qwen-3-Coder-30B,103,simple,correct,23.302384291725105,47
Qwen-3-Coder-30B,103,simple,correct,1.1039802530083307,48
Qwen-3-Coder-30B,103,simple,correct,1.0061683599419449,49
Qwen-3-Coder-30B,103,simple,correct,1.0871599883006726,50
Qwen-3-Coder-30B,878,simple,correct,6.487720168692632,1
Qwen-3-Coder-30B,878,simple,correct,1.8581387242941791,2
Qwen-3-Coder-30B,878,simple,correct,1.6306150656530753,3
Qwen-3-Coder-30B,878,simple,correct,1.3489422391252675,4
Qwen-3-Coder-30B,878,simple,correct,1.413632326820604,5
Qwen-3-Coder-30B,878,simple,correct,1.2864238410596027,6
Qwen-3-Coder-30B,878,simple,correct,1.2691916106699246,7
Qwen-3-Coder-30B,878,simple,correct,1.2726054922973877,8
Qwen-3-Coder-30B,878,simple,correct,1.376577840112202,9
Qwen-3-Coder-30B,878,simple,correct,1.689369262659165,10
Qwen-3-Coder-30B,878,simple,correct,0.9793307086614174,11
Qwen-3-Coder-30B,878,simple,correct,0.8094293897334215,12
Qwen-3-Coder-30B,878,simple,correct,1.264403491755577,13
Qwen-3-Coder-30B,878,simple,correct,0.9352493074792244,14
Qwen-3-Coder-30B,878,simple,correct,1.1202130357595739,15
Qwen-3-Coder-30B,878,simple,correct,1.4518879415347137,16
Qwen-3-Coder-30B,878,simple,correct,0.8813805104408353,17
Qwen-3-Coder-30B,878,simple,correct,1.2862676056338027,18
Qwen-3-Coder-30B,878,simple,correct,1.3595422665190107,19
Qwen-3-Coder-30B,878,simple,correct,1.321701199563795,20
Qwen-3-Coder-30B,878,simple,correct,1.5232963549920762,21
Qwen-3-Coder-30B,878,simple,correct,0.3985485844479136,22
Qwen-3-Coder-30B,878,simple,correct,1.8329471733086191,23
Qwen-3-Coder-30B,878,simple,correct,1.598976109215017,24
Qwen-3-Coder-30B,878,simple,correct,1.1810380057212915,25
Qwen-3-Coder-30B,878,simple,correct,1.3170155300472655,26
Qwen-3-Coder-30B,878,simple,correct,1.379279811097993,27
Qwen-3-Coder-30B,878,simple,correct,1.1444594855927286,28
Qwen-3-Coder-30B,878,simple,correct,1.018431831480398,29
Qwen-3-Coder-30B,878,simple,correct,0.8301756326925737,30
Qwen-3-Coder-30B,878,simple,correct,1.5386913654018524,31
Qwen-3-Coder-30B,878,simple,correct,0.7937365010799136,32
Qwen-3-Coder-30B,878,simple,correct,1.3918484090096532,33
Qwen-3-Coder-30B,878,simple,correct,1.5170952246397287,34
Qwen-3-Coder-30B,878,simple,correct,1.8030945315811784,35
Qwen-3-Coder-30B,878,simple,correct,1.2764407853071564,36
Qwen-3-Coder-30B,878,simple,correct,1.0076628352490422,37
Qwen-3-Coder-30B,878,simple,correct,0.7231545083036258,38
Qwen-3-Coder-30B,878,simple,correct,1.8900138696255202,39
Qwen-3-Coder-30B,878,simple,correct,1.2023078075827964,40
Qwen-3-Coder-30B,878,simple,correct,1.0331103678929765,41
Qwen-3-Coder-30B,878,simple,correct,1.026508911187659,42
Qwen-3-Coder-30B,878,simple,correct,2.6392961876832843,43
Qwen-3-Coder-30B,878,simple,correct,1.6220631424375918,44
Qwen-3-Coder-30B,878,simple,correct,1.283740701381509,45
Qwen-3-Coder-30B,878,simple,correct,1.3049927641099854,46
Qwen-3-Coder-30B,878,simple,correct,1.0245836637589214,47
Qwen-3-Coder-30B,878,simple,correct,1.6745573159366263,48
Qwen-3-Coder-30B,878,simple,correct,1.3007458710708577,49
Qwen-3-Coder-30B,878,simple,correct,0.8904855214456782,50
Qwen-3-Coder-30B,900,simple,correct,9.293060050341603,1
Qwen-3-Coder-30B,900,simple,correct,1.5303388494877856,2
Qwen-3-Coder-30B,900,simple,correct,1.560483870967742,3
Qwen-3-Coder-30B,900,simple,correct,1.5226109215017065,4
Qwen-3-Coder-30B,900,simple,correct,1.9838129496402879,5
Qwen-3-Coder-30B,900,simple,correct,1.471315092674316,6
Qwen-3-Coder-30B,900,simple,correct,0.917189460476788,7
Qwen-3-Coder-30B,900,simple,correct,1.2582345191040842,8
Qwen-3-Coder-30B,900,simple,correct,1.3695755841678587,9
Qwen-3-Coder-30B,900,simple,correct,1.064448669201521,10
Qwen-3-Coder-30B,900,simple,correct,0.8930747922437673,11
Qwen-3-Coder-30B,900,simple,correct,1.8084235156478503,12
Qwen-3-Coder-30B,900,simple,correct,1.142275551746304,13
Qwen-3-Coder-30B,900,simple,correct,11.131010794896957,14
Qwen-3-Coder-30B,900,simple,correct,0.3731452379212046,15
Qwen-3-Coder-30B,900,simple,correct,1.381508078994614,16
Qwen-3-Coder-30B,900,simple,correct,1.2821397756686799,17
Qwen-3-Coder-30B,900,simple,correct,0.5123230204509701,18
Qwen-3-Coder-30B,900,simple,correct,1.4534722222222223,19
Qwen-3-Coder-30B,900,simple,correct,0.2916666666666667,20
Qwen-3-Coder-30B,900,simple,correct,1.711777056690208,21
Qwen-3-Coder-30B,900,simple,correct,4.723759791122715,22
Qwen-3-Coder-30B,900,simple,correct,0.278836271642027,23
Qwen-3-Coder-30B,900,simple,correct,0.4200808625336927,24
Qwen-3-Coder-30B,900,simple,correct,1.2049802611600364,25
Qwen-3-Coder-30B,900,simple,correct,1.7559288537549407,26
Qwen-3-Coder-30B,900,simple,correct,2.875372480280456,27
Qwen-3-Coder-30B,900,simple,correct,1.311358574610245,28
Qwen-3-Coder-30B,900,simple,correct,1.166608574416173,29
Qwen-3-Coder-30B,900,simple,correct,1.3633010603964961,30
Qwen-3-Coder-30B,900,simple,correct,1.3692,31
Qwen-3-Coder-30B,900,simple,correct,1.0173583714691494,32
Qwen-3-Coder-30B,900,simple,correct,1.1489640130861505,33
Qwen-3-Coder-30B,900,simple,correct,1.834513274336283,34
Qwen-3-Coder-30B,900,simple,correct,1.246226821905994,35
Qwen-3-Coder-30B,900,simple,correct,2.6190795352993743,36
Qwen-3-Coder-30B,900,simple,correct,1.3692887423457372,37
Qwen-3-Coder-30B,900,simple,correct,1.0335078534031414,38
Qwen-3-Coder-30B,900,simple,correct,1.3314350797266514,39
Qwen-3-Coder-30B,900,simple,correct,1.3030187237294613,40
Qwen-3-Coder-30B,900,simple,correct,1.385429902583651,41
Qwen-3-Coder-30B,900,simple,correct,1.3680755026672138,42
Qwen-3-Coder-30B,900,simple,correct,1.0422875553765607,43
Qwen-3-Coder-30B,900,simple,correct,1.6260522817899867,44
Qwen-3-Coder-30B,900,simple,correct,1.359887535145267,45
Qwen-3-Coder-30B,900,simple,correct,1.3196392785571143,46
Qwen-3-Coder-30B,900,simple,correct,1.334255417242969,47
Qwen-3-Coder-30B,900,simple,correct,1.2759051186017478,48
Qwen-3-Coder-30B,900,simple,correct,1.3276859504132232,49
Qwen-3-Coder-30B,900,simple,correct,1.369287772745986,50
Qwen-3-Coder-30B,540,simple,correct,9.666189627432358,1
Qwen-3-Coder-30B,540,simple,correct,1.0221084045579913,2
Qwen-3-Coder-30B,540,simple,correct,0.9449302135734997,3
Qwen-3-Coder-30B,540,simple,correct,0.27263709901684136,4
Qwen-3-Coder-30B,540,simple,correct,2.8199134437798055,5
Qwen-3-Coder-30B,540,simple,correct,1.2803952259831735,6
Qwen-3-Coder-30B,540,simple,correct,0.8952394706401222,7
Qwen-3-Coder-30B,540,simple,correct,1.2693907558431905,8
Qwen-3-Coder-30B,540,simple,correct,0.9717993688691647,9
Qwen-3-Coder-30B,540,simple,correct,1.0174297862304362,10
Qwen-3-Coder-30B,540,simple,correct,0.8480251063118605,11
Qwen-3-Coder-30B,540,simple,correct,0.8817158099780539,12
Qwen-3-Coder-30B,540,simple,correct,2.134661786830228,13
Qwen-3-Coder-30B,540,simple,correct,0.9924980429677307,14
Qwen-3-Coder-30B,540,simple,correct,1.4529792573690072,15
Qwen-3-Coder-30B,540,simple,correct,1.763154757946431,16
Qwen-3-Coder-30B,540,simple,correct,1.0802338199301391,17
Qwen-3-Coder-30B,540,simple,correct,0.9457406296642442,18
Qwen-3-Coder-30B,540,simple,correct,1.120238856141846,19
Qwen-3-Coder-30B,540,simple,correct,0.9484050289623897,20
Qwen-3-Coder-30B,540,simple,correct,0.9523122497835869,21
Qwen-3-Coder-30B,540,simple,correct,1.0100416709015143,22
Qwen-3-Coder-30B,540,simple,correct,1.0483337470522527,23
Qwen-3-Coder-30B,540,simple,correct,1.0406438229032082,24
Qwen-3-Coder-30B,540,simple,correct,0.9838049322188402,25
Qwen-3-Coder-30B,540,simple,correct,1.0440051744763204,26
Qwen-3-Coder-30B,540,simple,correct,0.9883688154564481,27
Qwen-3-Coder-30B,540,simple,correct,1.2063893917397046,28
Qwen-3-Coder-30B,540,simple,correct,0.8909817312335511,29
Qwen-3-Coder-30B,540,simple,correct,0.9858163814859269,30
Qwen-3-Coder-30B,540,simple,correct,1.1132431813110035,31
Qwen-3-Coder-30B,540,simple,correct,0.7929630068356177,32
Qwen-3-Coder-30B,540,simple,correct,1.0055348152737975,33
Qwen-3-Coder-30B,540,simple,correct,0.9795376671010086,34
Qwen-3-Coder-30B,540,simple,correct,1.0507957998336996,35
Qwen-3-Coder-30B,540,simple,correct,1.0349101340066833,36
Qwen-3-Coder-30B,540,simple,correct,1.0500171398762947,37
Qwen-3-Coder-30B,540,simple,correct,1.0312805783645305,38
Qwen-3-Coder-30B,540,simple,correct,0.9837782793304074,39
Qwen-3-Coder-30B,540,simple,correct,0.9359150532698903,40
Qwen-3-Coder-30B,540,simple,correct,0.9843863735623817,41
Qwen-3-Coder-30B,540,simple,correct,1.1734702488614595,42
Qwen-3-Coder-30B,540,simple,correct,0.946545169324604,43
Qwen-3-Coder-30B,540,simple,correct,0.9600129251151143,44
Qwen-3-Coder-30B,540,simple,correct,1.027270501383621,45
Qwen-3-Coder-30B,540,simple,correct,1.0957910214584385,46
Qwen-3-Coder-30B,540,simple,correct,1.1519436197828024,47
Qwen-3-Coder-30B,540,simple,correct,0.9768768630916347,48
Qwen-3-Coder-30B,540,simple,correct,1.2637599107369515,49
Qwen-3-Coder-30B,540,simple,correct,1.0336279387196092,50
Qwen-3-Coder-30B,1522,simple,semantic,,1
Qwen-3-Coder-30B,1522,simple,semantic,,2
Qwen-3-Coder-30B,1522,simple,semantic,,3
Qwen-3-Coder-30B,1522,simple,semantic,,4
Qwen-3-Coder-30B,1522,simple,semantic,,5
Qwen-3-Coder-30B,1522,simple,semantic,,6
Qwen-3-Coder-30B,1522,simple,semantic,,7
Qwen-3-Coder-30B,1522,simple,semantic,,8
Qwen-3-Coder-30B,1522,simple,semantic,,9
Qwen-3-Coder-30B,1522,simple,semantic,,10
Qwen-3-Coder-30B,1522,simple,semantic,,11
Qwen-3-Coder-30B,1522,simple,semantic,,12
Qwen-3-Coder-30B,1522,simple,semantic,,13
Qwen-3-Coder-30B,1522,simple,semantic,,14
Qwen-3-Coder-30B,1522,simple,semantic,,15
Qwen-3-Coder-30B,1522,simple,semantic,,16
Qwen-3-Coder-30B,1522,simple,semantic,,17
Qwen-3-Coder-30B,1522,simple,semantic,,18
Qwen-3-Coder-30B,1522,simple,semantic,,19
Qwen-3-Coder-30B,1522,simple,semantic,,20
Qwen-3-Coder-30B,1522,simple,semantic,,21
Qwen-3-Coder-30B,1522,simple,semantic,,22
Qwen-3-Coder-30B,1522,simple,semantic,,23
Qwen-3-Coder-30B,1522,simple,semantic,,24
Qwen-3-Coder-30B,1522,simple,semantic,,25
Qwen-3-Coder-30B,1522,simple,semantic,,26
Qwen-3-Coder-30B,1522,simple,semantic,,27
Qwen-3-Coder-30B,1522,simple,semantic,,28
Qwen-3-Coder-30B,1522,simple,semantic,,29
Qwen-3-Coder-30B,1522,simple,semantic,,30
Qwen-3-Coder-30B,1522,simple,semantic,,31
Qwen-3-Coder-30B,1522,simple,semantic,,32
Qwen-3-Coder-30B,1522,simple,semantic,,33
Qwen-3-Coder-30B,1522,simple,semantic,,34
Qwen-3-Coder-30B,1522,simple,semantic,,35
Qwen-3-Coder-30B,1522,simple,semantic,,36
Qwen-3-Coder-30B,1522,simple,semantic,,37
Qwen-3-Coder-30B,1522,simple,semantic,,38
Qwen-3-Coder-30B,1522,simple,semantic,,39
Qwen-3-Coder-30B,1522,simple,semantic,,40
Qwen-3-Coder-30B,1522,simple,semantic,,41
Qwen-3-Coder-30B,1522,simple,semantic,,42
Qwen-3-Coder-30B,1522,simple,semantic,,43
Qwen-3-Coder-30B,1522,simple,semantic,,44
Qwen-3-Coder-30B,1522,simple,semantic,,45
Qwen-3-Coder-30B,1522,simple,semantic,,46
Qwen-3-Coder-30B,1522,simple,semantic,,47
Qwen-3-Coder-30B,1522,simple,semantic,,48
Qwen-3-Coder-30B,1522,simple,semantic,,49
Qwen-3-Coder-30B,1522,simple,semantic,,50
Qwen-3-Coder-30B,1153,simple,correct,2.8447013487475914,1
Qwen-3-Coder-30B,1153,simple,correct,2.106857383256205,2
Qwen-3-Coder-30B,1153,simple,correct,1.3285714285714285,3
Qwen-3-Coder-30B,1153,simple,correct,1.7017028772753964,4
Qwen-3-Coder-30B,1153,simple,correct,1.1670313639679066,5
Qwen-3-Coder-30B,1153,simple,correct,1.6149233844103932,6
Qwen-3-Coder-30B,1153,simple,correct,1.1405350491026076,7
Qwen-3-Coder-30B,1153,simple,correct,1.1772030651340997,8
Qwen-3-Coder-30B,1153,simple,correct,0.4710678590215676,9
Qwen-3-Coder-30B,1153,simple,correct,1.4547627176510753,10
Qwen-3-Coder-30B,1153,simple,correct,1.6024915062287655,11
Qwen-3-Coder-30B,1153,simple,correct,0.9836007130124778,12
Qwen-3-Coder-30B,1153,simple,correct,1.7424708051628766,13
Qwen-3-Coder-30B,1153,simple,correct,1.990162037037037,14
Qwen-3-Coder-30B,1153,simple,correct,1.147842056932966,15
Qwen-3-Coder-30B,1153,simple,correct,1.4403614457831326,16
Qwen-3-Coder-30B,1153,simple,correct,1.4721676489849378,17
Qwen-3-Coder-30B,1153,simple,correct,1.4164273406088455,18
Qwen-3-Coder-30B,1153,simple,correct,2.1400804289544237,19
Qwen-3-Coder-30B,1153,simple,correct,1.5165962582981292,20
Qwen-3-Coder-30B,1153,simple,correct,1.6550142014419926,21
Qwen-3-Coder-30B,1153,simple,correct,0.60029847033951,22
Qwen-3-Coder-30B,1153,simple,correct,1.9573484069886948,23
Qwen-3-Coder-30B,1153,simple,correct,0.08419465550419584,24
Qwen-3-Coder-30B,1153,simple,correct,1.6321682140906608,25
Qwen-3-Coder-30B,1153,simple,correct,0.8851956021477883,26
Qwen-3-Coder-30B,1153,simple,correct,1.3038884192730347,27
Qwen-3-Coder-30B,1153,simple,correct,1.0187307183781402,28
Qwen-3-Coder-30B,1153,simple,correct,1.4786700125470515,29
Qwen-3-Coder-30B,1153,simple,correct,1.6985534297713485,30
Qwen-3-Coder-30B,1153,simple,correct,1.4780092592592593,31
Qwen-3-Coder-30B,1153,simple,correct,1.3899732108687333,32
Qwen-3-Coder-30B,1153,simple,correct,1.547157622739018,33
Qwen-3-Coder-30B,1153,simple,correct,1.3882218410520297,34
Qwen-3-Coder-30B,1153,simple,correct,0.89527291721076,35
Qwen-3-Coder-30B,1153,simple,correct,1.825863335782513,36
Qwen-3-Coder-30B,1153,simple,correct,1.9150837988826817,37
Qwen-3-Coder-30B,1153,simple,correct,1.4926582278481013,38
Qwen-3-Coder-30B,1153,simple,correct,1.6208320101619562,39
Qwen-3-Coder-30B,1153,simple,correct,1.4115226337448559,40
Qwen-3-Coder-30B,1153,simple,correct,1.4952029520295202,41
Qwen-3-Coder-30B,1153,simple,correct,1.6643962848297214,42
Qwen-3-Coder-30B,1153,simple,correct,1.606269592476489,43
Qwen-3-Coder-30B,1153,simple,correct,1.337540906965872,44
Qwen-3-Coder-30B,1153,simple,correct,1.1066454436927975,45
Qwen-3-Coder-30B,1153,simple,correct,1.0780717841236573,46
Qwen-3-Coder-30B,1153,simple,correct,1.679575941151017,47
Qwen-3-Coder-30B,1153,simple,correct,0.7224498156493241,48
Qwen-3-Coder-30B,1153,simple,correct,1.40935960591133,49
Qwen-3-Coder-30B,1153,simple,correct,1.0627774254914395,50
Qwen-3-Coder-30B,396,simple,correct,23.657396236509246,1
Qwen-3-Coder-30B,396,simple,correct,0.3796782731801173,2
Qwen-3-Coder-30B,396,simple,correct,3.7844806201550387,3
Qwen-3-Coder-30B,396,simple,correct,1.1821419558616424,4
Qwen-3-Coder-30B,396,simple,correct,0.9447183763514668,5
Qwen-3-Coder-30B,396,simple,correct,1.077405625945044,6
Qwen-3-Coder-30B,396,simple,correct,1.025998971493697,7
Qwen-3-Coder-30B,396,simple,correct,0.3974868136293541,8
Qwen-3-Coder-30B,396,simple,correct,0.6478055594356754,9
Qwen-3-Coder-30B,396,simple,correct,2.0982653743452597,10
Qwen-3-Coder-30B,396,simple,correct,0.8878796315148695,11
Qwen-3-Coder-30B,396,simple,correct,1.055482790353444,12
Qwen-3-Coder-30B,396,simple,correct,0.7199289204797867,13
Qwen-3-Coder-30B,396,simple,correct,1.8089534149077453,14
Qwen-3-Coder-30B,396,simple,correct,0.9949884933939231,15
Qwen-3-Coder-30B,396,simple,correct,0.9829134955515061,16
Qwen-3-Coder-30B,396,simple,correct,0.9375988023325202,17
Qwen-3-Coder-30B,396,simple,correct,0.9902076757511584,18
Qwen-3-Coder-30B,396,simple,correct,1.6766853581137182,19
Qwen-3-Coder-30B,396,simple,correct,1.065013106653252,20
Qwen-3-Coder-30B,396,simple,correct,1.0124590352440637,21
Qwen-3-Coder-30B,396,simple,correct,2.1725319913034524,22
Qwen-3-Coder-30B,396,simple,correct,0.9830600195788718,23
Qwen-3-Coder-30B,396,simple,correct,1.0375840679885275,24
Qwen-3-Coder-30B,396,simple,correct,0.8849526310649057,25
Qwen-3-Coder-30B,396,simple,correct,0.8902605195389655,26
Qwen-3-Coder-30B,396,simple,correct,1.1178566330045745,27
Qwen-3-Coder-30B,396,simple,correct,0.877216666448222,28
Qwen-3-Coder-30B,396,simple,correct,0.8734641847018854,29
Qwen-3-Coder-30B,396,simple,correct,0.8526449272092205,30
Qwen-3-Coder-30B,396,simple,correct,1.0192705776905184,31
Qwen-3-Coder-30B,396,simple,correct,0.9595836606441477,32
Qwen-3-Coder-30B,396,simple,correct,1.005292533363781,33
Qwen-3-Coder-30B,396,simple,correct,1.2670362780092561,34
Qwen-3-Coder-30B,396,simple,correct,0.9328196435686357,35
Qwen-3-Coder-30B,396,simple,correct,1.1628604686612254,36
Qwen-3-Coder-30B,396,simple,correct,0.9237321145706199,37
Qwen-3-Coder-30B,396,simple,correct,1.0689110852874597,38
Qwen-3-Coder-30B,396,simple,correct,0.9518692697358322,39
Qwen-3-Coder-30B,396,simple,correct,0.9139529951606995,40
Qwen-3-Coder-30B,396,simple,correct,1.0172755989153832,41
Qwen-3-Coder-30B,396,simple,correct,1.8645366166188473,42
Qwen-3-Coder-30B,396,simple,correct,0.9506548743297826,43
Qwen-3-Coder-30B,396,simple,correct,1.215610029865106,44
Qwen-3-Coder-30B,396,simple,correct,1.2681639461455976,45
Qwen-3-Coder-30B,396,simple,correct,0.5779923540771686,46
Qwen-3-Coder-30B,396,simple,correct,0.978652373223997,47
Qwen-3-Coder-30B,396,simple,correct,1.2222254568744042,48
Qwen-3-Coder-30B,396,simple,correct,0.9703291933293193,49
Qwen-3-Coder-30B,396,simple,correct,1.0093760261578555,50
Qwen-3-Coder-30B,1133,simple,correct,31.9144504690593,1
Qwen-3-Coder-30B,1133,simple,correct,0.9546811397557666,2
Qwen-3-Coder-30B,1133,simple,correct,1.1706120909176647,3
Qwen-3-Coder-30B,1133,simple,correct,0.7146684090166612,4
Qwen-3-Coder-30B,1133,simple,correct,1.018736570691878,5
Qwen-3-Coder-30B,1133,simple,correct,0.9717668488160291,6
Qwen-3-Coder-30B,1133,simple,correct,0.9784089862811896,7
Qwen-3-Coder-30B,1133,simple,correct,0.9650517474126293,8
Qwen-3-Coder-30B,1133,simple,correct,1.2036360473208072,9
Qwen-3-Coder-30B,1133,simple,correct,1.0561936402467964,10
Qwen-3-Coder-30B,1133,simple,correct,0.7600943196269606,11
Qwen-3-Coder-30B,1133,simple,correct,0.9376081760487925,12
Qwen-3-Coder-30B,1133,simple,correct,0.842847075405215,13
Qwen-3-Coder-30B,1133,simple,correct,0.8432373971038876,14
Qwen-3-Coder-30B,1133,simple,correct,1.5837150651088578,15
Qwen-3-Coder-30B,1133,simple,correct,1.0395687962227886,16
Qwen-3-Coder-30B,1133,simple,correct,0.8536425361629547,17
Qwen-3-Coder-30B,1133,simple,correct,0.8888011580471115,18
Qwen-3-Coder-30B,1133,simple,correct,0.8013263332412268,19
Qwen-3-Coder-30B,1133,simple,correct,0.974712515351122,20
Qwen-3-Coder-30B,1133,simple,correct,0.6312886511783387,21
Qwen-3-Coder-30B,1133,simple,correct,0.6268795025857172,22
Qwen-3-Coder-30B,1133,simple,correct,0.8831460674157303,23
Qwen-3-Coder-30B,1133,simple,correct,0.7559627301502385,24
Qwen-3-Coder-30B,1133,simple,correct,1.175061425061425,25
Qwen-3-Coder-30B,1133,simple,correct,1.3152377223889686,26
Qwen-3-Coder-30B,1133,simple,correct,1.0458348303649336,27
Qwen-3-Coder-30B,1133,simple,correct,1.0209488933168183,28
Qwen-3-Coder-30B,1133,simple,correct,0.34877343363654073,29
Qwen-3-Coder-30B,1133,simple,correct,0.8803014761628685,30
Qwen-3-Coder-30B,1133,simple,correct,1.1193085453359426,31
Qwen-3-Coder-30B,1133,simple,correct,0.7625140690717375,32
Qwen-3-Coder-30B,1133,simple,correct,0.04345081809870542,33
Qwen-3-Coder-30B,1133,simple,correct,0.6963690816704243,34
Qwen-3-Coder-30B,1133,simple,correct,0.6042241343818189,35
Qwen-3-Coder-30B,1133,simple,correct,1.1655927176025365,36
Qwen-3-Coder-30B,1133,simple,correct,1.0062271297425691,37
Qwen-3-Coder-30B,1133,simple,correct,0.9367909238249594,38
Qwen-3-Coder-30B,1133,simple,correct,1.0065570904004197,39
Qwen-3-Coder-30B,1133,simple,correct,0.988818356531361,40
Qwen-3-Coder-30B,1133,simple,correct,1.1674071082390953,41
Qwen-3-Coder-30B,1133,simple,correct,1.0655813097866078,42
Qwen-3-Coder-30B,1133,simple,correct,0.9556465370180826,43
Qwen-3-Coder-30B,1133,simple,correct,0.9898681968976957,44
Qwen-3-Coder-30B,1133,simple,correct,1.2092200232828871,45
Qwen-3-Coder-30B,1133,simple,correct,4.064419922457501,46
Qwen-3-Coder-30B,1133,simple,correct,0.8289484142754948,47
Qwen-3-Coder-30B,1133,simple,correct,0.8904642609668995,48
Qwen-3-Coder-30B,1133,simple,correct,1.0413990825688073,49
Qwen-3-Coder-30B,1133,simple,correct,1.1382182393252505,50
Qwen-3-Coder-30B,88,simple,semantic,,1
Qwen-3-Coder-30B,88,simple,semantic,,2
Qwen-3-Coder-30B,88,simple,semantic,,3
Qwen-3-Coder-30B,88,simple,semantic,,4
Qwen-3-Coder-30B,88,simple,semantic,,5
Qwen-3-Coder-30B,88,simple,semantic,,6
Qwen-3-Coder-30B,88,simple,semantic,,7
Qwen-3-Coder-30B,88,simple,semantic,,8
Qwen-3-Coder-30B,88,simple,semantic,,9
Qwen-3-Coder-30B,88,simple,semantic,,10
Qwen-3-Coder-30B,88,simple,semantic,,11
Qwen-3-Coder-30B,88,simple,semantic,,12
Qwen-3-Coder-30B,88,simple,semantic,,13
Qwen-3-Coder-30B,88,simple,semantic,,14
Qwen-3-Coder-30B,88,simple,semantic,,15
Qwen-3-Coder-30B,88,simple,semantic,,16
Qwen-3-Coder-30B,88,simple,semantic,,17
Qwen-3-Coder-30B,88,simple,semantic,,18
Qwen-3-Coder-30B,88,simple,semantic,,19
Qwen-3-Coder-30B,88,simple,semantic,,20
Qwen-3-Coder-30B,88,simple,semantic,,21
Qwen-3-Coder-30B,88,simple,semantic,,22
Qwen-3-Coder-30B,88,simple,semantic,,23
Qwen-3-Coder-30B,88,simple,semantic,,24
Qwen-3-Coder-30B,88,simple,semantic,,25
Qwen-3-Coder-30B,88,simple,semantic,,26
Qwen-3-Coder-30B,88,simple,semantic,,27
Qwen-3-Coder-30B,88,simple,semantic,,28
Qwen-3-Coder-30B,88,simple,semantic,,29
Qwen-3-Coder-30B,88,simple,semantic,,30
Qwen-3-Coder-30B,88,simple,semantic,,31
Qwen-3-Coder-30B,88,simple,semantic,,32
Qwen-3-Coder-30B,88,simple,semantic,,33
Qwen-3-Coder-30B,88,simple,semantic,,34
Qwen-3-Coder-30B,88,simple,semantic,,35
Qwen-3-Coder-30B,88,simple,semantic,,36
Qwen-3-Coder-30B,88,simple,semantic,,37
Qwen-3-Coder-30B,88,simple,semantic,,38
Qwen-3-Coder-30B,88,simple,semantic,,39
Qwen-3-Coder-30B,88,simple,semantic,,40
Qwen-3-Coder-30B,88,simple,semantic,,41
Qwen-3-Coder-30B,88,simple,semantic,,42
Qwen-3-Coder-30B,88,simple,semantic,,43
Qwen-3-Coder-30B,88,simple,semantic,,44
Qwen-3-Coder-30B,88,simple,semantic,,45
Qwen-3-Coder-30B,88,simple,semantic,,46
Qwen-3-Coder-30B,88,simple,semantic,,47
Qwen-3-Coder-30B,88,simple,semantic,,48
Qwen-3-Coder-30B,88,simple,semantic,,49
Qwen-3-Coder-30B,88,simple,semantic,,50
Qwen-3-Coder-30B,311,simple,semantic,,1
Qwen-3-Coder-30B,311,simple,semantic,,2
Qwen-3-Coder-30B,311,simple,semantic,,3
Qwen-3-Coder-30B,311,simple,semantic,,4
Qwen-3-Coder-30B,311,simple,semantic,,5
Qwen-3-Coder-30B,311,simple,semantic,,6
Qwen-3-Coder-30B,311,simple,semantic,,7
Qwen-3-Coder-30B,311,simple,semantic,,8
Qwen-3-Coder-30B,311,simple,semantic,,9
Qwen-3-Coder-30B,311,simple,semantic,,10
Qwen-3-Coder-30B,311,simple,semantic,,11
Qwen-3-Coder-30B,311,simple,semantic,,12
Qwen-3-Coder-30B,311,simple,semantic,,13
Qwen-3-Coder-30B,311,simple,semantic,,14
Qwen-3-Coder-30B,311,simple,semantic,,15
Qwen-3-Coder-30B,311,simple,semantic,,16
Qwen-3-Coder-30B,311,simple,semantic,,17
Qwen-3-Coder-30B,311,simple,semantic,,18
Qwen-3-Coder-30B,311,simple,semantic,,19
Qwen-3-Coder-30B,311,simple,semantic,,20
Qwen-3-Coder-30B,311,simple,semantic,,21
Qwen-3-Coder-30B,311,simple,semantic,,22
Qwen-3-Coder-30B,311,simple,semantic,,23
Qwen-3-Coder-30B,311,simple,semantic,,24
Qwen-3-Coder-30B,311,simple,semantic,,25
Qwen-3-Coder-30B,311,simple,semantic,,26
Qwen-3-Coder-30B,311,simple,semantic,,27
Qwen-3-Coder-30B,311,simple,semantic,,28
Qwen-3-Coder-30B,311,simple,semantic,,29
Qwen-3-Coder-30B,311,simple,semantic,,30
Qwen-3-Coder-30B,311,simple,semantic,,31
Qwen-3-Coder-30B,311,simple,semantic,,32
Qwen-3-Coder-30B,311,simple,semantic,,33
Qwen-3-Coder-30B,311,simple,semantic,,34
Qwen-3-Coder-30B,311,simple,semantic,,35
Qwen-3-Coder-30B,311,simple,semantic,,36
Qwen-3-Coder-30B,311,simple,semantic,,37
Qwen-3-Coder-30B,311,simple,semantic,,38
Qwen-3-Coder-30B,311,simple,semantic,,39
Qwen-3-Coder-30B,311,simple,semantic,,40
Qwen-3-Coder-30B,311,simple,semantic,,41
Qwen-3-Coder-30B,311,simple,semantic,,42
Qwen-3-Coder-30B,311,simple,semantic,,43
Qwen-3-Coder-30B,311,simple,semantic,,44
Qwen-3-Coder-30B,311,simple,semantic,,45
Qwen-3-Coder-30B,311,simple,semantic,,46
Qwen-3-Coder-30B,311,simple,semantic,,47
Qwen-3-Coder-30B,311,simple,semantic,,48
Qwen-3-Coder-30B,311,simple,semantic,,49
Qwen-3-Coder-30B,311,simple,semantic,,50
Qwen-3-Coder-30B,873,simple,correct,7.866851478494624,1
Qwen-3-Coder-30B,873,simple,correct,0.8045548247766762,2
Qwen-3-Coder-30B,873,simple,correct,0.9639043639740018,3
Qwen-3-Coder-30B,873,simple,correct,1.5537222294400417,4
Qwen-3-Coder-30B,873,simple,correct,0.34645499798197227,5
Qwen-3-Coder-30B,873,simple,correct,0.9175607001693958,6
Qwen-3-Coder-30B,873,simple,correct,0.9605054151624549,7
Qwen-3-Coder-30B,873,simple,correct,1.1134835903519178,8
Qwen-3-Coder-30B,873,simple,correct,1.0955812228462436,9
Qwen-3-Coder-30B,873,simple,correct,0.9044709603220241,10
Qwen-3-Coder-30B,873,simple,correct,1.173582295988935,11
Qwen-3-Coder-30B,873,simple,correct,0.787800864019749,12
Qwen-3-Coder-30B,873,simple,correct,1.2713070807912739,13
Qwen-3-Coder-30B,873,simple,correct,0.7479186273800044,14
Qwen-3-Coder-30B,873,simple,correct,1.171866874674987,15
Qwen-3-Coder-30B,873,simple,correct,0.7462869502523432,16
Qwen-3-Coder-30B,873,simple,correct,1.8263473053892216,17
Qwen-3-Coder-30B,873,simple,correct,1.1027987082884823,18
Qwen-3-Coder-30B,873,simple,correct,0.7398797595190381,19
Qwen-3-Coder-30B,873,simple,correct,1.1903929232668176,20
Qwen-3-Coder-30B,873,simple,correct,1.2073038912909204,21
Qwen-3-Coder-30B,873,simple,correct,1.1154397394136808,22
Qwen-3-Coder-30B,873,simple,correct,1.1545626349892009,23
Qwen-3-Coder-30B,873,simple,correct,0.958139534883721,24
Qwen-3-Coder-30B,873,simple,correct,1.0663297536323437,25
Qwen-3-Coder-30B,873,simple,correct,2.128106615440029,26
Qwen-3-Coder-30B,873,simple,correct,0.887642482359327,27
Qwen-3-Coder-30B,873,simple,correct,1.0503337542846833,28
Qwen-3-Coder-30B,873,simple,correct,0.5220205609848966,29
Qwen-3-Coder-30B,873,simple,correct,1.0565902578796562,30
Qwen-3-Coder-30B,873,simple,correct,0.9972782382778671,31
Qwen-3-Coder-30B,873,simple,correct,0.9307325407560333,32
Qwen-3-Coder-30B,873,simple,correct,1.1565071837076302,33
Qwen-3-Coder-30B,873,simple,correct,1.0316799192225168,34
Qwen-3-Coder-30B,873,simple,correct,0.9876632801161103,35
Qwen-3-Coder-30B,873,simple,correct,0.9151427189163038,36
Qwen-3-Coder-30B,873,simple,correct,1.1382071061243573,37
Qwen-3-Coder-30B,873,simple,correct,0.920666628617088,38
Qwen-3-Coder-30B,873,simple,correct,1.2080257683532412,39
Qwen-3-Coder-30B,873,simple,correct,0.7027718816331627,40
Qwen-3-Coder-30B,873,simple,correct,0.7024980685037342,41
Qwen-3-Coder-30B,873,simple,correct,0.9862915509362961,42
Qwen-3-Coder-30B,873,simple,correct,1.0702257586972612,43
Qwen-3-Coder-30B,873,simple,correct,1.6844917637605463,44
Qwen-3-Coder-30B,873,simple,correct,1.811187683875388,45
Qwen-3-Coder-30B,873,simple,correct,0.6082352941176471,46
Qwen-3-Coder-30B,873,simple,correct,1.2185988174162337,47
Qwen-3-Coder-30B,873,simple,correct,0.7827829939867075,48
Qwen-3-Coder-30B,873,simple,correct,0.9879063574836348,49
Qwen-3-Coder-30B,873,simple,correct,1.2693858914846663,50
Qwen-3-Coder-30B,713,simple,correct,14.093708259527617,1
Qwen-3-Coder-30B,713,simple,correct,0.966759207573814,2
Qwen-3-Coder-30B,713,simple,correct,0.8030214149165971,3
Qwen-3-Coder-30B,713,simple,correct,1.01530859821681,4
Qwen-3-Coder-30B,713,simple,correct,1.0123842213291478,5
Qwen-3-Coder-30B,713,simple,correct,1.1751528995652494,6
Qwen-3-Coder-30B,713,simple,correct,0.825562021489296,7
Qwen-3-Coder-30B,713,simple,correct,2.139560944773289,8
Qwen-3-Coder-30B,713,simple,correct,2.0295402342132016,9
Qwen-3-Coder-30B,713,simple,correct,2.529646651912239,10
Qwen-3-Coder-30B,713,simple,correct,0.8361354617711025,11
Qwen-3-Coder-30B,713,simple,correct,1.212702585543887,12
Qwen-3-Coder-30B,713,simple,correct,2.9978094885392124,13
Qwen-3-Coder-30B,713,simple,correct,2.010102366092455,14
Qwen-3-Coder-30B,713,simple,correct,0.7345958386752962,15
Qwen-3-Coder-30B,713,simple,correct,1.2348766113019636,16
Qwen-3-Coder-30B,713,simple,correct,1.1116093826456979,17
Qwen-3-Coder-30B,713,simple,correct,1.0399792938443377,18
Qwen-3-Coder-30B,713,simple,correct,1.1171713725155676,19
Qwen-3-Coder-30B,713,simple,correct,1.0609384762092664,20
Qwen-3-Coder-30B,713,simple,correct,1.0269129552748764,21
Qwen-3-Coder-30B,713,simple,correct,0.9560948045832679,22
Qwen-3-Coder-30B,713,simple,correct,1.0700019324204948,23
Qwen-3-Coder-30B,713,simple,correct,1.0045343332801446,24
Qwen-3-Coder-30B,713,simple,correct,1.0105699835199182,25
Qwen-3-Coder-30B,713,simple,correct,1.039923703420146,26
Qwen-3-Coder-30B,713,simple,correct,0.9881447906026558,27
Qwen-3-Coder-30B,713,simple,correct,1.0689436382045225,28
Qwen-3-Coder-30B,713,simple,correct,1.0600655137854726,29
Qwen-3-Coder-30B,713,simple,correct,1.062223114409126,30
Qwen-3-Coder-30B,713,simple,correct,1.1097317920391778,31
Qwen-3-Coder-30B,713,simple,correct,1.778191516127409,32
Qwen-3-Coder-30B,713,simple,correct,0.9281387407615306,33
Qwen-3-Coder-30B,713,simple,correct,1.0009310471512474,34
Qwen-3-Coder-30B,713,simple,correct,0.978585017480602,35
Qwen-3-Coder-30B,713,simple,correct,1.1406903263011197,36
Qwen-3-Coder-30B,713,simple,correct,1.0016913150686493,37
Qwen-3-Coder-30B,713,simple,correct,0.569822690307959,38
Qwen-3-Coder-30B,713,simple,correct,1.0928808172800417,39
Qwen-3-Coder-30B,713,simple,correct,0.8865656711492451,40
Qwen-3-Coder-30B,713,simple,correct,1.9719902297355145,41
Qwen-3-Coder-30B,713,simple,correct,1.1910914315875902,42
Qwen-3-Coder-30B,713,simple,correct,1.6433932933599822,43
Qwen-3-Coder-30B,713,simple,correct,1.0906190759898176,44
Qwen-3-Coder-30B,713,simple,correct,1.3467321393858975,45
Qwen-3-Coder-30B,713,simple,correct,0.5041097282498237,46
Qwen-3-Coder-30B,713,simple,correct,1.072287732752055,47
Qwen-3-Coder-30B,713,simple,correct,1.240421227986673,48
Qwen-3-Coder-30B,713,simple,correct,0.7847507117065344,49
Qwen-3-Coder-30B,713,simple,correct,1.2811607184223124,50
Qwen-3-Coder-30B,312,simple,correct,0.22845721803369934,1
Qwen-3-Coder-30B,312,simple,correct,0.6685042263873576,2
Qwen-3-Coder-30B,312,simple,correct,0.5355458515283843,3
Qwen-3-Coder-30B,312,simple,correct,0.5160693641618497,4
Qwen-3-Coder-30B,312,simple,correct,0.3769188089513594,5
Qwen-3-Coder-30B,312,simple,correct,0.5384615384615384,6
Qwen-3-Coder-30B,312,simple,correct,0.5517661388550548,7
Qwen-3-Coder-30B,312,simple,correct,0.5636917160711424,8
Qwen-3-Coder-30B,312,simple,correct,0.4406122448979592,9
Qwen-3-Coder-30B,312,simple,correct,0.47737008753957905,10
Qwen-3-Coder-30B,312,simple,correct,0.9928028788484606,11
Qwen-3-Coder-30B,312,simple,correct,0.007854088775102637,12
Qwen-3-Coder-30B,312,simple,correct,0.39715938979484483,13
Qwen-3-Coder-30B,312,simple,correct,0.37388451443569554,14
Qwen-3-Coder-30B,312,simple,correct,0.4757514290982851,15
Qwen-3-Coder-30B,312,simple,correct,0.44674614031659177,16
Qwen-3-Coder-30B,312,simple,correct,0.10627623294858342,17
Qwen-3-Coder-30B,312,simple,correct,0.445409429280397,18
Qwen-3-Coder-30B,312,simple,correct,0.33512380453294904,19
Qwen-3-Coder-30B,312,simple,correct,0.43407631280695125,20
Qwen-3-Coder-30B,312,simple,correct,0.37133628424452686,21
Qwen-3-Coder-30B,312,simple,correct,0.4243421052631579,22
Qwen-3-Coder-30B,312,simple,correct,0.2814893055188804,23
Qwen-3-Coder-30B,312,simple,correct,0.32959028831562975,24
Qwen-3-Coder-30B,312,simple,correct,0.429819336906889,25
Qwen-3-Coder-30B,312,simple,correct,0.5878108688977587,26
Qwen-3-Coder-30B,312,simple,correct,0.3365455893254262,27
Qwen-3-Coder-30B,312,simple,correct,0.43743858499836225,28
Qwen-3-Coder-30B,312,simple,correct,0.37463228932341236,29
Qwen-3-Coder-30B,312,simple,correct,0.406570841889117,30
Qwen-3-Coder-30B,312,simple,correct,0.7062858742825143,31
Qwen-3-Coder-30B,312,simple,correct,0.6376395534290271,32
Qwen-3-Coder-30B,312,simple,correct,0.48893659180977544,33
Qwen-3-Coder-30B,312,simple,correct,0.6114546046208916,34
Qwen-3-Coder-30B,312,simple,correct,0.44604604604604603,35
Qwen-3-Coder-30B,312,simple,correct,0.36396455530029537,36
Qwen-3-Coder-30B,312,simple,correct,0.46305676855895195,37
Qwen-3-Coder-30B,312,simple,correct,0.3524162316888365,38
Qwen-3-Coder-30B,312,simple,correct,0.4498580889309366,39
Qwen-3-Coder-30B,312,simple,correct,0.3084542271135568,40
Qwen-3-Coder-30B,312,simple,correct,0.11009544293587847,41
Qwen-3-Coder-30B,312,simple,correct,0.35727013542409125,42
Qwen-3-Coder-30B,312,simple,correct,0.30941191413692365,43
Qwen-3-Coder-30B,312,simple,correct,0.39035198784502406,44
Qwen-3-Coder-30B,312,simple,correct,0.41458333333333336,45
Qwen-3-Coder-30B,312,simple,correct,0.48784313725490197,46
Qwen-3-Coder-30B,312,simple,correct,0.41319702602230485,47
Qwen-3-Coder-30B,312,simple,correct,0.4296747967479675,48
Qwen-3-Coder-30B,312,simple,correct,0.47277486910994765,49
Qwen-3-Coder-30B,312,simple,correct,0.4250770811921891,50
Qwen-3-Coder-30B,902,simple,semantic,,1
Qwen-3-Coder-30B,902,simple,semantic,,2
Qwen-3-Coder-30B,902,simple,semantic,,3
Qwen-3-Coder-30B,902,simple,semantic,,4
Qwen-3-Coder-30B,902,simple,semantic,,5
Qwen-3-Coder-30B,902,simple,semantic,,6
Qwen-3-Coder-30B,902,simple,semantic,,7
Qwen-3-Coder-30B,902,simple,semantic,,8
Qwen-3-Coder-30B,902,simple,semantic,,9
Qwen-3-Coder-30B,902,simple,semantic,,10
Qwen-3-Coder-30B,902,simple,semantic,,11
Qwen-3-Coder-30B,902,simple,semantic,,12
Qwen-3-Coder-30B,902,simple,semantic,,13
Qwen-3-Coder-30B,902,simple,semantic,,14
Qwen-3-Coder-30B,902,simple,semantic,,15
Qwen-3-Coder-30B,902,simple,semantic,,16
Qwen-3-Coder-30B,902,simple,semantic,,17
Qwen-3-Coder-30B,902,simple,semantic,,18
Qwen-3-Coder-30B,902,simple,semantic,,19
Qwen-3-Coder-30B,902,simple,semantic,,20
Qwen-3-Coder-30B,902,simple,semantic,,21
Qwen-3-Coder-30B,902,simple,semantic,,22
Qwen-3-Coder-30B,902,simple,semantic,,23
Qwen-3-Coder-30B,902,simple,semantic,,24
Qwen-3-Coder-30B,902,simple,semantic,,25
Qwen-3-Coder-30B,902,simple,semantic,,26
Qwen-3-Coder-30B,902,simple,semantic,,27
Qwen-3-Coder-30B,902,simple,semantic,,28
Qwen-3-Coder-30B,902,simple,semantic,,29
Qwen-3-Coder-30B,902,simple,semantic,,30
Qwen-3-Coder-30B,902,simple,semantic,,31
Qwen-3-Coder-30B,902,simple,semantic,,32
Qwen-3-Coder-30B,902,simple,semantic,,33
Qwen-3-Coder-30B,902,simple,semantic,,34
Qwen-3-Coder-30B,902,simple,semantic,,35
Qwen-3-Coder-30B,902,simple,semantic,,36
Qwen-3-Coder-30B,902,simple,semantic,,37
Qwen-3-Coder-30B,902,simple,semantic,,38
Qwen-3-Coder-30B,902,simple,semantic,,39
Qwen-3-Coder-30B,902,simple,semantic,,40
Qwen-3-Coder-30B,902,simple,semantic,,41
Qwen-3-Coder-30B,902,simple,semantic,,42
Qwen-3-Coder-30B,902,simple,semantic,,43
Qwen-3-Coder-30B,902,simple,semantic,,44
Qwen-3-Coder-30B,902,simple,semantic,,45
Qwen-3-Coder-30B,902,simple,semantic,,46
Qwen-3-Coder-30B,902,simple,semantic,,47
Qwen-3-Coder-30B,902,simple,semantic,,48
Qwen-3-Coder-30B,902,simple,semantic,,49
Qwen-3-Coder-30B,902,simple,semantic,,50
Qwen-3-Coder-30B,442,simple,semantic,,1
Qwen-3-Coder-30B,442,simple,semantic,,2
Qwen-3-Coder-30B,442,simple,semantic,,3
Qwen-3-Coder-30B,442,simple,semantic,,4
Qwen-3-Coder-30B,442,simple,semantic,,5
Qwen-3-Coder-30B,442,simple,semantic,,6
Qwen-3-Coder-30B,442,simple,semantic,,7
Qwen-3-Coder-30B,442,simple,semantic,,8
Qwen-3-Coder-30B,442,simple,semantic,,9
Qwen-3-Coder-30B,442,simple,semantic,,10
Qwen-3-Coder-30B,442,simple,semantic,,11
Qwen-3-Coder-30B,442,simple,semantic,,12
Qwen-3-Coder-30B,442,simple,semantic,,13
Qwen-3-Coder-30B,442,simple,semantic,,14
Qwen-3-Coder-30B,442,simple,semantic,,15
Qwen-3-Coder-30B,442,simple,semantic,,16
Qwen-3-Coder-30B,442,simple,semantic,,17
Qwen-3-Coder-30B,442,simple,semantic,,18
Qwen-3-Coder-30B,442,simple,semantic,,19
Qwen-3-Coder-30B,442,simple,semantic,,20
Qwen-3-Coder-30B,442,simple,semantic,,21
Qwen-3-Coder-30B,442,simple,semantic,,22
Qwen-3-Coder-30B,442,simple,semantic,,23
Qwen-3-Coder-30B,442,simple,semantic,,24
Qwen-3-Coder-30B,442,simple,semantic,,25
Qwen-3-Coder-30B,442,simple,semantic,,26
Qwen-3-Coder-30B,442,simple,semantic,,27
Qwen-3-Coder-30B,442,simple,semantic,,28
Qwen-3-Coder-30B,442,simple,semantic,,29
Qwen-3-Coder-30B,442,simple,semantic,,30
Qwen-3-Coder-30B,442,simple,semantic,,31
Qwen-3-Coder-30B,442,simple,semantic,,32
Qwen-3-Coder-30B,442,simple,semantic,,33
Qwen-3-Coder-30B,442,simple,semantic,,34
Qwen-3-Coder-30B,442,simple,semantic,,35
Qwen-3-Coder-30B,442,simple,semantic,,36
Qwen-3-Coder-30B,442,simple,semantic,,37
Qwen-3-Coder-30B,442,simple,semantic,,38
Qwen-3-Coder-30B,442,simple,semantic,,39
Qwen-3-Coder-30B,442,simple,semantic,,40
Qwen-3-Coder-30B,442,simple,semantic,,41
Qwen-3-Coder-30B,442,simple,semantic,,42
Qwen-3-Coder-30B,442,simple,semantic,,43
Qwen-3-Coder-30B,442,simple,semantic,,44
Qwen-3-Coder-30B,442,simple,semantic,,45
Qwen-3-Coder-30B,442,simple,semantic,,46
Qwen-3-Coder-30B,442,simple,semantic,,47
Qwen-3-Coder-30B,442,simple,semantic,,48
Qwen-3-Coder-30B,442,simple,semantic,,49
Qwen-3-Coder-30B,442,simple,semantic,,50
Qwen-3-Coder-30B,697,simple,correct,6.751386720696184,1
Qwen-3-Coder-30B,697,simple,correct,1.3113900387234612,2
Qwen-3-Coder-30B,697,simple,correct,1.1325805313303423,3
Qwen-3-Coder-30B,697,simple,correct,1.2219178082191782,4
Qwen-3-Coder-30B,697,simple,correct,0.8707668118045476,5
Qwen-3-Coder-30B,697,simple,correct,1.0532178662546265,6
Qwen-3-Coder-30B,697,simple,correct,1.009592411653532,7
Qwen-3-Coder-30B,697,simple,correct,1.3233239495360234,8
Qwen-3-Coder-30B,697,simple,correct,0.9007990645098422,9
Qwen-3-Coder-30B,697,simple,correct,1.0818375875650161,10
Qwen-3-Coder-30B,697,simple,correct,0.8924929591143052,11
Qwen-3-Coder-30B,697,simple,correct,1.1249423697556478,12
Qwen-3-Coder-30B,697,simple,correct,0.7788109532874505,13
Qwen-3-Coder-30B,697,simple,correct,1.0732709750566893,14
Qwen-3-Coder-30B,697,simple,correct,1.1318640376017426,15
Qwen-3-Coder-30B,697,simple,correct,1.3689428155860062,16
Qwen-3-Coder-30B,697,simple,correct,1.0152053343304044,17
Qwen-3-Coder-30B,697,simple,correct,1.0690200565352,18
Qwen-3-Coder-30B,697,simple,correct,1.116394656138743,19
Qwen-3-Coder-30B,697,simple,correct,0.9484260106401003,20
Qwen-3-Coder-30B,697,simple,correct,0.9117199804485961,21
Qwen-3-Coder-30B,697,simple,correct,3.249042991755006,22
Qwen-3-Coder-30B,697,simple,correct,1.0251266891891893,23
Qwen-3-Coder-30B,697,simple,correct,1.0866214158842933,24
Qwen-3-Coder-30B,697,simple,correct,0.23422183206309938,25
Qwen-3-Coder-30B,697,simple,correct,1.0756668278709869,26
Qwen-3-Coder-30B,697,simple,correct,0.9996765951942046,27
Qwen-3-Coder-30B,697,simple,correct,1.1242058449809402,28
Qwen-3-Coder-30B,697,simple,correct,0.2392675404780262,29
Qwen-3-Coder-30B,697,simple,correct,1.1403702445652173,30
Qwen-3-Coder-30B,697,simple,correct,1.0530388692579504,31
Qwen-3-Coder-30B,697,simple,correct,1.0392529394895325,32
Qwen-3-Coder-30B,697,simple,correct,1.2561995438583788,33
Qwen-3-Coder-30B,697,simple,correct,0.8648580547623047,34
Qwen-3-Coder-30B,697,simple,correct,0.9185873483019742,35
Qwen-3-Coder-30B,697,simple,correct,0.765767487577131,36
Qwen-3-Coder-30B,697,simple,correct,0.983554622147866,37
Qwen-3-Coder-30B,697,simple,correct,1.0146046028724693,38
Qwen-3-Coder-30B,697,simple,correct,0.9211223746107468,39
Qwen-3-Coder-30B,697,simple,correct,0.7634960037098666,40
Qwen-3-Coder-30B,697,simple,correct,0.9852661120577327,41
Qwen-3-Coder-30B,697,simple,correct,0.9061872964705109,42
Qwen-3-Coder-30B,697,simple,correct,2.72241311156384,43
Qwen-3-Coder-30B,697,simple,correct,0.9051177536231884,44
Qwen-3-Coder-30B,697,simple,correct,1.1130467911197313,45
Qwen-3-Coder-30B,697,simple,correct,1.048077598931609,46
Qwen-3-Coder-30B,697,simple,correct,0.21418447128291215,47
Qwen-3-Coder-30B,697,simple,correct,1.3438936550229847,48
Qwen-3-Coder-30B,697,simple,correct,0.9459045374189746,49
Qwen-3-Coder-30B,697,simple,correct,0.9469903650240011,50
Qwen-3-Coder-30B,161,simple,correct,5.211559432933479,1
Qwen-3-Coder-30B,161,simple,correct,1.4815049004110021,2
Qwen-3-Coder-30B,161,simple,correct,0.8503457814661134,3
Qwen-3-Coder-30B,161,simple,correct,1.0698263386396527,4
Qwen-3-Coder-30B,161,simple,correct,1.5675795053003534,5
Qwen-3-Coder-30B,161,simple,correct,1.384336803983703,6
Qwen-3-Coder-30B,161,simple,correct,1.8886774500475738,7
Qwen-3-Coder-30B,161,simple,correct,1.3970256872465074,8
Qwen-3-Coder-30B,161,simple,correct,1.2716248989490704,9
Qwen-3-Coder-30B,161,simple,correct,1.2443789163287873,10
Qwen-3-Coder-30B,161,simple,correct,1.3653671804170444,11
Qwen-3-Coder-30B,161,simple,correct,1.0289897510980965,12
Qwen-3-Coder-30B,161,simple,correct,1.2298507462686568,13
Qwen-3-Coder-30B,161,simple,correct,1.255899104963385,14
Qwen-3-Coder-30B,161,simple,correct,1.4587788892721627,15
Qwen-3-Coder-30B,161,simple,correct,1.6591189790037053,16
Qwen-3-Coder-30B,161,simple,correct,1.3034960819770947,17
Qwen-3-Coder-30B,161,simple,correct,1.4816791177516897,18
Qwen-3-Coder-30B,161,simple,correct,1.1009803921568628,19
Qwen-3-Coder-30B,161,simple,correct,1.3381863560732112,20
Qwen-3-Coder-30B,161,simple,correct,0.9972907886815171,21
Qwen-3-Coder-30B,161,simple,correct,1.301320796955451,22
Qwen-3-Coder-30B,161,simple,correct,0.09848199273606299,23
Qwen-3-Coder-30B,161,simple,correct,2.0720263758559474,24
Qwen-3-Coder-30B,161,simple,correct,1.0797206165703275,25
Qwen-3-Coder-30B,161,simple,correct,1.0967224386889756,26
Qwen-3-Coder-30B,161,simple,correct,1.469127040454223,27
Qwen-3-Coder-30B,161,simple,correct,1.3303126415949251,28
Qwen-3-Coder-30B,161,simple,correct,1.4011090573012939,29
Qwen-3-Coder-30B,161,simple,correct,1.1251284686536485,30
Qwen-3-Coder-30B,161,simple,correct,1.3104149715215623,31
Qwen-3-Coder-30B,161,simple,correct,1.3622402890695573,32
Qwen-3-Coder-30B,161,simple,correct,1.260857383020454,33
Qwen-3-Coder-30B,161,simple,correct,1.421335723890632,34
Qwen-3-Coder-30B,161,simple,correct,1.3418491484184916,35
Qwen-3-Coder-30B,161,simple,correct,0.9500156201187129,36
Qwen-3-Coder-30B,161,simple,correct,1.2904191616766467,37
Qwen-3-Coder-30B,161,simple,correct,0.8139902100110532,38
Qwen-3-Coder-30B,161,simple,correct,1.4519230769230769,39
Qwen-3-Coder-30B,161,simple,correct,1.3426258992805755,40
Qwen-3-Coder-30B,161,simple,correct,0.9646533973919011,41
Qwen-3-Coder-30B,161,simple,correct,1.4629803186504218,42
Qwen-3-Coder-30B,161,simple,correct,1.0842992623814542,43
Qwen-3-Coder-30B,161,simple,correct,1.1073825503355705,44
Qwen-3-Coder-30B,161,simple,correct,1.3547868061142398,45
Qwen-3-Coder-30B,161,simple,correct,1.166205837173579,46
Qwen-3-Coder-30B,161,simple,correct,1.2805526036131776,47
Qwen-3-Coder-30B,161,simple,correct,1.2653794342164346,48
Qwen-3-Coder-30B,161,simple,correct,1.1288791529755384,49
Qwen-3-Coder-30B,161,simple,correct,1.4750361794500724,50
Qwen-3-Coder-30B,1713,Simple,semantic,,1
Qwen-3-Coder-30B,1713,Simple,semantic,,2
Qwen-3-Coder-30B,1713,Simple,semantic,,3
Qwen-3-Coder-30B,1713,Simple,semantic,,4
Qwen-3-Coder-30B,1713,Simple,semantic,,5
Qwen-3-Coder-30B,1713,Simple,semantic,,6
Qwen-3-Coder-30B,1713,Simple,semantic,,7
Qwen-3-Coder-30B,1713,Simple,semantic,,8
Qwen-3-Coder-30B,1713,Simple,semantic,,9
Qwen-3-Coder-30B,1713,Simple,semantic,,10
Qwen-3-Coder-30B,1713,Simple,semantic,,11
Qwen-3-Coder-30B,1713,Simple,semantic,,12
Qwen-3-Coder-30B,1713,Simple,semantic,,13
Qwen-3-Coder-30B,1713,Simple,semantic,,14
Qwen-3-Coder-30B,1713,Simple,semantic,,15
Qwen-3-Coder-30B,1713,Simple,semantic,,16
Qwen-3-Coder-30B,1713,Simple,semantic,,17
Qwen-3-Coder-30B,1713,Simple,semantic,,18
Qwen-3-Coder-30B,1713,Simple,semantic,,19
Qwen-3-Coder-30B,1713,Simple,semantic,,20
Qwen-3-Coder-30B,1713,Simple,semantic,,21
Qwen-3-Coder-30B,1713,Simple,semantic,,22
Qwen-3-Coder-30B,1713,Simple,semantic,,23
Qwen-3-Coder-30B,1713,Simple,semantic,,24
Qwen-3-Coder-30B,1713,Simple,semantic,,25
Qwen-3-Coder-30B,1713,Simple,semantic,,26
Qwen-3-Coder-30B,1713,Simple,semantic,,27
Qwen-3-Coder-30B,1713,Simple,semantic,,28
Qwen-3-Coder-30B,1713,Simple,semantic,,29
Qwen-3-Coder-30B,1713,Simple,semantic,,30
Qwen-3-Coder-30B,1713,Simple,semantic,,31
Qwen-3-Coder-30B,1713,Simple,semantic,,32
Qwen-3-Coder-30B,1713,Simple,semantic,,33
Qwen-3-Coder-30B,1713,Simple,semantic,,34
Qwen-3-Coder-30B,1713,Simple,semantic,,35
Qwen-3-Coder-30B,1713,Simple,semantic,,36
Qwen-3-Coder-30B,1713,Simple,semantic,,37
Qwen-3-Coder-30B,1713,Simple,semantic,,38
Qwen-3-Coder-30B,1713,Simple,semantic,,39
Qwen-3-Coder-30B,1713,Simple,semantic,,40
Qwen-3-Coder-30B,1713,Simple,semantic,,41
Qwen-3-Coder-30B,1713,Simple,semantic,,42
Qwen-3-Coder-30B,1713,Simple,semantic,,43
Qwen-3-Coder-30B,1713,Simple,semantic,,44
Qwen-3-Coder-30B,1713,Simple,semantic,,45
Qwen-3-Coder-30B,1713,Simple,semantic,,46
Qwen-3-Coder-30B,1713,Simple,semantic,,47
Qwen-3-Coder-30B,1713,Simple,semantic,,48
Qwen-3-Coder-30B,1713,Simple,semantic,,49
Qwen-3-Coder-30B,1713,Simple,semantic,,50
Qwen-3-Coder-30B,564,simple,semantic,,1
Qwen-3-Coder-30B,564,simple,semantic,,2
Qwen-3-Coder-30B,564,simple,semantic,,3
Qwen-3-Coder-30B,564,simple,semantic,,4
Qwen-3-Coder-30B,564,simple,semantic,,5
Qwen-3-Coder-30B,564,simple,semantic,,6
Qwen-3-Coder-30B,564,simple,semantic,,7
Qwen-3-Coder-30B,564,simple,semantic,,8
Qwen-3-Coder-30B,564,simple,semantic,,9
Qwen-3-Coder-30B,564,simple,semantic,,10
Qwen-3-Coder-30B,564,simple,semantic,,11
Qwen-3-Coder-30B,564,simple,semantic,,12
Qwen-3-Coder-30B,564,simple,semantic,,13
Qwen-3-Coder-30B,564,simple,semantic,,14
Qwen-3-Coder-30B,564,simple,semantic,,15
Qwen-3-Coder-30B,564,simple,semantic,,16
Qwen-3-Coder-30B,564,simple,semantic,,17
Qwen-3-Coder-30B,564,simple,semantic,,18
Qwen-3-Coder-30B,564,simple,semantic,,19
Qwen-3-Coder-30B,564,simple,semantic,,20
Qwen-3-Coder-30B,564,simple,semantic,,21
Qwen-3-Coder-30B,564,simple,semantic,,22
Qwen-3-Coder-30B,564,simple,semantic,,23
Qwen-3-Coder-30B,564,simple,semantic,,24
Qwen-3-Coder-30B,564,simple,semantic,,25
Qwen-3-Coder-30B,564,simple,semantic,,26
Qwen-3-Coder-30B,564,simple,semantic,,27
Qwen-3-Coder-30B,564,simple,semantic,,28
Qwen-3-Coder-30B,564,simple,semantic,,29
Qwen-3-Coder-30B,564,simple,semantic,,30
Qwen-3-Coder-30B,564,simple,semantic,,31
Qwen-3-Coder-30B,564,simple,semantic,,32
Qwen-3-Coder-30B,564,simple,semantic,,33
Qwen-3-Coder-30B,564,simple,semantic,,34
Qwen-3-Coder-30B,564,simple,semantic,,35
Qwen-3-Coder-30B,564,simple,semantic,,36
Qwen-3-Coder-30B,564,simple,semantic,,37
Qwen-3-Coder-30B,564,simple,semantic,,38
Qwen-3-Coder-30B,564,simple,semantic,,39
Qwen-3-Coder-30B,564,simple,semantic,,40
Qwen-3-Coder-30B,564,simple,semantic,,41
Qwen-3-Coder-30B,564,simple,semantic,,42
Qwen-3-Coder-30B,564,simple,semantic,,43
Qwen-3-Coder-30B,564,simple,semantic,,44
Qwen-3-Coder-30B,564,simple,semantic,,45
Qwen-3-Coder-30B,564,simple,semantic,,46
Qwen-3-Coder-30B,564,simple,semantic,,47
Qwen-3-Coder-30B,564,simple,semantic,,48
Qwen-3-Coder-30B,564,simple,semantic,,49
Qwen-3-Coder-30B,564,simple,semantic,,50
Qwen-3-Coder-30B,841,simple,correct,3.3236134934248143,1
Qwen-3-Coder-30B,841,simple,correct,4.313240772096173,2
Qwen-3-Coder-30B,841,simple,correct,0.6099137931034483,3
Qwen-3-Coder-30B,841,simple,correct,1.1771336553945249,4
Qwen-3-Coder-30B,841,simple,correct,1.41553480475382,5
Qwen-3-Coder-30B,841,simple,correct,1.84954829742877,6
Qwen-3-Coder-30B,841,simple,correct,1.0533790401567091,7
Qwen-3-Coder-30B,841,simple,correct,1.581307564547788,8
Qwen-3-Coder-30B,841,simple,correct,0.8265709156193896,9
Qwen-3-Coder-30B,841,simple,correct,1.548314606741573,10
Qwen-3-Coder-30B,841,simple,correct,1.6733472149921915,11
Qwen-3-Coder-30B,841,simple,correct,1.39554682383759,12
Qwen-3-Coder-30B,841,simple,correct,1.464943032427695,13
Qwen-3-Coder-30B,841,simple,correct,1.9893007260221627,14
Qwen-3-Coder-30B,841,simple,correct,1.683754512635379,15
Qwen-3-Coder-30B,841,simple,correct,2.0476923076923077,16
Qwen-3-Coder-30B,841,simple,correct,2.648776637726914,17
Qwen-3-Coder-30B,841,simple,correct,1.0641200545702592,18
Qwen-3-Coder-30B,841,simple,correct,1.4569437531110006,19
Qwen-3-Coder-30B,841,simple,correct,2.7867612293144206,20
Qwen-3-Coder-30B,841,simple,correct,1.3377757352941178,21
Qwen-3-Coder-30B,841,simple,correct,1.567301378857518,22
Qwen-3-Coder-30B,841,simple,correct,1.8006644518272426,23
Qwen-3-Coder-30B,841,simple,correct,1.8640625,24
Qwen-3-Coder-30B,841,simple,correct,1.8718944099378882,25
Qwen-3-Coder-30B,841,simple,correct,1.6215488215488216,26
Qwen-3-Coder-30B,841,simple,correct,1.7138211382113822,27
Qwen-3-Coder-30B,841,simple,correct,1.64,28
Qwen-3-Coder-30B,841,simple,correct,1.263103802672148,29
Qwen-3-Coder-30B,841,simple,correct,1.7443841982958948,30
Qwen-3-Coder-30B,841,simple,correct,1.60801050558109,31
Qwen-3-Coder-30B,841,simple,correct,1.477431659249841,32
Qwen-3-Coder-30B,841,simple,correct,1.6535493827160495,33
Qwen-3-Coder-30B,841,simple,correct,1.8871725990597716,34
Qwen-3-Coder-30B,841,simple,correct,1.6333333333333333,35
Qwen-3-Coder-30B,841,simple,correct,1.3872358775334195,36
Qwen-3-Coder-30B,841,simple,correct,1.8589901477832513,37
Qwen-3-Coder-30B,841,simple,correct,1.7780730897009966,38
Qwen-3-Coder-30B,841,simple,correct,1.0296296296296297,39
Qwen-3-Coder-30B,841,simple,correct,1.5173998686802364,40
Qwen-3-Coder-30B,841,simple,correct,1.9660194174757282,41
Qwen-3-Coder-30B,841,simple,correct,2.383292383292383,42
Qwen-3-Coder-30B,841,simple,correct,1.3132250580046403,43
Qwen-3-Coder-30B,841,simple,correct,1.4307210031347963,44
Qwen-3-Coder-30B,841,simple,correct,1.6824621397166586,45
Qwen-3-Coder-30B,841,simple,correct,1.3271869639794167,46
Qwen-3-Coder-30B,841,simple,correct,1.5073349633251834,47
Qwen-3-Coder-30B,841,simple,correct,1.56672760511883,48
Qwen-3-Coder-30B,841,simple,correct,1.6856565656565656,49
Qwen-3-Coder-30B,841,simple,correct,1.5888678051865908,50
Qwen-3-Coder-30B,580,simple,correct,5.761774868157847,1
Qwen-3-Coder-30B,580,simple,correct,1.218681661980631,2
Qwen-3-Coder-30B,580,simple,correct,1.5607038123167156,3
Qwen-3-Coder-30B,580,simple,correct,0.8956934018174635,4
Qwen-3-Coder-30B,580,simple,correct,1.0963682128730672,5
Qwen-3-Coder-30B,580,simple,correct,1.4779220779220779,6
Qwen-3-Coder-30B,580,simple,correct,1.2842998585572842,7
Qwen-3-Coder-30B,580,simple,correct,1.5915349311575726,8
Qwen-3-Coder-30B,580,simple,correct,1.11969422651378,9
Qwen-3-Coder-30B,580,simple,correct,1.2295402673622433,10
Qwen-3-Coder-30B,580,simple,correct,1.3839410939691446,11
Qwen-3-Coder-30B,580,simple,correct,1.3556274721323265,12
Qwen-3-Coder-30B,580,simple,correct,1.387858347386172,13
Qwen-3-Coder-30B,580,simple,correct,1.557385903321631,14
Qwen-3-Coder-30B,580,simple,correct,1.3494906919564453,15
Qwen-3-Coder-30B,580,simple,correct,0.9605344295991778,16
Qwen-3-Coder-30B,580,simple,correct,1.1788569736452472,17
Qwen-3-Coder-30B,580,simple,correct,1.2956369982547993,18
Qwen-3-Coder-30B,580,simple,correct,1.323926380368098,19
Qwen-3-Coder-30B,580,simple,correct,1.337317000298775,20
Qwen-3-Coder-30B,580,simple,correct,0.986404833836858,21
Qwen-3-Coder-30B,580,simple,correct,1.2329783801226202,22
Qwen-3-Coder-30B,580,simple,correct,1.4105064485687322,23
Qwen-3-Coder-30B,580,simple,correct,0.8824163969795038,24
Qwen-3-Coder-30B,580,simple,correct,1.4722955145118735,25
Qwen-3-Coder-30B,580,simple,correct,1.4815515610217598,26
Qwen-3-Coder-30B,580,simple,correct,1.2524001238773614,27
Qwen-3-Coder-30B,580,simple,correct,1.0945190156599554,28
Qwen-3-Coder-30B,580,simple,correct,0.9979879275653923,29
Qwen-3-Coder-30B,580,simple,correct,1.0475179187682506,30
Qwen-3-Coder-30B,580,simple,correct,1.399647266313933,31
Qwen-3-Coder-30B,580,simple,correct,1.1445473251028806,32
Qwen-3-Coder-30B,580,simple,correct,1.3448768297036773,33
Qwen-3-Coder-30B,580,simple,correct,1.1693602693602694,34
Qwen-3-Coder-30B,580,simple,correct,0.7064376061921842,35
Qwen-3-Coder-30B,580,simple,correct,1.53345521023766,36
Qwen-3-Coder-30B,580,simple,correct,1.0457690260777008,37
Qwen-3-Coder-30B,580,simple,correct,1.0591732729331824,38
Qwen-3-Coder-30B,580,simple,correct,1.1828330439097,39
Qwen-3-Coder-30B,580,simple,correct,0.9856223175965665,40
Qwen-3-Coder-30B,580,simple,correct,0.4044635757957942,41
Qwen-3-Coder-30B,580,simple,correct,1.0234360915810348,42
Qwen-3-Coder-30B,580,simple,correct,1.080232934325461,43
Qwen-3-Coder-30B,580,simple,correct,0.5302073210236475,44
Qwen-3-Coder-30B,580,simple,correct,0.9107574250390792,45
Qwen-3-Coder-30B,580,simple,correct,1.0562347188264058,46
Qwen-3-Coder-30B,580,simple,correct,6.887359198998748,47
Qwen-3-Coder-30B,580,simple,correct,1.4545964125560538,48
Qwen-3-Coder-30B,580,simple,correct,1.5021507387319992,49
Qwen-3-Coder-30B,580,simple,correct,1.3841368584758942,50
Qwen-3-Coder-30B,722,simple,correct,2.367848101265823,1
Qwen-3-Coder-30B,722,simple,correct,1.933591231463572,2
Qwen-3-Coder-30B,722,simple,correct,1.0389044506691565,3
Qwen-3-Coder-30B,722,simple,correct,1.6828129559381384,4
Qwen-3-Coder-30B,722,simple,correct,0.28088955273421295,5
Qwen-3-Coder-30B,722,simple,correct,1.2748568453930245,6
Qwen-3-Coder-30B,722,simple,correct,1.048262120876688,7
Qwen-3-Coder-30B,722,simple,correct,0.7887809464117831,8
Qwen-3-Coder-30B,722,simple,correct,1.4133635334088335,9
Qwen-3-Coder-30B,722,simple,correct,0.8753799392097265,10
Qwen-3-Coder-30B,722,simple,correct,1.156271186440678,11
Qwen-3-Coder-30B,722,simple,correct,1.5571142284569137,12
Qwen-3-Coder-30B,722,simple,correct,1.3098786828422877,13
Qwen-3-Coder-30B,722,simple,correct,1.389269866881807,14
Qwen-3-Coder-30B,722,simple,correct,1.2445901639344261,15
Qwen-3-Coder-30B,722,simple,correct,1.1445473251028806,16
Qwen-3-Coder-30B,722,simple,correct,1.1431486880466473,17
Qwen-3-Coder-30B,722,simple,correct,1.512210796915167,18
Qwen-3-Coder-30B,722,simple,correct,1.3783903957314363,19
Qwen-3-Coder-30B,722,simple,correct,0.8158128516434705,20
Qwen-3-Coder-30B,722,simple,correct,1.2372793354101765,21
Qwen-3-Coder-30B,722,simple,correct,2.0347806319618096,22
Qwen-3-Coder-30B,722,simple,correct,1.5657809462086845,23
Qwen-3-Coder-30B,722,simple,correct,1.3901245551601424,24
Qwen-3-Coder-30B,722,simple,correct,2.2870766195330483,25
Qwen-3-Coder-30B,722,simple,correct,1.5024968789013733,26
Qwen-3-Coder-30B,722,simple,correct,1.1412482402627875,27
Qwen-3-Coder-30B,722,simple,correct,1.610340479192938,28
Qwen-3-Coder-30B,722,simple,correct,1.875959595959596,29
Qwen-3-Coder-30B,722,simple,correct,1.4686530105524518,30
Qwen-3-Coder-30B,722,simple,correct,0.9493949394939494,31
Qwen-3-Coder-30B,722,simple,correct,1.2499129829446571,32
Qwen-3-Coder-30B,722,simple,correct,1.6166666666666667,33
Qwen-3-Coder-30B,722,simple,correct,1.273560876209883,34
Qwen-3-Coder-30B,722,simple,correct,1.5402018795683954,35
Qwen-3-Coder-30B,722,simple,correct,1.6476949345475242,36
Qwen-3-Coder-30B,722,simple,correct,1.0160692212608158,37
Qwen-3-Coder-30B,722,simple,correct,1.558490566037736,38
Qwen-3-Coder-30B,722,simple,correct,1.2001779359430604,39
Qwen-3-Coder-30B,722,simple,correct,1.6254061078622482,40
Qwen-3-Coder-30B,722,simple,correct,1.1727523780300706,41
Qwen-3-Coder-30B,722,simple,correct,1.386513157894737,42
Qwen-3-Coder-30B,722,simple,correct,0.643491897543126,43
Qwen-3-Coder-30B,722,simple,correct,1.4037149355572403,44
Qwen-3-Coder-30B,722,simple,correct,4.176470588235294,45
Qwen-3-Coder-30B,722,simple,correct,1.1135770234986946,46
Qwen-3-Coder-30B,722,simple,correct,0.544005691924582,47
Qwen-3-Coder-30B,722,simple,correct,0.6693897965988663,48
Qwen-3-Coder-30B,722,simple,correct,1.4787574234810417,49
Qwen-3-Coder-30B,722,simple,correct,0.5765256385260284,50
Qwen-3-Coder-30B,10,simple,semantic,,1
Qwen-3-Coder-30B,10,simple,semantic,,2
Qwen-3-Coder-30B,10,simple,semantic,,3
Qwen-3-Coder-30B,10,simple,semantic,,4
Qwen-3-Coder-30B,10,simple,semantic,,5
Qwen-3-Coder-30B,10,simple,semantic,,6
Qwen-3-Coder-30B,10,simple,semantic,,7
Qwen-3-Coder-30B,10,simple,semantic,,8
Qwen-3-Coder-30B,10,simple,semantic,,9
Qwen-3-Coder-30B,10,simple,semantic,,10
Qwen-3-Coder-30B,10,simple,semantic,,11
Qwen-3-Coder-30B,10,simple,semantic,,12
Qwen-3-Coder-30B,10,simple,semantic,,13
Qwen-3-Coder-30B,10,simple,semantic,,14
Qwen-3-Coder-30B,10,simple,semantic,,15
Qwen-3-Coder-30B,10,simple,semantic,,16
Qwen-3-Coder-30B,10,simple,semantic,,17
Qwen-3-Coder-30B,10,simple,semantic,,18
Qwen-3-Coder-30B,10,simple,semantic,,19
Qwen-3-Coder-30B,10,simple,semantic,,20
Qwen-3-Coder-30B,10,simple,semantic,,21
Qwen-3-Coder-30B,10,simple,semantic,,22
Qwen-3-Coder-30B,10,simple,semantic,,23
Qwen-3-Coder-30B,10,simple,semantic,,24
Qwen-3-Coder-30B,10,simple,semantic,,25
Qwen-3-Coder-30B,10,simple,semantic,,26
Qwen-3-Coder-30B,10,simple,semantic,,27
Qwen-3-Coder-30B,10,simple,semantic,,28
Qwen-3-Coder-30B,10,simple,semantic,,29
Qwen-3-Coder-30B,10,simple,semantic,,30
Qwen-3-Coder-30B,10,simple,semantic,,31
Qwen-3-Coder-30B,10,simple,semantic,,32
Qwen-3-Coder-30B,10,simple,semantic,,33
Qwen-3-Coder-30B,10,simple,semantic,,34
Qwen-3-Coder-30B,10,simple,semantic,,35
Qwen-3-Coder-30B,10,simple,semantic,,36
Qwen-3-Coder-30B,10,simple,semantic,,37
Qwen-3-Coder-30B,10,simple,semantic,,38
Qwen-3-Coder-30B,10,simple,semantic,,39
Qwen-3-Coder-30B,10,simple,semantic,,40
Qwen-3-Coder-30B,10,simple,semantic,,41
Qwen-3-Coder-30B,10,simple,semantic,,42
Qwen-3-Coder-30B,10,simple,semantic,,43
Qwen-3-Coder-30B,10,simple,semantic,,44
Qwen-3-Coder-30B,10,simple,semantic,,45
Qwen-3-Coder-30B,10,simple,semantic,,46
Qwen-3-Coder-30B,10,simple,semantic,,47
Qwen-3-Coder-30B,10,simple,semantic,,48
Qwen-3-Coder-30B,10,simple,semantic,,49
Qwen-3-Coder-30B,10,simple,semantic,,50
Qwen-3-Coder-30B,1197,simple,semantic,,1
Qwen-3-Coder-30B,1197,simple,semantic,,2
Qwen-3-Coder-30B,1197,simple,semantic,,3
Qwen-3-Coder-30B,1197,simple,semantic,,4
Qwen-3-Coder-30B,1197,simple,semantic,,5
Qwen-3-Coder-30B,1197,simple,semantic,,6
Qwen-3-Coder-30B,1197,simple,semantic,,7
Qwen-3-Coder-30B,1197,simple,semantic,,8
Qwen-3-Coder-30B,1197,simple,semantic,,9
Qwen-3-Coder-30B,1197,simple,semantic,,10
Qwen-3-Coder-30B,1197,simple,semantic,,11
Qwen-3-Coder-30B,1197,simple,semantic,,12
Qwen-3-Coder-30B,1197,simple,semantic,,13
Qwen-3-Coder-30B,1197,simple,semantic,,14
Qwen-3-Coder-30B,1197,simple,semantic,,15
Qwen-3-Coder-30B,1197,simple,semantic,,16
Qwen-3-Coder-30B,1197,simple,semantic,,17
Qwen-3-Coder-30B,1197,simple,semantic,,18
Qwen-3-Coder-30B,1197,simple,semantic,,19
Qwen-3-Coder-30B,1197,simple,semantic,,20
Qwen-3-Coder-30B,1197,simple,semantic,,21
Qwen-3-Coder-30B,1197,simple,semantic,,22
Qwen-3-Coder-30B,1197,simple,semantic,,23
Qwen-3-Coder-30B,1197,simple,semantic,,24
Qwen-3-Coder-30B,1197,simple,semantic,,25
Qwen-3-Coder-30B,1197,simple,semantic,,26
Qwen-3-Coder-30B,1197,simple,semantic,,27
Qwen-3-Coder-30B,1197,simple,semantic,,28
Qwen-3-Coder-30B,1197,simple,semantic,,29
Qwen-3-Coder-30B,1197,simple,semantic,,30
Qwen-3-Coder-30B,1197,simple,semantic,,31
Qwen-3-Coder-30B,1197,simple,semantic,,32
Qwen-3-Coder-30B,1197,simple,semantic,,33
Qwen-3-Coder-30B,1197,simple,semantic,,34
Qwen-3-Coder-30B,1197,simple,semantic,,35
Qwen-3-Coder-30B,1197,simple,semantic,,36
Qwen-3-Coder-30B,1197,simple,semantic,,37
Qwen-3-Coder-30B,1197,simple,semantic,,38
Qwen-3-Coder-30B,1197,simple,semantic,,39
Qwen-3-Coder-30B,1197,simple,semantic,,40
Qwen-3-Coder-30B,1197,simple,semantic,,41
Qwen-3-Coder-30B,1197,simple,semantic,,42
Qwen-3-Coder-30B,1197,simple,semantic,,43
Qwen-3-Coder-30B,1197,simple,semantic,,44
Qwen-3-Coder-30B,1197,simple,semantic,,45
Qwen-3-Coder-30B,1197,simple,semantic,,46
Qwen-3-Coder-30B,1197,simple,semantic,,47
Qwen-3-Coder-30B,1197,simple,semantic,,48
Qwen-3-Coder-30B,1197,simple,semantic,,49
Qwen-3-Coder-30B,1197,simple,semantic,,50
Qwen-3-Coder-30B,679,simple,semantic,,1
Qwen-3-Coder-30B,679,simple,semantic,,2
Qwen-3-Coder-30B,679,simple,semantic,,3
Qwen-3-Coder-30B,679,simple,semantic,,4
Qwen-3-Coder-30B,679,simple,semantic,,5
Qwen-3-Coder-30B,679,simple,semantic,,6
Qwen-3-Coder-30B,679,simple,semantic,,7
Qwen-3-Coder-30B,679,simple,semantic,,8
Qwen-3-Coder-30B,679,simple,semantic,,9
Qwen-3-Coder-30B,679,simple,semantic,,10
Qwen-3-Coder-30B,679,simple,semantic,,11
Qwen-3-Coder-30B,679,simple,semantic,,12
Qwen-3-Coder-30B,679,simple,semantic,,13
Qwen-3-Coder-30B,679,simple,semantic,,14
Qwen-3-Coder-30B,679,simple,semantic,,15
Qwen-3-Coder-30B,679,simple,semantic,,16
Qwen-3-Coder-30B,679,simple,semantic,,17
Qwen-3-Coder-30B,679,simple,semantic,,18
Qwen-3-Coder-30B,679,simple,semantic,,19
Qwen-3-Coder-30B,679,simple,semantic,,20
Qwen-3-Coder-30B,679,simple,semantic,,21
Qwen-3-Coder-30B,679,simple,semantic,,22
Qwen-3-Coder-30B,679,simple,semantic,,23
Qwen-3-Coder-30B,679,simple,semantic,,24
Qwen-3-Coder-30B,679,simple,semantic,,25
Qwen-3-Coder-30B,679,simple,semantic,,26
Qwen-3-Coder-30B,679,simple,semantic,,27
Qwen-3-Coder-30B,679,simple,semantic,,28
Qwen-3-Coder-30B,679,simple,semantic,,29
Qwen-3-Coder-30B,679,simple,semantic,,30
Qwen-3-Coder-30B,679,simple,semantic,,31
Qwen-3-Coder-30B,679,simple,semantic,,32
Qwen-3-Coder-30B,679,simple,semantic,,33
Qwen-3-Coder-30B,679,simple,semantic,,34
Qwen-3-Coder-30B,679,simple,semantic,,35
Qwen-3-Coder-30B,679,simple,semantic,,36
Qwen-3-Coder-30B,679,simple,semantic,,37
Qwen-3-Coder-30B,679,simple,semantic,,38
Qwen-3-Coder-30B,679,simple,semantic,,39
Qwen-3-Coder-30B,679,simple,semantic,,40
Qwen-3-Coder-30B,679,simple,semantic,,41
Qwen-3-Coder-30B,679,simple,semantic,,42
Qwen-3-Coder-30B,679,simple,semantic,,43
Qwen-3-Coder-30B,679,simple,semantic,,44
Qwen-3-Coder-30B,679,simple,semantic,,45
Qwen-3-Coder-30B,679,simple,semantic,,46
Qwen-3-Coder-30B,679,simple,semantic,,47
Qwen-3-Coder-30B,679,simple,semantic,,48
Qwen-3-Coder-30B,679,simple,semantic,,49
Qwen-3-Coder-30B,679,simple,semantic,,50
Qwen-3-Coder-30B,430,simple,semantic,,1
Qwen-3-Coder-30B,430,simple,semantic,,2
Qwen-3-Coder-30B,430,simple,semantic,,3
Qwen-3-Coder-30B,430,simple,semantic,,4
Qwen-3-Coder-30B,430,simple,semantic,,5
Qwen-3-Coder-30B,430,simple,semantic,,6
Qwen-3-Coder-30B,430,simple,semantic,,7
Qwen-3-Coder-30B,430,simple,semantic,,8
Qwen-3-Coder-30B,430,simple,semantic,,9
Qwen-3-Coder-30B,430,simple,semantic,,10
Qwen-3-Coder-30B,430,simple,semantic,,11
Qwen-3-Coder-30B,430,simple,semantic,,12
Qwen-3-Coder-30B,430,simple,semantic,,13
Qwen-3-Coder-30B,430,simple,semantic,,14
Qwen-3-Coder-30B,430,simple,semantic,,15
Qwen-3-Coder-30B,430,simple,semantic,,16
Qwen-3-Coder-30B,430,simple,semantic,,17
Qwen-3-Coder-30B,430,simple,semantic,,18
Qwen-3-Coder-30B,430,simple,semantic,,19
Qwen-3-Coder-30B,430,simple,semantic,,20
Qwen-3-Coder-30B,430,simple,semantic,,21
Qwen-3-Coder-30B,430,simple,semantic,,22
Qwen-3-Coder-30B,430,simple,semantic,,23
Qwen-3-Coder-30B,430,simple,semantic,,24
Qwen-3-Coder-30B,430,simple,semantic,,25
Qwen-3-Coder-30B,430,simple,semantic,,26
Qwen-3-Coder-30B,430,simple,semantic,,27
Qwen-3-Coder-30B,430,simple,semantic,,28
Qwen-3-Coder-30B,430,simple,semantic,,29
Qwen-3-Coder-30B,430,simple,semantic,,30
Qwen-3-Coder-30B,430,simple,semantic,,31
Qwen-3-Coder-30B,430,simple,semantic,,32
Qwen-3-Coder-30B,430,simple,semantic,,33
Qwen-3-Coder-30B,430,simple,semantic,,34
Qwen-3-Coder-30B,430,simple,semantic,,35
Qwen-3-Coder-30B,430,simple,semantic,,36
Qwen-3-Coder-30B,430,simple,semantic,,37
Qwen-3-Coder-30B,430,simple,semantic,,38
Qwen-3-Coder-30B,430,simple,semantic,,39
Qwen-3-Coder-30B,430,simple,semantic,,40
Qwen-3-Coder-30B,430,simple,semantic,,41
Qwen-3-Coder-30B,430,simple,semantic,,42
Qwen-3-Coder-30B,430,simple,semantic,,43
Qwen-3-Coder-30B,430,simple,semantic,,44
Qwen-3-Coder-30B,430,simple,semantic,,45
Qwen-3-Coder-30B,430,simple,semantic,,46
Qwen-3-Coder-30B,430,simple,semantic,,47
Qwen-3-Coder-30B,430,simple,semantic,,48
Qwen-3-Coder-30B,430,simple,semantic,,49
Qwen-3-Coder-30B,430,simple,semantic,,50
Qwen-3-Coder-30B,1536,Simple,other,,1
Qwen-3-Coder-30B,1536,Simple,other,,2
Qwen-3-Coder-30B,1536,Simple,other,,3
Qwen-3-Coder-30B,1536,Simple,other,,4
Qwen-3-Coder-30B,1536,Simple,other,,5
Qwen-3-Coder-30B,1536,Simple,other,,6
Qwen-3-Coder-30B,1536,Simple,other,,7
Qwen-3-Coder-30B,1536,Simple,other,,8
Qwen-3-Coder-30B,1536,Simple,other,,9
Qwen-3-Coder-30B,1536,Simple,other,,10
Qwen-3-Coder-30B,1536,Simple,other,,11
Qwen-3-Coder-30B,1536,Simple,other,,12
Qwen-3-Coder-30B,1536,Simple,other,,13
Qwen-3-Coder-30B,1536,Simple,other,,14
Qwen-3-Coder-30B,1536,Simple,other,,15
Qwen-3-Coder-30B,1536,Simple,other,,16
Qwen-3-Coder-30B,1536,Simple,other,,17
Qwen-3-Coder-30B,1536,Simple,other,,18
Qwen-3-Coder-30B,1536,Simple,other,,19
Qwen-3-Coder-30B,1536,Simple,other,,20
Qwen-3-Coder-30B,1536,Simple,other,,21
Qwen-3-Coder-30B,1536,Simple,other,,22
Qwen-3-Coder-30B,1536,Simple,other,,23
Qwen-3-Coder-30B,1536,Simple,other,,24
Qwen-3-Coder-30B,1536,Simple,other,,25
Qwen-3-Coder-30B,1536,Simple,other,,26
Qwen-3-Coder-30B,1536,Simple,other,,27
Qwen-3-Coder-30B,1536,Simple,other,,28
Qwen-3-Coder-30B,1536,Simple,other,,29
Qwen-3-Coder-30B,1536,Simple,other,,30
Qwen-3-Coder-30B,1536,Simple,other,,31
Qwen-3-Coder-30B,1536,Simple,other,,32
Qwen-3-Coder-30B,1536,Simple,other,,33
Qwen-3-Coder-30B,1536,Simple,other,,34
Qwen-3-Coder-30B,1536,Simple,other,,35
Qwen-3-Coder-30B,1536,Simple,other,,36
Qwen-3-Coder-30B,1536,Simple,other,,37
Qwen-3-Coder-30B,1536,Simple,other,,38
Qwen-3-Coder-30B,1536,Simple,other,,39
Qwen-3-Coder-30B,1536,Simple,other,,40
Qwen-3-Coder-30B,1536,Simple,other,,41
Qwen-3-Coder-30B,1536,Simple,other,,42
Qwen-3-Coder-30B,1536,Simple,other,,43
Qwen-3-Coder-30B,1536,Simple,other,,44
Qwen-3-Coder-30B,1536,Simple,other,,45
Qwen-3-Coder-30B,1536,Simple,other,,46
Qwen-3-Coder-30B,1536,Simple,other,,47
Qwen-3-Coder-30B,1536,Simple,other,,48
Qwen-3-Coder-30B,1536,Simple,other,,49
Qwen-3-Coder-30B,1536,Simple,other,,50
Qwen-3-Coder-30B,577,simple,correct,2.1697281465347418,1
Qwen-3-Coder-30B,577,simple,correct,0.2921411265064999,2
Qwen-3-Coder-30B,577,simple,correct,0.842302184344498,3
Qwen-3-Coder-30B,577,simple,correct,0.2169016393064171,4
Qwen-3-Coder-30B,577,simple,correct,0.28867418699078035,5
Qwen-3-Coder-30B,577,simple,correct,0.31309712645968674,6
Qwen-3-Coder-30B,577,simple,correct,0.32144758093280096,7
Qwen-3-Coder-30B,577,simple,correct,0.492143300622489,8
Qwen-3-Coder-30B,577,simple,correct,0.9913747898223757,9
Qwen-3-Coder-30B,577,simple,correct,0.5128307068805692,10
Qwen-3-Coder-30B,577,simple,correct,0.38146943379458464,11
Qwen-3-Coder-30B,577,simple,correct,0.3696114639623833,12
Qwen-3-Coder-30B,577,simple,correct,0.3829236049528689,13
Qwen-3-Coder-30B,577,simple,correct,0.1647530804258168,14
Qwen-3-Coder-30B,577,simple,correct,0.3286875780494722,15
Qwen-3-Coder-30B,577,simple,correct,0.33870812801869604,16
Qwen-3-Coder-30B,577,simple,correct,0.30187750533516283,17
Qwen-3-Coder-30B,577,simple,correct,0.39828813358371357,18
Qwen-3-Coder-30B,577,simple,correct,0.3372169857156739,19
Qwen-3-Coder-30B,577,simple,correct,0.3479540186937713,20
Qwen-3-Coder-30B,577,simple,correct,0.28866753737917955,21
Qwen-3-Coder-30B,577,simple,correct,0.3261484426948455,22
Qwen-3-Coder-30B,577,simple,correct,0.3939918855039995,23
Qwen-3-Coder-30B,577,simple,correct,0.3018883621545252,24
Qwen-3-Coder-30B,577,simple,correct,0.3670733709959488,25
Qwen-3-Coder-30B,577,simple,correct,0.38591617631501185,26
Qwen-3-Coder-30B,577,simple,correct,0.4666822807896409,27
Qwen-3-Coder-30B,577,simple,correct,0.41264948719057115,28
Qwen-3-Coder-30B,577,simple,correct,0.36413258590377307,29
Qwen-3-Coder-30B,577,simple,correct,0.3626846168163685,30
Qwen-3-Coder-30B,577,simple,correct,0.25274925425087125,31
Qwen-3-Coder-30B,577,simple,correct,0.38269398656380943,32
Qwen-3-Coder-30B,577,simple,correct,0.3579824518175909,33
Qwen-3-Coder-30B,577,simple,correct,0.3562816241162356,34
Qwen-3-Coder-30B,577,simple,correct,0.7177668181964363,35
Qwen-3-Coder-30B,577,simple,correct,0.3708178420154412,36
Qwen-3-Coder-30B,577,simple,correct,0.4717701177878169,37
Qwen-3-Coder-30B,577,simple,correct,0.3078606657120866,38
Qwen-3-Coder-30B,577,simple,correct,0.3517581308511704,39
Qwen-3-Coder-30B,577,simple,correct,0.43377677236030293,40
Qwen-3-Coder-30B,577,simple,correct,0.3677174822617733,41
Qwen-3-Coder-30B,577,simple,correct,0.1024277103413794,42
Qwen-3-Coder-30B,577,simple,correct,0.5306859493590153,43
Qwen-3-Coder-30B,577,simple,correct,0.3197362702302482,44
Qwen-3-Coder-30B,577,simple,correct,0.3692663585302532,45
Qwen-3-Coder-30B,577,simple,correct,0.3371107675946845,46
Qwen-3-Coder-30B,577,simple,correct,0.311113187870498,47
Qwen-3-Coder-30B,577,simple,correct,0.3914559285438108,48
Qwen-3-Coder-30B,577,simple,correct,0.34067398230375645,49
Qwen-3-Coder-30B,577,simple,correct,0.34338357073590314,50
Qwen-3-Coder-30B,323,simple,semantic,,1
Qwen-3-Coder-30B,323,simple,semantic,,2
Qwen-3-Coder-30B,323,simple,semantic,,3
Qwen-3-Coder-30B,323,simple,semantic,,4
Qwen-3-Coder-30B,323,simple,semantic,,5
Qwen-3-Coder-30B,323,simple,semantic,,6
Qwen-3-Coder-30B,323,simple,semantic,,7
Qwen-3-Coder-30B,323,simple,semantic,,8
Qwen-3-Coder-30B,323,simple,semantic,,9
Qwen-3-Coder-30B,323,simple,semantic,,10
Qwen-3-Coder-30B,323,simple,semantic,,11
Qwen-3-Coder-30B,323,simple,semantic,,12
Qwen-3-Coder-30B,323,simple,semantic,,13
Qwen-3-Coder-30B,323,simple,semantic,,14
Qwen-3-Coder-30B,323,simple,semantic,,15
Qwen-3-Coder-30B,323,simple,semantic,,16
Qwen-3-Coder-30B,323,simple,semantic,,17
Qwen-3-Coder-30B,323,simple,semantic,,18
Qwen-3-Coder-30B,323,simple,semantic,,19
Qwen-3-Coder-30B,323,simple,semantic,,20
Qwen-3-Coder-30B,323,simple,semantic,,21
Qwen-3-Coder-30B,323,simple,semantic,,22
Qwen-3-Coder-30B,323,simple,semantic,,23
Qwen-3-Coder-30B,323,simple,semantic,,24
Qwen-3-Coder-30B,323,simple,semantic,,25
Qwen-3-Coder-30B,323,simple,semantic,,26
Qwen-3-Coder-30B,323,simple,semantic,,27
Qwen-3-Coder-30B,323,simple,semantic,,28
Qwen-3-Coder-30B,323,simple,semantic,,29
Qwen-3-Coder-30B,323,simple,semantic,,30
Qwen-3-Coder-30B,323,simple,semantic,,31
Qwen-3-Coder-30B,323,simple,semantic,,32
Qwen-3-Coder-30B,323,simple,semantic,,33
Qwen-3-Coder-30B,323,simple,semantic,,34
Qwen-3-Coder-30B,323,simple,semantic,,35
Qwen-3-Coder-30B,323,simple,semantic,,36
Qwen-3-Coder-30B,323,simple,semantic,,37
Qwen-3-Coder-30B,323,simple,semantic,,38
Qwen-3-Coder-30B,323,simple,semantic,,39
Qwen-3-Coder-30B,323,simple,semantic,,40
Qwen-3-Coder-30B,323,simple,semantic,,41
Qwen-3-Coder-30B,323,simple,semantic,,42
Qwen-3-Coder-30B,323,simple,semantic,,43
Qwen-3-Coder-30B,323,simple,semantic,,44
Qwen-3-Coder-30B,323,simple,semantic,,45
Qwen-3-Coder-30B,323,simple,semantic,,46
Qwen-3-Coder-30B,323,simple,semantic,,47
Qwen-3-Coder-30B,323,simple,semantic,,48
Qwen-3-Coder-30B,323,simple,semantic,,49
Qwen-3-Coder-30B,323,simple,semantic,,50
Qwen-3-Coder-30B,393,simple,semantic,,1
Qwen-3-Coder-30B,393,simple,semantic,,2
Qwen-3-Coder-30B,393,simple,semantic,,3
Qwen-3-Coder-30B,393,simple,semantic,,4
Qwen-3-Coder-30B,393,simple,semantic,,5
Qwen-3-Coder-30B,393,simple,semantic,,6
Qwen-3-Coder-30B,393,simple,semantic,,7
Qwen-3-Coder-30B,393,simple,semantic,,8
Qwen-3-Coder-30B,393,simple,semantic,,9
Qwen-3-Coder-30B,393,simple,semantic,,10
Qwen-3-Coder-30B,393,simple,semantic,,11
Qwen-3-Coder-30B,393,simple,semantic,,12
Qwen-3-Coder-30B,393,simple,semantic,,13
Qwen-3-Coder-30B,393,simple,semantic,,14
Qwen-3-Coder-30B,393,simple,semantic,,15
Qwen-3-Coder-30B,393,simple,semantic,,16
Qwen-3-Coder-30B,393,simple,semantic,,17
Qwen-3-Coder-30B,393,simple,semantic,,18
Qwen-3-Coder-30B,393,simple,semantic,,19
Qwen-3-Coder-30B,393,simple,semantic,,20
Qwen-3-Coder-30B,393,simple,semantic,,21
Qwen-3-Coder-30B,393,simple,semantic,,22
Qwen-3-Coder-30B,393,simple,semantic,,23
Qwen-3-Coder-30B,393,simple,semantic,,24
Qwen-3-Coder-30B,393,simple,semantic,,25
Qwen-3-Coder-30B,393,simple,semantic,,26
Qwen-3-Coder-30B,393,simple,semantic,,27
Qwen-3-Coder-30B,393,simple,semantic,,28
Qwen-3-Coder-30B,393,simple,semantic,,29
Qwen-3-Coder-30B,393,simple,semantic,,30
Qwen-3-Coder-30B,393,simple,semantic,,31
Qwen-3-Coder-30B,393,simple,semantic,,32
Qwen-3-Coder-30B,393,simple,semantic,,33
Qwen-3-Coder-30B,393,simple,semantic,,34
Qwen-3-Coder-30B,393,simple,semantic,,35
Qwen-3-Coder-30B,393,simple,semantic,,36
Qwen-3-Coder-30B,393,simple,semantic,,37
Qwen-3-Coder-30B,393,simple,semantic,,38
Qwen-3-Coder-30B,393,simple,semantic,,39
Qwen-3-Coder-30B,393,simple,semantic,,40
Qwen-3-Coder-30B,393,simple,semantic,,41
Qwen-3-Coder-30B,393,simple,semantic,,42
Qwen-3-Coder-30B,393,simple,semantic,,43
Qwen-3-Coder-30B,393,simple,semantic,,44
Qwen-3-Coder-30B,393,simple,semantic,,45
Qwen-3-Coder-30B,393,simple,semantic,,46
Qwen-3-Coder-30B,393,simple,semantic,,47
Qwen-3-Coder-30B,393,simple,semantic,,48
Qwen-3-Coder-30B,393,simple,semantic,,49
Qwen-3-Coder-30B,393,simple,semantic,,50
Qwen-3-Coder-30B,369,simple,correct,10.036690850236333,1
Qwen-3-Coder-30B,369,simple,correct,0.897011715290605,2
Qwen-3-Coder-30B,369,simple,correct,0.8883315358698469,3
Qwen-3-Coder-30B,369,simple,correct,0.9423431517390465,4
Qwen-3-Coder-30B,369,simple,correct,1.0505363422251113,5
Qwen-3-Coder-30B,369,simple,correct,0.976895716514679,6
Qwen-3-Coder-30B,369,simple,correct,1.174619956406901,7
Qwen-3-Coder-30B,369,simple,correct,0.9335531084573763,8
Qwen-3-Coder-30B,369,simple,correct,0.9903028963988338,9
Qwen-3-Coder-30B,369,simple,correct,1.0690951924414804,10
Qwen-3-Coder-30B,369,simple,correct,0.9812868025605604,11
Qwen-3-Coder-30B,369,simple,correct,0.788382470545915,12
Qwen-3-Coder-30B,369,simple,correct,0.9599240618503619,13
Qwen-3-Coder-30B,369,simple,correct,0.9654400641155073,14
Qwen-3-Coder-30B,369,simple,correct,1.2319056957388108,15
Qwen-3-Coder-30B,369,simple,correct,0.9174928882575414,16
Qwen-3-Coder-30B,369,simple,correct,1.138278995706129,17
Qwen-3-Coder-30B,369,simple,correct,0.8600006558344674,18
Qwen-3-Coder-30B,369,simple,correct,0.9920477137176938,19
Qwen-3-Coder-30B,369,simple,correct,1.0616061055053208,20
Qwen-3-Coder-30B,369,simple,correct,0.8470651005621583,21
Qwen-3-Coder-30B,369,simple,correct,1.0243587280419215,22
Qwen-3-Coder-30B,369,simple,correct,1.006460248573647,23
Qwen-3-Coder-30B,369,simple,correct,1.2259954367348267,24
Qwen-3-Coder-30B,369,simple,correct,1.0405451645643033,25
Qwen-3-Coder-30B,369,simple,correct,1.111599431383765,26
Qwen-3-Coder-30B,369,simple,correct,0.9344223248806319,27
Qwen-3-Coder-30B,369,simple,correct,0.9421225849482274,28
Qwen-3-Coder-30B,369,simple,correct,0.972637012456875,29
Qwen-3-Coder-30B,369,simple,correct,0.8540051239228117,30
Qwen-3-Coder-30B,369,simple,correct,1.017685687420421,31
Qwen-3-Coder-30B,369,simple,correct,1.0509125597105295,32
Qwen-3-Coder-30B,369,simple,correct,0.8298232525667224,33
Qwen-3-Coder-30B,369,simple,correct,1.0268628598021496,34
Qwen-3-Coder-30B,369,simple,correct,1.0301874264901165,35
Qwen-3-Coder-30B,369,simple,correct,1.0222070367316485,36
Qwen-3-Coder-30B,369,simple,correct,0.9874910444162996,37
Qwen-3-Coder-30B,369,simple,correct,0.9405951830307324,38
Qwen-3-Coder-30B,369,simple,correct,0.8118169457957733,39
Qwen-3-Coder-30B,369,simple,correct,1.0035000866544597,40
Qwen-3-Coder-30B,369,simple,correct,0.965862282959827,41
Qwen-3-Coder-30B,369,simple,correct,1.1071607862072665,42
Qwen-3-Coder-30B,369,simple,correct,1.3730956040348574,43
Qwen-3-Coder-30B,369,simple,correct,0.9862734354258342,44
Qwen-3-Coder-30B,369,simple,correct,0.992555614411503,45
Qwen-3-Coder-30B,369,simple,correct,0.8773579403146894,46
Qwen-3-Coder-30B,369,simple,correct,0.9705266296585338,47
Qwen-3-Coder-30B,369,simple,correct,1.060240375506154,48
Qwen-3-Coder-30B,369,simple,correct,1.0085850406749022,49
Qwen-3-Coder-30B,369,simple,correct,0.9274761994026873,50
Qwen-3-Coder-30B,725,simple,correct,2.0722685482146677,1
Qwen-3-Coder-30B,725,simple,correct,0.7670661803022407,2
Qwen-3-Coder-30B,725,simple,correct,1.3036487322201609,3
Qwen-3-Coder-30B,725,simple,correct,1.0625250501002004,4
Qwen-3-Coder-30B,725,simple,correct,1.3666303756124116,5
Qwen-3-Coder-30B,725,simple,correct,1.47074122236671,6
Qwen-3-Coder-30B,725,simple,correct,1.6162790697674418,7
Qwen-3-Coder-30B,725,simple,correct,1.1538155802861685,8
Qwen-3-Coder-30B,725,simple,correct,1.549386323787259,9
Qwen-3-Coder-30B,725,simple,correct,1.49364896073903,10
Qwen-3-Coder-30B,725,simple,correct,1.0374094931617055,11
Qwen-3-Coder-30B,725,simple,correct,1.2485380116959064,12
Qwen-3-Coder-30B,725,simple,correct,1.2743125419181758,13
Qwen-3-Coder-30B,725,simple,correct,1.5813186813186813,14
Qwen-3-Coder-30B,725,simple,correct,1.7275219298245614,15
Qwen-3-Coder-30B,725,simple,correct,1.4806344522316488,16
Qwen-3-Coder-30B,725,simple,correct,1.3531236154186974,17
Qwen-3-Coder-30B,725,simple,correct,1.4827586206896552,18
Qwen-3-Coder-30B,725,simple,correct,1.6315479693937611,19
Qwen-3-Coder-30B,725,simple,correct,1.129725085910653,20
Qwen-3-Coder-30B,725,simple,correct,1.804218248509858,21
Qwen-3-Coder-30B,725,simple,correct,1.4878186968838527,22
Qwen-3-Coder-30B,725,simple,correct,1.4390366281986955,23
Qwen-3-Coder-30B,725,simple,correct,1.3257418909592822,24
Qwen-3-Coder-30B,725,simple,correct,1.4443243243243242,25
Qwen-3-Coder-30B,725,simple,correct,1.258360655737705,26
Qwen-3-Coder-30B,725,simple,correct,1.4557103064066852,27
Qwen-3-Coder-30B,725,simple,correct,1.6390160183066362,28
Qwen-3-Coder-30B,725,simple,correct,1.5548498845265588,29
Qwen-3-Coder-30B,725,simple,correct,1.4528508771929824,30
Qwen-3-Coder-30B,725,simple,correct,1.9493742889647327,31
Qwen-3-Coder-30B,725,simple,correct,1.24506683640993,32
Qwen-3-Coder-30B,725,simple,correct,1.429810298102981,33
Qwen-3-Coder-30B,725,simple,correct,1.3763546798029556,34
Qwen-3-Coder-30B,725,simple,correct,1.3102536997885834,35
Qwen-3-Coder-30B,725,simple,correct,1.4334891627709307,36
Qwen-3-Coder-30B,725,simple,correct,1.413945766463752,37
Qwen-3-Coder-30B,725,simple,correct,1.497539639147075,38
Qwen-3-Coder-30B,725,simple,correct,1.320754716981132,39
Qwen-3-Coder-30B,725,simple,correct,1.63,40
Qwen-3-Coder-30B,725,simple,correct,1.5084175084175084,41
Qwen-3-Coder-30B,725,simple,correct,0.9401488191523779,42
Qwen-3-Coder-30B,725,simple,correct,1.5023255813953489,43
Qwen-3-Coder-30B,725,simple,correct,1.3043046357615895,44
Qwen-3-Coder-30B,725,simple,correct,1.4997098084735925,45
Qwen-3-Coder-30B,725,simple,correct,1.4353070175438596,46
Qwen-3-Coder-30B,725,simple,correct,1.503945885005637,47
Qwen-3-Coder-30B,725,simple,correct,1.4421230942970074,48
Qwen-3-Coder-30B,725,simple,correct,1.6959349593495936,49
Qwen-3-Coder-30B,725,simple,correct,1.676144578313253,50
Qwen-3-Coder-30B,1506,moderate,correct,8.218726016884114,1
Qwen-3-Coder-30B,1506,moderate,correct,0.904460518384569,2
Qwen-3-Coder-30B,1506,moderate,correct,1.2971913781841933,3
Qwen-3-Coder-30B,1506,moderate,correct,1.1327693370165746,4
Qwen-3-Coder-30B,1506,moderate,correct,1.193802663767328,5
Qwen-3-Coder-30B,1506,moderate,correct,1.693080878915381,6
Qwen-3-Coder-30B,1506,moderate,correct,0.7730838865419433,7
Qwen-3-Coder-30B,1506,moderate,correct,0.9483610237988325,8
Qwen-3-Coder-30B,1506,moderate,correct,1.4008397932816536,9
Qwen-3-Coder-30B,1506,moderate,correct,1.247741935483871,10
Qwen-3-Coder-30B,1506,moderate,correct,1.2688679245283019,11
Qwen-3-Coder-30B,1506,moderate,correct,1.2981346822636737,12
Qwen-3-Coder-30B,1506,moderate,correct,1.4157911493155046,13
Qwen-3-Coder-30B,1506,moderate,correct,1.1959183673469387,14
Qwen-3-Coder-30B,1506,moderate,correct,1.0347111212605618,15
Qwen-3-Coder-30B,1506,moderate,correct,1.1547121844924642,16
Qwen-3-Coder-30B,1506,moderate,correct,1.2831402831402832,17
Qwen-3-Coder-30B,1506,moderate,correct,1.182181610508281,18
Qwen-3-Coder-30B,1506,moderate,correct,1.4153094462540716,19
Qwen-3-Coder-30B,1506,moderate,correct,1.2759729816661305,20
Qwen-3-Coder-30B,1506,moderate,correct,1.415208118841006,21
Qwen-3-Coder-30B,1506,moderate,correct,1.1204639602319801,22
Qwen-3-Coder-30B,1506,moderate,correct,1.361085414739439,23
Qwen-3-Coder-30B,1506,moderate,correct,0.09405325968530671,24
Qwen-3-Coder-30B,1506,moderate,correct,0.0350685623784535,25
Qwen-3-Coder-30B,1506,moderate,correct,6.340292926145216,26
Qwen-3-Coder-30B,1506,moderate,correct,0.9902684563758389,27
Qwen-3-Coder-30B,1506,moderate,correct,1.1421330089213302,28
Qwen-3-Coder-30B,1506,moderate,correct,0.8502893410490946,29
Qwen-3-Coder-30B,1506,moderate,correct,1.9058310450654175,30
Qwen-3-Coder-30B,1506,moderate,correct,1.0948275862068966,31
Qwen-3-Coder-30B,1506,moderate,correct,1.0102347983142685,32
Qwen-3-Coder-30B,1506,moderate,correct,1.1747547069742774,33
Qwen-3-Coder-30B,1506,moderate,correct,1.2179339477726574,34
Qwen-3-Coder-30B,1506,moderate,correct,2.4993141289437584,35
Qwen-3-Coder-30B,1506,moderate,correct,2.0995993131081856,36
Qwen-3-Coder-30B,1506,moderate,correct,1.0158842717345058,37
Qwen-3-Coder-30B,1506,moderate,correct,1.178409090909091,38
Qwen-3-Coder-30B,1506,moderate,correct,1.405032067094228,39
Qwen-3-Coder-30B,1506,moderate,correct,1.3780290791599354,40
Qwen-3-Coder-30B,1506,moderate,correct,1.3295739348370927,41
Qwen-3-Coder-30B,1506,moderate,correct,1.125784929356358,42
Qwen-3-Coder-30B,1506,moderate,correct,0.9127397056637431,43
Qwen-3-Coder-30B,1506,moderate,correct,0.930268796260226,44
Qwen-3-Coder-30B,1506,moderate,correct,1.011839573775344,45
Qwen-3-Coder-30B,1506,moderate,correct,1.0587744197695776,46
Qwen-3-Coder-30B,1506,moderate,correct,0.8455927051671732,47
Qwen-3-Coder-30B,1506,moderate,correct,1.4763737109435124,48
Qwen-3-Coder-30B,1506,moderate,correct,1.0425885875894194,49
Qwen-3-Coder-30B,1506,moderate,correct,1.0753267973856209,50
Qwen-3-Coder-30B,906,moderate,correct,3.099548437440037,1
Qwen-3-Coder-30B,906,moderate,correct,2.5108663114410583,2
Qwen-3-Coder-30B,906,moderate,correct,2.3714524064899467,3
Qwen-3-Coder-30B,906,moderate,correct,3.7314229249011857,4
Qwen-3-Coder-30B,906,moderate,correct,2.721208874855516,5
Qwen-3-Coder-30B,906,moderate,correct,2.167417223798282,6
Qwen-3-Coder-30B,906,moderate,correct,3.271388483035321,7
Qwen-3-Coder-30B,906,moderate,correct,3.201426912228306,8
Qwen-3-Coder-30B,906,moderate,correct,3.909430618691733,9
Qwen-3-Coder-30B,906,moderate,correct,1.2484075330609985,10
Qwen-3-Coder-30B,906,moderate,correct,3.160416747961135,11
Qwen-3-Coder-30B,906,moderate,correct,1.8548601293749731,12
Qwen-3-Coder-30B,906,moderate,correct,3.050831202046036,13
Qwen-3-Coder-30B,906,moderate,correct,2.975166613773405,14
Qwen-3-Coder-30B,906,moderate,correct,2.9948985644797723,15
Qwen-3-Coder-30B,906,moderate,correct,3.03238930993219,16
Qwen-3-Coder-30B,906,moderate,correct,2.8848381601362862,17
Qwen-3-Coder-30B,906,moderate,correct,3.5642587643452286,18
Qwen-3-Coder-30B,906,moderate,correct,2.7867348040450572,19
Qwen-3-Coder-30B,906,moderate,correct,2.6292553191489363,20
Qwen-3-Coder-30B,906,moderate,correct,2.9347623050340896,21
Qwen-3-Coder-30B,906,moderate,correct,3.03910297191675,22
Qwen-3-Coder-30B,906,moderate,correct,3.043425292776861,23
Qwen-3-Coder-30B,906,moderate,correct,2.625657871498711,24
Qwen-3-Coder-30B,906,moderate,correct,3.0601306678142484,25
Qwen-3-Coder-30B,906,moderate,correct,2.896637127046167,26
Qwen-3-Coder-30B,906,moderate,correct,1.9032272958123644,27
Qwen-3-Coder-30B,906,moderate,correct,2.660580246482561,28
Qwen-3-Coder-30B,906,moderate,correct,2.976098689282961,29
Qwen-3-Coder-30B,906,moderate,correct,2.860725700319609,30
Qwen-3-Coder-30B,906,moderate,correct,3.218689865298268,31
Qwen-3-Coder-30B,906,moderate,correct,2.867018722995679,32
Qwen-3-Coder-30B,906,moderate,correct,3.576837757209516,33
Qwen-3-Coder-30B,906,moderate,correct,2.9901880301786483,34
Qwen-3-Coder-30B,906,moderate,correct,3.2810922093401236,35
Qwen-3-Coder-30B,906,moderate,correct,3.051253777668872,36
Qwen-3-Coder-30B,906,moderate,correct,3.251898985881885,37
Qwen-3-Coder-30B,906,moderate,correct,3.2919074038645495,38
Qwen-3-Coder-30B,906,moderate,correct,3.235068989827777,39
Qwen-3-Coder-30B,906,moderate,correct,2.8843028310088066,40
Qwen-3-Coder-30B,906,moderate,correct,3.0385670485718896,41
Qwen-3-Coder-30B,906,moderate,correct,3.3801163008816357,42
Qwen-3-Coder-30B,906,moderate,correct,2.6431575858358602,43
Qwen-3-Coder-30B,906,moderate,correct,3.093944772361415,44
Qwen-3-Coder-30B,906,moderate,correct,2.8597385015497525,45
Qwen-3-Coder-30B,906,moderate,correct,2.8364467190641562,46
Qwen-3-Coder-30B,906,moderate,correct,2.805937052932761,47
Qwen-3-Coder-30B,906,moderate,correct,2.999639913579259,48
Qwen-3-Coder-30B,906,moderate,correct,4.745357904675315,49
Qwen-3-Coder-30B,906,moderate,correct,3.075414446417999,50
Qwen-3-Coder-30B,222,moderate,correct,4.276092233009709,1
Qwen-3-Coder-30B,222,moderate,correct,1.0255620572836464,2
Qwen-3-Coder-30B,222,moderate,correct,1.5544959128065394,3
Qwen-3-Coder-30B,222,moderate,correct,2.1161538461538463,4
Qwen-3-Coder-30B,222,moderate,correct,2.9290085679314566,5
Qwen-3-Coder-30B,222,moderate,correct,1.7846497764530551,6
Qwen-3-Coder-30B,222,moderate,correct,1.6819693945442449,7
Qwen-3-Coder-30B,222,moderate,correct,1.880475129918337,8
Qwen-3-Coder-30B,222,moderate,correct,1.4194373401534526,9
Qwen-3-Coder-30B,222,moderate,correct,2.1728506787330315,10
Qwen-3-Coder-30B,222,moderate,correct,1.7734650670430487,11
Qwen-3-Coder-30B,222,moderate,correct,1.6270430906389302,12
Qwen-3-Coder-30B,222,moderate,correct,1.5720369056068133,13
Qwen-3-Coder-30B,222,moderate,correct,1.267611176702086,14
Qwen-3-Coder-30B,222,moderate,correct,1.6254545454545455,15
Qwen-3-Coder-30B,222,moderate,correct,1.6335040234089246,16
Qwen-3-Coder-30B,222,moderate,correct,1.485178463399879,17
Qwen-3-Coder-30B,222,moderate,correct,1.119736174530695,18
Qwen-3-Coder-30B,222,moderate,correct,1.787624140565317,19
Qwen-3-Coder-30B,222,moderate,correct,1.6221889055472263,20
Qwen-3-Coder-30B,222,moderate,correct,1.174217907227616,21
Qwen-3-Coder-30B,222,moderate,correct,2.118214716525935,22
Qwen-3-Coder-30B,222,moderate,correct,1.6260932944606414,23
Qwen-3-Coder-30B,222,moderate,correct,1.1335777894185437,24
Qwen-3-Coder-30B,222,moderate,correct,1.541871921182266,25
Qwen-3-Coder-30B,222,moderate,correct,1.3024193548387097,26
Qwen-3-Coder-30B,222,moderate,correct,1.459149546106068,27
Qwen-3-Coder-30B,222,moderate,correct,1.0833657966497858,28
Qwen-3-Coder-30B,222,moderate,correct,1.4590062111801243,29
Qwen-3-Coder-30B,222,moderate,correct,1.6282919488337095,30
Qwen-3-Coder-30B,222,moderate,correct,1.6900369003690037,31
Qwen-3-Coder-30B,222,moderate,correct,1.1668677121029352,32
Qwen-3-Coder-30B,222,moderate,correct,1.8922413793103448,33
Qwen-3-Coder-30B,222,moderate,correct,1.2635832959137854,34
Qwen-3-Coder-30B,222,moderate,correct,1.7738619676945668,35
Qwen-3-Coder-30B,222,moderate,correct,1.2563987427031882,36
Qwen-3-Coder-30B,222,moderate,correct,1.0761278195488722,37
Qwen-3-Coder-30B,222,moderate,correct,1.6084118926758522,38
Qwen-3-Coder-30B,222,moderate,correct,1.6661951909476662,39
Qwen-3-Coder-30B,222,moderate,correct,1.4208256315465189,40
Qwen-3-Coder-30B,222,moderate,correct,1.7233592095977417,41
Qwen-3-Coder-30B,222,moderate,correct,1.6100583090379008,42
Qwen-3-Coder-30B,222,moderate,correct,1.5390463026952315,43
Qwen-3-Coder-30B,222,moderate,correct,1.6292613636363635,44
Qwen-3-Coder-30B,222,moderate,correct,2.0530769230769232,45
Qwen-3-Coder-30B,222,moderate,correct,1.3851044504995458,46
Qwen-3-Coder-30B,222,moderate,correct,1.7847272727272727,47
Qwen-3-Coder-30B,222,moderate,correct,1.5881542699724518,48
Qwen-3-Coder-30B,222,moderate,correct,1.5802997858672376,49
Qwen-3-Coder-30B,222,moderate,correct,0.9541160593792173,50
Qwen-3-Coder-30B,1106,moderate,correct,2.6650823302840636,1
Qwen-3-Coder-30B,1106,moderate,correct,0.7183790029351207,2
Qwen-3-Coder-30B,1106,moderate,correct,0.8212361127883105,3
Qwen-3-Coder-30B,1106,moderate,correct,0.8313390056010906,4
Qwen-3-Coder-30B,1106,moderate,correct,1.967785102074992,5
Qwen-3-Coder-30B,1106,moderate,correct,0.8381986667643396,6
Qwen-3-Coder-30B,1106,moderate,correct,0.5724464383558934,7
Qwen-3-Coder-30B,1106,moderate,correct,0.907825652443886,8
Qwen-3-Coder-30B,1106,moderate,correct,1.872969805582469,9
Qwen-3-Coder-30B,1106,moderate,correct,0.8602562333241328,10
Qwen-3-Coder-30B,1106,moderate,correct,0.9553020488365774,11
Qwen-3-Coder-30B,1106,moderate,correct,2.2434033002412557,12
Qwen-3-Coder-30B,1106,moderate,correct,0.8749884497458944,13
Qwen-3-Coder-30B,1106,moderate,correct,0.9964888979943625,14
Qwen-3-Coder-30B,1106,moderate,correct,0.8562691256106952,15
Qwen-3-Coder-30B,1106,moderate,correct,1.1760356955882783,16
Qwen-3-Coder-30B,1106,moderate,correct,2.181871207057004,17
Qwen-3-Coder-30B,1106,moderate,correct,0.8668917259700412,18
Qwen-3-Coder-30B,1106,moderate,correct,0.6033074028803423,19
Qwen-3-Coder-30B,1106,moderate,correct,0.94380570145294,20
Qwen-3-Coder-30B,1106,moderate,correct,0.8661144923405373,21
Qwen-3-Coder-30B,1106,moderate,correct,0.8600468173079243,22
Qwen-3-Coder-30B,1106,moderate,correct,0.7026172162432571,23
Qwen-3-Coder-30B,1106,moderate,correct,1.6065101966936166,24
Qwen-3-Coder-30B,1106,moderate,correct,1.0281942867223073,25
Qwen-3-Coder-30B,1106,moderate,correct,0.7389469763327212,26
Qwen-3-Coder-30B,1106,moderate,correct,0.7650437585696891,27
Qwen-3-Coder-30B,1106,moderate,correct,1.2424959889983955,28
Qwen-3-Coder-30B,1106,moderate,correct,0.8269776105086555,29
Qwen-3-Coder-30B,1106,moderate,correct,0.9078889841031111,30
Qwen-3-Coder-30B,1106,moderate,correct,0.9000825291507669,31
Qwen-3-Coder-30B,1106,moderate,correct,0.8303046264594856,32
Qwen-3-Coder-30B,1106,moderate,correct,0.8805556959613672,33
Qwen-3-Coder-30B,1106,moderate,correct,0.9047376804463311,34
Qwen-3-Coder-30B,1106,moderate,correct,0.7967129004017363,35
Qwen-3-Coder-30B,1106,moderate,correct,0.960589138033933,36
Qwen-3-Coder-30B,1106,moderate,correct,0.9616726261422328,37
Qwen-3-Coder-30B,1106,moderate,correct,0.8008808117709889,38
Qwen-3-Coder-30B,1106,moderate,correct,0.7574573061621585,39
Qwen-3-Coder-30B,1106,moderate,correct,1.24539644310482,40
Qwen-3-Coder-30B,1106,moderate,correct,0.9437967068746318,41
Qwen-3-Coder-30B,1106,moderate,correct,0.817802102297843,42
Qwen-3-Coder-30B,1106,moderate,correct,0.7190506883501082,43
Qwen-3-Coder-30B,1106,moderate,correct,0.9159291419180982,44
Qwen-3-Coder-30B,1106,moderate,correct,0.859951413165847,45
Qwen-3-Coder-30B,1106,moderate,hallucination,,46
Qwen-3-Coder-30B,1106,moderate,correct,0.8609137316266064,47
Qwen-3-Coder-30B,1106,moderate,correct,0.9514616610709804,48
Qwen-3-Coder-30B,1106,moderate,correct,0.9606664080348291,49
Qwen-3-Coder-30B,1106,moderate,correct,0.8518897042290947,50
Qwen-3-Coder-30B,68,moderate,correct,11.785104895104896,1
Qwen-3-Coder-30B,68,moderate,correct,1.1756601953454722,2
Qwen-3-Coder-30B,68,moderate,correct,0.7774589908314102,3
Qwen-3-Coder-30B,68,moderate,correct,0.8240790176187934,4
Qwen-3-Coder-30B,68,moderate,correct,1.2796947346378464,5
Qwen-3-Coder-30B,68,moderate,correct,0.8086572596282927,6
Qwen-3-Coder-30B,68,moderate,correct,0.8452527259890699,7
Qwen-3-Coder-30B,68,moderate,correct,0.788029305848752,8
Qwen-3-Coder-30B,68,moderate,correct,0.8471245415082276,9
Qwen-3-Coder-30B,68,moderate,correct,1.0810303440635194,10
Qwen-3-Coder-30B,68,moderate,correct,0.73682811268622,11
Qwen-3-Coder-30B,68,moderate,correct,1.1175573531361889,12
Qwen-3-Coder-30B,68,moderate,correct,0.8390703644900854,13
Qwen-3-Coder-30B,68,moderate,correct,1.0736224165582353,14
Qwen-3-Coder-30B,68,moderate,correct,0.9347397744258731,15
Qwen-3-Coder-30B,68,moderate,correct,0.798102551085163,16
Qwen-3-Coder-30B,68,moderate,correct,0.813547396699501,17
Qwen-3-Coder-30B,68,moderate,correct,1.0199414965558455,18
Qwen-3-Coder-30B,68,moderate,correct,0.8712156343159987,19
Qwen-3-Coder-30B,68,moderate,correct,0.9491530434268484,20
Qwen-3-Coder-30B,68,moderate,correct,0.9627723756121798,21
Qwen-3-Coder-30B,68,moderate,correct,0.88108834397044,22
Qwen-3-Coder-30B,68,moderate,correct,0.7026747822202367,23
Qwen-3-Coder-30B,68,moderate,correct,0.8707273702334246,24
Qwen-3-Coder-30B,68,moderate,correct,0.9402009402975462,25
Qwen-3-Coder-30B,68,moderate,correct,1.0681598828502012,26
Qwen-3-Coder-30B,68,moderate,correct,0.8747843233916687,27
Qwen-3-Coder-30B,68,moderate,correct,0.7933209985137554,28
Qwen-3-Coder-30B,68,moderate,correct,0.8520415524455346,29
Qwen-3-Coder-30B,68,moderate,correct,0.7972688745879768,30
Qwen-3-Coder-30B,68,moderate,correct,0.7982650796852935,31
Qwen-3-Coder-30B,68,moderate,correct,0.9095086208819396,32
Qwen-3-Coder-30B,68,moderate,correct,0.7919784788456835,33
Qwen-3-Coder-30B,68,moderate,correct,1.0332849259366832,34
Qwen-3-Coder-30B,68,moderate,correct,0.20288429548840642,35
Qwen-3-Coder-30B,68,moderate,correct,0.9291955066379213,36
Qwen-3-Coder-30B,68,moderate,correct,0.619027027027027,37
Qwen-3-Coder-30B,68,moderate,correct,0.6116366872909459,38
Qwen-3-Coder-30B,68,moderate,correct,0.7938628824179874,39
Qwen-3-Coder-30B,68,moderate,correct,0.7561683165355744,40
Qwen-3-Coder-30B,68,moderate,correct,0.8688640661052386,41
Qwen-3-Coder-30B,68,moderate,correct,0.8879294873073165,42
Qwen-3-Coder-30B,68,moderate,correct,0.5987076950883377,43
Qwen-3-Coder-30B,68,moderate,correct,0.08478205162786934,44
Qwen-3-Coder-30B,68,moderate,correct,0.9200149330346726,45
Qwen-3-Coder-30B,68,moderate,correct,0.9217413398831202,46
Qwen-3-Coder-30B,68,moderate,correct,0.8936669797397021,47
Qwen-3-Coder-30B,68,moderate,correct,0.9746390385890084,48
Qwen-3-Coder-30B,68,moderate,correct,1.1336282083229503,49
Qwen-3-Coder-30B,68,moderate,correct,0.7629307575335718,50
Qwen-3-Coder-30B,1240,moderate,correct,27.373069796170476,1
Qwen-3-Coder-30B,1240,moderate,correct,0.7258444022770398,2
Qwen-3-Coder-30B,1240,moderate,correct,1.2023609744806434,3
Qwen-3-Coder-30B,1240,moderate,correct,0.922151923605926,4
Qwen-3-Coder-30B,1240,moderate,correct,0.7062215123300479,5
Qwen-3-Coder-30B,1240,moderate,correct,0.6055612770339855,6
Qwen-3-Coder-30B,1240,moderate,correct,0.8512541659358007,7
Qwen-3-Coder-30B,1240,moderate,correct,1.0110298016756813,8
Qwen-3-Coder-30B,1240,moderate,correct,0.7986425339366516,9
Qwen-3-Coder-30B,1240,moderate,correct,0.8628729397037346,10
Qwen-3-Coder-30B,1240,moderate,correct,0.9929947460595446,11
Qwen-3-Coder-30B,1240,moderate,correct,0.7267664462234598,12
Qwen-3-Coder-30B,1240,moderate,correct,1.0595015829206915,13
Qwen-3-Coder-30B,1240,moderate,correct,0.3164128595600677,14
Qwen-3-Coder-30B,1240,moderate,correct,0.9268168295792605,15
Qwen-3-Coder-30B,1240,moderate,correct,0.8910579024960602,16
Qwen-3-Coder-30B,1240,moderate,correct,0.4946516007532957,17
Qwen-3-Coder-30B,1240,moderate,correct,1.1072618637251523,18
Qwen-3-Coder-30B,1240,moderate,correct,0.8885904142513785,19
Qwen-3-Coder-30B,1240,moderate,correct,0.8297440065014222,20
Qwen-3-Coder-30B,1240,moderate,correct,1.552651547087092,21
Qwen-3-Coder-30B,1240,moderate,correct,1.0222091963006383,22
Qwen-3-Coder-30B,1240,moderate,correct,0.8926796204247628,23
Qwen-3-Coder-30B,1240,moderate,correct,0.889170182841069,24
Qwen-3-Coder-30B,1240,moderate,correct,1.0267913993240927,25
Qwen-3-Coder-30B,1240,moderate,correct,0.7965357967667437,26
Qwen-3-Coder-30B,1240,moderate,correct,1.330230675839741,27
Qwen-3-Coder-30B,1240,moderate,correct,1.8030369142159002,28
Qwen-3-Coder-30B,1240,moderate,correct,0.600020139972811,29
Qwen-3-Coder-30B,1240,moderate,correct,0.7782996338162713,30
Qwen-3-Coder-30B,1240,moderate,correct,0.7598944591029023,31
Qwen-3-Coder-30B,1240,moderate,correct,0.6949843507535309,32
Qwen-3-Coder-30B,1240,moderate,correct,0.8189211879525659,33
Qwen-3-Coder-30B,1240,moderate,correct,0.9664433894777915,34
Qwen-3-Coder-30B,1240,moderate,correct,0.898202614379085,35
Qwen-3-Coder-30B,1240,moderate,correct,0.8423036333484095,36
Qwen-3-Coder-30B,1240,moderate,correct,0.6531152377646651,37
Qwen-3-Coder-30B,1240,moderate,correct,0.5701386649467913,38
Qwen-3-Coder-30B,1240,moderate,correct,0.9815664214625703,39
Qwen-3-Coder-30B,1240,moderate,correct,0.9644815021501494,40
Qwen-3-Coder-30B,1240,moderate,correct,1.4430964760254188,41
Qwen-3-Coder-30B,1240,moderate,correct,1.2847976667881882,42
Qwen-3-Coder-30B,1240,moderate,correct,0.7404944158614631,43
Qwen-3-Coder-30B,1240,moderate,correct,0.5976623066830994,44
Qwen-3-Coder-30B,1240,moderate,correct,0.8457915125902448,45
Qwen-3-Coder-30B,1240,moderate,correct,0.941686827396346,46
Qwen-3-Coder-30B,1240,moderate,correct,1.0366499642090192,47
Qwen-3-Coder-30B,1240,moderate,correct,1.2752274258760108,48
Qwen-3-Coder-30B,1240,moderate,correct,0.8278091046623574,49
Qwen-3-Coder-30B,1240,moderate,correct,1.0671084704448508,50
Qwen-3-Coder-30B,970,moderate,semantic,,1
Qwen-3-Coder-30B,970,moderate,semantic,,2
Qwen-3-Coder-30B,970,moderate,semantic,,3
Qwen-3-Coder-30B,970,moderate,semantic,,4
Qwen-3-Coder-30B,970,moderate,semantic,,5
Qwen-3-Coder-30B,970,moderate,semantic,,6
Qwen-3-Coder-30B,970,moderate,semantic,,7
Qwen-3-Coder-30B,970,moderate,semantic,,8
Qwen-3-Coder-30B,970,moderate,semantic,,9
Qwen-3-Coder-30B,970,moderate,semantic,,10
Qwen-3-Coder-30B,970,moderate,semantic,,11
Qwen-3-Coder-30B,970,moderate,semantic,,12
Qwen-3-Coder-30B,970,moderate,semantic,,13
Qwen-3-Coder-30B,970,moderate,semantic,,14
Qwen-3-Coder-30B,970,moderate,semantic,,15
Qwen-3-Coder-30B,970,moderate,semantic,,16
Qwen-3-Coder-30B,970,moderate,semantic,,17
Qwen-3-Coder-30B,970,moderate,semantic,,18
Qwen-3-Coder-30B,970,moderate,semantic,,19
Qwen-3-Coder-30B,970,moderate,semantic,,20
Qwen-3-Coder-30B,970,moderate,semantic,,21
Qwen-3-Coder-30B,970,moderate,semantic,,22
Qwen-3-Coder-30B,970,moderate,semantic,,23
Qwen-3-Coder-30B,970,moderate,semantic,,24
Qwen-3-Coder-30B,970,moderate,semantic,,25
Qwen-3-Coder-30B,970,moderate,semantic,,26
Qwen-3-Coder-30B,970,moderate,semantic,,27
Qwen-3-Coder-30B,970,moderate,semantic,,28
Qwen-3-Coder-30B,970,moderate,semantic,,29
Qwen-3-Coder-30B,970,moderate,semantic,,30
Qwen-3-Coder-30B,970,moderate,semantic,,31
Qwen-3-Coder-30B,970,moderate,semantic,,32
Qwen-3-Coder-30B,970,moderate,semantic,,33
Qwen-3-Coder-30B,970,moderate,semantic,,34
Qwen-3-Coder-30B,970,moderate,semantic,,35
Qwen-3-Coder-30B,970,moderate,semantic,,36
Qwen-3-Coder-30B,970,moderate,semantic,,37
Qwen-3-Coder-30B,970,moderate,semantic,,38
Qwen-3-Coder-30B,970,moderate,semantic,,39
Qwen-3-Coder-30B,970,moderate,semantic,,40
Qwen-3-Coder-30B,970,moderate,semantic,,41
Qwen-3-Coder-30B,970,moderate,semantic,,42
Qwen-3-Coder-30B,970,moderate,semantic,,43
Qwen-3-Coder-30B,970,moderate,semantic,,44
Qwen-3-Coder-30B,970,moderate,semantic,,45
Qwen-3-Coder-30B,970,moderate,semantic,,46
Qwen-3-Coder-30B,970,moderate,semantic,,47
Qwen-3-Coder-30B,970,moderate,semantic,,48
Qwen-3-Coder-30B,970,moderate,semantic,,49
Qwen-3-Coder-30B,970,moderate,semantic,,50
Qwen-3-Coder-30B,360,moderate,semantic,,1
Qwen-3-Coder-30B,360,moderate,semantic,,2
Qwen-3-Coder-30B,360,moderate,semantic,,3
Qwen-3-Coder-30B,360,moderate,semantic,,4
Qwen-3-Coder-30B,360,moderate,semantic,,5
Qwen-3-Coder-30B,360,moderate,semantic,,6
Qwen-3-Coder-30B,360,moderate,semantic,,7
Qwen-3-Coder-30B,360,moderate,semantic,,8
Qwen-3-Coder-30B,360,moderate,semantic,,9
Qwen-3-Coder-30B,360,moderate,semantic,,10
Qwen-3-Coder-30B,360,moderate,semantic,,11
Qwen-3-Coder-30B,360,moderate,semantic,,12
Qwen-3-Coder-30B,360,moderate,semantic,,13
Qwen-3-Coder-30B,360,moderate,semantic,,14
Qwen-3-Coder-30B,360,moderate,semantic,,15
Qwen-3-Coder-30B,360,moderate,semantic,,16
Qwen-3-Coder-30B,360,moderate,semantic,,17
Qwen-3-Coder-30B,360,moderate,semantic,,18
Qwen-3-Coder-30B,360,moderate,semantic,,19
Qwen-3-Coder-30B,360,moderate,semantic,,20
Qwen-3-Coder-30B,360,moderate,semantic,,21
Qwen-3-Coder-30B,360,moderate,semantic,,22
Qwen-3-Coder-30B,360,moderate,semantic,,23
Qwen-3-Coder-30B,360,moderate,semantic,,24
Qwen-3-Coder-30B,360,moderate,semantic,,25
Qwen-3-Coder-30B,360,moderate,semantic,,26
Qwen-3-Coder-30B,360,moderate,semantic,,27
Qwen-3-Coder-30B,360,moderate,semantic,,28
Qwen-3-Coder-30B,360,moderate,semantic,,29
Qwen-3-Coder-30B,360,moderate,semantic,,30
Qwen-3-Coder-30B,360,moderate,semantic,,31
Qwen-3-Coder-30B,360,moderate,semantic,,32
Qwen-3-Coder-30B,360,moderate,semantic,,33
Qwen-3-Coder-30B,360,moderate,semantic,,34
Qwen-3-Coder-30B,360,moderate,semantic,,35
Qwen-3-Coder-30B,360,moderate,semantic,,36
Qwen-3-Coder-30B,360,moderate,semantic,,37
Qwen-3-Coder-30B,360,moderate,semantic,,38
Qwen-3-Coder-30B,360,moderate,semantic,,39
Qwen-3-Coder-30B,360,moderate,semantic,,40
Qwen-3-Coder-30B,360,moderate,semantic,,41
Qwen-3-Coder-30B,360,moderate,semantic,,42
Qwen-3-Coder-30B,360,moderate,semantic,,43
Qwen-3-Coder-30B,360,moderate,semantic,,44
Qwen-3-Coder-30B,360,moderate,semantic,,45
Qwen-3-Coder-30B,360,moderate,semantic,,46
Qwen-3-Coder-30B,360,moderate,semantic,,47
Qwen-3-Coder-30B,360,moderate,semantic,,48
Qwen-3-Coder-30B,360,moderate,semantic,,49
Qwen-3-Coder-30B,360,moderate,semantic,,50
Qwen-3-Coder-30B,761,moderate,correct,3.301827527127356,1
Qwen-3-Coder-30B,761,moderate,correct,0.7112838576460585,2
Qwen-3-Coder-30B,761,moderate,correct,1.488394584139265,3
Qwen-3-Coder-30B,761,moderate,correct,3.2055780476833107,4
Qwen-3-Coder-30B,761,moderate,correct,1.1515706007929247,5
Qwen-3-Coder-30B,761,moderate,correct,1.883435582822086,6
Qwen-3-Coder-30B,761,moderate,correct,1.2391073326248672,7
Qwen-3-Coder-30B,761,moderate,correct,1.3514666666666666,8
Qwen-3-Coder-30B,761,moderate,correct,1.9462055715658022,9
Qwen-3-Coder-30B,761,moderate,correct,0.9499823881648468,10
Qwen-3-Coder-30B,761,moderate,correct,1.7076923076923076,11
Qwen-3-Coder-30B,761,moderate,correct,1.5808912083500601,12
Qwen-3-Coder-30B,761,moderate,correct,1.6140350877192982,13
Qwen-3-Coder-30B,761,moderate,correct,1.2895705521472394,14
Qwen-3-Coder-30B,761,moderate,correct,1.1183333333333334,15
Qwen-3-Coder-30B,761,moderate,correct,1.3637300360638847,16
Qwen-3-Coder-30B,761,moderate,correct,1.165060745705907,17
Qwen-3-Coder-30B,761,moderate,correct,1.5264293419633226,18
Qwen-3-Coder-30B,761,moderate,correct,1.385974025974026,19
Qwen-3-Coder-30B,761,moderate,correct,1.4351900052056221,20
Qwen-3-Coder-30B,761,moderate,correct,1.2410092807424593,21
Qwen-3-Coder-30B,761,moderate,correct,1.4329681794470528,22
Qwen-3-Coder-30B,761,moderate,correct,1.0858413132694937,23
Qwen-3-Coder-30B,761,moderate,correct,1.3337943752881511,24
Qwen-3-Coder-30B,761,moderate,correct,1.5798362333674514,25
Qwen-3-Coder-30B,761,moderate,correct,1.4518436984039627,26
Qwen-3-Coder-30B,761,moderate,correct,0.46925329428989754,27
Qwen-3-Coder-30B,761,moderate,correct,0.8389513108614233,28
Qwen-3-Coder-30B,761,moderate,correct,1.5948484848484847,29
Qwen-3-Coder-30B,761,moderate,correct,1.42068361086766,30
Qwen-3-Coder-30B,761,moderate,correct,1.1887755102040816,31
Qwen-3-Coder-30B,761,moderate,correct,1.3707093821510297,32
Qwen-3-Coder-30B,761,moderate,correct,1.4528405956977386,33
Qwen-3-Coder-30B,761,moderate,correct,1.2899490504863362,34
Qwen-3-Coder-30B,761,moderate,correct,8.600451467268623,35
Qwen-3-Coder-30B,761,moderate,correct,1.009277934651069,36
Qwen-3-Coder-30B,761,moderate,correct,7.74140182847192,37
Qwen-3-Coder-30B,761,moderate,correct,1.4226069246435846,38
Qwen-3-Coder-30B,761,moderate,correct,0.9002118145445988,39
Qwen-3-Coder-30B,761,moderate,correct,0.9043028450505526,40
Qwen-3-Coder-30B,761,moderate,correct,1.5996628739991572,41
Qwen-3-Coder-30B,761,moderate,correct,1.2998572108519753,42
Qwen-3-Coder-30B,761,moderate,correct,1.1079560675060274,43
Qwen-3-Coder-30B,761,moderate,correct,1.1510974987238387,44
Qwen-3-Coder-30B,761,moderate,correct,1.2523847376788553,45
Qwen-3-Coder-30B,761,moderate,correct,1.0805422647527911,46
Qwen-3-Coder-30B,761,moderate,correct,1.2631328737817922,47
Qwen-3-Coder-30B,761,moderate,correct,1.4595198213288665,48
Qwen-3-Coder-30B,761,moderate,correct,1.5848855774348058,49
Qwen-3-Coder-30B,761,moderate,correct,1.49979797979798,50
Qwen-3-Coder-30B,1182,moderate,correct,11.131255901794145,1
Qwen-3-Coder-30B,1182,moderate,hallucination,,2
Qwen-3-Coder-30B,1182,moderate,hallucination,,3
Qwen-3-Coder-30B,1182,moderate,hallucination,,4
Qwen-3-Coder-30B,1182,moderate,hallucination,,5
Qwen-3-Coder-30B,1182,moderate,hallucination,,6
Qwen-3-Coder-30B,1182,moderate,hallucination,,7
Qwen-3-Coder-30B,1182,moderate,hallucination,,8
Qwen-3-Coder-30B,1182,moderate,hallucination,,9
Qwen-3-Coder-30B,1182,moderate,hallucination,,10
Qwen-3-Coder-30B,1182,moderate,hallucination,,11
Qwen-3-Coder-30B,1182,moderate,hallucination,,12
Qwen-3-Coder-30B,1182,moderate,hallucination,,13
Qwen-3-Coder-30B,1182,moderate,hallucination,,14
Qwen-3-Coder-30B,1182,moderate,hallucination,,15
Qwen-3-Coder-30B,1182,moderate,hallucination,,16
Qwen-3-Coder-30B,1182,moderate,hallucination,,17
Qwen-3-Coder-30B,1182,moderate,hallucination,,18
Qwen-3-Coder-30B,1182,moderate,hallucination,,19
Qwen-3-Coder-30B,1182,moderate,hallucination,,20
Qwen-3-Coder-30B,1182,moderate,hallucination,,21
Qwen-3-Coder-30B,1182,moderate,hallucination,,22
Qwen-3-Coder-30B,1182,moderate,hallucination,,23
Qwen-3-Coder-30B,1182,moderate,hallucination,,24
Qwen-3-Coder-30B,1182,moderate,hallucination,,25
Qwen-3-Coder-30B,1182,moderate,hallucination,,26
Qwen-3-Coder-30B,1182,moderate,hallucination,,27
Qwen-3-Coder-30B,1182,moderate,hallucination,,28
Qwen-3-Coder-30B,1182,moderate,hallucination,,29
Qwen-3-Coder-30B,1182,moderate,hallucination,,30
Qwen-3-Coder-30B,1182,moderate,hallucination,,31
Qwen-3-Coder-30B,1182,moderate,hallucination,,32
Qwen-3-Coder-30B,1182,moderate,hallucination,,33
Qwen-3-Coder-30B,1182,moderate,hallucination,,34
Qwen-3-Coder-30B,1182,moderate,hallucination,,35
Qwen-3-Coder-30B,1182,moderate,hallucination,,36
Qwen-3-Coder-30B,1182,moderate,hallucination,,37
Qwen-3-Coder-30B,1182,moderate,hallucination,,38
Qwen-3-Coder-30B,1182,moderate,hallucination,,39
Qwen-3-Coder-30B,1182,moderate,hallucination,,40
Qwen-3-Coder-30B,1182,moderate,hallucination,,41
Qwen-3-Coder-30B,1182,moderate,hallucination,,42
Qwen-3-Coder-30B,1182,moderate,hallucination,,43
Qwen-3-Coder-30B,1182,moderate,hallucination,,44
Qwen-3-Coder-30B,1182,moderate,hallucination,,45
Qwen-3-Coder-30B,1182,moderate,hallucination,,46
Qwen-3-Coder-30B,1182,moderate,hallucination,,47
Qwen-3-Coder-30B,1182,moderate,hallucination,,48
Qwen-3-Coder-30B,1182,moderate,hallucination,,49
Qwen-3-Coder-30B,1182,moderate,hallucination,,50
Qwen-3-Coder-30B,1375,moderate,correct,4.3501664816870145,1
Qwen-3-Coder-30B,1375,moderate,correct,1.449175093134646,2
Qwen-3-Coder-30B,1375,moderate,correct,1.5776223776223777,3
Qwen-3-Coder-30B,1375,moderate,correct,1.6766819072501633,4
Qwen-3-Coder-30B,1375,moderate,correct,0.8034891375905201,5
Qwen-3-Coder-30B,1375,moderate,correct,1.1401243424198948,6
Qwen-3-Coder-30B,1375,moderate,correct,0.8959059233449478,7
Qwen-3-Coder-30B,1375,moderate,correct,1.55104800540906,8
Qwen-3-Coder-30B,1375,moderate,correct,1.742609381158849,9
Qwen-3-Coder-30B,1375,moderate,correct,1.4386617100371748,10
Qwen-3-Coder-30B,1375,moderate,correct,1.2527027027027027,11
Qwen-3-Coder-30B,1375,moderate,correct,1.3798543689320388,12
Qwen-3-Coder-30B,1375,moderate,correct,1.9618021547502449,13
Qwen-3-Coder-30B,1375,moderate,correct,1.2327949438202248,14
Qwen-3-Coder-30B,1375,moderate,correct,1.6347941567065074,15
Qwen-3-Coder-30B,1375,moderate,correct,1.7498525073746312,16
Qwen-3-Coder-30B,1375,moderate,correct,1.706950532247965,17
Qwen-3-Coder-30B,1375,moderate,correct,0.7228109313998885,18
Qwen-3-Coder-30B,1375,moderate,correct,1.4,19
Qwen-3-Coder-30B,1375,moderate,correct,0.5657062543921293,20
Qwen-3-Coder-30B,1375,moderate,correct,1.879905437352246,21
Qwen-3-Coder-30B,1375,moderate,correct,1.5802552048354601,22
Qwen-3-Coder-30B,1375,moderate,correct,1.5457102672292546,23
Qwen-3-Coder-30B,1375,moderate,correct,1.190909090909091,24
Qwen-3-Coder-30B,1375,moderate,correct,1.5488817891373803,25
Qwen-3-Coder-30B,1375,moderate,correct,0.8337957124842371,26
Qwen-3-Coder-30B,1375,moderate,correct,1.638148667601683,27
Qwen-3-Coder-30B,1375,moderate,correct,1.3397317298797409,28
Qwen-3-Coder-30B,1375,moderate,correct,1.398517908604364,29
Qwen-3-Coder-30B,1375,moderate,correct,1.4579222286709228,30
Qwen-3-Coder-30B,1375,moderate,correct,1.537865235539654,31
Qwen-3-Coder-30B,1375,moderate,correct,0.813579370712089,32
Qwen-3-Coder-30B,1375,moderate,correct,1.4,33
Qwen-3-Coder-30B,1375,moderate,correct,0.9078819331819656,34
Qwen-3-Coder-30B,1375,moderate,correct,1.437953091684435,35
Qwen-3-Coder-30B,1375,moderate,correct,1.485663082437276,36
Qwen-3-Coder-30B,1375,moderate,correct,1.713574097135741,37
Qwen-3-Coder-30B,1375,moderate,correct,0.9733333333333334,38
Qwen-3-Coder-30B,1375,moderate,correct,1.1504007543611503,39
Qwen-3-Coder-30B,1375,moderate,correct,1.25993316004456,40
Qwen-3-Coder-30B,1375,moderate,correct,1.6037087912087913,41
Qwen-3-Coder-30B,1375,moderate,correct,1.4283980582524272,42
Qwen-3-Coder-30B,1375,moderate,correct,1.4706134706134706,43
Qwen-3-Coder-30B,1375,moderate,correct,1.163623595505618,44
Qwen-3-Coder-30B,1375,moderate,correct,1.497584541062802,45
Qwen-3-Coder-30B,1375,moderate,correct,1.6077616077616077,46
Qwen-3-Coder-30B,1375,moderate,correct,1.5851851851851853,47
Qwen-3-Coder-30B,1375,moderate,correct,1.545816733067729,48
Qwen-3-Coder-30B,1375,moderate,correct,2.1766602192134106,49
Qwen-3-Coder-30B,1375,moderate,correct,1.8343949044585988,50
Qwen-3-Coder-30B,723,moderate,correct,5.53855699344088,1
Qwen-3-Coder-30B,723,moderate,correct,1.191092500951656,2
Qwen-3-Coder-30B,723,moderate,correct,1.1974223784417106,3
Qwen-3-Coder-30B,723,moderate,correct,1.3811327250817698,4
Qwen-3-Coder-30B,723,moderate,correct,0.9024424879295655,5
Qwen-3-Coder-30B,723,moderate,correct,1.1602453517347133,6
Qwen-3-Coder-30B,723,moderate,correct,1.2054875641531781,7
Qwen-3-Coder-30B,723,moderate,correct,1.26036052778294,8
Qwen-3-Coder-30B,723,moderate,correct,1.2432643498633347,9
Qwen-3-Coder-30B,723,moderate,correct,1.1603940886699506,10
Qwen-3-Coder-30B,723,moderate,correct,1.1192209683290864,11
Qwen-3-Coder-30B,723,moderate,correct,1.117263236390753,12
Qwen-3-Coder-30B,723,moderate,correct,1.0022188603126576,13
Qwen-3-Coder-30B,723,moderate,correct,1.171764705882353,14
Qwen-3-Coder-30B,723,moderate,correct,1.0921028296652489,15
Qwen-3-Coder-30B,723,moderate,correct,1.1998843484965305,16
Qwen-3-Coder-30B,723,moderate,correct,1.2318258664412511,17
Qwen-3-Coder-30B,723,moderate,correct,1.3418788410886742,18
Qwen-3-Coder-30B,723,moderate,correct,1.2177009155645981,19
Qwen-3-Coder-30B,723,moderate,correct,1.1594590081816665,20
Qwen-3-Coder-30B,723,moderate,correct,1.209935602575897,21
Qwen-3-Coder-30B,723,moderate,correct,1.1784037558685445,22
Qwen-3-Coder-30B,723,moderate,correct,0.8701075268817204,23
Qwen-3-Coder-30B,723,moderate,correct,1.2883424066078468,24
Qwen-3-Coder-30B,723,moderate,correct,1.1046490090757548,25
Qwen-3-Coder-30B,723,moderate,correct,1.0851395873070921,26
Qwen-3-Coder-30B,723,moderate,correct,1.1471618780658726,27
Qwen-3-Coder-30B,723,moderate,correct,1.321988010056082,28
Qwen-3-Coder-30B,723,moderate,correct,1.036126932465419,29
Qwen-3-Coder-30B,723,moderate,correct,1.0365605958023019,30
Qwen-3-Coder-30B,723,moderate,correct,1.2234253744811405,31
Qwen-3-Coder-30B,723,moderate,correct,1.1108370044052864,32
Qwen-3-Coder-30B,723,moderate,correct,1.2276119402985075,33
Qwen-3-Coder-30B,723,moderate,correct,1.1100122527568703,34
Qwen-3-Coder-30B,723,moderate,correct,1.1910717721762556,35
Qwen-3-Coder-30B,723,moderate,correct,1.1452362509682417,36
Qwen-3-Coder-30B,723,moderate,correct,1.2121865203761755,37
Qwen-3-Coder-30B,723,moderate,correct,1.086105465825222,38
Qwen-3-Coder-30B,723,moderate,correct,1.2769849981705086,39
Qwen-3-Coder-30B,723,moderate,correct,1.0174232003668042,40
Qwen-3-Coder-30B,723,moderate,correct,1.0354269801980198,41
Qwen-3-Coder-30B,723,moderate,correct,1.0357762017336485,42
Qwen-3-Coder-30B,723,moderate,correct,1.21483771251932,43
Qwen-3-Coder-30B,723,moderate,correct,1.185046026676686,44
Qwen-3-Coder-30B,723,moderate,correct,0.9328286597718307,45
Qwen-3-Coder-30B,723,moderate,correct,1.1105297580117723,46
Qwen-3-Coder-30B,723,moderate,correct,1.5257888349514563,47
Qwen-3-Coder-30B,723,moderate,correct,1.1448173558316337,48
Qwen-3-Coder-30B,723,moderate,correct,1.1041187908785575,49
Qwen-3-Coder-30B,723,moderate,correct,1.114842903575298,50
Qwen-3-Coder-30B,1158,moderate,semantic,,1
Qwen-3-Coder-30B,1158,moderate,semantic,,2
Qwen-3-Coder-30B,1158,moderate,semantic,,3
Qwen-3-Coder-30B,1158,moderate,semantic,,4
Qwen-3-Coder-30B,1158,moderate,semantic,,5
Qwen-3-Coder-30B,1158,moderate,semantic,,6
Qwen-3-Coder-30B,1158,moderate,semantic,,7
Qwen-3-Coder-30B,1158,moderate,semantic,,8
Qwen-3-Coder-30B,1158,moderate,semantic,,9
Qwen-3-Coder-30B,1158,moderate,semantic,,10
Qwen-3-Coder-30B,1158,moderate,semantic,,11
Qwen-3-Coder-30B,1158,moderate,semantic,,12
Qwen-3-Coder-30B,1158,moderate,semantic,,13
Qwen-3-Coder-30B,1158,moderate,semantic,,14
Qwen-3-Coder-30B,1158,moderate,semantic,,15
Qwen-3-Coder-30B,1158,moderate,semantic,,16
Qwen-3-Coder-30B,1158,moderate,semantic,,17
Qwen-3-Coder-30B,1158,moderate,semantic,,18
Qwen-3-Coder-30B,1158,moderate,semantic,,19
Qwen-3-Coder-30B,1158,moderate,semantic,,20
Qwen-3-Coder-30B,1158,moderate,semantic,,21
Qwen-3-Coder-30B,1158,moderate,semantic,,22
Qwen-3-Coder-30B,1158,moderate,semantic,,23
Qwen-3-Coder-30B,1158,moderate,semantic,,24
Qwen-3-Coder-30B,1158,moderate,semantic,,25
Qwen-3-Coder-30B,1158,moderate,semantic,,26
Qwen-3-Coder-30B,1158,moderate,semantic,,27
Qwen-3-Coder-30B,1158,moderate,semantic,,28
Qwen-3-Coder-30B,1158,moderate,semantic,,29
Qwen-3-Coder-30B,1158,moderate,semantic,,30
Qwen-3-Coder-30B,1158,moderate,semantic,,31
Qwen-3-Coder-30B,1158,moderate,semantic,,32
Qwen-3-Coder-30B,1158,moderate,semantic,,33
Qwen-3-Coder-30B,1158,moderate,semantic,,34
Qwen-3-Coder-30B,1158,moderate,semantic,,35
Qwen-3-Coder-30B,1158,moderate,correct,1.3997999333111038,36
Qwen-3-Coder-30B,1158,moderate,semantic,,37
Qwen-3-Coder-30B,1158,moderate,semantic,,38
Qwen-3-Coder-30B,1158,moderate,semantic,,39
Qwen-3-Coder-30B,1158,moderate,semantic,,40
Qwen-3-Coder-30B,1158,moderate,semantic,,41
Qwen-3-Coder-30B,1158,moderate,semantic,,42
Qwen-3-Coder-30B,1158,moderate,semantic,,43
Qwen-3-Coder-30B,1158,moderate,semantic,,44
Qwen-3-Coder-30B,1158,moderate,semantic,,45
Qwen-3-Coder-30B,1158,moderate,semantic,,46
Qwen-3-Coder-30B,1158,moderate,semantic,,47
Qwen-3-Coder-30B,1158,moderate,semantic,,48
Qwen-3-Coder-30B,1158,moderate,semantic,,49
Qwen-3-Coder-30B,1158,moderate,semantic,,50
Qwen-3-Coder-30B,100,moderate,correct,4.348043037579916,1
Qwen-3-Coder-30B,100,moderate,correct,0.6383363471971067,2
Qwen-3-Coder-30B,100,moderate,correct,0.8622484385843164,3
Qwen-3-Coder-30B,100,moderate,correct,0.9340857787810384,4
Qwen-3-Coder-30B,100,moderate,correct,0.7254265578635015,5
Qwen-3-Coder-30B,100,moderate,correct,0.8364858377340374,6
Qwen-3-Coder-30B,100,moderate,correct,1.0214587623279505,7
Qwen-3-Coder-30B,100,moderate,correct,0.8865682391069499,8
Qwen-3-Coder-30B,100,moderate,correct,0.8695723955753674,9
Qwen-3-Coder-30B,100,moderate,correct,1.0218287284384064,10
Qwen-3-Coder-30B,100,moderate,correct,1.3348950199548846,11
Qwen-3-Coder-30B,100,moderate,correct,1.1567860020720617,12
Qwen-3-Coder-30B,100,moderate,correct,1.3889914232982303,13
Qwen-3-Coder-30B,100,moderate,correct,0.7594134999132396,14
Qwen-3-Coder-30B,100,moderate,correct,0.9399626824717374,15
Qwen-3-Coder-30B,100,moderate,correct,0.8987986894794321,16
Qwen-3-Coder-30B,100,moderate,correct,0.9000532575892065,17
Qwen-3-Coder-30B,100,moderate,correct,0.9096596136154553,18
Qwen-3-Coder-30B,100,moderate,correct,0.6535235949430467,19
Qwen-3-Coder-30B,100,moderate,correct,0.9049090284929626,20
Qwen-3-Coder-30B,100,moderate,correct,0.5447517421602788,21
Qwen-3-Coder-30B,100,moderate,correct,0.8441539787417409,22
Qwen-3-Coder-30B,100,moderate,correct,0.6552959235886066,23
Qwen-3-Coder-30B,100,moderate,correct,1.125520373407342,24
Qwen-3-Coder-30B,100,moderate,correct,0.8428743961352657,25
Qwen-3-Coder-30B,100,moderate,correct,0.7201105736005529,26
Qwen-3-Coder-30B,100,moderate,correct,0.9971612414837244,27
Qwen-3-Coder-30B,100,moderate,correct,0.8799675587996756,28
Qwen-3-Coder-30B,100,moderate,correct,0.8745424292845257,29
Qwen-3-Coder-30B,100,moderate,correct,0.8205551883674819,30
Qwen-3-Coder-30B,100,moderate,correct,1.0313931783471917,31
Qwen-3-Coder-30B,100,moderate,correct,1.013318326767961,32
Qwen-3-Coder-30B,100,moderate,correct,0.8415734391916275,33
Qwen-3-Coder-30B,100,moderate,correct,1.0413835701050032,34
Qwen-3-Coder-30B,100,moderate,correct,0.759360783856293,35
Qwen-3-Coder-30B,100,moderate,correct,0.8703757225433526,36
Qwen-3-Coder-30B,100,moderate,correct,1.1344851416724258,37
Qwen-3-Coder-30B,100,moderate,correct,0.9730229840280483,38
Qwen-3-Coder-30B,100,moderate,correct,0.9194600333687244,39
Qwen-3-Coder-30B,100,moderate,correct,0.843824027072758,40
Qwen-3-Coder-30B,100,moderate,correct,0.764345830145371,41
Qwen-3-Coder-30B,100,moderate,correct,1.131391882595735,42
Qwen-3-Coder-30B,100,moderate,correct,0.8978179882916445,43
Qwen-3-Coder-30B,100,moderate,correct,0.9197093889716841,44
Qwen-3-Coder-30B,100,moderate,correct,0.9156405072596949,45
Qwen-3-Coder-30B,100,moderate,correct,0.8765049879600963,46
Qwen-3-Coder-30B,100,moderate,correct,0.9301517644907661,47
Qwen-3-Coder-30B,100,moderate,correct,0.9118364284374414,48
Qwen-3-Coder-30B,100,moderate,correct,0.7956788973738126,49
Qwen-3-Coder-30B,100,moderate,correct,1.033566889359622,50
Qwen-3-Coder-30B,402,moderate,hallucination,,1
Qwen-3-Coder-30B,402,moderate,hallucination,,2
Qwen-3-Coder-30B,402,moderate,hallucination,,3
Qwen-3-Coder-30B,402,moderate,hallucination,,4
Qwen-3-Coder-30B,402,moderate,hallucination,,5
Qwen-3-Coder-30B,402,moderate,hallucination,,6
Qwen-3-Coder-30B,402,moderate,hallucination,,7
Qwen-3-Coder-30B,402,moderate,hallucination,,8
Qwen-3-Coder-30B,402,moderate,hallucination,,9
Qwen-3-Coder-30B,402,moderate,hallucination,,10
Qwen-3-Coder-30B,402,moderate,hallucination,,11
Qwen-3-Coder-30B,402,moderate,hallucination,,12
Qwen-3-Coder-30B,402,moderate,hallucination,,13
Qwen-3-Coder-30B,402,moderate,hallucination,,14
Qwen-3-Coder-30B,402,moderate,hallucination,,15
Qwen-3-Coder-30B,402,moderate,hallucination,,16
Qwen-3-Coder-30B,402,moderate,hallucination,,17
Qwen-3-Coder-30B,402,moderate,hallucination,,18
Qwen-3-Coder-30B,402,moderate,hallucination,,19
Qwen-3-Coder-30B,402,moderate,hallucination,,20
Qwen-3-Coder-30B,402,moderate,hallucination,,21
Qwen-3-Coder-30B,402,moderate,hallucination,,22
Qwen-3-Coder-30B,402,moderate,hallucination,,23
Qwen-3-Coder-30B,402,moderate,hallucination,,24
Qwen-3-Coder-30B,402,moderate,hallucination,,25
Qwen-3-Coder-30B,402,moderate,hallucination,,26
Qwen-3-Coder-30B,402,moderate,hallucination,,27
Qwen-3-Coder-30B,402,moderate,hallucination,,28
Qwen-3-Coder-30B,402,moderate,hallucination,,29
Qwen-3-Coder-30B,402,moderate,hallucination,,30
Qwen-3-Coder-30B,402,moderate,hallucination,,31
Qwen-3-Coder-30B,402,moderate,hallucination,,32
Qwen-3-Coder-30B,402,moderate,hallucination,,33
Qwen-3-Coder-30B,402,moderate,hallucination,,34
Qwen-3-Coder-30B,402,moderate,hallucination,,35
Qwen-3-Coder-30B,402,moderate,hallucination,,36
Qwen-3-Coder-30B,402,moderate,hallucination,,37
Qwen-3-Coder-30B,402,moderate,hallucination,,38
Qwen-3-Coder-30B,402,moderate,hallucination,,39
Qwen-3-Coder-30B,402,moderate,hallucination,,40
Qwen-3-Coder-30B,402,moderate,hallucination,,41
Qwen-3-Coder-30B,402,moderate,hallucination,,42
Qwen-3-Coder-30B,402,moderate,hallucination,,43
Qwen-3-Coder-30B,402,moderate,hallucination,,44
Qwen-3-Coder-30B,402,moderate,hallucination,,45
Qwen-3-Coder-30B,402,moderate,hallucination,,46
Qwen-3-Coder-30B,402,moderate,hallucination,,47
Qwen-3-Coder-30B,402,moderate,hallucination,,48
Qwen-3-Coder-30B,402,moderate,hallucination,,49
Qwen-3-Coder-30B,402,moderate,hallucination,,50
Qwen-3-Coder-30B,466,moderate,semantic,,1
Qwen-3-Coder-30B,466,moderate,semantic,,2
Qwen-3-Coder-30B,466,moderate,semantic,,3
Qwen-3-Coder-30B,466,moderate,semantic,,4
Qwen-3-Coder-30B,466,moderate,semantic,,5
Qwen-3-Coder-30B,466,moderate,semantic,,6
Qwen-3-Coder-30B,466,moderate,semantic,,7
Qwen-3-Coder-30B,466,moderate,semantic,,8
Qwen-3-Coder-30B,466,moderate,semantic,,9
Qwen-3-Coder-30B,466,moderate,semantic,,10
Qwen-3-Coder-30B,466,moderate,semantic,,11
Qwen-3-Coder-30B,466,moderate,semantic,,12
Qwen-3-Coder-30B,466,moderate,semantic,,13
Qwen-3-Coder-30B,466,moderate,semantic,,14
Qwen-3-Coder-30B,466,moderate,semantic,,15
Qwen-3-Coder-30B,466,moderate,semantic,,16
Qwen-3-Coder-30B,466,moderate,semantic,,17
Qwen-3-Coder-30B,466,moderate,semantic,,18
Qwen-3-Coder-30B,466,moderate,semantic,,19
Qwen-3-Coder-30B,466,moderate,semantic,,20
Qwen-3-Coder-30B,466,moderate,semantic,,21
Qwen-3-Coder-30B,466,moderate,semantic,,22
Qwen-3-Coder-30B,466,moderate,semantic,,23
Qwen-3-Coder-30B,466,moderate,semantic,,24
Qwen-3-Coder-30B,466,moderate,semantic,,25
Qwen-3-Coder-30B,466,moderate,semantic,,26
Qwen-3-Coder-30B,466,moderate,semantic,,27
Qwen-3-Coder-30B,466,moderate,semantic,,28
Qwen-3-Coder-30B,466,moderate,semantic,,29
Qwen-3-Coder-30B,466,moderate,semantic,,30
Qwen-3-Coder-30B,466,moderate,semantic,,31
Qwen-3-Coder-30B,466,moderate,semantic,,32
Qwen-3-Coder-30B,466,moderate,semantic,,33
Qwen-3-Coder-30B,466,moderate,semantic,,34
Qwen-3-Coder-30B,466,moderate,semantic,,35
Qwen-3-Coder-30B,466,moderate,semantic,,36
Qwen-3-Coder-30B,466,moderate,semantic,,37
Qwen-3-Coder-30B,466,moderate,semantic,,38
Qwen-3-Coder-30B,466,moderate,semantic,,39
Qwen-3-Coder-30B,466,moderate,semantic,,40
Qwen-3-Coder-30B,466,moderate,semantic,,41
Qwen-3-Coder-30B,466,moderate,semantic,,42
Qwen-3-Coder-30B,466,moderate,semantic,,43
Qwen-3-Coder-30B,466,moderate,semantic,,44
Qwen-3-Coder-30B,466,moderate,semantic,,45
Qwen-3-Coder-30B,466,moderate,semantic,,46
Qwen-3-Coder-30B,466,moderate,semantic,,47
Qwen-3-Coder-30B,466,moderate,semantic,,48
Qwen-3-Coder-30B,466,moderate,semantic,,49
Qwen-3-Coder-30B,466,moderate,semantic,,50
Qwen-3-Coder-30B,943,moderate,semantic,,1
Qwen-3-Coder-30B,943,moderate,semantic,,2
Qwen-3-Coder-30B,943,moderate,semantic,,3
Qwen-3-Coder-30B,943,moderate,semantic,,4
Qwen-3-Coder-30B,943,moderate,semantic,,5
Qwen-3-Coder-30B,943,moderate,semantic,,6
Qwen-3-Coder-30B,943,moderate,semantic,,7
Qwen-3-Coder-30B,943,moderate,semantic,,8
Qwen-3-Coder-30B,943,moderate,semantic,,9
Qwen-3-Coder-30B,943,moderate,semantic,,10
Qwen-3-Coder-30B,943,moderate,semantic,,11
Qwen-3-Coder-30B,943,moderate,semantic,,12
Qwen-3-Coder-30B,943,moderate,semantic,,13
Qwen-3-Coder-30B,943,moderate,semantic,,14
Qwen-3-Coder-30B,943,moderate,semantic,,15
Qwen-3-Coder-30B,943,moderate,semantic,,16
Qwen-3-Coder-30B,943,moderate,semantic,,17
Qwen-3-Coder-30B,943,moderate,semantic,,18
Qwen-3-Coder-30B,943,moderate,semantic,,19
Qwen-3-Coder-30B,943,moderate,semantic,,20
Qwen-3-Coder-30B,943,moderate,semantic,,21
Qwen-3-Coder-30B,943,moderate,semantic,,22
Qwen-3-Coder-30B,943,moderate,semantic,,23
Qwen-3-Coder-30B,943,moderate,semantic,,24
Qwen-3-Coder-30B,943,moderate,semantic,,25
Qwen-3-Coder-30B,943,moderate,semantic,,26
Qwen-3-Coder-30B,943,moderate,semantic,,27
Qwen-3-Coder-30B,943,moderate,semantic,,28
Qwen-3-Coder-30B,943,moderate,semantic,,29
Qwen-3-Coder-30B,943,moderate,semantic,,30
Qwen-3-Coder-30B,943,moderate,semantic,,31
Qwen-3-Coder-30B,943,moderate,semantic,,32
Qwen-3-Coder-30B,943,moderate,semantic,,33
Qwen-3-Coder-30B,943,moderate,semantic,,34
Qwen-3-Coder-30B,943,moderate,semantic,,35
Qwen-3-Coder-30B,943,moderate,semantic,,36
Qwen-3-Coder-30B,943,moderate,semantic,,37
Qwen-3-Coder-30B,943,moderate,semantic,,38
Qwen-3-Coder-30B,943,moderate,semantic,,39
Qwen-3-Coder-30B,943,moderate,semantic,,40
Qwen-3-Coder-30B,943,moderate,semantic,,41
Qwen-3-Coder-30B,943,moderate,semantic,,42
Qwen-3-Coder-30B,943,moderate,semantic,,43
Qwen-3-Coder-30B,943,moderate,semantic,,44
Qwen-3-Coder-30B,943,moderate,semantic,,45
Qwen-3-Coder-30B,943,moderate,semantic,,46
Qwen-3-Coder-30B,943,moderate,semantic,,47
Qwen-3-Coder-30B,943,moderate,semantic,,48
Qwen-3-Coder-30B,943,moderate,semantic,,49
Qwen-3-Coder-30B,943,moderate,semantic,,50
Qwen-3-Coder-30B,1127,moderate,semantic,,1
Qwen-3-Coder-30B,1127,moderate,semantic,,2
Qwen-3-Coder-30B,1127,moderate,semantic,,3
Qwen-3-Coder-30B,1127,moderate,semantic,,4
Qwen-3-Coder-30B,1127,moderate,semantic,,5
Qwen-3-Coder-30B,1127,moderate,semantic,,6
Qwen-3-Coder-30B,1127,moderate,semantic,,7
Qwen-3-Coder-30B,1127,moderate,semantic,,8
Qwen-3-Coder-30B,1127,moderate,semantic,,9
Qwen-3-Coder-30B,1127,moderate,semantic,,10
Qwen-3-Coder-30B,1127,moderate,semantic,,11
Qwen-3-Coder-30B,1127,moderate,semantic,,12
Qwen-3-Coder-30B,1127,moderate,semantic,,13
Qwen-3-Coder-30B,1127,moderate,semantic,,14
Qwen-3-Coder-30B,1127,moderate,semantic,,15
Qwen-3-Coder-30B,1127,moderate,semantic,,16
Qwen-3-Coder-30B,1127,moderate,semantic,,17
Qwen-3-Coder-30B,1127,moderate,semantic,,18
Qwen-3-Coder-30B,1127,moderate,semantic,,19
Qwen-3-Coder-30B,1127,moderate,semantic,,20
Qwen-3-Coder-30B,1127,moderate,semantic,,21
Qwen-3-Coder-30B,1127,moderate,semantic,,22
Qwen-3-Coder-30B,1127,moderate,semantic,,23
Qwen-3-Coder-30B,1127,moderate,semantic,,24
Qwen-3-Coder-30B,1127,moderate,semantic,,25
Qwen-3-Coder-30B,1127,moderate,semantic,,26
Qwen-3-Coder-30B,1127,moderate,semantic,,27
Qwen-3-Coder-30B,1127,moderate,semantic,,28
Qwen-3-Coder-30B,1127,moderate,semantic,,29
Qwen-3-Coder-30B,1127,moderate,semantic,,30
Qwen-3-Coder-30B,1127,moderate,semantic,,31
Qwen-3-Coder-30B,1127,moderate,semantic,,32
Qwen-3-Coder-30B,1127,moderate,semantic,,33
Qwen-3-Coder-30B,1127,moderate,semantic,,34
Qwen-3-Coder-30B,1127,moderate,semantic,,35
Qwen-3-Coder-30B,1127,moderate,semantic,,36
Qwen-3-Coder-30B,1127,moderate,semantic,,37
Qwen-3-Coder-30B,1127,moderate,semantic,,38
Qwen-3-Coder-30B,1127,moderate,semantic,,39
Qwen-3-Coder-30B,1127,moderate,semantic,,40
Qwen-3-Coder-30B,1127,moderate,semantic,,41
Qwen-3-Coder-30B,1127,moderate,semantic,,42
Qwen-3-Coder-30B,1127,moderate,semantic,,43
Qwen-3-Coder-30B,1127,moderate,semantic,,44
Qwen-3-Coder-30B,1127,moderate,semantic,,45
Qwen-3-Coder-30B,1127,moderate,semantic,,46
Qwen-3-Coder-30B,1127,moderate,semantic,,47
Qwen-3-Coder-30B,1127,moderate,semantic,,48
Qwen-3-Coder-30B,1127,moderate,semantic,,49
Qwen-3-Coder-30B,1127,moderate,semantic,,50
Qwen-3-Coder-30B,1501,moderate,semantic,,1
Qwen-3-Coder-30B,1501,moderate,semantic,,2
Qwen-3-Coder-30B,1501,moderate,semantic,,3
Qwen-3-Coder-30B,1501,moderate,semantic,,4
Qwen-3-Coder-30B,1501,moderate,semantic,,5
Qwen-3-Coder-30B,1501,moderate,semantic,,6
Qwen-3-Coder-30B,1501,moderate,semantic,,7
Qwen-3-Coder-30B,1501,moderate,semantic,,8
Qwen-3-Coder-30B,1501,moderate,semantic,,9
Qwen-3-Coder-30B,1501,moderate,semantic,,10
Qwen-3-Coder-30B,1501,moderate,semantic,,11
Qwen-3-Coder-30B,1501,moderate,semantic,,12
Qwen-3-Coder-30B,1501,moderate,semantic,,13
Qwen-3-Coder-30B,1501,moderate,semantic,,14
Qwen-3-Coder-30B,1501,moderate,semantic,,15
Qwen-3-Coder-30B,1501,moderate,semantic,,16
Qwen-3-Coder-30B,1501,moderate,semantic,,17
Qwen-3-Coder-30B,1501,moderate,semantic,,18
Qwen-3-Coder-30B,1501,moderate,semantic,,19
Qwen-3-Coder-30B,1501,moderate,semantic,,20
Qwen-3-Coder-30B,1501,moderate,semantic,,21
Qwen-3-Coder-30B,1501,moderate,semantic,,22
Qwen-3-Coder-30B,1501,moderate,semantic,,23
Qwen-3-Coder-30B,1501,moderate,semantic,,24
Qwen-3-Coder-30B,1501,moderate,semantic,,25
Qwen-3-Coder-30B,1501,moderate,semantic,,26
Qwen-3-Coder-30B,1501,moderate,semantic,,27
Qwen-3-Coder-30B,1501,moderate,semantic,,28
Qwen-3-Coder-30B,1501,moderate,semantic,,29
Qwen-3-Coder-30B,1501,moderate,semantic,,30
Qwen-3-Coder-30B,1501,moderate,semantic,,31
Qwen-3-Coder-30B,1501,moderate,semantic,,32
Qwen-3-Coder-30B,1501,moderate,semantic,,33
Qwen-3-Coder-30B,1501,moderate,semantic,,34
Qwen-3-Coder-30B,1501,moderate,semantic,,35
Qwen-3-Coder-30B,1501,moderate,semantic,,36
Qwen-3-Coder-30B,1501,moderate,semantic,,37
Qwen-3-Coder-30B,1501,moderate,semantic,,38
Qwen-3-Coder-30B,1501,moderate,semantic,,39
Qwen-3-Coder-30B,1501,moderate,semantic,,40
Qwen-3-Coder-30B,1501,moderate,semantic,,41
Qwen-3-Coder-30B,1501,moderate,semantic,,42
Qwen-3-Coder-30B,1501,moderate,semantic,,43
Qwen-3-Coder-30B,1501,moderate,semantic,,44
Qwen-3-Coder-30B,1501,moderate,semantic,,45
Qwen-3-Coder-30B,1501,moderate,semantic,,46
Qwen-3-Coder-30B,1501,moderate,semantic,,47
Qwen-3-Coder-30B,1501,moderate,semantic,,48
Qwen-3-Coder-30B,1501,moderate,semantic,,49
Qwen-3-Coder-30B,1501,moderate,semantic,,50
Qwen-3-Coder-30B,766,moderate,semantic,,1
Qwen-3-Coder-30B,766,moderate,semantic,,2
Qwen-3-Coder-30B,766,moderate,semantic,,3
Qwen-3-Coder-30B,766,moderate,semantic,,4
Qwen-3-Coder-30B,766,moderate,semantic,,5
Qwen-3-Coder-30B,766,moderate,semantic,,6
Qwen-3-Coder-30B,766,moderate,semantic,,7
Qwen-3-Coder-30B,766,moderate,semantic,,8
Qwen-3-Coder-30B,766,moderate,semantic,,9
Qwen-3-Coder-30B,766,moderate,semantic,,10
Qwen-3-Coder-30B,766,moderate,semantic,,11
Qwen-3-Coder-30B,766,moderate,semantic,,12
Qwen-3-Coder-30B,766,moderate,semantic,,13
Qwen-3-Coder-30B,766,moderate,semantic,,14
Qwen-3-Coder-30B,766,moderate,semantic,,15
Qwen-3-Coder-30B,766,moderate,semantic,,16
Qwen-3-Coder-30B,766,moderate,semantic,,17
Qwen-3-Coder-30B,766,moderate,semantic,,18
Qwen-3-Coder-30B,766,moderate,semantic,,19
Qwen-3-Coder-30B,766,moderate,semantic,,20
Qwen-3-Coder-30B,766,moderate,semantic,,21
Qwen-3-Coder-30B,766,moderate,semantic,,22
Qwen-3-Coder-30B,766,moderate,semantic,,23
Qwen-3-Coder-30B,766,moderate,semantic,,24
Qwen-3-Coder-30B,766,moderate,semantic,,25
Qwen-3-Coder-30B,766,moderate,semantic,,26
Qwen-3-Coder-30B,766,moderate,semantic,,27
Qwen-3-Coder-30B,766,moderate,semantic,,28
Qwen-3-Coder-30B,766,moderate,semantic,,29
Qwen-3-Coder-30B,766,moderate,semantic,,30
Qwen-3-Coder-30B,766,moderate,semantic,,31
Qwen-3-Coder-30B,766,moderate,semantic,,32
Qwen-3-Coder-30B,766,moderate,semantic,,33
Qwen-3-Coder-30B,766,moderate,semantic,,34
Qwen-3-Coder-30B,766,moderate,semantic,,35
Qwen-3-Coder-30B,766,moderate,semantic,,36
Qwen-3-Coder-30B,766,moderate,semantic,,37
Qwen-3-Coder-30B,766,moderate,semantic,,38
Qwen-3-Coder-30B,766,moderate,semantic,,39
Qwen-3-Coder-30B,766,moderate,semantic,,40
Qwen-3-Coder-30B,766,moderate,semantic,,41
Qwen-3-Coder-30B,766,moderate,semantic,,42
Qwen-3-Coder-30B,766,moderate,semantic,,43
Qwen-3-Coder-30B,766,moderate,semantic,,44
Qwen-3-Coder-30B,766,moderate,semantic,,45
Qwen-3-Coder-30B,766,moderate,semantic,,46
Qwen-3-Coder-30B,766,moderate,semantic,,47
Qwen-3-Coder-30B,766,moderate,semantic,,48
Qwen-3-Coder-30B,766,moderate,semantic,,49
Qwen-3-Coder-30B,766,moderate,semantic,,50
Qwen-3-Coder-30B,31,moderate,semantic,,1
Qwen-3-Coder-30B,31,moderate,semantic,,2
Qwen-3-Coder-30B,31,moderate,semantic,,3
Qwen-3-Coder-30B,31,moderate,semantic,,4
Qwen-3-Coder-30B,31,moderate,semantic,,5
Qwen-3-Coder-30B,31,moderate,semantic,,6
Qwen-3-Coder-30B,31,moderate,semantic,,7
Qwen-3-Coder-30B,31,moderate,semantic,,8
Qwen-3-Coder-30B,31,moderate,semantic,,9
Qwen-3-Coder-30B,31,moderate,semantic,,10
Qwen-3-Coder-30B,31,moderate,semantic,,11
Qwen-3-Coder-30B,31,moderate,semantic,,12
Qwen-3-Coder-30B,31,moderate,semantic,,13
Qwen-3-Coder-30B,31,moderate,semantic,,14
Qwen-3-Coder-30B,31,moderate,semantic,,15
Qwen-3-Coder-30B,31,moderate,semantic,,16
Qwen-3-Coder-30B,31,moderate,semantic,,17
Qwen-3-Coder-30B,31,moderate,semantic,,18
Qwen-3-Coder-30B,31,moderate,semantic,,19
Qwen-3-Coder-30B,31,moderate,semantic,,20
Qwen-3-Coder-30B,31,moderate,semantic,,21
Qwen-3-Coder-30B,31,moderate,semantic,,22
Qwen-3-Coder-30B,31,moderate,semantic,,23
Qwen-3-Coder-30B,31,moderate,semantic,,24
Qwen-3-Coder-30B,31,moderate,semantic,,25
Qwen-3-Coder-30B,31,moderate,semantic,,26
Qwen-3-Coder-30B,31,moderate,semantic,,27
Qwen-3-Coder-30B,31,moderate,semantic,,28
Qwen-3-Coder-30B,31,moderate,semantic,,29
Qwen-3-Coder-30B,31,moderate,semantic,,30
Qwen-3-Coder-30B,31,moderate,semantic,,31
Qwen-3-Coder-30B,31,moderate,semantic,,32
Qwen-3-Coder-30B,31,moderate,semantic,,33
Qwen-3-Coder-30B,31,moderate,semantic,,34
Qwen-3-Coder-30B,31,moderate,semantic,,35
Qwen-3-Coder-30B,31,moderate,semantic,,36
Qwen-3-Coder-30B,31,moderate,semantic,,37
Qwen-3-Coder-30B,31,moderate,semantic,,38
Qwen-3-Coder-30B,31,moderate,semantic,,39
Qwen-3-Coder-30B,31,moderate,semantic,,40
Qwen-3-Coder-30B,31,moderate,semantic,,41
Qwen-3-Coder-30B,31,moderate,semantic,,42
Qwen-3-Coder-30B,31,moderate,semantic,,43
Qwen-3-Coder-30B,31,moderate,semantic,,44
Qwen-3-Coder-30B,31,moderate,semantic,,45
Qwen-3-Coder-30B,31,moderate,semantic,,46
Qwen-3-Coder-30B,31,moderate,semantic,,47
Qwen-3-Coder-30B,31,moderate,semantic,,48
Qwen-3-Coder-30B,31,moderate,semantic,,49
Qwen-3-Coder-30B,31,moderate,semantic,,50
Qwen-3-Coder-30B,615,moderate,correct,10.480119254951736,1
Qwen-3-Coder-30B,615,moderate,correct,2.632241769421009,2
Qwen-3-Coder-30B,615,moderate,correct,0.7922729291293331,3
Qwen-3-Coder-30B,615,moderate,correct,1.3678907721280602,4
Qwen-3-Coder-30B,615,moderate,correct,1.1470099425605738,5
Qwen-3-Coder-30B,615,moderate,correct,0.5290338408697118,6
Qwen-3-Coder-30B,615,moderate,correct,1.216824644549763,7
Qwen-3-Coder-30B,615,moderate,correct,1.0095797912907607,8
Qwen-3-Coder-30B,615,moderate,correct,1.1010127860921344,9
Qwen-3-Coder-30B,615,moderate,correct,2.0591039591677593,10
Qwen-3-Coder-30B,615,moderate,correct,2.8623621781601263,11
Qwen-3-Coder-30B,615,moderate,correct,0.11305943608273822,12
Qwen-3-Coder-30B,615,moderate,correct,0.9148499615285971,13
Qwen-3-Coder-30B,615,moderate,correct,2.9052514209567324,14
Qwen-3-Coder-30B,615,moderate,correct,1.0408524445099918,15
Qwen-3-Coder-30B,615,moderate,correct,10.0543093270366,16
Qwen-3-Coder-30B,615,moderate,correct,1.1854605164949992,17
Qwen-3-Coder-30B,615,moderate,correct,1.3625638795259323,18
Qwen-3-Coder-30B,615,moderate,correct,0.6712571428571429,19
Qwen-3-Coder-30B,615,moderate,correct,0.7524098574390322,20
Qwen-3-Coder-30B,615,moderate,correct,0.9402339139454201,21
Qwen-3-Coder-30B,615,moderate,correct,1.166685394520979,22
Qwen-3-Coder-30B,615,moderate,correct,1.855562339272169,23
Qwen-3-Coder-30B,615,moderate,correct,1.1062453957600065,24
Qwen-3-Coder-30B,615,moderate,correct,1.4257086254190796,25
Qwen-3-Coder-30B,615,moderate,correct,0.9171885239933009,26
Qwen-3-Coder-30B,615,moderate,correct,1.0018072129056264,27
Qwen-3-Coder-30B,615,moderate,correct,0.7850729231427785,28
Qwen-3-Coder-30B,615,moderate,correct,1.0415905780002872,29
Qwen-3-Coder-30B,615,moderate,correct,1.0461982892866009,30
Qwen-3-Coder-30B,615,moderate,correct,0.9583986146614991,31
Qwen-3-Coder-30B,615,moderate,correct,1.3118838341845824,32
Qwen-3-Coder-30B,615,moderate,correct,0.9216072352283535,33
Qwen-3-Coder-30B,615,moderate,correct,0.9167273882256226,34
Qwen-3-Coder-30B,615,moderate,correct,1.1168622374410155,35
Qwen-3-Coder-30B,615,moderate,correct,1.550411522633745,36
Qwen-3-Coder-30B,615,moderate,correct,0.9892449942884238,37
Qwen-3-Coder-30B,615,moderate,correct,1.0726403301652812,38
Qwen-3-Coder-30B,615,moderate,correct,1.0308199263423143,39
Qwen-3-Coder-30B,615,moderate,correct,1.2485268451156923,40
Qwen-3-Coder-30B,615,moderate,correct,0.9633297800174435,41
Qwen-3-Coder-30B,615,moderate,correct,4.138112912678258,42
Qwen-3-Coder-30B,615,moderate,correct,0.8688493203139958,43
Qwen-3-Coder-30B,615,moderate,correct,0.9726002703920685,44
Qwen-3-Coder-30B,615,moderate,correct,1.06545407413808,45
Qwen-3-Coder-30B,615,moderate,correct,1.266919283385807,46
Qwen-3-Coder-30B,615,moderate,correct,1.1939552215038696,47
Qwen-3-Coder-30B,615,moderate,correct,0.9310967665521734,48
Qwen-3-Coder-30B,615,moderate,correct,1.1835000306804933,49
Qwen-3-Coder-30B,615,moderate,correct,1.040132524848409,50
Qwen-3-Coder-30B,397,moderate,correct,32.96474280088604,1
Qwen-3-Coder-30B,397,moderate,correct,1.127206870453036,2
Qwen-3-Coder-30B,397,moderate,correct,1.3422432910171942,3
Qwen-3-Coder-30B,397,moderate,correct,0.877548768037966,4
Qwen-3-Coder-30B,397,moderate,correct,1.1022298379918105,5
Qwen-3-Coder-30B,397,moderate,correct,1.1221037941218384,6
Qwen-3-Coder-30B,397,moderate,correct,0.9948492406217907,7
Qwen-3-Coder-30B,397,moderate,correct,2.2144558045644005,8
Qwen-3-Coder-30B,397,moderate,correct,1.4289523968536657,9
Qwen-3-Coder-30B,397,moderate,correct,0.9565606788837646,10
Qwen-3-Coder-30B,397,moderate,correct,2.5488389705904106,11
Qwen-3-Coder-30B,397,moderate,correct,0.8838642947222289,12
Qwen-3-Coder-30B,397,moderate,correct,0.9527038976417307,13
Qwen-3-Coder-30B,397,moderate,correct,0.9966969513101691,14
Qwen-3-Coder-30B,397,moderate,correct,1.5781322455241182,15
Qwen-3-Coder-30B,397,moderate,correct,1.097781913557626,16
Qwen-3-Coder-30B,397,moderate,correct,0.9191410058980084,17
Qwen-3-Coder-30B,397,moderate,correct,0.5141467148966772,18
Qwen-3-Coder-30B,397,moderate,correct,1.2667306319374656,19
Qwen-3-Coder-30B,397,moderate,correct,1.0073705350928939,20
Qwen-3-Coder-30B,397,moderate,correct,1.1072308546059932,21
Qwen-3-Coder-30B,397,moderate,correct,1.1015798811568898,22
Qwen-3-Coder-30B,397,moderate,correct,0.7956725806765731,23
Qwen-3-Coder-30B,397,moderate,correct,1.1642762434512646,24
Qwen-3-Coder-30B,397,moderate,correct,0.3534795391183026,25
Qwen-3-Coder-30B,397,moderate,correct,1.2213028280902447,26
Qwen-3-Coder-30B,397,moderate,correct,1.051707656209264,27
Qwen-3-Coder-30B,397,moderate,correct,1.2549618969594856,28
Qwen-3-Coder-30B,397,moderate,correct,0.9168358076390214,29
Qwen-3-Coder-30B,397,moderate,correct,1.2484246252067173,30
Qwen-3-Coder-30B,397,moderate,correct,1.4901339290206377,31
Qwen-3-Coder-30B,397,moderate,correct,1.0174780801100092,32
Qwen-3-Coder-30B,397,moderate,correct,0.762546814555281,33
Qwen-3-Coder-30B,397,moderate,correct,1.1418230060995287,34
Qwen-3-Coder-30B,397,moderate,correct,1.371625655280488,35
Qwen-3-Coder-30B,397,moderate,correct,1.1431801551984575,36
Qwen-3-Coder-30B,397,moderate,correct,1.2447203720383635,37
Qwen-3-Coder-30B,397,moderate,correct,0.7548946927413972,38
Qwen-3-Coder-30B,397,moderate,correct,1.1445557139667109,39
Qwen-3-Coder-30B,397,moderate,correct,1.1754286984889768,40
Qwen-3-Coder-30B,397,moderate,correct,2.3313726947017352,41
Qwen-3-Coder-30B,397,moderate,correct,1.3901635961547951,42
Qwen-3-Coder-30B,397,moderate,correct,1.133965650505024,43
Qwen-3-Coder-30B,397,moderate,correct,1.2979613925901357,44
Qwen-3-Coder-30B,397,moderate,correct,0.9089487223946299,45
Qwen-3-Coder-30B,397,moderate,correct,0.9088371835967725,46
Qwen-3-Coder-30B,397,moderate,correct,1.0294467018803852,47
Qwen-3-Coder-30B,397,moderate,correct,1.1141603030051859,48
Qwen-3-Coder-30B,397,moderate,correct,1.565155077255755,49
Qwen-3-Coder-30B,397,moderate,correct,1.4996209473727031,50
Qwen-3-Coder-30B,1112,moderate,correct,5.5641715873567215,1
Qwen-3-Coder-30B,1112,moderate,correct,0.959715845100927,2
Qwen-3-Coder-30B,1112,moderate,correct,2.8452234292753946,3
Qwen-3-Coder-30B,1112,moderate,correct,2.106618674292852,4
Qwen-3-Coder-30B,1112,moderate,correct,1.0341420892052884,5
Qwen-3-Coder-30B,1112,moderate,correct,1.0860598345003183,6
Qwen-3-Coder-30B,1112,moderate,correct,0.5926483880686954,7
Qwen-3-Coder-30B,1112,moderate,correct,4.645511720983419,8
Qwen-3-Coder-30B,1112,moderate,correct,9.886237459822732,9
Qwen-3-Coder-30B,1112,moderate,correct,0.9104578476093935,10
Qwen-3-Coder-30B,1112,moderate,correct,0.9828799495851276,11
Qwen-3-Coder-30B,1112,moderate,correct,0.9255890052356021,12
Qwen-3-Coder-30B,1112,moderate,correct,1.5440710209258084,13
Qwen-3-Coder-30B,1112,moderate,correct,0.3587165954594957,14
Qwen-3-Coder-30B,1112,moderate,correct,0.7122228538942581,15
Qwen-3-Coder-30B,1112,moderate,correct,0.6470823948131463,16
Qwen-3-Coder-30B,1112,moderate,correct,2.9068526877308165,17
Qwen-3-Coder-30B,1112,moderate,correct,1.0248653128885206,18
Qwen-3-Coder-30B,1112,moderate,correct,0.9822998193859122,19
Qwen-3-Coder-30B,1112,moderate,correct,1.0523838755882955,20
Qwen-3-Coder-30B,1112,moderate,correct,2.6426656453466104,21
Qwen-3-Coder-30B,1112,moderate,correct,1.3916515725341676,22
Qwen-3-Coder-30B,1112,moderate,correct,0.6863207547169812,23
Qwen-3-Coder-30B,1112,moderate,correct,1.0852162685603615,24
Qwen-3-Coder-30B,1112,moderate,correct,0.9527145359019265,25
Qwen-3-Coder-30B,1112,moderate,correct,1.0906212900672734,26
Qwen-3-Coder-30B,1112,moderate,correct,0.9298777506112469,27
Qwen-3-Coder-30B,1112,moderate,correct,0.9993188010899182,28
Qwen-3-Coder-30B,1112,moderate,correct,1.0535025706940875,29
Qwen-3-Coder-30B,1112,moderate,correct,1.7682914208837834,30
Qwen-3-Coder-30B,1112,moderate,correct,1.012472391840977,31
Qwen-3-Coder-30B,1112,moderate,correct,2.3246946678582066,32
Qwen-3-Coder-30B,1112,moderate,correct,1.2531645569620253,33
Qwen-3-Coder-30B,1112,moderate,correct,1.199297629499561,34
Qwen-3-Coder-30B,1112,moderate,correct,1.4456829146564631,35
Qwen-3-Coder-30B,1112,moderate,correct,1.117010619114406,36
Qwen-3-Coder-30B,1112,moderate,correct,0.7363875724065297,37
Qwen-3-Coder-30B,1112,moderate,correct,1.400212879191059,38
Qwen-3-Coder-30B,1112,moderate,correct,0.9845156643860281,39
Qwen-3-Coder-30B,1112,moderate,correct,1.0274446025614963,40
Qwen-3-Coder-30B,1112,moderate,correct,1.5827283148643485,41
Qwen-3-Coder-30B,1112,moderate,correct,1.0311284046692606,42
Qwen-3-Coder-30B,1112,moderate,correct,1.0457020614546868,43
Qwen-3-Coder-30B,1112,moderate,correct,1.2160095173351462,44
Qwen-3-Coder-30B,1112,moderate,correct,0.8978946327962835,45
Qwen-3-Coder-30B,1112,moderate,correct,0.7784953546340359,46
Qwen-3-Coder-30B,1112,moderate,correct,1.1340321141837646,47
Qwen-3-Coder-30B,1112,moderate,correct,1.0964301262516325,48
Qwen-3-Coder-30B,1112,moderate,correct,1.2695530726256983,49
Qwen-3-Coder-30B,1112,moderate,correct,2.7969665114882116,50
Qwen-3-Coder-30B,1560,Moderate,semantic,,1
Qwen-3-Coder-30B,1560,Moderate,semantic,,2
Qwen-3-Coder-30B,1560,Moderate,semantic,,3
Qwen-3-Coder-30B,1560,Moderate,semantic,,4
Qwen-3-Coder-30B,1560,Moderate,semantic,,5
Qwen-3-Coder-30B,1560,Moderate,semantic,,6
Qwen-3-Coder-30B,1560,Moderate,semantic,,7
Qwen-3-Coder-30B,1560,Moderate,semantic,,8
Qwen-3-Coder-30B,1560,Moderate,semantic,,9
Qwen-3-Coder-30B,1560,Moderate,semantic,,10
Qwen-3-Coder-30B,1560,Moderate,semantic,,11
Qwen-3-Coder-30B,1560,Moderate,semantic,,12
Qwen-3-Coder-30B,1560,Moderate,semantic,,13
Qwen-3-Coder-30B,1560,Moderate,semantic,,14
Qwen-3-Coder-30B,1560,Moderate,semantic,,15
Qwen-3-Coder-30B,1560,Moderate,semantic,,16
Qwen-3-Coder-30B,1560,Moderate,semantic,,17
Qwen-3-Coder-30B,1560,Moderate,semantic,,18
Qwen-3-Coder-30B,1560,Moderate,semantic,,19
Qwen-3-Coder-30B,1560,Moderate,semantic,,20
Qwen-3-Coder-30B,1560,Moderate,semantic,,21
Qwen-3-Coder-30B,1560,Moderate,semantic,,22
Qwen-3-Coder-30B,1560,Moderate,semantic,,23
Qwen-3-Coder-30B,1560,Moderate,semantic,,24
Qwen-3-Coder-30B,1560,Moderate,semantic,,25
Qwen-3-Coder-30B,1560,Moderate,semantic,,26
Qwen-3-Coder-30B,1560,Moderate,semantic,,27
Qwen-3-Coder-30B,1560,Moderate,semantic,,28
Qwen-3-Coder-30B,1560,Moderate,semantic,,29
Qwen-3-Coder-30B,1560,Moderate,semantic,,30
Qwen-3-Coder-30B,1560,Moderate,semantic,,31
Qwen-3-Coder-30B,1560,Moderate,semantic,,32
Qwen-3-Coder-30B,1560,Moderate,semantic,,33
Qwen-3-Coder-30B,1560,Moderate,semantic,,34
Qwen-3-Coder-30B,1560,Moderate,semantic,,35
Qwen-3-Coder-30B,1560,Moderate,semantic,,36
Qwen-3-Coder-30B,1560,Moderate,semantic,,37
Qwen-3-Coder-30B,1560,Moderate,semantic,,38
Qwen-3-Coder-30B,1560,Moderate,semantic,,39
Qwen-3-Coder-30B,1560,Moderate,semantic,,40
Qwen-3-Coder-30B,1560,Moderate,semantic,,41
Qwen-3-Coder-30B,1560,Moderate,semantic,,42
Qwen-3-Coder-30B,1560,Moderate,semantic,,43
Qwen-3-Coder-30B,1560,Moderate,semantic,,44
Qwen-3-Coder-30B,1560,Moderate,semantic,,45
Qwen-3-Coder-30B,1560,Moderate,semantic,,46
Qwen-3-Coder-30B,1560,Moderate,semantic,,47
Qwen-3-Coder-30B,1560,Moderate,semantic,,48
Qwen-3-Coder-30B,1560,Moderate,semantic,,49
Qwen-3-Coder-30B,1560,Moderate,semantic,,50
Qwen-3-Coder-30B,1200,moderate,correct,2.3391188251001336,1
Qwen-3-Coder-30B,1200,moderate,semantic,,2
Qwen-3-Coder-30B,1200,moderate,semantic,,3
Qwen-3-Coder-30B,1200,moderate,semantic,,4
Qwen-3-Coder-30B,1200,moderate,semantic,,5
Qwen-3-Coder-30B,1200,moderate,semantic,,6
Qwen-3-Coder-30B,1200,moderate,semantic,,7
Qwen-3-Coder-30B,1200,moderate,semantic,,8
Qwen-3-Coder-30B,1200,moderate,semantic,,9
Qwen-3-Coder-30B,1200,moderate,semantic,,10
Qwen-3-Coder-30B,1200,moderate,semantic,,11
Qwen-3-Coder-30B,1200,moderate,semantic,,12
Qwen-3-Coder-30B,1200,moderate,semantic,,13
Qwen-3-Coder-30B,1200,moderate,semantic,,14
Qwen-3-Coder-30B,1200,moderate,semantic,,15
Qwen-3-Coder-30B,1200,moderate,semantic,,16
Qwen-3-Coder-30B,1200,moderate,semantic,,17
Qwen-3-Coder-30B,1200,moderate,semantic,,18
Qwen-3-Coder-30B,1200,moderate,semantic,,19
Qwen-3-Coder-30B,1200,moderate,semantic,,20
Qwen-3-Coder-30B,1200,moderate,semantic,,21
Qwen-3-Coder-30B,1200,moderate,semantic,,22
Qwen-3-Coder-30B,1200,moderate,semantic,,23
Qwen-3-Coder-30B,1200,moderate,semantic,,24
Qwen-3-Coder-30B,1200,moderate,semantic,,25
Qwen-3-Coder-30B,1200,moderate,semantic,,26
Qwen-3-Coder-30B,1200,moderate,semantic,,27
Qwen-3-Coder-30B,1200,moderate,semantic,,28
Qwen-3-Coder-30B,1200,moderate,semantic,,29
Qwen-3-Coder-30B,1200,moderate,semantic,,30
Qwen-3-Coder-30B,1200,moderate,semantic,,31
Qwen-3-Coder-30B,1200,moderate,semantic,,32
Qwen-3-Coder-30B,1200,moderate,semantic,,33
Qwen-3-Coder-30B,1200,moderate,semantic,,34
Qwen-3-Coder-30B,1200,moderate,semantic,,35
Qwen-3-Coder-30B,1200,moderate,semantic,,36
Qwen-3-Coder-30B,1200,moderate,semantic,,37
Qwen-3-Coder-30B,1200,moderate,semantic,,38
Qwen-3-Coder-30B,1200,moderate,semantic,,39
Qwen-3-Coder-30B,1200,moderate,semantic,,40
Qwen-3-Coder-30B,1200,moderate,semantic,,41
Qwen-3-Coder-30B,1200,moderate,semantic,,42
Qwen-3-Coder-30B,1200,moderate,semantic,,43
Qwen-3-Coder-30B,1200,moderate,semantic,,44
Qwen-3-Coder-30B,1200,moderate,semantic,,45
Qwen-3-Coder-30B,1200,moderate,semantic,,46
Qwen-3-Coder-30B,1200,moderate,semantic,,47
Qwen-3-Coder-30B,1200,moderate,semantic,,48
Qwen-3-Coder-30B,1200,moderate,semantic,,49
Qwen-3-Coder-30B,1200,moderate,semantic,,50
Qwen-3-Coder-30B,185,moderate,semantic,,1
Qwen-3-Coder-30B,185,moderate,semantic,,2
Qwen-3-Coder-30B,185,moderate,semantic,,3
Qwen-3-Coder-30B,185,moderate,semantic,,4
Qwen-3-Coder-30B,185,moderate,semantic,,5
Qwen-3-Coder-30B,185,moderate,semantic,,6
Qwen-3-Coder-30B,185,moderate,semantic,,7
Qwen-3-Coder-30B,185,moderate,semantic,,8
Qwen-3-Coder-30B,185,moderate,semantic,,9
Qwen-3-Coder-30B,185,moderate,semantic,,10
Qwen-3-Coder-30B,185,moderate,semantic,,11
Qwen-3-Coder-30B,185,moderate,semantic,,12
Qwen-3-Coder-30B,185,moderate,semantic,,13
Qwen-3-Coder-30B,185,moderate,semantic,,14
Qwen-3-Coder-30B,185,moderate,semantic,,15
Qwen-3-Coder-30B,185,moderate,semantic,,16
Qwen-3-Coder-30B,185,moderate,semantic,,17
Qwen-3-Coder-30B,185,moderate,semantic,,18
Qwen-3-Coder-30B,185,moderate,semantic,,19
Qwen-3-Coder-30B,185,moderate,semantic,,20
Qwen-3-Coder-30B,185,moderate,semantic,,21
Qwen-3-Coder-30B,185,moderate,semantic,,22
Qwen-3-Coder-30B,185,moderate,semantic,,23
Qwen-3-Coder-30B,185,moderate,semantic,,24
Qwen-3-Coder-30B,185,moderate,semantic,,25
Qwen-3-Coder-30B,185,moderate,semantic,,26
Qwen-3-Coder-30B,185,moderate,semantic,,27
Qwen-3-Coder-30B,185,moderate,semantic,,28
Qwen-3-Coder-30B,185,moderate,semantic,,29
Qwen-3-Coder-30B,185,moderate,semantic,,30
Qwen-3-Coder-30B,185,moderate,semantic,,31
Qwen-3-Coder-30B,185,moderate,semantic,,32
Qwen-3-Coder-30B,185,moderate,semantic,,33
Qwen-3-Coder-30B,185,moderate,semantic,,34
Qwen-3-Coder-30B,185,moderate,semantic,,35
Qwen-3-Coder-30B,185,moderate,semantic,,36
Qwen-3-Coder-30B,185,moderate,semantic,,37
Qwen-3-Coder-30B,185,moderate,semantic,,38
Qwen-3-Coder-30B,185,moderate,semantic,,39
Qwen-3-Coder-30B,185,moderate,semantic,,40
Qwen-3-Coder-30B,185,moderate,semantic,,41
Qwen-3-Coder-30B,185,moderate,semantic,,42
Qwen-3-Coder-30B,185,moderate,semantic,,43
Qwen-3-Coder-30B,185,moderate,semantic,,44
Qwen-3-Coder-30B,185,moderate,semantic,,45
Qwen-3-Coder-30B,185,moderate,semantic,,46
Qwen-3-Coder-30B,185,moderate,semantic,,47
Qwen-3-Coder-30B,185,moderate,semantic,,48
Qwen-3-Coder-30B,185,moderate,semantic,,49
Qwen-3-Coder-30B,185,moderate,semantic,,50
Qwen-3-Coder-30B,93,moderate,semantic,,1
Qwen-3-Coder-30B,93,moderate,semantic,,2
Qwen-3-Coder-30B,93,moderate,semantic,,3
Qwen-3-Coder-30B,93,moderate,semantic,,4
Qwen-3-Coder-30B,93,moderate,semantic,,5
Qwen-3-Coder-30B,93,moderate,semantic,,6
Qwen-3-Coder-30B,93,moderate,semantic,,7
Qwen-3-Coder-30B,93,moderate,semantic,,8
Qwen-3-Coder-30B,93,moderate,semantic,,9
Qwen-3-Coder-30B,93,moderate,semantic,,10
Qwen-3-Coder-30B,93,moderate,semantic,,11
Qwen-3-Coder-30B,93,moderate,semantic,,12
Qwen-3-Coder-30B,93,moderate,semantic,,13
Qwen-3-Coder-30B,93,moderate,semantic,,14
Qwen-3-Coder-30B,93,moderate,semantic,,15
Qwen-3-Coder-30B,93,moderate,semantic,,16
Qwen-3-Coder-30B,93,moderate,semantic,,17
Qwen-3-Coder-30B,93,moderate,semantic,,18
Qwen-3-Coder-30B,93,moderate,semantic,,19
Qwen-3-Coder-30B,93,moderate,semantic,,20
Qwen-3-Coder-30B,93,moderate,semantic,,21
Qwen-3-Coder-30B,93,moderate,semantic,,22
Qwen-3-Coder-30B,93,moderate,semantic,,23
Qwen-3-Coder-30B,93,moderate,semantic,,24
Qwen-3-Coder-30B,93,moderate,semantic,,25
Qwen-3-Coder-30B,93,moderate,semantic,,26
Qwen-3-Coder-30B,93,moderate,semantic,,27
Qwen-3-Coder-30B,93,moderate,semantic,,28
Qwen-3-Coder-30B,93,moderate,semantic,,29
Qwen-3-Coder-30B,93,moderate,semantic,,30
Qwen-3-Coder-30B,93,moderate,semantic,,31
Qwen-3-Coder-30B,93,moderate,semantic,,32
Qwen-3-Coder-30B,93,moderate,semantic,,33
Qwen-3-Coder-30B,93,moderate,semantic,,34
Qwen-3-Coder-30B,93,moderate,semantic,,35
Qwen-3-Coder-30B,93,moderate,semantic,,36
Qwen-3-Coder-30B,93,moderate,semantic,,37
Qwen-3-Coder-30B,93,moderate,semantic,,38
Qwen-3-Coder-30B,93,moderate,semantic,,39
Qwen-3-Coder-30B,93,moderate,semantic,,40
Qwen-3-Coder-30B,93,moderate,semantic,,41
Qwen-3-Coder-30B,93,moderate,semantic,,42
Qwen-3-Coder-30B,93,moderate,semantic,,43
Qwen-3-Coder-30B,93,moderate,semantic,,44
Qwen-3-Coder-30B,93,moderate,semantic,,45
Qwen-3-Coder-30B,93,moderate,semantic,,46
Qwen-3-Coder-30B,93,moderate,semantic,,47
Qwen-3-Coder-30B,93,moderate,semantic,,48
Qwen-3-Coder-30B,93,moderate,semantic,,49
Qwen-3-Coder-30B,93,moderate,semantic,,50
Qwen-3-Coder-30B,958,moderate,semantic,,1
Qwen-3-Coder-30B,958,moderate,semantic,,2
Qwen-3-Coder-30B,958,moderate,semantic,,3
Qwen-3-Coder-30B,958,moderate,semantic,,4
Qwen-3-Coder-30B,958,moderate,semantic,,5
Qwen-3-Coder-30B,958,moderate,semantic,,6
Qwen-3-Coder-30B,958,moderate,semantic,,7
Qwen-3-Coder-30B,958,moderate,semantic,,8
Qwen-3-Coder-30B,958,moderate,semantic,,9
Qwen-3-Coder-30B,958,moderate,semantic,,10
Qwen-3-Coder-30B,958,moderate,semantic,,11
Qwen-3-Coder-30B,958,moderate,semantic,,12
Qwen-3-Coder-30B,958,moderate,semantic,,13
Qwen-3-Coder-30B,958,moderate,semantic,,14
Qwen-3-Coder-30B,958,moderate,semantic,,15
Qwen-3-Coder-30B,958,moderate,semantic,,16
Qwen-3-Coder-30B,958,moderate,semantic,,17
Qwen-3-Coder-30B,958,moderate,semantic,,18
Qwen-3-Coder-30B,958,moderate,semantic,,19
Qwen-3-Coder-30B,958,moderate,semantic,,20
Qwen-3-Coder-30B,958,moderate,semantic,,21
Qwen-3-Coder-30B,958,moderate,semantic,,22
Qwen-3-Coder-30B,958,moderate,semantic,,23
Qwen-3-Coder-30B,958,moderate,semantic,,24
Qwen-3-Coder-30B,958,moderate,semantic,,25
Qwen-3-Coder-30B,958,moderate,semantic,,26
Qwen-3-Coder-30B,958,moderate,semantic,,27
Qwen-3-Coder-30B,958,moderate,semantic,,28
Qwen-3-Coder-30B,958,moderate,semantic,,29
Qwen-3-Coder-30B,958,moderate,semantic,,30
Qwen-3-Coder-30B,958,moderate,semantic,,31
Qwen-3-Coder-30B,958,moderate,semantic,,32
Qwen-3-Coder-30B,958,moderate,semantic,,33
Qwen-3-Coder-30B,958,moderate,semantic,,34
Qwen-3-Coder-30B,958,moderate,semantic,,35
Qwen-3-Coder-30B,958,moderate,semantic,,36
Qwen-3-Coder-30B,958,moderate,semantic,,37
Qwen-3-Coder-30B,958,moderate,semantic,,38
Qwen-3-Coder-30B,958,moderate,semantic,,39
Qwen-3-Coder-30B,958,moderate,semantic,,40
Qwen-3-Coder-30B,958,moderate,semantic,,41
Qwen-3-Coder-30B,958,moderate,semantic,,42
Qwen-3-Coder-30B,958,moderate,semantic,,43
Qwen-3-Coder-30B,958,moderate,semantic,,44
Qwen-3-Coder-30B,958,moderate,semantic,,45
Qwen-3-Coder-30B,958,moderate,semantic,,46
Qwen-3-Coder-30B,958,moderate,semantic,,47
Qwen-3-Coder-30B,958,moderate,semantic,,48
Qwen-3-Coder-30B,958,moderate,semantic,,49
Qwen-3-Coder-30B,958,moderate,semantic,,50
Qwen-3-Coder-30B,1316,moderate,semantic,,1
Qwen-3-Coder-30B,1316,moderate,semantic,,2
Qwen-3-Coder-30B,1316,moderate,semantic,,3
Qwen-3-Coder-30B,1316,moderate,semantic,,4
Qwen-3-Coder-30B,1316,moderate,semantic,,5
Qwen-3-Coder-30B,1316,moderate,semantic,,6
Qwen-3-Coder-30B,1316,moderate,semantic,,7
Qwen-3-Coder-30B,1316,moderate,semantic,,8
Qwen-3-Coder-30B,1316,moderate,semantic,,9
Qwen-3-Coder-30B,1316,moderate,semantic,,10
Qwen-3-Coder-30B,1316,moderate,semantic,,11
Qwen-3-Coder-30B,1316,moderate,semantic,,12
Qwen-3-Coder-30B,1316,moderate,semantic,,13
Qwen-3-Coder-30B,1316,moderate,semantic,,14
Qwen-3-Coder-30B,1316,moderate,semantic,,15
Qwen-3-Coder-30B,1316,moderate,semantic,,16
Qwen-3-Coder-30B,1316,moderate,semantic,,17
Qwen-3-Coder-30B,1316,moderate,semantic,,18
Qwen-3-Coder-30B,1316,moderate,semantic,,19
Qwen-3-Coder-30B,1316,moderate,semantic,,20
Qwen-3-Coder-30B,1316,moderate,semantic,,21
Qwen-3-Coder-30B,1316,moderate,semantic,,22
Qwen-3-Coder-30B,1316,moderate,semantic,,23
Qwen-3-Coder-30B,1316,moderate,semantic,,24
Qwen-3-Coder-30B,1316,moderate,semantic,,25
Qwen-3-Coder-30B,1316,moderate,semantic,,26
Qwen-3-Coder-30B,1316,moderate,semantic,,27
Qwen-3-Coder-30B,1316,moderate,semantic,,28
Qwen-3-Coder-30B,1316,moderate,semantic,,29
Qwen-3-Coder-30B,1316,moderate,semantic,,30
Qwen-3-Coder-30B,1316,moderate,semantic,,31
Qwen-3-Coder-30B,1316,moderate,semantic,,32
Qwen-3-Coder-30B,1316,moderate,semantic,,33
Qwen-3-Coder-30B,1316,moderate,semantic,,34
Qwen-3-Coder-30B,1316,moderate,semantic,,35
Qwen-3-Coder-30B,1316,moderate,semantic,,36
Qwen-3-Coder-30B,1316,moderate,semantic,,37
Qwen-3-Coder-30B,1316,moderate,semantic,,38
Qwen-3-Coder-30B,1316,moderate,semantic,,39
Qwen-3-Coder-30B,1316,moderate,semantic,,40
Qwen-3-Coder-30B,1316,moderate,semantic,,41
Qwen-3-Coder-30B,1316,moderate,semantic,,42
Qwen-3-Coder-30B,1316,moderate,semantic,,43
Qwen-3-Coder-30B,1316,moderate,semantic,,44
Qwen-3-Coder-30B,1316,moderate,semantic,,45
Qwen-3-Coder-30B,1316,moderate,semantic,,46
Qwen-3-Coder-30B,1316,moderate,semantic,,47
Qwen-3-Coder-30B,1316,moderate,semantic,,48
Qwen-3-Coder-30B,1316,moderate,semantic,,49
Qwen-3-Coder-30B,1316,moderate,semantic,,50
Qwen-3-Coder-30B,459,moderate,correct,29.644613732808427,1
Qwen-3-Coder-30B,459,moderate,correct,0.8889522599008153,2
Qwen-3-Coder-30B,459,moderate,correct,1.0766246737764604,3
Qwen-3-Coder-30B,459,moderate,correct,0.9878563885955649,4
Qwen-3-Coder-30B,459,moderate,correct,1.0248677697269306,5
Qwen-3-Coder-30B,459,moderate,correct,0.9338819342949737,6
Qwen-3-Coder-30B,459,moderate,correct,1.1045598272600259,7
Qwen-3-Coder-30B,459,moderate,correct,0.9000675608440392,8
Qwen-3-Coder-30B,459,moderate,correct,0.8937401053438611,9
Qwen-3-Coder-30B,459,moderate,correct,0.8911008713719759,10
Qwen-3-Coder-30B,459,moderate,correct,0.9051007171216299,11
Qwen-3-Coder-30B,459,moderate,correct,1.5075390554159434,12
Qwen-3-Coder-30B,459,moderate,correct,0.5988897311113308,13
Qwen-3-Coder-30B,459,moderate,correct,2.005133314773299,14
Qwen-3-Coder-30B,459,moderate,correct,2.5012345679012347,15
Qwen-3-Coder-30B,459,moderate,correct,0.3579728376080322,16
Qwen-3-Coder-30B,459,moderate,correct,1.0470114531138153,17
Qwen-3-Coder-30B,459,moderate,correct,3.3316812112415106,18
Qwen-3-Coder-30B,459,moderate,correct,1.4682096800369524,19
Qwen-3-Coder-30B,459,moderate,correct,0.32841302720673987,20
Qwen-3-Coder-30B,459,moderate,correct,1.6273437229522871,21
Qwen-3-Coder-30B,459,moderate,correct,0.990026725767551,22
Qwen-3-Coder-30B,459,moderate,correct,0.43279008581988265,23
Qwen-3-Coder-30B,459,moderate,correct,0.4531505034446211,24
Qwen-3-Coder-30B,459,moderate,correct,1.1054546748184402,25
Qwen-3-Coder-30B,459,moderate,correct,0.9367613317697445,26
Qwen-3-Coder-30B,459,moderate,correct,1.0430168309016372,27
Qwen-3-Coder-30B,459,moderate,correct,1.8778378728503418,28
Qwen-3-Coder-30B,459,moderate,correct,1.2714272573969032,29
Qwen-3-Coder-30B,459,moderate,correct,0.33627391863643674,30
Qwen-3-Coder-30B,459,moderate,correct,3.07727908588163,31
Qwen-3-Coder-30B,459,moderate,correct,1.3389180634010345,32
Qwen-3-Coder-30B,459,moderate,correct,1.044905788107864,33
Qwen-3-Coder-30B,459,moderate,correct,1.5524175898697343,34
Qwen-3-Coder-30B,459,moderate,correct,1.0043471377495152,35
Qwen-3-Coder-30B,459,moderate,correct,1.0052223866306902,36
Qwen-3-Coder-30B,459,moderate,correct,1.419698396487924,37
Qwen-3-Coder-30B,459,moderate,correct,1.0658057031609407,38
Qwen-3-Coder-30B,459,moderate,correct,1.1306388832745458,39
Qwen-3-Coder-30B,459,moderate,correct,1.0350417188594723,40
Qwen-3-Coder-30B,459,moderate,correct,0.866556939401138,41
Qwen-3-Coder-30B,459,moderate,correct,1.7483352918135526,42
Qwen-3-Coder-30B,459,moderate,correct,1.2854452106814107,43
Qwen-3-Coder-30B,459,moderate,correct,0.3654862223115633,44
Qwen-3-Coder-30B,459,moderate,correct,1.6029405576961224,45
Qwen-3-Coder-30B,459,moderate,correct,1.0119809194931375,46
Qwen-3-Coder-30B,459,moderate,correct,0.9797506189627083,47
Qwen-3-Coder-30B,459,moderate,correct,1.01356490532687,48
Qwen-3-Coder-30B,459,moderate,correct,0.9657485572858595,49
Qwen-3-Coder-30B,459,moderate,correct,1.0014397739220111,50
Qwen-3-Coder-30B,408,moderate,semantic,,1
Qwen-3-Coder-30B,408,moderate,semantic,,2
Qwen-3-Coder-30B,408,moderate,semantic,,3
Qwen-3-Coder-30B,408,moderate,semantic,,4
Qwen-3-Coder-30B,408,moderate,semantic,,5
Qwen-3-Coder-30B,408,moderate,semantic,,6
Qwen-3-Coder-30B,408,moderate,semantic,,7
Qwen-3-Coder-30B,408,moderate,semantic,,8
Qwen-3-Coder-30B,408,moderate,semantic,,9
Qwen-3-Coder-30B,408,moderate,semantic,,10
Qwen-3-Coder-30B,408,moderate,semantic,,11
Qwen-3-Coder-30B,408,moderate,semantic,,12
Qwen-3-Coder-30B,408,moderate,semantic,,13
Qwen-3-Coder-30B,408,moderate,semantic,,14
Qwen-3-Coder-30B,408,moderate,semantic,,15
Qwen-3-Coder-30B,408,moderate,semantic,,16
Qwen-3-Coder-30B,408,moderate,semantic,,17
Qwen-3-Coder-30B,408,moderate,semantic,,18
Qwen-3-Coder-30B,408,moderate,semantic,,19
Qwen-3-Coder-30B,408,moderate,semantic,,20
Qwen-3-Coder-30B,408,moderate,semantic,,21
Qwen-3-Coder-30B,408,moderate,semantic,,22
Qwen-3-Coder-30B,408,moderate,semantic,,23
Qwen-3-Coder-30B,408,moderate,semantic,,24
Qwen-3-Coder-30B,408,moderate,semantic,,25
Qwen-3-Coder-30B,408,moderate,semantic,,26
Qwen-3-Coder-30B,408,moderate,semantic,,27
Qwen-3-Coder-30B,408,moderate,semantic,,28
Qwen-3-Coder-30B,408,moderate,semantic,,29
Qwen-3-Coder-30B,408,moderate,semantic,,30
Qwen-3-Coder-30B,408,moderate,semantic,,31
Qwen-3-Coder-30B,408,moderate,semantic,,32
Qwen-3-Coder-30B,408,moderate,semantic,,33
Qwen-3-Coder-30B,408,moderate,semantic,,34
Qwen-3-Coder-30B,408,moderate,semantic,,35
Qwen-3-Coder-30B,408,moderate,semantic,,36
Qwen-3-Coder-30B,408,moderate,semantic,,37
Qwen-3-Coder-30B,408,moderate,semantic,,38
Qwen-3-Coder-30B,408,moderate,semantic,,39
Qwen-3-Coder-30B,408,moderate,semantic,,40
Qwen-3-Coder-30B,408,moderate,semantic,,41
Qwen-3-Coder-30B,408,moderate,semantic,,42
Qwen-3-Coder-30B,408,moderate,semantic,,43
Qwen-3-Coder-30B,408,moderate,semantic,,44
Qwen-3-Coder-30B,408,moderate,semantic,,45
Qwen-3-Coder-30B,408,moderate,semantic,,46
Qwen-3-Coder-30B,408,moderate,semantic,,47
Qwen-3-Coder-30B,408,moderate,semantic,,48
Qwen-3-Coder-30B,408,moderate,semantic,,49
Qwen-3-Coder-30B,408,moderate,semantic,,50
Qwen-3-Coder-30B,1291,moderate,correct,12.975930971843779,1
Qwen-3-Coder-30B,1291,moderate,correct,1.1377366089407974,2
Qwen-3-Coder-30B,1291,moderate,correct,1.3224556394044462,3
Qwen-3-Coder-30B,1291,moderate,correct,0.9956447347954581,4
Qwen-3-Coder-30B,1291,moderate,correct,1.0315291644771414,5
Qwen-3-Coder-30B,1291,moderate,correct,1.2270186933898632,6
Qwen-3-Coder-30B,1291,moderate,correct,1.1401778808971383,7
Qwen-3-Coder-30B,1291,moderate,correct,0.898223385208649,8
Qwen-3-Coder-30B,1291,moderate,correct,1.751311844077961,9
Qwen-3-Coder-30B,1291,moderate,correct,0.9910130718954249,10
Qwen-3-Coder-30B,1291,moderate,correct,1.1822475570032573,11
Qwen-3-Coder-30B,1291,moderate,correct,1.151307847082495,12
Qwen-3-Coder-30B,1291,moderate,correct,1.1700773078672124,13
Qwen-3-Coder-30B,1291,moderate,correct,1.9161310550242985,14
Qwen-3-Coder-30B,1291,moderate,correct,1.0018136160714286,15
Qwen-3-Coder-30B,1291,moderate,correct,1.1208987870351959,16
Qwen-3-Coder-30B,1291,moderate,correct,1.116871387283237,17
Qwen-3-Coder-30B,1291,moderate,correct,0.9857559080608611,18
Qwen-3-Coder-30B,1291,moderate,correct,1.2040332147093713,19
Qwen-3-Coder-30B,1291,moderate,correct,0.9891789762968052,20
Qwen-3-Coder-30B,1291,moderate,correct,1.1456176673567977,21
Qwen-3-Coder-30B,1291,moderate,correct,1.0316957210776545,22
Qwen-3-Coder-30B,1291,moderate,correct,1.30536647142631,23
Qwen-3-Coder-30B,1291,moderate,correct,1.2697314890154596,24
Qwen-3-Coder-30B,1291,moderate,correct,1.1330523780854906,25
Qwen-3-Coder-30B,1291,moderate,correct,1.0899001109877913,26
Qwen-3-Coder-30B,1291,moderate,correct,0.9886193471099132,27
Qwen-3-Coder-30B,1291,moderate,correct,0.8930889652539137,28
Qwen-3-Coder-30B,1291,moderate,correct,1.0512481401884608,29
Qwen-3-Coder-30B,1291,moderate,correct,1.4288566041920816,30
Qwen-3-Coder-30B,1291,moderate,correct,1.1861844623038653,31
Qwen-3-Coder-30B,1291,moderate,correct,1.1331719128329298,32
Qwen-3-Coder-30B,1291,moderate,correct,1.2353324641460235,33
Qwen-3-Coder-30B,1291,moderate,correct,1.1989795918367347,34
Qwen-3-Coder-30B,1291,moderate,correct,1.2153484729835553,35
Qwen-3-Coder-30B,1291,moderate,correct,1.2928039702233252,36
Qwen-3-Coder-30B,1291,moderate,correct,0.9957482993197279,37
Qwen-3-Coder-30B,1291,moderate,correct,1.203107113654947,38
Qwen-3-Coder-30B,1291,moderate,correct,0.7564996829422955,39
Qwen-3-Coder-30B,1291,moderate,correct,0.8803995680345572,40
Qwen-3-Coder-30B,1291,moderate,correct,0.8637826803799953,41
Qwen-3-Coder-30B,1291,moderate,correct,4.49401678871227,42
Qwen-3-Coder-30B,1291,moderate,correct,1.1665338645418326,43
Qwen-3-Coder-30B,1291,moderate,correct,1.3823051948051948,44
Qwen-3-Coder-30B,1291,moderate,correct,0.7799744156297244,45
Qwen-3-Coder-30B,1291,moderate,correct,1.1935060675631355,46
Qwen-3-Coder-30B,1291,moderate,correct,1.1171081126103615,47
Qwen-3-Coder-30B,1291,moderate,correct,1.0399426831452625,48
Qwen-3-Coder-30B,1291,moderate,correct,1.2367531003382186,49
Qwen-3-Coder-30B,1291,moderate,correct,1.056622851365015,50
Qwen-3-Coder-30B,1430,moderate,correct,3.1682346430547867,1
Qwen-3-Coder-30B,1430,moderate,correct,2.0354191263282173,2
Qwen-3-Coder-30B,1430,moderate,correct,1.6917663617171006,3
Qwen-3-Coder-30B,1430,moderate,correct,1.3729692360871069,4
Qwen-3-Coder-30B,1430,moderate,correct,1.0947183098591549,5
Qwen-3-Coder-30B,1430,moderate,correct,1.7658095899930508,6
Qwen-3-Coder-30B,1430,moderate,correct,1.6172465960665658,7
Qwen-3-Coder-30B,1430,moderate,correct,1.6289592760180995,8
Qwen-3-Coder-30B,1430,moderate,correct,1.1649813730707823,9
Qwen-3-Coder-30B,1430,moderate,correct,0.5781018812090467,10
Qwen-3-Coder-30B,1430,moderate,correct,0.2173831891992783,11
Qwen-3-Coder-30B,1430,moderate,correct,1.4961616161616162,12
Qwen-3-Coder-30B,1430,moderate,correct,1.6730369754881596,13
Qwen-3-Coder-30B,1430,moderate,correct,1.5276679841897234,14
Qwen-3-Coder-30B,1430,moderate,correct,1.6469248291571754,15
Qwen-3-Coder-30B,1430,moderate,correct,1.6018387553041018,16
Qwen-3-Coder-30B,1430,moderate,correct,1.6952887537993921,17
Qwen-3-Coder-30B,1430,moderate,correct,0.8344914718888187,18
Qwen-3-Coder-30B,1430,moderate,correct,1.1361596009975061,19
Qwen-3-Coder-30B,1430,moderate,correct,1.155618241654913,20
Qwen-3-Coder-30B,1430,moderate,correct,1.7360681114551084,21
Qwen-3-Coder-30B,1430,moderate,correct,2.0027668895549917,22
Qwen-3-Coder-30B,1430,moderate,correct,1.610054347826087,23
Qwen-3-Coder-30B,1430,moderate,correct,1.1641098822689975,24
Qwen-3-Coder-30B,1430,moderate,correct,1.2612664004563605,25
Qwen-3-Coder-30B,1430,moderate,correct,1.6251851851851853,26
Qwen-3-Coder-30B,1430,moderate,correct,1.890134529147982,27
Qwen-3-Coder-30B,1430,moderate,correct,0.9125951387183894,28
Qwen-3-Coder-30B,1430,moderate,correct,1.633034379671151,29
Qwen-3-Coder-30B,1430,moderate,correct,1.507025291047772,30
Qwen-3-Coder-30B,1430,moderate,correct,1.5485047410649162,31
Qwen-3-Coder-30B,1430,moderate,correct,0.6884154460719041,32
Qwen-3-Coder-30B,1430,moderate,correct,1.4377682403433476,33
Qwen-3-Coder-30B,1430,moderate,correct,1.60333080999243,34
Qwen-3-Coder-30B,1430,moderate,correct,1.67966991747937,35
Qwen-3-Coder-30B,1430,moderate,correct,1.6015936254980079,36
Qwen-3-Coder-30B,1430,moderate,correct,1.5597579425113464,37
Qwen-3-Coder-30B,1430,moderate,correct,1.2994115610938042,38
Qwen-3-Coder-30B,1430,moderate,correct,0.7215984147952443,39
Qwen-3-Coder-30B,1430,moderate,correct,0.7396562698917887,40
Qwen-3-Coder-30B,1430,moderate,correct,1.618548990276739,41
Qwen-3-Coder-30B,1430,moderate,correct,2.610526315789474,42
Qwen-3-Coder-30B,1430,moderate,correct,1.4197773411918795,43
Qwen-3-Coder-30B,1430,moderate,correct,1.57465495608532,44
Qwen-3-Coder-30B,1430,moderate,correct,2.0732568402471316,45
Qwen-3-Coder-30B,1430,moderate,correct,1.2484815019326339,46
Qwen-3-Coder-30B,1430,moderate,correct,1.058882235528942,47
Qwen-3-Coder-30B,1430,moderate,correct,1.615091463414634,48
Qwen-3-Coder-30B,1430,moderate,correct,1.8570138470800723,49
Qwen-3-Coder-30B,1430,moderate,correct,1.5412293853073464,50
Qwen-3-Coder-30B,407,moderate,semantic,,1
Qwen-3-Coder-30B,407,moderate,semantic,,2
Qwen-3-Coder-30B,407,moderate,semantic,,3
Qwen-3-Coder-30B,407,moderate,semantic,,4
Qwen-3-Coder-30B,407,moderate,semantic,,5
Qwen-3-Coder-30B,407,moderate,semantic,,6
Qwen-3-Coder-30B,407,moderate,semantic,,7
Qwen-3-Coder-30B,407,moderate,semantic,,8
Qwen-3-Coder-30B,407,moderate,semantic,,9
Qwen-3-Coder-30B,407,moderate,semantic,,10
Qwen-3-Coder-30B,407,moderate,semantic,,11
Qwen-3-Coder-30B,407,moderate,semantic,,12
Qwen-3-Coder-30B,407,moderate,semantic,,13
Qwen-3-Coder-30B,407,moderate,semantic,,14
Qwen-3-Coder-30B,407,moderate,semantic,,15
Qwen-3-Coder-30B,407,moderate,semantic,,16
Qwen-3-Coder-30B,407,moderate,semantic,,17
Qwen-3-Coder-30B,407,moderate,semantic,,18
Qwen-3-Coder-30B,407,moderate,semantic,,19
Qwen-3-Coder-30B,407,moderate,semantic,,20
Qwen-3-Coder-30B,407,moderate,semantic,,21
Qwen-3-Coder-30B,407,moderate,semantic,,22
Qwen-3-Coder-30B,407,moderate,semantic,,23
Qwen-3-Coder-30B,407,moderate,semantic,,24
Qwen-3-Coder-30B,407,moderate,semantic,,25
Qwen-3-Coder-30B,407,moderate,semantic,,26
Qwen-3-Coder-30B,407,moderate,semantic,,27
Qwen-3-Coder-30B,407,moderate,semantic,,28
Qwen-3-Coder-30B,407,moderate,semantic,,29
Qwen-3-Coder-30B,407,moderate,semantic,,30
Qwen-3-Coder-30B,407,moderate,semantic,,31
Qwen-3-Coder-30B,407,moderate,semantic,,32
Qwen-3-Coder-30B,407,moderate,semantic,,33
Qwen-3-Coder-30B,407,moderate,semantic,,34
Qwen-3-Coder-30B,407,moderate,semantic,,35
Qwen-3-Coder-30B,407,moderate,semantic,,36
Qwen-3-Coder-30B,407,moderate,semantic,,37
Qwen-3-Coder-30B,407,moderate,semantic,,38
Qwen-3-Coder-30B,407,moderate,semantic,,39
Qwen-3-Coder-30B,407,moderate,semantic,,40
Qwen-3-Coder-30B,407,moderate,semantic,,41
Qwen-3-Coder-30B,407,moderate,semantic,,42
Qwen-3-Coder-30B,407,moderate,semantic,,43
Qwen-3-Coder-30B,407,moderate,semantic,,44
Qwen-3-Coder-30B,407,moderate,semantic,,45
Qwen-3-Coder-30B,407,moderate,semantic,,46
Qwen-3-Coder-30B,407,moderate,semantic,,47
Qwen-3-Coder-30B,407,moderate,semantic,,48
Qwen-3-Coder-30B,407,moderate,semantic,,49
Qwen-3-Coder-30B,407,moderate,semantic,,50
Qwen-3-Coder-30B,1602,Moderate,semantic,,1
Qwen-3-Coder-30B,1602,Moderate,hallucination,,2
Qwen-3-Coder-30B,1602,Moderate,hallucination,,3
Qwen-3-Coder-30B,1602,Moderate,hallucination,,4
Qwen-3-Coder-30B,1602,Moderate,hallucination,,5
Qwen-3-Coder-30B,1602,Moderate,hallucination,,6
Qwen-3-Coder-30B,1602,Moderate,hallucination,,7
Qwen-3-Coder-30B,1602,Moderate,hallucination,,8
Qwen-3-Coder-30B,1602,Moderate,hallucination,,9
Qwen-3-Coder-30B,1602,Moderate,hallucination,,10
Qwen-3-Coder-30B,1602,Moderate,hallucination,,11
Qwen-3-Coder-30B,1602,Moderate,hallucination,,12
Qwen-3-Coder-30B,1602,Moderate,hallucination,,13
Qwen-3-Coder-30B,1602,Moderate,hallucination,,14
Qwen-3-Coder-30B,1602,Moderate,hallucination,,15
Qwen-3-Coder-30B,1602,Moderate,hallucination,,16
Qwen-3-Coder-30B,1602,Moderate,hallucination,,17
Qwen-3-Coder-30B,1602,Moderate,hallucination,,18
Qwen-3-Coder-30B,1602,Moderate,hallucination,,19
Qwen-3-Coder-30B,1602,Moderate,hallucination,,20
Qwen-3-Coder-30B,1602,Moderate,hallucination,,21
Qwen-3-Coder-30B,1602,Moderate,hallucination,,22
Qwen-3-Coder-30B,1602,Moderate,hallucination,,23
Qwen-3-Coder-30B,1602,Moderate,hallucination,,24
Qwen-3-Coder-30B,1602,Moderate,hallucination,,25
Qwen-3-Coder-30B,1602,Moderate,hallucination,,26
Qwen-3-Coder-30B,1602,Moderate,hallucination,,27
Qwen-3-Coder-30B,1602,Moderate,hallucination,,28
Qwen-3-Coder-30B,1602,Moderate,hallucination,,29
Qwen-3-Coder-30B,1602,Moderate,hallucination,,30
Qwen-3-Coder-30B,1602,Moderate,hallucination,,31
Qwen-3-Coder-30B,1602,Moderate,hallucination,,32
Qwen-3-Coder-30B,1602,Moderate,hallucination,,33
Qwen-3-Coder-30B,1602,Moderate,hallucination,,34
Qwen-3-Coder-30B,1602,Moderate,hallucination,,35
Qwen-3-Coder-30B,1602,Moderate,hallucination,,36
Qwen-3-Coder-30B,1602,Moderate,hallucination,,37
Qwen-3-Coder-30B,1602,Moderate,hallucination,,38
Qwen-3-Coder-30B,1602,Moderate,hallucination,,39
Qwen-3-Coder-30B,1602,Moderate,hallucination,,40
Qwen-3-Coder-30B,1602,Moderate,hallucination,,41
Qwen-3-Coder-30B,1602,Moderate,hallucination,,42
Qwen-3-Coder-30B,1602,Moderate,hallucination,,43
Qwen-3-Coder-30B,1602,Moderate,hallucination,,44
Qwen-3-Coder-30B,1602,Moderate,hallucination,,45
Qwen-3-Coder-30B,1602,Moderate,hallucination,,46
Qwen-3-Coder-30B,1602,Moderate,hallucination,,47
Qwen-3-Coder-30B,1602,Moderate,hallucination,,48
Qwen-3-Coder-30B,1602,Moderate,hallucination,,49
Qwen-3-Coder-30B,1602,Moderate,hallucination,,50
Qwen-3-Coder-30B,40,moderate,semantic,,1
Qwen-3-Coder-30B,40,moderate,semantic,,2
Qwen-3-Coder-30B,40,moderate,semantic,,3
Qwen-3-Coder-30B,40,moderate,semantic,,4
Qwen-3-Coder-30B,40,moderate,semantic,,5
Qwen-3-Coder-30B,40,moderate,semantic,,6
Qwen-3-Coder-30B,40,moderate,semantic,,7
Qwen-3-Coder-30B,40,moderate,semantic,,8
Qwen-3-Coder-30B,40,moderate,semantic,,9
Qwen-3-Coder-30B,40,moderate,semantic,,10
Qwen-3-Coder-30B,40,moderate,semantic,,11
Qwen-3-Coder-30B,40,moderate,semantic,,12
Qwen-3-Coder-30B,40,moderate,semantic,,13
Qwen-3-Coder-30B,40,moderate,semantic,,14
Qwen-3-Coder-30B,40,moderate,semantic,,15
Qwen-3-Coder-30B,40,moderate,semantic,,16
Qwen-3-Coder-30B,40,moderate,semantic,,17
Qwen-3-Coder-30B,40,moderate,semantic,,18
Qwen-3-Coder-30B,40,moderate,semantic,,19
Qwen-3-Coder-30B,40,moderate,semantic,,20
Qwen-3-Coder-30B,40,moderate,semantic,,21
Qwen-3-Coder-30B,40,moderate,semantic,,22
Qwen-3-Coder-30B,40,moderate,semantic,,23
Qwen-3-Coder-30B,40,moderate,semantic,,24
Qwen-3-Coder-30B,40,moderate,semantic,,25
Qwen-3-Coder-30B,40,moderate,semantic,,26
Qwen-3-Coder-30B,40,moderate,semantic,,27
Qwen-3-Coder-30B,40,moderate,semantic,,28
Qwen-3-Coder-30B,40,moderate,semantic,,29
Qwen-3-Coder-30B,40,moderate,semantic,,30
Qwen-3-Coder-30B,40,moderate,semantic,,31
Qwen-3-Coder-30B,40,moderate,semantic,,32
Qwen-3-Coder-30B,40,moderate,semantic,,33
Qwen-3-Coder-30B,40,moderate,semantic,,34
Qwen-3-Coder-30B,40,moderate,semantic,,35
Qwen-3-Coder-30B,40,moderate,semantic,,36
Qwen-3-Coder-30B,40,moderate,semantic,,37
Qwen-3-Coder-30B,40,moderate,semantic,,38
Qwen-3-Coder-30B,40,moderate,semantic,,39
Qwen-3-Coder-30B,40,moderate,semantic,,40
Qwen-3-Coder-30B,40,moderate,semantic,,41
Qwen-3-Coder-30B,40,moderate,semantic,,42
Qwen-3-Coder-30B,40,moderate,semantic,,43
Qwen-3-Coder-30B,40,moderate,semantic,,44
Qwen-3-Coder-30B,40,moderate,semantic,,45
Qwen-3-Coder-30B,40,moderate,semantic,,46
Qwen-3-Coder-30B,40,moderate,semantic,,47
Qwen-3-Coder-30B,40,moderate,semantic,,48
Qwen-3-Coder-30B,40,moderate,semantic,,49
Qwen-3-Coder-30B,40,moderate,semantic,,50
Qwen-3-Coder-30B,1475,moderate,semantic,,1
Qwen-3-Coder-30B,1475,moderate,semantic,,2
Qwen-3-Coder-30B,1475,moderate,semantic,,3
Qwen-3-Coder-30B,1475,moderate,semantic,,4
Qwen-3-Coder-30B,1475,moderate,semantic,,5
Qwen-3-Coder-30B,1475,moderate,semantic,,6
Qwen-3-Coder-30B,1475,moderate,semantic,,7
Qwen-3-Coder-30B,1475,moderate,semantic,,8
Qwen-3-Coder-30B,1475,moderate,semantic,,9
Qwen-3-Coder-30B,1475,moderate,semantic,,10
Qwen-3-Coder-30B,1475,moderate,semantic,,11
Qwen-3-Coder-30B,1475,moderate,semantic,,12
Qwen-3-Coder-30B,1475,moderate,semantic,,13
Qwen-3-Coder-30B,1475,moderate,semantic,,14
Qwen-3-Coder-30B,1475,moderate,semantic,,15
Qwen-3-Coder-30B,1475,moderate,semantic,,16
Qwen-3-Coder-30B,1475,moderate,semantic,,17
Qwen-3-Coder-30B,1475,moderate,semantic,,18
Qwen-3-Coder-30B,1475,moderate,semantic,,19
Qwen-3-Coder-30B,1475,moderate,semantic,,20
Qwen-3-Coder-30B,1475,moderate,semantic,,21
Qwen-3-Coder-30B,1475,moderate,semantic,,22
Qwen-3-Coder-30B,1475,moderate,semantic,,23
Qwen-3-Coder-30B,1475,moderate,semantic,,24
Qwen-3-Coder-30B,1475,moderate,semantic,,25
Qwen-3-Coder-30B,1475,moderate,semantic,,26
Qwen-3-Coder-30B,1475,moderate,semantic,,27
Qwen-3-Coder-30B,1475,moderate,semantic,,28
Qwen-3-Coder-30B,1475,moderate,semantic,,29
Qwen-3-Coder-30B,1475,moderate,semantic,,30
Qwen-3-Coder-30B,1475,moderate,semantic,,31
Qwen-3-Coder-30B,1475,moderate,semantic,,32
Qwen-3-Coder-30B,1475,moderate,semantic,,33
Qwen-3-Coder-30B,1475,moderate,semantic,,34
Qwen-3-Coder-30B,1475,moderate,semantic,,35
Qwen-3-Coder-30B,1475,moderate,semantic,,36
Qwen-3-Coder-30B,1475,moderate,semantic,,37
Qwen-3-Coder-30B,1475,moderate,semantic,,38
Qwen-3-Coder-30B,1475,moderate,semantic,,39
Qwen-3-Coder-30B,1475,moderate,semantic,,40
Qwen-3-Coder-30B,1475,moderate,semantic,,41
Qwen-3-Coder-30B,1475,moderate,semantic,,42
Qwen-3-Coder-30B,1475,moderate,semantic,,43
Qwen-3-Coder-30B,1475,moderate,semantic,,44
Qwen-3-Coder-30B,1475,moderate,semantic,,45
Qwen-3-Coder-30B,1475,moderate,semantic,,46
Qwen-3-Coder-30B,1475,moderate,semantic,,47
Qwen-3-Coder-30B,1475,moderate,semantic,,48
Qwen-3-Coder-30B,1475,moderate,semantic,,49
Qwen-3-Coder-30B,1475,moderate,semantic,,50
Qwen-3-Coder-30B,1327,moderate,semantic,,1
Qwen-3-Coder-30B,1327,moderate,semantic,,2
Qwen-3-Coder-30B,1327,moderate,semantic,,3
Qwen-3-Coder-30B,1327,moderate,semantic,,4
Qwen-3-Coder-30B,1327,moderate,semantic,,5
Qwen-3-Coder-30B,1327,moderate,semantic,,6
Qwen-3-Coder-30B,1327,moderate,semantic,,7
Qwen-3-Coder-30B,1327,moderate,semantic,,8
Qwen-3-Coder-30B,1327,moderate,semantic,,9
Qwen-3-Coder-30B,1327,moderate,semantic,,10
Qwen-3-Coder-30B,1327,moderate,semantic,,11
Qwen-3-Coder-30B,1327,moderate,semantic,,12
Qwen-3-Coder-30B,1327,moderate,semantic,,13
Qwen-3-Coder-30B,1327,moderate,semantic,,14
Qwen-3-Coder-30B,1327,moderate,semantic,,15
Qwen-3-Coder-30B,1327,moderate,semantic,,16
Qwen-3-Coder-30B,1327,moderate,semantic,,17
Qwen-3-Coder-30B,1327,moderate,semantic,,18
Qwen-3-Coder-30B,1327,moderate,semantic,,19
Qwen-3-Coder-30B,1327,moderate,semantic,,20
Qwen-3-Coder-30B,1327,moderate,semantic,,21
Qwen-3-Coder-30B,1327,moderate,semantic,,22
Qwen-3-Coder-30B,1327,moderate,semantic,,23
Qwen-3-Coder-30B,1327,moderate,semantic,,24
Qwen-3-Coder-30B,1327,moderate,semantic,,25
Qwen-3-Coder-30B,1327,moderate,semantic,,26
Qwen-3-Coder-30B,1327,moderate,semantic,,27
Qwen-3-Coder-30B,1327,moderate,semantic,,28
Qwen-3-Coder-30B,1327,moderate,semantic,,29
Qwen-3-Coder-30B,1327,moderate,semantic,,30
Qwen-3-Coder-30B,1327,moderate,semantic,,31
Qwen-3-Coder-30B,1327,moderate,semantic,,32
Qwen-3-Coder-30B,1327,moderate,semantic,,33
Qwen-3-Coder-30B,1327,moderate,semantic,,34
Qwen-3-Coder-30B,1327,moderate,semantic,,35
Qwen-3-Coder-30B,1327,moderate,semantic,,36
Qwen-3-Coder-30B,1327,moderate,semantic,,37
Qwen-3-Coder-30B,1327,moderate,semantic,,38
Qwen-3-Coder-30B,1327,moderate,semantic,,39
Qwen-3-Coder-30B,1327,moderate,semantic,,40
Qwen-3-Coder-30B,1327,moderate,semantic,,41
Qwen-3-Coder-30B,1327,moderate,semantic,,42
Qwen-3-Coder-30B,1327,moderate,semantic,,43
Qwen-3-Coder-30B,1327,moderate,semantic,,44
Qwen-3-Coder-30B,1327,moderate,semantic,,45
Qwen-3-Coder-30B,1327,moderate,semantic,,46
Qwen-3-Coder-30B,1327,moderate,semantic,,47
Qwen-3-Coder-30B,1327,moderate,semantic,,48
Qwen-3-Coder-30B,1327,moderate,semantic,,49
Qwen-3-Coder-30B,1327,moderate,semantic,,50
Qwen-3-Coder-30B,1225,moderate,semantic,,1
Qwen-3-Coder-30B,1225,moderate,semantic,,2
Qwen-3-Coder-30B,1225,moderate,semantic,,3
Qwen-3-Coder-30B,1225,moderate,semantic,,4
Qwen-3-Coder-30B,1225,moderate,semantic,,5
Qwen-3-Coder-30B,1225,moderate,semantic,,6
Qwen-3-Coder-30B,1225,moderate,semantic,,7
Qwen-3-Coder-30B,1225,moderate,semantic,,8
Qwen-3-Coder-30B,1225,moderate,semantic,,9
Qwen-3-Coder-30B,1225,moderate,semantic,,10
Qwen-3-Coder-30B,1225,moderate,semantic,,11
Qwen-3-Coder-30B,1225,moderate,semantic,,12
Qwen-3-Coder-30B,1225,moderate,semantic,,13
Qwen-3-Coder-30B,1225,moderate,semantic,,14
Qwen-3-Coder-30B,1225,moderate,semantic,,15
Qwen-3-Coder-30B,1225,moderate,semantic,,16
Qwen-3-Coder-30B,1225,moderate,semantic,,17
Qwen-3-Coder-30B,1225,moderate,semantic,,18
Qwen-3-Coder-30B,1225,moderate,semantic,,19
Qwen-3-Coder-30B,1225,moderate,semantic,,20
Qwen-3-Coder-30B,1225,moderate,semantic,,21
Qwen-3-Coder-30B,1225,moderate,semantic,,22
Qwen-3-Coder-30B,1225,moderate,semantic,,23
Qwen-3-Coder-30B,1225,moderate,semantic,,24
Qwen-3-Coder-30B,1225,moderate,semantic,,25
Qwen-3-Coder-30B,1225,moderate,semantic,,26
Qwen-3-Coder-30B,1225,moderate,semantic,,27
Qwen-3-Coder-30B,1225,moderate,semantic,,28
Qwen-3-Coder-30B,1225,moderate,semantic,,29
Qwen-3-Coder-30B,1225,moderate,semantic,,30
Qwen-3-Coder-30B,1225,moderate,semantic,,31
Qwen-3-Coder-30B,1225,moderate,semantic,,32
Qwen-3-Coder-30B,1225,moderate,semantic,,33
Qwen-3-Coder-30B,1225,moderate,semantic,,34
Qwen-3-Coder-30B,1225,moderate,semantic,,35
Qwen-3-Coder-30B,1225,moderate,semantic,,36
Qwen-3-Coder-30B,1225,moderate,semantic,,37
Qwen-3-Coder-30B,1225,moderate,semantic,,38
Qwen-3-Coder-30B,1225,moderate,semantic,,39
Qwen-3-Coder-30B,1225,moderate,semantic,,40
Qwen-3-Coder-30B,1225,moderate,semantic,,41
Qwen-3-Coder-30B,1225,moderate,semantic,,42
Qwen-3-Coder-30B,1225,moderate,semantic,,43
Qwen-3-Coder-30B,1225,moderate,semantic,,44
Qwen-3-Coder-30B,1225,moderate,semantic,,45
Qwen-3-Coder-30B,1225,moderate,semantic,,46
Qwen-3-Coder-30B,1225,moderate,semantic,,47
Qwen-3-Coder-30B,1225,moderate,semantic,,48
Qwen-3-Coder-30B,1225,moderate,semantic,,49
Qwen-3-Coder-30B,1225,moderate,semantic,,50
Qwen-3-Coder-30B,427,moderate,correct,5.117131910235359,1
Qwen-3-Coder-30B,427,moderate,correct,0.8889107740791806,2
Qwen-3-Coder-30B,427,moderate,correct,0.9993192648059904,3
Qwen-3-Coder-30B,427,moderate,correct,1.3279942130825668,4
Qwen-3-Coder-30B,427,moderate,correct,1.2092011190550203,5
Qwen-3-Coder-30B,427,moderate,correct,1.3005684944067486,6
Qwen-3-Coder-30B,427,moderate,correct,1.670259114881908,7
Qwen-3-Coder-30B,427,moderate,correct,1.0053223844282237,8
Qwen-3-Coder-30B,427,moderate,correct,1.6546580710403236,9
Qwen-3-Coder-30B,427,moderate,correct,1.4901468315301392,10
Qwen-3-Coder-30B,427,moderate,correct,1.3446218972484125,11
Qwen-3-Coder-30B,427,moderate,correct,1.1911271947460127,12
Qwen-3-Coder-30B,427,moderate,correct,1.162666335032956,13
Qwen-3-Coder-30B,427,moderate,correct,1.5854066097289268,14
Qwen-3-Coder-30B,427,moderate,correct,1.282198670738279,15
Qwen-3-Coder-30B,427,moderate,correct,1.0485800778434482,16
Qwen-3-Coder-30B,427,moderate,correct,1.4293695131683959,17
Qwen-3-Coder-30B,427,moderate,correct,1.578102453102453,18
Qwen-3-Coder-30B,427,moderate,correct,1.031284248281359,19
Qwen-3-Coder-30B,427,moderate,correct,0.9335849946915182,20
Qwen-3-Coder-30B,427,moderate,correct,1.443424212459387,21
Qwen-3-Coder-30B,427,moderate,correct,1.4701415965524318,22
Qwen-3-Coder-30B,427,moderate,correct,0.027077103643358972,23
Qwen-3-Coder-30B,427,moderate,correct,1.3251360991177024,24
Qwen-3-Coder-30B,427,moderate,correct,9.458039797305648,25
Qwen-3-Coder-30B,427,moderate,correct,1.5424102666934028,26
Qwen-3-Coder-30B,427,moderate,correct,0.8681831160178929,27
Qwen-3-Coder-30B,427,moderate,correct,2.2591899251191285,28
Qwen-3-Coder-30B,427,moderate,correct,0.8304108216432866,29
Qwen-3-Coder-30B,427,moderate,correct,1.483215414722264,30
Qwen-3-Coder-30B,427,moderate,correct,1.2866791744840524,31
Qwen-3-Coder-30B,427,moderate,correct,1.8434813125109668,32
Qwen-3-Coder-30B,427,moderate,correct,1.2413346290897311,33
Qwen-3-Coder-30B,427,moderate,correct,1.32293152639087,34
Qwen-3-Coder-30B,427,moderate,correct,1.4278523489932886,35
Qwen-3-Coder-30B,427,moderate,correct,1.283856022808268,36
Qwen-3-Coder-30B,427,moderate,correct,1.2997590361445783,37
Qwen-3-Coder-30B,427,moderate,correct,1.2419157489949308,38
Qwen-3-Coder-30B,427,moderate,correct,1.0800873680378595,39
Qwen-3-Coder-30B,427,moderate,correct,1.4487992315081653,40
Qwen-3-Coder-30B,427,moderate,correct,1.0386105210546046,41
Qwen-3-Coder-30B,427,moderate,correct,1.2658038825286213,42
Qwen-3-Coder-30B,427,moderate,correct,1.4687564446277583,43
Qwen-3-Coder-30B,427,moderate,correct,1.5179466613194306,44
Qwen-3-Coder-30B,427,moderate,correct,1.1154903758020165,45
Qwen-3-Coder-30B,427,moderate,correct,1.6696843082636954,46
Qwen-3-Coder-30B,427,moderate,correct,1.2737735577614733,47
Qwen-3-Coder-30B,427,moderate,correct,1.4045118630882925,48
Qwen-3-Coder-30B,427,moderate,correct,1.2660550458715596,49
Qwen-3-Coder-30B,427,moderate,correct,0.9751777807594257,50
Qwen-3-Coder-30B,732,moderate,hallucination,,1
Qwen-3-Coder-30B,732,moderate,hallucination,,2
Qwen-3-Coder-30B,732,moderate,hallucination,,3
Qwen-3-Coder-30B,732,moderate,hallucination,,4
Qwen-3-Coder-30B,732,moderate,hallucination,,5
Qwen-3-Coder-30B,732,moderate,hallucination,,6
Qwen-3-Coder-30B,732,moderate,hallucination,,7
Qwen-3-Coder-30B,732,moderate,hallucination,,8
Qwen-3-Coder-30B,732,moderate,hallucination,,9
Qwen-3-Coder-30B,732,moderate,hallucination,,10
Qwen-3-Coder-30B,732,moderate,hallucination,,11
Qwen-3-Coder-30B,732,moderate,hallucination,,12
Qwen-3-Coder-30B,732,moderate,hallucination,,13
Qwen-3-Coder-30B,732,moderate,hallucination,,14
Qwen-3-Coder-30B,732,moderate,hallucination,,15
Qwen-3-Coder-30B,732,moderate,hallucination,,16
Qwen-3-Coder-30B,732,moderate,hallucination,,17
Qwen-3-Coder-30B,732,moderate,hallucination,,18
Qwen-3-Coder-30B,732,moderate,hallucination,,19
Qwen-3-Coder-30B,732,moderate,hallucination,,20
Qwen-3-Coder-30B,732,moderate,hallucination,,21
Qwen-3-Coder-30B,732,moderate,hallucination,,22
Qwen-3-Coder-30B,732,moderate,hallucination,,23
Qwen-3-Coder-30B,732,moderate,hallucination,,24
Qwen-3-Coder-30B,732,moderate,hallucination,,25
Qwen-3-Coder-30B,732,moderate,hallucination,,26
Qwen-3-Coder-30B,732,moderate,hallucination,,27
Qwen-3-Coder-30B,732,moderate,hallucination,,28
Qwen-3-Coder-30B,732,moderate,hallucination,,29
Qwen-3-Coder-30B,732,moderate,hallucination,,30
Qwen-3-Coder-30B,732,moderate,hallucination,,31
Qwen-3-Coder-30B,732,moderate,hallucination,,32
Qwen-3-Coder-30B,732,moderate,hallucination,,33
Qwen-3-Coder-30B,732,moderate,hallucination,,34
Qwen-3-Coder-30B,732,moderate,hallucination,,35
Qwen-3-Coder-30B,732,moderate,hallucination,,36
Qwen-3-Coder-30B,732,moderate,hallucination,,37
Qwen-3-Coder-30B,732,moderate,hallucination,,38
Qwen-3-Coder-30B,732,moderate,hallucination,,39
Qwen-3-Coder-30B,732,moderate,hallucination,,40
Qwen-3-Coder-30B,732,moderate,hallucination,,41
Qwen-3-Coder-30B,732,moderate,hallucination,,42
Qwen-3-Coder-30B,732,moderate,hallucination,,43
Qwen-3-Coder-30B,732,moderate,hallucination,,44
Qwen-3-Coder-30B,732,moderate,hallucination,,45
Qwen-3-Coder-30B,732,moderate,hallucination,,46
Qwen-3-Coder-30B,732,moderate,hallucination,,47
Qwen-3-Coder-30B,732,moderate,hallucination,,48
Qwen-3-Coder-30B,732,moderate,hallucination,,49
Qwen-3-Coder-30B,732,moderate,hallucination,,50
Qwen-3-Coder-30B,1098,moderate,correct,17.530871239127336,1
Qwen-3-Coder-30B,1098,moderate,correct,1.0560515873015872,2
Qwen-3-Coder-30B,1098,moderate,correct,2.914822266934943,3
Qwen-3-Coder-30B,1098,moderate,correct,0.8549979846835953,4
Qwen-3-Coder-30B,1098,moderate,correct,0.9607740585774058,5
Qwen-3-Coder-30B,1098,moderate,correct,0.6610951814812225,6
Qwen-3-Coder-30B,1098,moderate,correct,1.219298245614035,7
Qwen-3-Coder-30B,1098,moderate,correct,2.2411840828210936,8
Qwen-3-Coder-30B,1098,moderate,correct,0.8621364653243848,9
Qwen-3-Coder-30B,1098,moderate,correct,1.1397905759162303,10
Qwen-3-Coder-30B,1098,moderate,correct,1.165671117357695,11
Qwen-3-Coder-30B,1098,moderate,correct,1.2579237777492622,12
Qwen-3-Coder-30B,1098,moderate,correct,1.1561500925458523,13
Qwen-3-Coder-30B,1098,moderate,correct,1.2384273504273504,14
Qwen-3-Coder-30B,1098,moderate,correct,1.152432868968302,15
Qwen-3-Coder-30B,1098,moderate,correct,1.1568845177664975,16
Qwen-3-Coder-30B,1098,moderate,correct,1.1334194798901631,17
Qwen-3-Coder-30B,1098,moderate,correct,1.2064658339456282,18
Qwen-3-Coder-30B,1098,moderate,correct,1.1513466550825369,19
Qwen-3-Coder-30B,1098,moderate,correct,0.9684283452098179,20
Qwen-3-Coder-30B,1098,moderate,correct,1.180857310628303,21
Qwen-3-Coder-30B,1098,moderate,correct,1.121731289449955,22
Qwen-3-Coder-30B,1098,moderate,correct,1.0789293067947838,23
Qwen-3-Coder-30B,1098,moderate,correct,1.2751226603670724,24
Qwen-3-Coder-30B,1098,moderate,correct,1.9359075092602986,25
Qwen-3-Coder-30B,1098,moderate,correct,1.2048346055979644,26
Qwen-3-Coder-30B,1098,moderate,correct,1.1079159935379645,27
Qwen-3-Coder-30B,1098,moderate,correct,1.0757162346521145,28
Qwen-3-Coder-30B,1098,moderate,correct,1.281101340637163,29
Qwen-3-Coder-30B,1098,moderate,correct,1.1741194104421684,30
Qwen-3-Coder-30B,1098,moderate,correct,0.9271054493984431,31
Qwen-3-Coder-30B,1098,moderate,correct,0.7602032030308249,32
Qwen-3-Coder-30B,1098,moderate,correct,1.0563002680965148,33
Qwen-3-Coder-30B,1098,moderate,correct,1.5412199630314234,34
Qwen-3-Coder-30B,1098,moderate,correct,1.1944660950896338,35
Qwen-3-Coder-30B,1098,moderate,correct,1.4775098956459158,36
Qwen-3-Coder-30B,1098,moderate,correct,5.122790253225036,37
Qwen-3-Coder-30B,1098,moderate,correct,0.15377317179973726,38
Qwen-3-Coder-30B,1098,moderate,correct,1.9114437959908652,39
Qwen-3-Coder-30B,1098,moderate,correct,0.6564961382580102,40
Qwen-3-Coder-30B,1098,moderate,correct,1.258848671029785,41
Qwen-3-Coder-30B,1098,moderate,correct,1.2180801491146318,42
Qwen-3-Coder-30B,1098,moderate,correct,1.2881757824849827,43
Qwen-3-Coder-30B,1098,moderate,correct,1.1794314684048524,44
Qwen-3-Coder-30B,1098,moderate,correct,1.4778067885117494,45
Qwen-3-Coder-30B,1098,moderate,correct,1.1338784672118005,46
Qwen-3-Coder-30B,1098,moderate,correct,1.0696801566579635,47
Qwen-3-Coder-30B,1098,moderate,correct,1.1006402561024409,48
Qwen-3-Coder-30B,1098,moderate,correct,1.3888403008570929,49
Qwen-3-Coder-30B,1098,moderate,correct,1.1716334858414739,50
Qwen-3-Coder-30B,1440,moderate,semantic,,1
Qwen-3-Coder-30B,1440,moderate,semantic,,2
Qwen-3-Coder-30B,1440,moderate,semantic,,3
Qwen-3-Coder-30B,1440,moderate,semantic,,4
Qwen-3-Coder-30B,1440,moderate,semantic,,5
Qwen-3-Coder-30B,1440,moderate,semantic,,6
Qwen-3-Coder-30B,1440,moderate,semantic,,7
Qwen-3-Coder-30B,1440,moderate,semantic,,8
Qwen-3-Coder-30B,1440,moderate,semantic,,9
Qwen-3-Coder-30B,1440,moderate,semantic,,10
Qwen-3-Coder-30B,1440,moderate,semantic,,11
Qwen-3-Coder-30B,1440,moderate,semantic,,12
Qwen-3-Coder-30B,1440,moderate,semantic,,13
Qwen-3-Coder-30B,1440,moderate,semantic,,14
Qwen-3-Coder-30B,1440,moderate,semantic,,15
Qwen-3-Coder-30B,1440,moderate,semantic,,16
Qwen-3-Coder-30B,1440,moderate,semantic,,17
Qwen-3-Coder-30B,1440,moderate,semantic,,18
Qwen-3-Coder-30B,1440,moderate,semantic,,19
Qwen-3-Coder-30B,1440,moderate,semantic,,20
Qwen-3-Coder-30B,1440,moderate,semantic,,21
Qwen-3-Coder-30B,1440,moderate,semantic,,22
Qwen-3-Coder-30B,1440,moderate,semantic,,23
Qwen-3-Coder-30B,1440,moderate,semantic,,24
Qwen-3-Coder-30B,1440,moderate,semantic,,25
Qwen-3-Coder-30B,1440,moderate,semantic,,26
Qwen-3-Coder-30B,1440,moderate,semantic,,27
Qwen-3-Coder-30B,1440,moderate,semantic,,28
Qwen-3-Coder-30B,1440,moderate,semantic,,29
Qwen-3-Coder-30B,1440,moderate,semantic,,30
Qwen-3-Coder-30B,1440,moderate,semantic,,31
Qwen-3-Coder-30B,1440,moderate,semantic,,32
Qwen-3-Coder-30B,1440,moderate,semantic,,33
Qwen-3-Coder-30B,1440,moderate,semantic,,34
Qwen-3-Coder-30B,1440,moderate,semantic,,35
Qwen-3-Coder-30B,1440,moderate,semantic,,36
Qwen-3-Coder-30B,1440,moderate,semantic,,37
Qwen-3-Coder-30B,1440,moderate,semantic,,38
Qwen-3-Coder-30B,1440,moderate,semantic,,39
Qwen-3-Coder-30B,1440,moderate,semantic,,40
Qwen-3-Coder-30B,1440,moderate,semantic,,41
Qwen-3-Coder-30B,1440,moderate,semantic,,42
Qwen-3-Coder-30B,1440,moderate,semantic,,43
Qwen-3-Coder-30B,1440,moderate,semantic,,44
Qwen-3-Coder-30B,1440,moderate,semantic,,45
Qwen-3-Coder-30B,1440,moderate,semantic,,46
Qwen-3-Coder-30B,1440,moderate,semantic,,47
Qwen-3-Coder-30B,1440,moderate,semantic,,48
Qwen-3-Coder-30B,1440,moderate,semantic,,49
Qwen-3-Coder-30B,1440,moderate,semantic,,50
Qwen-3-Coder-30B,1146,moderate,hallucination,,1
Qwen-3-Coder-30B,1146,moderate,hallucination,,2
Qwen-3-Coder-30B,1146,moderate,hallucination,,3
Qwen-3-Coder-30B,1146,moderate,hallucination,,4
Qwen-3-Coder-30B,1146,moderate,hallucination,,5
Qwen-3-Coder-30B,1146,moderate,hallucination,,6
Qwen-3-Coder-30B,1146,moderate,hallucination,,7
Qwen-3-Coder-30B,1146,moderate,hallucination,,8
Qwen-3-Coder-30B,1146,moderate,hallucination,,9
Qwen-3-Coder-30B,1146,moderate,hallucination,,10
Qwen-3-Coder-30B,1146,moderate,hallucination,,11
Qwen-3-Coder-30B,1146,moderate,hallucination,,12
Qwen-3-Coder-30B,1146,moderate,hallucination,,13
Qwen-3-Coder-30B,1146,moderate,hallucination,,14
Qwen-3-Coder-30B,1146,moderate,hallucination,,15
Qwen-3-Coder-30B,1146,moderate,hallucination,,16
Qwen-3-Coder-30B,1146,moderate,hallucination,,17
Qwen-3-Coder-30B,1146,moderate,hallucination,,18
Qwen-3-Coder-30B,1146,moderate,hallucination,,19
Qwen-3-Coder-30B,1146,moderate,hallucination,,20
Qwen-3-Coder-30B,1146,moderate,hallucination,,21
Qwen-3-Coder-30B,1146,moderate,hallucination,,22
Qwen-3-Coder-30B,1146,moderate,hallucination,,23
Qwen-3-Coder-30B,1146,moderate,hallucination,,24
Qwen-3-Coder-30B,1146,moderate,hallucination,,25
Qwen-3-Coder-30B,1146,moderate,hallucination,,26
Qwen-3-Coder-30B,1146,moderate,hallucination,,27
Qwen-3-Coder-30B,1146,moderate,hallucination,,28
Qwen-3-Coder-30B,1146,moderate,hallucination,,29
Qwen-3-Coder-30B,1146,moderate,hallucination,,30
Qwen-3-Coder-30B,1146,moderate,hallucination,,31
Qwen-3-Coder-30B,1146,moderate,hallucination,,32
Qwen-3-Coder-30B,1146,moderate,hallucination,,33
Qwen-3-Coder-30B,1146,moderate,hallucination,,34
Qwen-3-Coder-30B,1146,moderate,hallucination,,35
Qwen-3-Coder-30B,1146,moderate,hallucination,,36
Qwen-3-Coder-30B,1146,moderate,hallucination,,37
Qwen-3-Coder-30B,1146,moderate,hallucination,,38
Qwen-3-Coder-30B,1146,moderate,hallucination,,39
Qwen-3-Coder-30B,1146,moderate,hallucination,,40
Qwen-3-Coder-30B,1146,moderate,hallucination,,41
Qwen-3-Coder-30B,1146,moderate,hallucination,,42
Qwen-3-Coder-30B,1146,moderate,hallucination,,43
Qwen-3-Coder-30B,1146,moderate,hallucination,,44
Qwen-3-Coder-30B,1146,moderate,hallucination,,45
Qwen-3-Coder-30B,1146,moderate,hallucination,,46
Qwen-3-Coder-30B,1146,moderate,hallucination,,47
Qwen-3-Coder-30B,1146,moderate,hallucination,,48
Qwen-3-Coder-30B,1146,moderate,hallucination,,49
Qwen-3-Coder-30B,1146,moderate,hallucination,,50
Qwen-3-Coder-30B,1395,moderate,correct,3.9663705583756346,1
Qwen-3-Coder-30B,1395,moderate,correct,1.622693096377307,2
Qwen-3-Coder-30B,1395,moderate,correct,0.8233299423533401,3
Qwen-3-Coder-30B,1395,moderate,correct,1.166744730679157,4
Qwen-3-Coder-30B,1395,moderate,correct,1.689291101055807,5
Qwen-3-Coder-30B,1395,moderate,correct,1.2437943262411348,6
Qwen-3-Coder-30B,1395,moderate,correct,1.1596873255164712,7
Qwen-3-Coder-30B,1395,moderate,correct,1.7294117647058824,8
Qwen-3-Coder-30B,1395,moderate,correct,1.5400874635568513,9
Qwen-3-Coder-30B,1395,moderate,correct,1.4049640757674722,10
Qwen-3-Coder-30B,1395,moderate,correct,1.4287425149700599,11
Qwen-3-Coder-30B,1395,moderate,correct,1.841399416909621,12
Qwen-3-Coder-30B,1395,moderate,correct,1.207924391130498,13
Qwen-3-Coder-30B,1395,moderate,correct,1.5879194630872484,14
Qwen-3-Coder-30B,1395,moderate,correct,1.3564814814814814,15
Qwen-3-Coder-30B,1395,moderate,correct,1.6234396671289875,16
Qwen-3-Coder-30B,1395,moderate,correct,1.2788717402873868,17
Qwen-3-Coder-30B,1395,moderate,correct,1.6097383720930232,18
Qwen-3-Coder-30B,1395,moderate,correct,0.8894472361809045,19
Qwen-3-Coder-30B,1395,moderate,correct,1.6567272727272728,20
Qwen-3-Coder-30B,1395,moderate,correct,1.7190721649484537,21
Qwen-3-Coder-30B,1395,moderate,correct,0.9507936507936507,22
Qwen-3-Coder-30B,1395,moderate,correct,1.6869565217391305,23
Qwen-3-Coder-30B,1395,moderate,correct,1.388592750533049,24
Qwen-3-Coder-30B,1395,moderate,correct,1.7342857142857142,25
Qwen-3-Coder-30B,1395,moderate,correct,1.5017103762827821,26
Qwen-3-Coder-30B,1395,moderate,correct,1.34968625213919,27
Qwen-3-Coder-30B,1395,moderate,correct,1.4550649350649352,28
Qwen-3-Coder-30B,1395,moderate,correct,1.8782608695652174,29
Qwen-3-Coder-30B,1395,moderate,correct,1.294646873594242,30
Qwen-3-Coder-30B,1395,moderate,correct,1.8572418572418572,31
Qwen-3-Coder-30B,1395,moderate,correct,1.6350777934936351,32
Qwen-3-Coder-30B,1395,moderate,correct,1.3908659549228943,33
Qwen-3-Coder-30B,1395,moderate,correct,2.869757174392936,34
Qwen-3-Coder-30B,1395,moderate,correct,2.027834008097166,35
Qwen-3-Coder-30B,1395,moderate,correct,1.8827067669172932,36
Qwen-3-Coder-30B,1395,moderate,correct,1.6126453488372092,37
Qwen-3-Coder-30B,1395,moderate,correct,1.5410225921521998,38
Qwen-3-Coder-30B,1395,moderate,correct,1.2907651715039579,39
Qwen-3-Coder-30B,1395,moderate,correct,1.597310686482661,40
Qwen-3-Coder-30B,1395,moderate,correct,1.537706928264868,41
Qwen-3-Coder-30B,1395,moderate,correct,1.0924927416009955,42
Qwen-3-Coder-30B,1395,moderate,correct,1.644224830142063,43
Qwen-3-Coder-30B,1395,moderate,correct,1.1270588235294117,44
Qwen-3-Coder-30B,1395,moderate,correct,1.6693548387096775,45
Qwen-3-Coder-30B,1395,moderate,correct,1.6067094932191293,46
Qwen-3-Coder-30B,1395,moderate,correct,1.5722070844686649,47
Qwen-3-Coder-30B,1395,moderate,correct,1.3599320882852293,48
Qwen-3-Coder-30B,1395,moderate,correct,1.5965770171149145,49
Qwen-3-Coder-30B,1395,moderate,correct,1.6862967157417894,50
Qwen-3-Coder-30B,1121,moderate,semantic,,1
Qwen-3-Coder-30B,1121,moderate,hallucination,,2
Qwen-3-Coder-30B,1121,moderate,syntactic,,3
Qwen-3-Coder-30B,1121,moderate,syntactic,,4
Qwen-3-Coder-30B,1121,moderate,syntactic,,5
Qwen-3-Coder-30B,1121,moderate,syntactic,,6
Qwen-3-Coder-30B,1121,moderate,syntactic,,7
Qwen-3-Coder-30B,1121,moderate,syntactic,,8
Qwen-3-Coder-30B,1121,moderate,syntactic,,9
Qwen-3-Coder-30B,1121,moderate,syntactic,,10
Qwen-3-Coder-30B,1121,moderate,syntactic,,11
Qwen-3-Coder-30B,1121,moderate,syntactic,,12
Qwen-3-Coder-30B,1121,moderate,syntactic,,13
Qwen-3-Coder-30B,1121,moderate,syntactic,,14
Qwen-3-Coder-30B,1121,moderate,syntactic,,15
Qwen-3-Coder-30B,1121,moderate,syntactic,,16
Qwen-3-Coder-30B,1121,moderate,syntactic,,17
Qwen-3-Coder-30B,1121,moderate,syntactic,,18
Qwen-3-Coder-30B,1121,moderate,syntactic,,19
Qwen-3-Coder-30B,1121,moderate,syntactic,,20
Qwen-3-Coder-30B,1121,moderate,syntactic,,21
Qwen-3-Coder-30B,1121,moderate,syntactic,,22
Qwen-3-Coder-30B,1121,moderate,syntactic,,23
Qwen-3-Coder-30B,1121,moderate,syntactic,,24
Qwen-3-Coder-30B,1121,moderate,syntactic,,25
Qwen-3-Coder-30B,1121,moderate,syntactic,,26
Qwen-3-Coder-30B,1121,moderate,syntactic,,27
Qwen-3-Coder-30B,1121,moderate,syntactic,,28
Qwen-3-Coder-30B,1121,moderate,syntactic,,29
Qwen-3-Coder-30B,1121,moderate,syntactic,,30
Qwen-3-Coder-30B,1121,moderate,syntactic,,31
Qwen-3-Coder-30B,1121,moderate,syntactic,,32
Qwen-3-Coder-30B,1121,moderate,syntactic,,33
Qwen-3-Coder-30B,1121,moderate,syntactic,,34
Qwen-3-Coder-30B,1121,moderate,syntactic,,35
Qwen-3-Coder-30B,1121,moderate,syntactic,,36
Qwen-3-Coder-30B,1121,moderate,syntactic,,37
Qwen-3-Coder-30B,1121,moderate,syntactic,,38
Qwen-3-Coder-30B,1121,moderate,syntactic,,39
Qwen-3-Coder-30B,1121,moderate,syntactic,,40
Qwen-3-Coder-30B,1121,moderate,syntactic,,41
Qwen-3-Coder-30B,1121,moderate,syntactic,,42
Qwen-3-Coder-30B,1121,moderate,syntactic,,43
Qwen-3-Coder-30B,1121,moderate,syntactic,,44
Qwen-3-Coder-30B,1121,moderate,syntactic,,45
Qwen-3-Coder-30B,1121,moderate,syntactic,,46
Qwen-3-Coder-30B,1121,moderate,syntactic,,47
Qwen-3-Coder-30B,1121,moderate,syntactic,,48
Qwen-3-Coder-30B,1121,moderate,syntactic,,49
Qwen-3-Coder-30B,1121,moderate,syntactic,,50
Qwen-3-Coder-30B,1548,Moderate,semantic,,1
Qwen-3-Coder-30B,1548,Moderate,semantic,,2
Qwen-3-Coder-30B,1548,Moderate,semantic,,3
Qwen-3-Coder-30B,1548,Moderate,semantic,,4
Qwen-3-Coder-30B,1548,Moderate,semantic,,5
Qwen-3-Coder-30B,1548,Moderate,semantic,,6
Qwen-3-Coder-30B,1548,Moderate,semantic,,7
Qwen-3-Coder-30B,1548,Moderate,semantic,,8
Qwen-3-Coder-30B,1548,Moderate,semantic,,9
Qwen-3-Coder-30B,1548,Moderate,semantic,,10
Qwen-3-Coder-30B,1548,Moderate,semantic,,11
Qwen-3-Coder-30B,1548,Moderate,semantic,,12
Qwen-3-Coder-30B,1548,Moderate,semantic,,13
Qwen-3-Coder-30B,1548,Moderate,semantic,,14
Qwen-3-Coder-30B,1548,Moderate,semantic,,15
Qwen-3-Coder-30B,1548,Moderate,semantic,,16
Qwen-3-Coder-30B,1548,Moderate,semantic,,17
Qwen-3-Coder-30B,1548,Moderate,semantic,,18
Qwen-3-Coder-30B,1548,Moderate,semantic,,19
Qwen-3-Coder-30B,1548,Moderate,semantic,,20
Qwen-3-Coder-30B,1548,Moderate,semantic,,21
Qwen-3-Coder-30B,1548,Moderate,semantic,,22
Qwen-3-Coder-30B,1548,Moderate,semantic,,23
Qwen-3-Coder-30B,1548,Moderate,semantic,,24
Qwen-3-Coder-30B,1548,Moderate,semantic,,25
Qwen-3-Coder-30B,1548,Moderate,semantic,,26
Qwen-3-Coder-30B,1548,Moderate,semantic,,27
Qwen-3-Coder-30B,1548,Moderate,semantic,,28
Qwen-3-Coder-30B,1548,Moderate,semantic,,29
Qwen-3-Coder-30B,1548,Moderate,semantic,,30
Qwen-3-Coder-30B,1548,Moderate,semantic,,31
Qwen-3-Coder-30B,1548,Moderate,semantic,,32
Qwen-3-Coder-30B,1548,Moderate,semantic,,33
Qwen-3-Coder-30B,1548,Moderate,semantic,,34
Qwen-3-Coder-30B,1548,Moderate,semantic,,35
Qwen-3-Coder-30B,1548,Moderate,semantic,,36
Qwen-3-Coder-30B,1548,Moderate,semantic,,37
Qwen-3-Coder-30B,1548,Moderate,semantic,,38
Qwen-3-Coder-30B,1548,Moderate,semantic,,39
Qwen-3-Coder-30B,1548,Moderate,semantic,,40
Qwen-3-Coder-30B,1548,Moderate,semantic,,41
Qwen-3-Coder-30B,1548,Moderate,semantic,,42
Qwen-3-Coder-30B,1548,Moderate,semantic,,43
Qwen-3-Coder-30B,1548,Moderate,semantic,,44
Qwen-3-Coder-30B,1548,Moderate,semantic,,45
Qwen-3-Coder-30B,1548,Moderate,semantic,,46
Qwen-3-Coder-30B,1548,Moderate,semantic,,47
Qwen-3-Coder-30B,1548,Moderate,semantic,,48
Qwen-3-Coder-30B,1548,Moderate,semantic,,49
Qwen-3-Coder-30B,1548,Moderate,semantic,,50
Qwen-3-Coder-30B,1529,moderate,semantic,,1
Qwen-3-Coder-30B,1529,moderate,semantic,,2
Qwen-3-Coder-30B,1529,moderate,semantic,,3
Qwen-3-Coder-30B,1529,moderate,semantic,,4
Qwen-3-Coder-30B,1529,moderate,semantic,,5
Qwen-3-Coder-30B,1529,moderate,semantic,,6
Qwen-3-Coder-30B,1529,moderate,semantic,,7
Qwen-3-Coder-30B,1529,moderate,semantic,,8
Qwen-3-Coder-30B,1529,moderate,semantic,,9
Qwen-3-Coder-30B,1529,moderate,semantic,,10
Qwen-3-Coder-30B,1529,moderate,semantic,,11
Qwen-3-Coder-30B,1529,moderate,semantic,,12
Qwen-3-Coder-30B,1529,moderate,semantic,,13
Qwen-3-Coder-30B,1529,moderate,semantic,,14
Qwen-3-Coder-30B,1529,moderate,semantic,,15
Qwen-3-Coder-30B,1529,moderate,semantic,,16
Qwen-3-Coder-30B,1529,moderate,semantic,,17
Qwen-3-Coder-30B,1529,moderate,semantic,,18
Qwen-3-Coder-30B,1529,moderate,semantic,,19
Qwen-3-Coder-30B,1529,moderate,semantic,,20
Qwen-3-Coder-30B,1529,moderate,semantic,,21
Qwen-3-Coder-30B,1529,moderate,semantic,,22
Qwen-3-Coder-30B,1529,moderate,semantic,,23
Qwen-3-Coder-30B,1529,moderate,semantic,,24
Qwen-3-Coder-30B,1529,moderate,semantic,,25
Qwen-3-Coder-30B,1529,moderate,semantic,,26
Qwen-3-Coder-30B,1529,moderate,semantic,,27
Qwen-3-Coder-30B,1529,moderate,semantic,,28
Qwen-3-Coder-30B,1529,moderate,semantic,,29
Qwen-3-Coder-30B,1529,moderate,semantic,,30
Qwen-3-Coder-30B,1529,moderate,semantic,,31
Qwen-3-Coder-30B,1529,moderate,semantic,,32
Qwen-3-Coder-30B,1529,moderate,semantic,,33
Qwen-3-Coder-30B,1529,moderate,semantic,,34
Qwen-3-Coder-30B,1529,moderate,semantic,,35
Qwen-3-Coder-30B,1529,moderate,semantic,,36
Qwen-3-Coder-30B,1529,moderate,semantic,,37
Qwen-3-Coder-30B,1529,moderate,semantic,,38
Qwen-3-Coder-30B,1529,moderate,semantic,,39
Qwen-3-Coder-30B,1529,moderate,semantic,,40
Qwen-3-Coder-30B,1529,moderate,semantic,,41
Qwen-3-Coder-30B,1529,moderate,semantic,,42
Qwen-3-Coder-30B,1529,moderate,semantic,,43
Qwen-3-Coder-30B,1529,moderate,semantic,,44
Qwen-3-Coder-30B,1529,moderate,semantic,,45
Qwen-3-Coder-30B,1529,moderate,semantic,,46
Qwen-3-Coder-30B,1529,moderate,semantic,,47
Qwen-3-Coder-30B,1529,moderate,semantic,,48
Qwen-3-Coder-30B,1529,moderate,semantic,,49
Qwen-3-Coder-30B,1529,moderate,semantic,,50
Qwen-3-Coder-30B,270,moderate,semantic,,1
Qwen-3-Coder-30B,270,moderate,correct,4.7532593889861845,2
Qwen-3-Coder-30B,270,moderate,correct,2.5399636693914625,3
Qwen-3-Coder-30B,270,moderate,correct,2.765594902948585,4
Qwen-3-Coder-30B,270,moderate,correct,2.5374019919474464,5
Qwen-3-Coder-30B,270,moderate,correct,2.3000942507068802,6
Qwen-3-Coder-30B,270,moderate,correct,2.625304927630509,7
Qwen-3-Coder-30B,270,moderate,correct,2.372249388753056,8
Qwen-3-Coder-30B,270,moderate,correct,2.4196078431372547,9
Qwen-3-Coder-30B,270,moderate,correct,2.5546599496221662,10
Qwen-3-Coder-30B,270,moderate,correct,2.668683812405446,11
Qwen-3-Coder-30B,270,moderate,correct,2.203362255965293,12
Qwen-3-Coder-30B,270,moderate,correct,3.003771213073539,13
Qwen-3-Coder-30B,270,moderate,correct,1.25562435500516,14
Qwen-3-Coder-30B,270,moderate,correct,3.564468766684463,15
Qwen-3-Coder-30B,270,moderate,correct,2.5441560703710153,16
Qwen-3-Coder-30B,270,moderate,correct,2.7663934426229506,17
Qwen-3-Coder-30B,270,moderate,correct,2.245864232743868,18
Qwen-3-Coder-30B,270,moderate,correct,2.327006327006327,19
Qwen-3-Coder-30B,270,moderate,correct,1.9441535776614312,20
Qwen-3-Coder-30B,270,moderate,correct,2.4896051878695404,21
Qwen-3-Coder-30B,270,moderate,correct,2.911431198283788,22
Qwen-3-Coder-30B,270,moderate,correct,2.565123323236694,23
Qwen-3-Coder-30B,270,moderate,correct,7.439437155352729,24
Qwen-3-Coder-30B,270,moderate,correct,2.0293222683264176,25
Qwen-3-Coder-30B,270,moderate,correct,3.8249537322640346,26
Qwen-3-Coder-30B,270,moderate,correct,1.8568571428571428,27
Qwen-3-Coder-30B,270,moderate,correct,2.4447979041916166,28
Qwen-3-Coder-30B,270,moderate,correct,2.3398221178050007,29
Qwen-3-Coder-30B,270,moderate,correct,2.5182031083670426,30
Qwen-3-Coder-30B,270,moderate,correct,2.422595576890108,31
Qwen-3-Coder-30B,270,moderate,correct,1.7457064511473517,32
Qwen-3-Coder-30B,270,moderate,correct,2.6309178743961352,33
Qwen-3-Coder-30B,270,moderate,correct,1.8158838128504458,34
Qwen-3-Coder-30B,270,moderate,correct,3.8718466195761856,35
Qwen-3-Coder-30B,270,moderate,correct,0.06853735531392494,36
Qwen-3-Coder-30B,270,moderate,correct,1.4368082639401285,37
Qwen-3-Coder-30B,270,moderate,correct,2.371981602146416,38
Qwen-3-Coder-30B,270,moderate,correct,5.724205315268369,39
Qwen-3-Coder-30B,270,moderate,correct,2.391653290529695,40
Qwen-3-Coder-30B,270,moderate,correct,2.755061460592914,41
Qwen-3-Coder-30B,270,moderate,correct,2.290189457887826,42
Qwen-3-Coder-30B,270,moderate,correct,2.2579471466870933,43
Qwen-3-Coder-30B,270,moderate,correct,2.629419191919192,44
Qwen-3-Coder-30B,270,moderate,correct,2.32008783854439,45
Qwen-3-Coder-30B,270,moderate,correct,2.3792537925379253,46
Qwen-3-Coder-30B,270,moderate,correct,2.0954321616573273,47
Qwen-3-Coder-30B,270,moderate,correct,2.9422848076160255,48
Qwen-3-Coder-30B,270,moderate,correct,2.0541483391475808,49
Qwen-3-Coder-30B,270,moderate,correct,2.5119554536521456,50
Qwen-3-Coder-30B,1164,moderate,correct,11.001198083067093,1
Qwen-3-Coder-30B,1164,moderate,correct,2.150474469046543,2
Qwen-3-Coder-30B,1164,moderate,correct,1.2758620689655173,3
Qwen-3-Coder-30B,1164,moderate,correct,1.3448589626933576,4
Qwen-3-Coder-30B,1164,moderate,correct,1.1221542227662178,5
Qwen-3-Coder-30B,1164,moderate,correct,0.9683588317107094,6
Qwen-3-Coder-30B,1164,moderate,correct,1.2050442188011792,7
Qwen-3-Coder-30B,1164,moderate,correct,1.1261922230374175,8
Qwen-3-Coder-30B,1164,moderate,correct,1.1154855643044619,9
Qwen-3-Coder-30B,1164,moderate,correct,0.6237980769230769,10
Qwen-3-Coder-30B,1164,moderate,correct,0.9595660749506904,11
Qwen-3-Coder-30B,1164,moderate,correct,1.1650655021834062,12
Qwen-3-Coder-30B,1164,moderate,correct,1.093015873015873,13
Qwen-3-Coder-30B,1164,moderate,correct,0.8478332782004632,14
Qwen-3-Coder-30B,1164,moderate,correct,1.0069171807814545,15
Qwen-3-Coder-30B,1164,moderate,correct,0.22869608050102033,16
Qwen-3-Coder-30B,1164,moderate,correct,1.881115784812929,17
Qwen-3-Coder-30B,1164,moderate,correct,0.6340901612372492,18
Qwen-3-Coder-30B,1164,moderate,correct,1.2023968042609854,19
Qwen-3-Coder-30B,1164,moderate,correct,0.8221280032303654,20
Qwen-3-Coder-30B,1164,moderate,correct,0.8653619429379863,21
Qwen-3-Coder-30B,1164,moderate,correct,1.1782729805013927,22
Qwen-3-Coder-30B,1164,moderate,correct,1.260989010989011,23
Qwen-3-Coder-30B,1164,moderate,correct,1.2835051546391754,24
Qwen-3-Coder-30B,1164,moderate,correct,1.3273972602739725,25
Qwen-3-Coder-30B,1164,moderate,correct,1.0171562256303612,26
Qwen-3-Coder-30B,1164,moderate,correct,1.3028846153846154,27
Qwen-3-Coder-30B,1164,moderate,correct,1.0427152317880795,28
Qwen-3-Coder-30B,1164,moderate,correct,1.1981721981721982,29
Qwen-3-Coder-30B,1164,moderate,correct,1.2101113172541744,30
Qwen-3-Coder-30B,1164,moderate,correct,0.8577397532829287,31
Qwen-3-Coder-30B,1164,moderate,correct,1.1412505623031939,32
Qwen-3-Coder-30B,1164,moderate,correct,1.1699604743083003,33
Qwen-3-Coder-30B,1164,moderate,correct,0.5357837417347335,34
Qwen-3-Coder-30B,1164,moderate,correct,1.0175964058405091,35
Qwen-3-Coder-30B,1164,moderate,correct,0.6210736721873216,36
Qwen-3-Coder-30B,1164,moderate,correct,0.6638259292837715,37
Qwen-3-Coder-30B,1164,moderate,correct,1.2029053420805997,38
Qwen-3-Coder-30B,1164,moderate,correct,0.9975476839237057,39
Qwen-3-Coder-30B,1164,moderate,correct,1.0383526383526382,40
Qwen-3-Coder-30B,1164,moderate,correct,1.0215914604560892,41
Qwen-3-Coder-30B,1164,moderate,correct,1.388101983002833,42
Qwen-3-Coder-30B,1164,moderate,correct,0.7265603134620767,43
Qwen-3-Coder-30B,1164,moderate,correct,0.868584579976985,44
Qwen-3-Coder-30B,1164,moderate,correct,1.1966604823747682,45
Qwen-3-Coder-30B,1164,moderate,correct,0.9199906147348662,46
Qwen-3-Coder-30B,1164,moderate,correct,1.288010425716768,47
Qwen-3-Coder-30B,1164,moderate,correct,0.9604458827759799,48
Qwen-3-Coder-30B,1164,moderate,correct,1.2265846736045412,49
Qwen-3-Coder-30B,1164,moderate,correct,1.2378223495702005,50
Qwen-3-Coder-30B,1101,moderate,hallucination,,1
Qwen-3-Coder-30B,1101,moderate,correct,44.182619889025695,2
Qwen-3-Coder-30B,1101,moderate,correct,0.9914590709550022,3
Qwen-3-Coder-30B,1101,moderate,correct,1.0873652716196245,4
Qwen-3-Coder-30B,1101,moderate,correct,0.7720452645202671,5
Qwen-3-Coder-30B,1101,moderate,correct,0.6682906982133936,6
Qwen-3-Coder-30B,1101,moderate,correct,0.9408017769498084,7
Qwen-3-Coder-30B,1101,moderate,correct,0.9948537718087109,8
Qwen-3-Coder-30B,1101,moderate,correct,0.9441328247700247,9
Qwen-3-Coder-30B,1101,moderate,correct,0.5535064505458154,10
Qwen-3-Coder-30B,1101,moderate,correct,0.8904350607805502,11
Qwen-3-Coder-30B,1101,moderate,correct,1.1746770814100043,12
Qwen-3-Coder-30B,1101,moderate,correct,1.495666174275286,13
Qwen-3-Coder-30B,1101,moderate,correct,1.6580538302277432,14
Qwen-3-Coder-30B,1101,moderate,correct,0.983563832023204,15
Qwen-3-Coder-30B,1101,moderate,correct,0.9719035282506785,16
Qwen-3-Coder-30B,1101,moderate,correct,1.1089355000123045,17
Qwen-3-Coder-30B,1101,moderate,correct,0.9407982035316934,18
Qwen-3-Coder-30B,1101,moderate,correct,1.8541600939234235,19
Qwen-3-Coder-30B,1101,moderate,correct,0.9136575947577303,20
Qwen-3-Coder-30B,1101,moderate,correct,0.9909236601226615,21
Qwen-3-Coder-30B,1101,moderate,correct,1.7611363104980127,22
Qwen-3-Coder-30B,1101,moderate,correct,2.5965218324789996,23
Qwen-3-Coder-30B,1101,moderate,correct,0.8767732975860971,24
Qwen-3-Coder-30B,1101,moderate,correct,1.2591412796947372,25
Qwen-3-Coder-30B,1101,moderate,correct,0.6901808682473528,26
Qwen-3-Coder-30B,1101,moderate,correct,1.2877814407520594,27
Qwen-3-Coder-30B,1101,moderate,correct,0.885918089188037,28
Qwen-3-Coder-30B,1101,moderate,correct,1.035341904065693,29
Qwen-3-Coder-30B,1101,moderate,correct,0.9318944659933177,30
Qwen-3-Coder-30B,1101,moderate,correct,0.941532638652924,31
Qwen-3-Coder-30B,1101,moderate,correct,1.0604209320544302,32
Qwen-3-Coder-30B,1101,moderate,correct,1.005271844504623,33
Qwen-3-Coder-30B,1101,moderate,correct,1.4188855899586847,34
Qwen-3-Coder-30B,1101,moderate,correct,1.1324374146188916,35
Qwen-3-Coder-30B,1101,moderate,correct,0.7481393319905647,36
Qwen-3-Coder-30B,1101,moderate,correct,0.24351890785197527,37
Qwen-3-Coder-30B,1101,moderate,correct,1.1533063748810657,38
Qwen-3-Coder-30B,1101,moderate,correct,0.23486322367645324,39
Qwen-3-Coder-30B,1101,moderate,correct,2.3347922789403093,40
Qwen-3-Coder-30B,1101,moderate,correct,0.9698514269482953,41
Qwen-3-Coder-30B,1101,moderate,correct,1.0123286780013878,42
Qwen-3-Coder-30B,1101,moderate,correct,1.139509011963371,43
Qwen-3-Coder-30B,1101,moderate,correct,1.2569989642876909,44
Qwen-3-Coder-30B,1101,moderate,correct,0.9454145235165943,45
Qwen-3-Coder-30B,1101,moderate,correct,0.9502811712235796,46
Qwen-3-Coder-30B,1101,moderate,correct,1.3159727913456811,47
Qwen-3-Coder-30B,1101,moderate,correct,2.3343483275663206,48
Qwen-3-Coder-30B,1101,moderate,correct,2.532864405512498,49
Qwen-3-Coder-30B,1101,moderate,correct,1.104662761241292,50
Qwen-3-Coder-30B,508,moderate,correct,52.96953998420484,1
Qwen-3-Coder-30B,508,moderate,correct,0.29230010275092244,2
Qwen-3-Coder-30B,508,moderate,correct,0.3512627003386757,3
Qwen-3-Coder-30B,508,moderate,correct,1.1340345969399406,4
Qwen-3-Coder-30B,508,moderate,correct,1.0999411126249914,5
Qwen-3-Coder-30B,508,moderate,correct,3.8449713028394474,6
Qwen-3-Coder-30B,508,moderate,correct,1.0363340844446087,7
Qwen-3-Coder-30B,508,moderate,correct,1.0683297329278865,8
Qwen-3-Coder-30B,508,moderate,correct,0.2404157137857788,9
Qwen-3-Coder-30B,508,moderate,correct,0.32189836184184356,10
Qwen-3-Coder-30B,508,moderate,correct,4.149089173019828,11
Qwen-3-Coder-30B,508,moderate,correct,1.0485394411249924,12
Qwen-3-Coder-30B,508,moderate,correct,1.41113776201898,13
Qwen-3-Coder-30B,508,moderate,correct,1.1010017035775128,14
Qwen-3-Coder-30B,508,moderate,correct,1.0675405451824227,15
Qwen-3-Coder-30B,508,moderate,correct,1.3589277914434814,16
Qwen-3-Coder-30B,508,moderate,correct,1.0949391034155216,17
Qwen-3-Coder-30B,508,moderate,correct,1.100117085684363,18
Qwen-3-Coder-30B,508,moderate,correct,1.5602122959690452,19
Qwen-3-Coder-30B,508,moderate,correct,1.3756553273680476,20
Qwen-3-Coder-30B,508,moderate,correct,1.1079480200745717,21
Qwen-3-Coder-30B,508,moderate,correct,1.0428697723901283,22
Qwen-3-Coder-30B,508,moderate,correct,1.228361093368709,23
Qwen-3-Coder-30B,508,moderate,correct,1.3014899144833019,24
Qwen-3-Coder-30B,508,moderate,correct,1.0907907941024029,25
Qwen-3-Coder-30B,508,moderate,correct,1.4240066667514855,26
Qwen-3-Coder-30B,508,moderate,correct,1.1213235579347531,27
Qwen-3-Coder-30B,508,moderate,correct,1.0847733267439388,28
Qwen-3-Coder-30B,508,moderate,correct,1.0198835932756412,29
Qwen-3-Coder-30B,508,moderate,correct,0.8422154941346268,30
Qwen-3-Coder-30B,508,moderate,correct,1.0581102373135467,31
Qwen-3-Coder-30B,508,moderate,correct,1.0677659312655303,32
Qwen-3-Coder-30B,508,moderate,correct,1.1328997324704035,33
Qwen-3-Coder-30B,508,moderate,correct,1.3305447964950154,34
Qwen-3-Coder-30B,508,moderate,correct,1.0792010256247924,35
Qwen-3-Coder-30B,508,moderate,correct,0.34577530831829134,36
Qwen-3-Coder-30B,508,moderate,correct,1.0762632290920666,37
Qwen-3-Coder-30B,508,moderate,correct,1.1150912781198234,38
Qwen-3-Coder-30B,508,moderate,correct,1.006591608929946,39
Qwen-3-Coder-30B,508,moderate,correct,1.964425314552043,40
Qwen-3-Coder-30B,508,moderate,correct,1.027941686067226,41
Qwen-3-Coder-30B,508,moderate,correct,1.142987062516502,42
Qwen-3-Coder-30B,508,moderate,correct,1.1372262773722628,43
Qwen-3-Coder-30B,508,moderate,correct,1.301457627339131,44
Qwen-3-Coder-30B,508,moderate,correct,1.8810241854414287,45
Qwen-3-Coder-30B,508,moderate,correct,1.2861540668042843,46
Qwen-3-Coder-30B,508,moderate,correct,1.1566591754780238,47
Qwen-3-Coder-30B,508,moderate,correct,0.9303448901248376,48
Qwen-3-Coder-30B,508,moderate,correct,1.0278063926410632,49
Qwen-3-Coder-30B,508,moderate,correct,1.872580748015177,50
Qwen-3-Coder-30B,522,moderate,semantic,,1
Qwen-3-Coder-30B,522,moderate,semantic,,2
Qwen-3-Coder-30B,522,moderate,semantic,,3
Qwen-3-Coder-30B,522,moderate,semantic,,4
Qwen-3-Coder-30B,522,moderate,semantic,,5
Qwen-3-Coder-30B,522,moderate,semantic,,6
Qwen-3-Coder-30B,522,moderate,semantic,,7
Qwen-3-Coder-30B,522,moderate,semantic,,8
Qwen-3-Coder-30B,522,moderate,semantic,,9
Qwen-3-Coder-30B,522,moderate,semantic,,10
Qwen-3-Coder-30B,522,moderate,semantic,,11
Qwen-3-Coder-30B,522,moderate,semantic,,12
Qwen-3-Coder-30B,522,moderate,semantic,,13
Qwen-3-Coder-30B,522,moderate,semantic,,14
Qwen-3-Coder-30B,522,moderate,semantic,,15
Qwen-3-Coder-30B,522,moderate,semantic,,16
Qwen-3-Coder-30B,522,moderate,semantic,,17
Qwen-3-Coder-30B,522,moderate,semantic,,18
Qwen-3-Coder-30B,522,moderate,semantic,,19
Qwen-3-Coder-30B,522,moderate,semantic,,20
Qwen-3-Coder-30B,522,moderate,semantic,,21
Qwen-3-Coder-30B,522,moderate,semantic,,22
Qwen-3-Coder-30B,522,moderate,semantic,,23
Qwen-3-Coder-30B,522,moderate,semantic,,24
Qwen-3-Coder-30B,522,moderate,semantic,,25
Qwen-3-Coder-30B,522,moderate,semantic,,26
Qwen-3-Coder-30B,522,moderate,semantic,,27
Qwen-3-Coder-30B,522,moderate,semantic,,28
Qwen-3-Coder-30B,522,moderate,semantic,,29
Qwen-3-Coder-30B,522,moderate,semantic,,30
Qwen-3-Coder-30B,522,moderate,semantic,,31
Qwen-3-Coder-30B,522,moderate,semantic,,32
Qwen-3-Coder-30B,522,moderate,semantic,,33
Qwen-3-Coder-30B,522,moderate,semantic,,34
Qwen-3-Coder-30B,522,moderate,semantic,,35
Qwen-3-Coder-30B,522,moderate,semantic,,36
Qwen-3-Coder-30B,522,moderate,semantic,,37
Qwen-3-Coder-30B,522,moderate,semantic,,38
Qwen-3-Coder-30B,522,moderate,semantic,,39
Qwen-3-Coder-30B,522,moderate,semantic,,40
Qwen-3-Coder-30B,522,moderate,semantic,,41
Qwen-3-Coder-30B,522,moderate,semantic,,42
Qwen-3-Coder-30B,522,moderate,semantic,,43
Qwen-3-Coder-30B,522,moderate,semantic,,44
Qwen-3-Coder-30B,522,moderate,semantic,,45
Qwen-3-Coder-30B,522,moderate,semantic,,46
Qwen-3-Coder-30B,522,moderate,semantic,,47
Qwen-3-Coder-30B,522,moderate,semantic,,48
Qwen-3-Coder-30B,522,moderate,semantic,,49
Qwen-3-Coder-30B,522,moderate,semantic,,50
Qwen-3-Coder-30B,822,moderate,correct,5.199553571428571,1
Qwen-3-Coder-30B,822,moderate,correct,0.8182784272051009,2
Qwen-3-Coder-30B,822,moderate,correct,0.8268365817091454,3
Qwen-3-Coder-30B,822,moderate,correct,0.9110593713620488,4
Qwen-3-Coder-30B,822,moderate,correct,1.4862162162162162,5
Qwen-3-Coder-30B,822,moderate,correct,1.1045328399629972,6
Qwen-3-Coder-30B,822,moderate,correct,3.43968,7
Qwen-3-Coder-30B,822,moderate,correct,1.636099825885084,8
Qwen-3-Coder-30B,822,moderate,correct,1.1602828520919268,9
Qwen-3-Coder-30B,822,moderate,correct,1.7438544739429696,10
Qwen-3-Coder-30B,822,moderate,correct,1.4131805157593123,11
Qwen-3-Coder-30B,822,moderate,correct,0.5027395429640519,12
Qwen-3-Coder-30B,822,moderate,correct,1.1854185418541854,13
Qwen-3-Coder-30B,822,moderate,correct,1.353932584269663,14
Qwen-3-Coder-30B,822,moderate,correct,1.149884925201381,15
Qwen-3-Coder-30B,822,moderate,correct,1.2478246857879471,16
Qwen-3-Coder-30B,822,moderate,correct,1.5173611111111112,17
Qwen-3-Coder-30B,822,moderate,correct,1.552403011001737,18
Qwen-3-Coder-30B,822,moderate,correct,1.0158335920521577,19
Qwen-3-Coder-30B,822,moderate,correct,1.3213811420982735,20
Qwen-3-Coder-30B,822,moderate,correct,1.3000688231245698,21
Qwen-3-Coder-30B,822,moderate,correct,1.4966502903081733,22
Qwen-3-Coder-30B,822,moderate,correct,1.8267486098917178,23
Qwen-3-Coder-30B,822,moderate,correct,1.5972222222222223,24
Qwen-3-Coder-30B,822,moderate,correct,1.44010989010989,25
Qwen-3-Coder-30B,822,moderate,correct,1.4525899912203688,26
Qwen-3-Coder-30B,822,moderate,correct,1.4289353031074885,27
Qwen-3-Coder-30B,822,moderate,correct,1.6248671625929862,28
Qwen-3-Coder-30B,822,moderate,correct,1.4324791246760726,29
Qwen-3-Coder-30B,822,moderate,correct,1.3825136612021858,30
Qwen-3-Coder-30B,822,moderate,correct,1.3762006403415155,31
Qwen-3-Coder-30B,822,moderate,correct,0.8649299474605955,32
Qwen-3-Coder-30B,822,moderate,correct,2.0355648535564854,33
Qwen-3-Coder-30B,822,moderate,correct,1.44,34
Qwen-3-Coder-30B,822,moderate,correct,1.6009592326139088,35
Qwen-3-Coder-30B,822,moderate,correct,1.5143805309734513,36
Qwen-3-Coder-30B,822,moderate,correct,1.5327777777777778,37
Qwen-3-Coder-30B,822,moderate,correct,1.2254071661237784,38
Qwen-3-Coder-30B,822,moderate,correct,11.479667282809611,39
Qwen-3-Coder-30B,822,moderate,correct,1.1533706211362966,40
Qwen-3-Coder-30B,822,moderate,correct,1.2505777484318257,41
Qwen-3-Coder-30B,822,moderate,correct,1.0884310618066562,42
Qwen-3-Coder-30B,822,moderate,correct,1.6252271901126862,43
Qwen-3-Coder-30B,822,moderate,correct,0.9275741710296684,44
Qwen-3-Coder-30B,822,moderate,correct,0.3959439528023599,45
Qwen-3-Coder-30B,822,moderate,correct,1.7890759189282033,46
Qwen-3-Coder-30B,822,moderate,correct,0.7805189281156955,47
Qwen-3-Coder-30B,822,moderate,correct,1.220327649615513,48
Qwen-3-Coder-30B,822,moderate,correct,1.0532521871434006,49
Qwen-3-Coder-30B,822,moderate,correct,1.5986590038314177,50
Qwen-3-Coder-30B,1474,moderate,semantic,,1
Qwen-3-Coder-30B,1474,moderate,semantic,,2
Qwen-3-Coder-30B,1474,moderate,semantic,,3
Qwen-3-Coder-30B,1474,moderate,semantic,,4
Qwen-3-Coder-30B,1474,moderate,semantic,,5
Qwen-3-Coder-30B,1474,moderate,semantic,,6
Qwen-3-Coder-30B,1474,moderate,semantic,,7
Qwen-3-Coder-30B,1474,moderate,semantic,,8
Qwen-3-Coder-30B,1474,moderate,semantic,,9
Qwen-3-Coder-30B,1474,moderate,semantic,,10
Qwen-3-Coder-30B,1474,moderate,semantic,,11
Qwen-3-Coder-30B,1474,moderate,semantic,,12
Qwen-3-Coder-30B,1474,moderate,semantic,,13
Qwen-3-Coder-30B,1474,moderate,semantic,,14
Qwen-3-Coder-30B,1474,moderate,semantic,,15
Qwen-3-Coder-30B,1474,moderate,semantic,,16
Qwen-3-Coder-30B,1474,moderate,semantic,,17
Qwen-3-Coder-30B,1474,moderate,semantic,,18
Qwen-3-Coder-30B,1474,moderate,semantic,,19
Qwen-3-Coder-30B,1474,moderate,semantic,,20
Qwen-3-Coder-30B,1474,moderate,semantic,,21
Qwen-3-Coder-30B,1474,moderate,semantic,,22
Qwen-3-Coder-30B,1474,moderate,semantic,,23
Qwen-3-Coder-30B,1474,moderate,semantic,,24
Qwen-3-Coder-30B,1474,moderate,semantic,,25
Qwen-3-Coder-30B,1474,moderate,semantic,,26
Qwen-3-Coder-30B,1474,moderate,semantic,,27
Qwen-3-Coder-30B,1474,moderate,semantic,,28
Qwen-3-Coder-30B,1474,moderate,semantic,,29
Qwen-3-Coder-30B,1474,moderate,semantic,,30
Qwen-3-Coder-30B,1474,moderate,semantic,,31
Qwen-3-Coder-30B,1474,moderate,semantic,,32
Qwen-3-Coder-30B,1474,moderate,semantic,,33
Qwen-3-Coder-30B,1474,moderate,semantic,,34
Qwen-3-Coder-30B,1474,moderate,semantic,,35
Qwen-3-Coder-30B,1474,moderate,semantic,,36
Qwen-3-Coder-30B,1474,moderate,semantic,,37
Qwen-3-Coder-30B,1474,moderate,semantic,,38
Qwen-3-Coder-30B,1474,moderate,semantic,,39
Qwen-3-Coder-30B,1474,moderate,semantic,,40
Qwen-3-Coder-30B,1474,moderate,semantic,,41
Qwen-3-Coder-30B,1474,moderate,semantic,,42
Qwen-3-Coder-30B,1474,moderate,semantic,,43
Qwen-3-Coder-30B,1474,moderate,semantic,,44
Qwen-3-Coder-30B,1474,moderate,semantic,,45
Qwen-3-Coder-30B,1474,moderate,semantic,,46
Qwen-3-Coder-30B,1474,moderate,semantic,,47
Qwen-3-Coder-30B,1474,moderate,semantic,,48
Qwen-3-Coder-30B,1474,moderate,semantic,,49
Qwen-3-Coder-30B,1474,moderate,semantic,,50
Qwen-3-Coder-30B,1229,moderate,correct,11.079392474974112,1
Qwen-3-Coder-30B,1229,moderate,correct,1.1217317964576892,2
Qwen-3-Coder-30B,1229,moderate,correct,1.0475497772524776,3
Qwen-3-Coder-30B,1229,moderate,correct,0.7563004032258065,4
Qwen-3-Coder-30B,1229,moderate,correct,1.0275755759184722,5
Qwen-3-Coder-30B,1229,moderate,correct,0.9971682398667407,6
Qwen-3-Coder-30B,1229,moderate,correct,1.0638690947479545,7
Qwen-3-Coder-30B,1229,moderate,correct,1.0300953017889984,8
Qwen-3-Coder-30B,1229,moderate,correct,1.0082417582417582,9
Qwen-3-Coder-30B,1229,moderate,correct,0.9947532382357763,10
Qwen-3-Coder-30B,1229,moderate,correct,1.0067898581865062,11
Qwen-3-Coder-30B,1229,moderate,correct,0.9504059159231573,12
Qwen-3-Coder-30B,1229,moderate,correct,1.0441887024510235,13
Qwen-3-Coder-30B,1229,moderate,correct,0.9021943573667711,14
Qwen-3-Coder-30B,1229,moderate,correct,1.1212806026365347,15
Qwen-3-Coder-30B,1229,moderate,correct,1.1369428656895004,16
Qwen-3-Coder-30B,1229,moderate,correct,1.0692126190684261,17
Qwen-3-Coder-30B,1229,moderate,correct,1.303366058906031,18
Qwen-3-Coder-30B,1229,moderate,correct,1.0652759669708822,19
Qwen-3-Coder-30B,1229,moderate,correct,1.0693098558260459,20
Qwen-3-Coder-30B,1229,moderate,correct,1.0154006786739755,21
Qwen-3-Coder-30B,1229,moderate,correct,0.7041165333170464,22
Qwen-3-Coder-30B,1229,moderate,correct,1.0798282509638977,23
Qwen-3-Coder-30B,1229,moderate,correct,1.1581939987614704,24
Qwen-3-Coder-30B,1229,moderate,correct,1.1513409961685823,25
Qwen-3-Coder-30B,1229,moderate,correct,1.2491134158581465,26
Qwen-3-Coder-30B,1229,moderate,correct,0.8289702270412748,27
Qwen-3-Coder-30B,1229,moderate,correct,0.4249764164030853,28
Qwen-3-Coder-30B,1229,moderate,correct,1.0536865342163355,29
Qwen-3-Coder-30B,1229,moderate,correct,1.3776842898405124,30
Qwen-3-Coder-30B,1229,moderate,correct,0.9803334412431207,31
Qwen-3-Coder-30B,1229,moderate,correct,1.0248661336462994,32
Qwen-3-Coder-30B,1229,moderate,correct,1.148220640569395,33
Qwen-3-Coder-30B,1229,moderate,correct,1.0371482176360225,34
Qwen-3-Coder-30B,1229,moderate,correct,0.9485858028099884,35
Qwen-3-Coder-30B,1229,moderate,correct,0.9117886943973901,36
Qwen-3-Coder-30B,1229,moderate,correct,0.9664503877195759,37
Qwen-3-Coder-30B,1229,moderate,correct,1.0887745255709231,38
Qwen-3-Coder-30B,1229,moderate,correct,0.4344416450800185,39
Qwen-3-Coder-30B,1229,moderate,correct,0.9923374443552506,40
Qwen-3-Coder-30B,1229,moderate,correct,0.25678126719517413,41
Qwen-3-Coder-30B,1229,moderate,correct,1.0714491086831512,42
Qwen-3-Coder-30B,1229,moderate,correct,1.08221289714824,43
Qwen-3-Coder-30B,1229,moderate,correct,1.0923662770102727,44
Qwen-3-Coder-30B,1229,moderate,correct,1.1054990518876056,45
Qwen-3-Coder-30B,1229,moderate,correct,1.0958173481800317,46
Qwen-3-Coder-30B,1229,moderate,correct,1.9344357653315605,47
Qwen-3-Coder-30B,1229,moderate,correct,0.9745049306502045,48
Qwen-3-Coder-30B,1229,moderate,correct,5.056202496339168,49
Qwen-3-Coder-30B,1229,moderate,correct,1.0859789549419911,50
Qwen-3-Coder-30B,1162,moderate,correct,1.492786636294609,1
Qwen-3-Coder-30B,1162,moderate,correct,1.3797429620563035,2
Qwen-3-Coder-30B,1162,moderate,correct,1.2772115776600081,3
Qwen-3-Coder-30B,1162,moderate,correct,1.0712689901697945,4
Qwen-3-Coder-30B,1162,moderate,correct,1.2922558922558922,5
Qwen-3-Coder-30B,1162,moderate,correct,1.4229563539908368,6
Qwen-3-Coder-30B,1162,moderate,correct,1.3701084394153702,7
Qwen-3-Coder-30B,1162,moderate,correct,1.2324851864761242,8
Qwen-3-Coder-30B,1162,moderate,correct,0.935468895078923,9
Qwen-3-Coder-30B,1162,moderate,correct,1.222532588454376,10
Qwen-3-Coder-30B,1162,moderate,correct,0.9088289232381451,11
Qwen-3-Coder-30B,1162,moderate,correct,1.4369784804567414,12
Qwen-3-Coder-30B,1162,moderate,correct,1.1824393577041339,13
Qwen-3-Coder-30B,1162,moderate,correct,1.7250591816029759,14
Qwen-3-Coder-30B,1162,moderate,correct,1.1342019543973942,15
Qwen-3-Coder-30B,1162,moderate,correct,1.1332346410066618,16
Qwen-3-Coder-30B,1162,moderate,correct,1.392604902368093,17
Qwen-3-Coder-30B,1162,moderate,correct,1.586459286367795,18
Qwen-3-Coder-30B,1162,moderate,correct,1.2636579572446556,19
Qwen-3-Coder-30B,1162,moderate,correct,1.3037068239258636,20
Qwen-3-Coder-30B,1162,moderate,correct,1.3355350066050198,21
Qwen-3-Coder-30B,1162,moderate,correct,1.4598056537102473,22
Qwen-3-Coder-30B,1162,moderate,correct,1.2580251930109712,23
Qwen-3-Coder-30B,1162,moderate,correct,1.1379688528186005,24
Qwen-3-Coder-30B,1162,moderate,correct,1.4377062706270627,25
Qwen-3-Coder-30B,1162,moderate,correct,1.0869218500797448,26
Qwen-3-Coder-30B,1162,moderate,correct,1.2527733755942947,27
Qwen-3-Coder-30B,1162,moderate,correct,0.5544776119402985,28
Qwen-3-Coder-30B,1162,moderate,correct,1.2406318883174137,29
Qwen-3-Coder-30B,1162,moderate,correct,1.2895493767976989,30
Qwen-3-Coder-30B,1162,moderate,correct,1.5216890595009598,31
Qwen-3-Coder-30B,1162,moderate,correct,0.8719119226638024,32
Qwen-3-Coder-30B,1162,moderate,correct,1.0059108006448145,33
Qwen-3-Coder-30B,1162,moderate,correct,1.1735074626865671,34
Qwen-3-Coder-30B,1162,moderate,correct,1.2216840536512668,35
Qwen-3-Coder-30B,1162,moderate,correct,1.4602009273570324,36
Qwen-3-Coder-30B,1162,moderate,correct,1.3351977626847782,37
Qwen-3-Coder-30B,1162,moderate,correct,0.8964078794901507,38
Qwen-3-Coder-30B,1162,moderate,correct,1.094723458359822,39
Qwen-3-Coder-30B,1162,moderate,correct,1.6351885098743268,40
Qwen-3-Coder-30B,1162,moderate,correct,1.4209291412482403,41
Qwen-3-Coder-30B,1162,moderate,correct,1.4437891632878732,42
Qwen-3-Coder-30B,1162,moderate,correct,0.879059829059829,43
Qwen-3-Coder-30B,1162,moderate,correct,1.4052697616060226,44
Qwen-3-Coder-30B,1162,moderate,correct,1.3877741483901074,45
Qwen-3-Coder-30B,1162,moderate,correct,1.1964578550344376,46
Qwen-3-Coder-30B,1162,moderate,correct,1.4566278633120542,47
Qwen-3-Coder-30B,1162,moderate,correct,0.812250052620501,48
Qwen-3-Coder-30B,1162,moderate,correct,1.3690322580645162,49
Qwen-3-Coder-30B,1162,moderate,correct,1.0867012089810018,50
Qwen-3-Coder-30B,213,moderate,correct,4.968221424910302,1
Qwen-3-Coder-30B,213,moderate,correct,1.3358338141950374,2
Qwen-3-Coder-30B,213,moderate,correct,1.5816176470588235,3
Qwen-3-Coder-30B,213,moderate,correct,1.962904498816101,4
Qwen-3-Coder-30B,213,moderate,correct,1.7319526627218935,5
Qwen-3-Coder-30B,213,moderate,correct,1.542043085476025,6
Qwen-3-Coder-30B,213,moderate,correct,1.5443823711980136,7
Qwen-3-Coder-30B,213,moderate,correct,1.3944954128440368,8
Qwen-3-Coder-30B,213,moderate,correct,1.243127147766323,9
Qwen-3-Coder-30B,213,moderate,correct,2.0969125214408235,10
Qwen-3-Coder-30B,213,moderate,correct,1.7580739870816207,11
Qwen-3-Coder-30B,213,moderate,correct,1.689792663476874,12
Qwen-3-Coder-30B,213,moderate,correct,1.1931506849315068,13
Qwen-3-Coder-30B,213,moderate,correct,1.58109559613319,14
Qwen-3-Coder-30B,213,moderate,correct,1.0135814889336017,15
Qwen-3-Coder-30B,213,moderate,correct,1.4635163307852674,16
Qwen-3-Coder-30B,213,moderate,correct,1.1487988526353532,17
Qwen-3-Coder-30B,213,moderate,correct,2.768065938278704,18
Qwen-3-Coder-30B,213,moderate,correct,1.6708033964728934,19
Qwen-3-Coder-30B,213,moderate,correct,1.92003046458492,20
Qwen-3-Coder-30B,213,moderate,correct,1.2013479359730412,21
Qwen-3-Coder-30B,213,moderate,correct,1.637726913970008,22
Qwen-3-Coder-30B,213,moderate,correct,1.6512158054711246,23
Qwen-3-Coder-30B,213,moderate,correct,1.796998420221169,24
Qwen-3-Coder-30B,213,moderate,correct,1.5833924769339958,25
Qwen-3-Coder-30B,213,moderate,correct,1.6469248291571754,26
Qwen-3-Coder-30B,213,moderate,correct,1.6437037037037037,27
Qwen-3-Coder-30B,213,moderate,correct,1.1407371948300622,28
Qwen-3-Coder-30B,213,moderate,correct,1.5415754923413567,29
Qwen-3-Coder-30B,213,moderate,correct,1.4882961350027217,30
Qwen-3-Coder-30B,213,moderate,correct,1.7,31
Qwen-3-Coder-30B,213,moderate,correct,1.3036391205458682,32
Qwen-3-Coder-30B,213,moderate,correct,1.0227272727272727,33
Qwen-3-Coder-30B,213,moderate,correct,1.8830755232029117,34
Qwen-3-Coder-30B,213,moderate,correct,1.5247122545700744,35
Qwen-3-Coder-30B,213,moderate,correct,1.5698924731182795,36
Qwen-3-Coder-30B,213,moderate,correct,1.7844444444444445,37
Qwen-3-Coder-30B,213,moderate,correct,1.3301719027860106,38
Qwen-3-Coder-30B,213,moderate,correct,1.8916666666666666,39
Qwen-3-Coder-30B,213,moderate,correct,1.7700617283950617,40
Qwen-3-Coder-30B,213,moderate,correct,1.6681286549707601,41
Qwen-3-Coder-30B,213,moderate,correct,1.8484848484848484,42
Qwen-3-Coder-30B,213,moderate,correct,1.537125748502994,43
Qwen-3-Coder-30B,213,moderate,correct,1.6390243902439023,44
Qwen-3-Coder-30B,213,moderate,correct,1.2855782960495001,45
Qwen-3-Coder-30B,213,moderate,correct,1.5892857142857142,46
Qwen-3-Coder-30B,213,moderate,correct,1.2720729366602688,47
Qwen-3-Coder-30B,213,moderate,correct,1.8212898212898212,48
Qwen-3-Coder-30B,213,moderate,correct,1.77743668457406,49
Qwen-3-Coder-30B,213,moderate,correct,1.7577881619937694,50
Qwen-3-Coder-30B,1103,moderate,correct,3.1968819470923835,1
Qwen-3-Coder-30B,1103,moderate,correct,1.1600351240787212,2
Qwen-3-Coder-30B,1103,moderate,correct,0.3481600114117872,3
Qwen-3-Coder-30B,1103,moderate,correct,0.9310426848697821,4
Qwen-3-Coder-30B,1103,moderate,correct,0.9762602747600161,5
Qwen-3-Coder-30B,1103,moderate,correct,0.9018849642874603,6
Qwen-3-Coder-30B,1103,moderate,correct,0.4011540352520799,7
Qwen-3-Coder-30B,1103,moderate,correct,0.9436328629386551,8
Qwen-3-Coder-30B,1103,moderate,correct,0.9308790383170549,9
Qwen-3-Coder-30B,1103,moderate,correct,1.2385428175720887,10
Qwen-3-Coder-30B,1103,moderate,correct,0.9130063812684399,11
Qwen-3-Coder-30B,1103,moderate,correct,0.35897038247072366,12
Qwen-3-Coder-30B,1103,moderate,correct,0.4320359110705605,13
Qwen-3-Coder-30B,1103,moderate,correct,0.3890381254147623,14
Qwen-3-Coder-30B,1103,moderate,correct,1.0553498799674623,15
Qwen-3-Coder-30B,1103,moderate,correct,1.8087150532738365,16
Qwen-3-Coder-30B,1103,moderate,correct,0.919588668654622,17
Qwen-3-Coder-30B,1103,moderate,correct,0.39405020234382976,18
Qwen-3-Coder-30B,1103,moderate,correct,0.5790399448880256,19
Qwen-3-Coder-30B,1103,moderate,correct,1.1289815063281368,20
Qwen-3-Coder-30B,1103,moderate,correct,0.9325346056115287,21
Qwen-3-Coder-30B,1103,moderate,correct,0.4489512812878896,22
Qwen-3-Coder-30B,1103,moderate,correct,0.462660308114212,23
Qwen-3-Coder-30B,1103,moderate,correct,0.8125885392072443,24
Qwen-3-Coder-30B,1103,moderate,correct,0.4010467992480459,25
Qwen-3-Coder-30B,1103,moderate,correct,0.7828253874982981,26
Qwen-3-Coder-30B,1103,moderate,correct,0.8898641883278712,27
Qwen-3-Coder-30B,1103,moderate,correct,0.8314855875831486,28
Qwen-3-Coder-30B,1103,moderate,correct,0.5312314087894681,29
Qwen-3-Coder-30B,1103,moderate,correct,0.6465247960440771,30
Qwen-3-Coder-30B,1103,moderate,correct,0.7616196695054903,31
Qwen-3-Coder-30B,1103,moderate,correct,2.4777234811871263,32
Qwen-3-Coder-30B,1103,moderate,correct,1.3246602254332331,33
Qwen-3-Coder-30B,1103,moderate,correct,2.526999955482349,34
Qwen-3-Coder-30B,1103,moderate,correct,1.0616353046594982,35
Qwen-3-Coder-30B,1103,moderate,correct,1.8597075698685914,36
Qwen-3-Coder-30B,1103,moderate,correct,0.5958511811873913,37
Qwen-3-Coder-30B,1103,moderate,correct,0.9331147240248573,38
Qwen-3-Coder-30B,1103,moderate,correct,1.0619051014224092,39
Qwen-3-Coder-30B,1103,moderate,correct,1.1277501677140236,40
Qwen-3-Coder-30B,1103,moderate,correct,0.9422684793764327,41
Qwen-3-Coder-30B,1103,moderate,correct,0.8324511686730057,42
Qwen-3-Coder-30B,1103,moderate,correct,0.3767816982171847,43
Qwen-3-Coder-30B,1103,moderate,correct,0.769455802417409,44
Qwen-3-Coder-30B,1103,moderate,correct,0.9656098479318267,45
Qwen-3-Coder-30B,1103,moderate,correct,2.1100582207543668,46
Qwen-3-Coder-30B,1103,moderate,correct,1.099347948030388,47
Qwen-3-Coder-30B,1103,moderate,correct,0.9188201825468012,48
Qwen-3-Coder-30B,1103,moderate,correct,1.152408807659303,49
Qwen-3-Coder-30B,1103,moderate,correct,0.38699465119355875,50
Qwen-3-Coder-30B,236,moderate,correct,9.284477976256518,1
Qwen-3-Coder-30B,236,moderate,correct,1.1388043345915013,2
Qwen-3-Coder-30B,236,moderate,correct,1.1427544910179641,3
Qwen-3-Coder-30B,236,moderate,correct,1.1567912488605288,4
Qwen-3-Coder-30B,236,moderate,correct,1.018093965251362,5
Qwen-3-Coder-30B,236,moderate,correct,1.162262746557499,6
Qwen-3-Coder-30B,236,moderate,correct,1.0885889292196007,7
Qwen-3-Coder-30B,236,moderate,correct,1.1607057701478303,8
Qwen-3-Coder-30B,236,moderate,correct,1.1798406202886065,9
Qwen-3-Coder-30B,236,moderate,correct,1.273075971294234,10
Qwen-3-Coder-30B,236,moderate,correct,1.0831312445436028,11
Qwen-3-Coder-30B,236,moderate,correct,1.0380464406410117,12
Qwen-3-Coder-30B,236,moderate,correct,1.0805957967761681,13
Qwen-3-Coder-30B,236,moderate,correct,1.2112384202827888,14
Qwen-3-Coder-30B,236,moderate,correct,1.1862595419847328,15
Qwen-3-Coder-30B,236,moderate,correct,1.523013808284971,16
Qwen-3-Coder-30B,236,moderate,correct,1.6214511041009463,17
Qwen-3-Coder-30B,236,moderate,correct,1.1187974047336198,18
Qwen-3-Coder-30B,236,moderate,correct,1.2515685328185329,19
Qwen-3-Coder-30B,236,moderate,correct,1.260666905700968,20
Qwen-3-Coder-30B,236,moderate,correct,1.1051864194959384,21
Qwen-3-Coder-30B,236,moderate,correct,1.1775851393188854,22
Qwen-3-Coder-30B,236,moderate,correct,1.1948635954831617,23
Qwen-3-Coder-30B,236,moderate,correct,1.085881811910784,24
Qwen-3-Coder-30B,236,moderate,correct,1.3396841569027,25
Qwen-3-Coder-30B,236,moderate,correct,1.1435701021355618,26
Qwen-3-Coder-30B,236,moderate,correct,0.9780827327475565,27
Qwen-3-Coder-30B,236,moderate,correct,0.9567967083206339,28
Qwen-3-Coder-30B,236,moderate,correct,1.1317486860965122,29
Qwen-3-Coder-30B,236,moderate,correct,1.1037022678813724,30
Qwen-3-Coder-30B,236,moderate,correct,1.177046567232153,31
Qwen-3-Coder-30B,236,moderate,correct,1.1008827238335435,32
Qwen-3-Coder-30B,236,moderate,correct,1.154843444227006,33
Qwen-3-Coder-30B,236,moderate,correct,1.1936886708296164,34
Qwen-3-Coder-30B,236,moderate,correct,1.175894538606403,35
Qwen-3-Coder-30B,236,moderate,correct,1.0219038721063012,36
Qwen-3-Coder-30B,236,moderate,correct,1.2527589889640443,37
Qwen-3-Coder-30B,236,moderate,correct,0.9945969498910675,38
Qwen-3-Coder-30B,236,moderate,correct,1.0749946201850655,39
Qwen-3-Coder-30B,236,moderate,correct,1.130766521892241,40
Qwen-3-Coder-30B,236,moderate,correct,1.2644920952207888,41
Qwen-3-Coder-30B,236,moderate,correct,1.2391805067280883,42
Qwen-3-Coder-30B,236,moderate,correct,1.0754578754578754,43
Qwen-3-Coder-30B,236,moderate,correct,1.050888888888889,44
Qwen-3-Coder-30B,236,moderate,correct,1.2544294826364282,45
Qwen-3-Coder-30B,236,moderate,correct,1.1974582254648152,46
Qwen-3-Coder-30B,236,moderate,correct,1.127776326103998,47
Qwen-3-Coder-30B,236,moderate,correct,1.1185584001758049,48
Qwen-3-Coder-30B,236,moderate,correct,1.3205707491082046,49
Qwen-3-Coder-30B,236,moderate,correct,1.477900552486188,50
Qwen-3-Coder-30B,814,moderate,semantic,,1
Qwen-3-Coder-30B,814,moderate,semantic,,2
Qwen-3-Coder-30B,814,moderate,semantic,,3
Qwen-3-Coder-30B,814,moderate,semantic,,4
Qwen-3-Coder-30B,814,moderate,semantic,,5
Qwen-3-Coder-30B,814,moderate,semantic,,6
Qwen-3-Coder-30B,814,moderate,semantic,,7
Qwen-3-Coder-30B,814,moderate,semantic,,8
Qwen-3-Coder-30B,814,moderate,semantic,,9
Qwen-3-Coder-30B,814,moderate,semantic,,10
Qwen-3-Coder-30B,814,moderate,semantic,,11
Qwen-3-Coder-30B,814,moderate,semantic,,12
Qwen-3-Coder-30B,814,moderate,semantic,,13
Qwen-3-Coder-30B,814,moderate,semantic,,14
Qwen-3-Coder-30B,814,moderate,semantic,,15
Qwen-3-Coder-30B,814,moderate,semantic,,16
Qwen-3-Coder-30B,814,moderate,semantic,,17
Qwen-3-Coder-30B,814,moderate,semantic,,18
Qwen-3-Coder-30B,814,moderate,semantic,,19
Qwen-3-Coder-30B,814,moderate,semantic,,20
Qwen-3-Coder-30B,814,moderate,semantic,,21
Qwen-3-Coder-30B,814,moderate,semantic,,22
Qwen-3-Coder-30B,814,moderate,semantic,,23
Qwen-3-Coder-30B,814,moderate,semantic,,24
Qwen-3-Coder-30B,814,moderate,semantic,,25
Qwen-3-Coder-30B,814,moderate,semantic,,26
Qwen-3-Coder-30B,814,moderate,semantic,,27
Qwen-3-Coder-30B,814,moderate,semantic,,28
Qwen-3-Coder-30B,814,moderate,semantic,,29
Qwen-3-Coder-30B,814,moderate,semantic,,30
Qwen-3-Coder-30B,814,moderate,semantic,,31
Qwen-3-Coder-30B,814,moderate,semantic,,32
Qwen-3-Coder-30B,814,moderate,semantic,,33
Qwen-3-Coder-30B,814,moderate,semantic,,34
Qwen-3-Coder-30B,814,moderate,semantic,,35
Qwen-3-Coder-30B,814,moderate,semantic,,36
Qwen-3-Coder-30B,814,moderate,semantic,,37
Qwen-3-Coder-30B,814,moderate,semantic,,38
Qwen-3-Coder-30B,814,moderate,semantic,,39
Qwen-3-Coder-30B,814,moderate,semantic,,40
Qwen-3-Coder-30B,814,moderate,semantic,,41
Qwen-3-Coder-30B,814,moderate,semantic,,42
Qwen-3-Coder-30B,814,moderate,semantic,,43
Qwen-3-Coder-30B,814,moderate,semantic,,44
Qwen-3-Coder-30B,814,moderate,semantic,,45
Qwen-3-Coder-30B,814,moderate,semantic,,46
Qwen-3-Coder-30B,814,moderate,semantic,,47
Qwen-3-Coder-30B,814,moderate,semantic,,48
Qwen-3-Coder-30B,814,moderate,semantic,,49
Qwen-3-Coder-30B,814,moderate,semantic,,50
Qwen-3-Coder-30B,1684,Moderate,semantic,,1
Qwen-3-Coder-30B,1684,Moderate,semantic,,2
Qwen-3-Coder-30B,1684,Moderate,semantic,,3
Qwen-3-Coder-30B,1684,Moderate,semantic,,4
Qwen-3-Coder-30B,1684,Moderate,semantic,,5
Qwen-3-Coder-30B,1684,Moderate,semantic,,6
Qwen-3-Coder-30B,1684,Moderate,semantic,,7
Qwen-3-Coder-30B,1684,Moderate,semantic,,8
Qwen-3-Coder-30B,1684,Moderate,semantic,,9
Qwen-3-Coder-30B,1684,Moderate,semantic,,10
Qwen-3-Coder-30B,1684,Moderate,semantic,,11
Qwen-3-Coder-30B,1684,Moderate,semantic,,12
Qwen-3-Coder-30B,1684,Moderate,semantic,,13
Qwen-3-Coder-30B,1684,Moderate,semantic,,14
Qwen-3-Coder-30B,1684,Moderate,semantic,,15
Qwen-3-Coder-30B,1684,Moderate,semantic,,16
Qwen-3-Coder-30B,1684,Moderate,semantic,,17
Qwen-3-Coder-30B,1684,Moderate,semantic,,18
Qwen-3-Coder-30B,1684,Moderate,semantic,,19
Qwen-3-Coder-30B,1684,Moderate,semantic,,20
Qwen-3-Coder-30B,1684,Moderate,semantic,,21
Qwen-3-Coder-30B,1684,Moderate,semantic,,22
Qwen-3-Coder-30B,1684,Moderate,semantic,,23
Qwen-3-Coder-30B,1684,Moderate,semantic,,24
Qwen-3-Coder-30B,1684,Moderate,semantic,,25
Qwen-3-Coder-30B,1684,Moderate,semantic,,26
Qwen-3-Coder-30B,1684,Moderate,semantic,,27
Qwen-3-Coder-30B,1684,Moderate,semantic,,28
Qwen-3-Coder-30B,1684,Moderate,semantic,,29
Qwen-3-Coder-30B,1684,Moderate,semantic,,30
Qwen-3-Coder-30B,1684,Moderate,semantic,,31
Qwen-3-Coder-30B,1684,Moderate,semantic,,32
Qwen-3-Coder-30B,1684,Moderate,semantic,,33
Qwen-3-Coder-30B,1684,Moderate,semantic,,34
Qwen-3-Coder-30B,1684,Moderate,semantic,,35
Qwen-3-Coder-30B,1684,Moderate,semantic,,36
Qwen-3-Coder-30B,1684,Moderate,semantic,,37
Qwen-3-Coder-30B,1684,Moderate,semantic,,38
Qwen-3-Coder-30B,1684,Moderate,semantic,,39
Qwen-3-Coder-30B,1684,Moderate,semantic,,40
Qwen-3-Coder-30B,1684,Moderate,semantic,,41
Qwen-3-Coder-30B,1684,Moderate,semantic,,42
Qwen-3-Coder-30B,1684,Moderate,semantic,,43
Qwen-3-Coder-30B,1684,Moderate,semantic,,44
Qwen-3-Coder-30B,1684,Moderate,semantic,,45
Qwen-3-Coder-30B,1684,Moderate,semantic,,46
Qwen-3-Coder-30B,1684,Moderate,semantic,,47
Qwen-3-Coder-30B,1684,Moderate,semantic,,48
Qwen-3-Coder-30B,1684,Moderate,semantic,,49
Qwen-3-Coder-30B,1684,Moderate,semantic,,50
Qwen-3-Coder-30B,255,moderate,correct,5.09685664939551,1
Qwen-3-Coder-30B,255,moderate,correct,0.24084139936344942,2
Qwen-3-Coder-30B,255,moderate,correct,1.0254266095587736,3
Qwen-3-Coder-30B,255,moderate,correct,1.0319075780497868,4
Qwen-3-Coder-30B,255,moderate,correct,1.060418648905804,5
Qwen-3-Coder-30B,255,moderate,correct,0.9910748299319728,6
Qwen-3-Coder-30B,255,moderate,correct,1.0045837546343108,7
Qwen-3-Coder-30B,255,moderate,correct,1.0106566313790315,8
Qwen-3-Coder-30B,255,moderate,correct,1.2451465697269704,9
Qwen-3-Coder-30B,255,moderate,correct,1.0056605909656968,10
Qwen-3-Coder-30B,255,moderate,correct,1.1695030344183677,11
Qwen-3-Coder-30B,255,moderate,correct,1.0218778486782134,12
Qwen-3-Coder-30B,255,moderate,correct,1.0967697117054533,13
Qwen-3-Coder-30B,255,moderate,correct,0.9954774189438818,14
Qwen-3-Coder-30B,255,moderate,correct,1.0561356787441307,15
Qwen-3-Coder-30B,255,moderate,correct,1.0473772134981625,16
Qwen-3-Coder-30B,255,moderate,correct,0.268360632114895,17
Qwen-3-Coder-30B,255,moderate,correct,1.0556853804502708,18
Qwen-3-Coder-30B,255,moderate,correct,1.0231416078035653,19
Qwen-3-Coder-30B,255,moderate,correct,1.0663780663780664,20
Qwen-3-Coder-30B,255,moderate,correct,1.0681108243922315,21
Qwen-3-Coder-30B,255,moderate,correct,1.1566324917573731,22
Qwen-3-Coder-30B,255,moderate,correct,1.064507494646681,23
Qwen-3-Coder-30B,255,moderate,correct,1.2816889561779796,24
Qwen-3-Coder-30B,255,moderate,correct,1.0590383025626895,25
Qwen-3-Coder-30B,255,moderate,correct,1.243436643278658,26
Qwen-3-Coder-30B,255,moderate,correct,1.0362009355297945,27
Qwen-3-Coder-30B,255,moderate,correct,1.6614102601197882,28
Qwen-3-Coder-30B,255,moderate,correct,1.064700613243299,29
Qwen-3-Coder-30B,255,moderate,correct,1.0368098159509203,30
Qwen-3-Coder-30B,255,moderate,correct,0.998006512060602,31
Qwen-3-Coder-30B,255,moderate,correct,0.9150770257494022,32
Qwen-3-Coder-30B,255,moderate,correct,1.0385614385614386,33
Qwen-3-Coder-30B,255,moderate,correct,0.05327500165714989,34
Qwen-3-Coder-30B,255,moderate,correct,1.023325160691803,35
Qwen-3-Coder-30B,255,moderate,correct,0.9469285638241244,36
Qwen-3-Coder-30B,255,moderate,correct,1.1009037123724075,37
Qwen-3-Coder-30B,255,moderate,correct,1.086591646004196,38
Qwen-3-Coder-30B,255,moderate,correct,1.0706412478336222,39
Qwen-3-Coder-30B,255,moderate,correct,0.9473217452997517,40
Qwen-3-Coder-30B,255,moderate,correct,1.2452754857599149,41
Qwen-3-Coder-30B,255,moderate,correct,1.238450316096612,42
Qwen-3-Coder-30B,255,moderate,correct,0.26551737866783454,43
Qwen-3-Coder-30B,255,moderate,correct,1.13491517652453,44
Qwen-3-Coder-30B,255,moderate,correct,0.050931054491744475,45
Qwen-3-Coder-30B,255,moderate,correct,0.861916093490237,46
Qwen-3-Coder-30B,255,moderate,correct,1.0070046912152175,47
Qwen-3-Coder-30B,255,moderate,correct,1.0078972248484512,48
Qwen-3-Coder-30B,255,moderate,correct,0.9630008307240079,49
Qwen-3-Coder-30B,255,moderate,correct,1.2017051276796327,50
Qwen-3-Coder-30B,683,moderate,semantic,,1
Qwen-3-Coder-30B,683,moderate,semantic,,2
Qwen-3-Coder-30B,683,moderate,semantic,,3
Qwen-3-Coder-30B,683,moderate,semantic,,4
Qwen-3-Coder-30B,683,moderate,semantic,,5
Qwen-3-Coder-30B,683,moderate,semantic,,6
Qwen-3-Coder-30B,683,moderate,semantic,,7
Qwen-3-Coder-30B,683,moderate,semantic,,8
Qwen-3-Coder-30B,683,moderate,semantic,,9
Qwen-3-Coder-30B,683,moderate,semantic,,10
Qwen-3-Coder-30B,683,moderate,semantic,,11
Qwen-3-Coder-30B,683,moderate,semantic,,12
Qwen-3-Coder-30B,683,moderate,semantic,,13
Qwen-3-Coder-30B,683,moderate,semantic,,14
Qwen-3-Coder-30B,683,moderate,semantic,,15
Qwen-3-Coder-30B,683,moderate,semantic,,16
Qwen-3-Coder-30B,683,moderate,semantic,,17
Qwen-3-Coder-30B,683,moderate,semantic,,18
Qwen-3-Coder-30B,683,moderate,semantic,,19
Qwen-3-Coder-30B,683,moderate,semantic,,20
Qwen-3-Coder-30B,683,moderate,semantic,,21
Qwen-3-Coder-30B,683,moderate,semantic,,22
Qwen-3-Coder-30B,683,moderate,semantic,,23
Qwen-3-Coder-30B,683,moderate,semantic,,24
Qwen-3-Coder-30B,683,moderate,semantic,,25
Qwen-3-Coder-30B,683,moderate,semantic,,26
Qwen-3-Coder-30B,683,moderate,semantic,,27
Qwen-3-Coder-30B,683,moderate,semantic,,28
Qwen-3-Coder-30B,683,moderate,semantic,,29
Qwen-3-Coder-30B,683,moderate,semantic,,30
Qwen-3-Coder-30B,683,moderate,semantic,,31
Qwen-3-Coder-30B,683,moderate,semantic,,32
Qwen-3-Coder-30B,683,moderate,semantic,,33
Qwen-3-Coder-30B,683,moderate,semantic,,34
Qwen-3-Coder-30B,683,moderate,semantic,,35
Qwen-3-Coder-30B,683,moderate,semantic,,36
Qwen-3-Coder-30B,683,moderate,semantic,,37
Qwen-3-Coder-30B,683,moderate,semantic,,38
Qwen-3-Coder-30B,683,moderate,semantic,,39
Qwen-3-Coder-30B,683,moderate,semantic,,40
Qwen-3-Coder-30B,683,moderate,semantic,,41
Qwen-3-Coder-30B,683,moderate,semantic,,42
Qwen-3-Coder-30B,683,moderate,semantic,,43
Qwen-3-Coder-30B,683,moderate,semantic,,44
Qwen-3-Coder-30B,683,moderate,semantic,,45
Qwen-3-Coder-30B,683,moderate,semantic,,46
Qwen-3-Coder-30B,683,moderate,semantic,,47
Qwen-3-Coder-30B,683,moderate,semantic,,48
Qwen-3-Coder-30B,683,moderate,semantic,,49
Qwen-3-Coder-30B,683,moderate,semantic,,50
Qwen-3-Coder-30B,1104,moderate,correct,5.62471146399597,1
Qwen-3-Coder-30B,1104,moderate,correct,0.833667863755293,2
Qwen-3-Coder-30B,1104,moderate,correct,0.8581451480936017,3
Qwen-3-Coder-30B,1104,moderate,correct,1.2604098108902637,4
Qwen-3-Coder-30B,1104,moderate,correct,0.7596456079426561,5
Qwen-3-Coder-30B,1104,moderate,correct,0.3856370306626206,6
Qwen-3-Coder-30B,1104,moderate,correct,1.8332353517538702,7
Qwen-3-Coder-30B,1104,moderate,correct,0.7647693266832918,8
Qwen-3-Coder-30B,1104,moderate,correct,1.130588827207732,9
Qwen-3-Coder-30B,1104,moderate,correct,0.4098016910457251,10
Qwen-3-Coder-30B,1104,moderate,correct,1.6445491910448362,11
Qwen-3-Coder-30B,1104,moderate,correct,1.1285638536525675,12
Qwen-3-Coder-30B,1104,moderate,correct,0.8588024404817554,13
Qwen-3-Coder-30B,1104,moderate,correct,2.3592443633938607,14
Qwen-3-Coder-30B,1104,moderate,correct,1.980301495735905,15
Qwen-3-Coder-30B,1104,moderate,correct,0.3679913582155132,16
Qwen-3-Coder-30B,1104,moderate,correct,0.8561725223199949,17
Qwen-3-Coder-30B,1104,moderate,correct,0.798368976182294,18
Qwen-3-Coder-30B,1104,moderate,correct,1.8171813623231758,19
Qwen-3-Coder-30B,1104,moderate,correct,2.422939383729478,20
Qwen-3-Coder-30B,1104,moderate,correct,1.1377721768304387,21
Qwen-3-Coder-30B,1104,moderate,correct,1.13110845727934,22
Qwen-3-Coder-30B,1104,moderate,correct,2.3330439622516117,23
Qwen-3-Coder-30B,1104,moderate,correct,0.7127871674438777,24
Qwen-3-Coder-30B,1104,moderate,correct,0.35011700461541273,25
Qwen-3-Coder-30B,1104,moderate,correct,2.0341670224689117,26
Qwen-3-Coder-30B,1104,moderate,correct,1.1727091375207537,27
Qwen-3-Coder-30B,1104,moderate,correct,1.185389846746908,28
Qwen-3-Coder-30B,1104,moderate,correct,0.8272779959023419,29
Qwen-3-Coder-30B,1104,moderate,correct,0.8530820233175108,30
Qwen-3-Coder-30B,1104,moderate,correct,0.5258179685050519,31
Qwen-3-Coder-30B,1104,moderate,correct,1.6633900116196092,32
Qwen-3-Coder-30B,1104,moderate,correct,1.043614262560778,33
Qwen-3-Coder-30B,1104,moderate,correct,0.7039111556353794,34
Qwen-3-Coder-30B,1104,moderate,correct,2.340116033577111,35
Qwen-3-Coder-30B,1104,moderate,correct,0.85994019207545,36
Qwen-3-Coder-30B,1104,moderate,correct,0.9863485694347522,37
Qwen-3-Coder-30B,1104,moderate,correct,1.2157791655571113,38
Qwen-3-Coder-30B,1104,moderate,correct,1.111393717898064,39
Qwen-3-Coder-30B,1104,moderate,correct,0.8254979364794545,40
Qwen-3-Coder-30B,1104,moderate,correct,0.34599136997819835,41
Qwen-3-Coder-30B,1104,moderate,correct,0.5324084015301538,42
Qwen-3-Coder-30B,1104,moderate,correct,1.1297611094282312,43
Qwen-3-Coder-30B,1104,moderate,correct,1.0126863790247065,44
Qwen-3-Coder-30B,1104,moderate,correct,0.9069824528733103,45
Qwen-3-Coder-30B,1104,moderate,correct,0.9916564053356176,46
Qwen-3-Coder-30B,1104,moderate,correct,0.8519497912232739,47
Qwen-3-Coder-30B,1104,moderate,correct,0.45684894471381843,48
Qwen-3-Coder-30B,1104,moderate,correct,0.3547234388229444,49
Qwen-3-Coder-30B,1104,moderate,correct,1.7210697325668582,50
Qwen-3-Coder-30B,1691,Moderate,hallucination,,1
Qwen-3-Coder-30B,1691,Moderate,hallucination,,2
Qwen-3-Coder-30B,1691,Moderate,hallucination,,3
Qwen-3-Coder-30B,1691,Moderate,hallucination,,4
Qwen-3-Coder-30B,1691,Moderate,hallucination,,5
Qwen-3-Coder-30B,1691,Moderate,hallucination,,6
Qwen-3-Coder-30B,1691,Moderate,hallucination,,7
Qwen-3-Coder-30B,1691,Moderate,hallucination,,8
Qwen-3-Coder-30B,1691,Moderate,hallucination,,9
Qwen-3-Coder-30B,1691,Moderate,hallucination,,10
Qwen-3-Coder-30B,1691,Moderate,hallucination,,11
Qwen-3-Coder-30B,1691,Moderate,hallucination,,12
Qwen-3-Coder-30B,1691,Moderate,hallucination,,13
Qwen-3-Coder-30B,1691,Moderate,hallucination,,14
Qwen-3-Coder-30B,1691,Moderate,hallucination,,15
Qwen-3-Coder-30B,1691,Moderate,hallucination,,16
Qwen-3-Coder-30B,1691,Moderate,hallucination,,17
Qwen-3-Coder-30B,1691,Moderate,hallucination,,18
Qwen-3-Coder-30B,1691,Moderate,hallucination,,19
Qwen-3-Coder-30B,1691,Moderate,hallucination,,20
Qwen-3-Coder-30B,1691,Moderate,hallucination,,21
Qwen-3-Coder-30B,1691,Moderate,hallucination,,22
Qwen-3-Coder-30B,1691,Moderate,hallucination,,23
Qwen-3-Coder-30B,1691,Moderate,hallucination,,24
Qwen-3-Coder-30B,1691,Moderate,hallucination,,25
Qwen-3-Coder-30B,1691,Moderate,hallucination,,26
Qwen-3-Coder-30B,1691,Moderate,hallucination,,27
Qwen-3-Coder-30B,1691,Moderate,hallucination,,28
Qwen-3-Coder-30B,1691,Moderate,hallucination,,29
Qwen-3-Coder-30B,1691,Moderate,hallucination,,30
Qwen-3-Coder-30B,1691,Moderate,hallucination,,31
Qwen-3-Coder-30B,1691,Moderate,hallucination,,32
Qwen-3-Coder-30B,1691,Moderate,hallucination,,33
Qwen-3-Coder-30B,1691,Moderate,hallucination,,34
Qwen-3-Coder-30B,1691,Moderate,hallucination,,35
Qwen-3-Coder-30B,1691,Moderate,hallucination,,36
Qwen-3-Coder-30B,1691,Moderate,hallucination,,37
Qwen-3-Coder-30B,1691,Moderate,hallucination,,38
Qwen-3-Coder-30B,1691,Moderate,hallucination,,39
Qwen-3-Coder-30B,1691,Moderate,hallucination,,40
Qwen-3-Coder-30B,1691,Moderate,hallucination,,41
Qwen-3-Coder-30B,1691,Moderate,hallucination,,42
Qwen-3-Coder-30B,1691,Moderate,hallucination,,43
Qwen-3-Coder-30B,1691,Moderate,hallucination,,44
Qwen-3-Coder-30B,1691,Moderate,hallucination,,45
Qwen-3-Coder-30B,1691,Moderate,hallucination,,46
Qwen-3-Coder-30B,1691,Moderate,hallucination,,47
Qwen-3-Coder-30B,1691,Moderate,hallucination,,48
Qwen-3-Coder-30B,1691,Moderate,hallucination,,49
Qwen-3-Coder-30B,1691,Moderate,hallucination,,50
Qwen-3-Coder-30B,894,moderate,semantic,,1
Qwen-3-Coder-30B,894,moderate,semantic,,2
Qwen-3-Coder-30B,894,moderate,semantic,,3
Qwen-3-Coder-30B,894,moderate,semantic,,4
Qwen-3-Coder-30B,894,moderate,semantic,,5
Qwen-3-Coder-30B,894,moderate,semantic,,6
Qwen-3-Coder-30B,894,moderate,semantic,,7
Qwen-3-Coder-30B,894,moderate,semantic,,8
Qwen-3-Coder-30B,894,moderate,semantic,,9
Qwen-3-Coder-30B,894,moderate,semantic,,10
Qwen-3-Coder-30B,894,moderate,semantic,,11
Qwen-3-Coder-30B,894,moderate,semantic,,12
Qwen-3-Coder-30B,894,moderate,semantic,,13
Qwen-3-Coder-30B,894,moderate,semantic,,14
Qwen-3-Coder-30B,894,moderate,semantic,,15
Qwen-3-Coder-30B,894,moderate,semantic,,16
Qwen-3-Coder-30B,894,moderate,semantic,,17
Qwen-3-Coder-30B,894,moderate,semantic,,18
Qwen-3-Coder-30B,894,moderate,semantic,,19
Qwen-3-Coder-30B,894,moderate,semantic,,20
Qwen-3-Coder-30B,894,moderate,semantic,,21
Qwen-3-Coder-30B,894,moderate,semantic,,22
Qwen-3-Coder-30B,894,moderate,semantic,,23
Qwen-3-Coder-30B,894,moderate,semantic,,24
Qwen-3-Coder-30B,894,moderate,semantic,,25
Qwen-3-Coder-30B,894,moderate,semantic,,26
Qwen-3-Coder-30B,894,moderate,semantic,,27
Qwen-3-Coder-30B,894,moderate,semantic,,28
Qwen-3-Coder-30B,894,moderate,semantic,,29
Qwen-3-Coder-30B,894,moderate,semantic,,30
Qwen-3-Coder-30B,894,moderate,semantic,,31
Qwen-3-Coder-30B,894,moderate,semantic,,32
Qwen-3-Coder-30B,894,moderate,semantic,,33
Qwen-3-Coder-30B,894,moderate,semantic,,34
Qwen-3-Coder-30B,894,moderate,semantic,,35
Qwen-3-Coder-30B,894,moderate,semantic,,36
Qwen-3-Coder-30B,894,moderate,semantic,,37
Qwen-3-Coder-30B,894,moderate,semantic,,38
Qwen-3-Coder-30B,894,moderate,semantic,,39
Qwen-3-Coder-30B,894,moderate,semantic,,40
Qwen-3-Coder-30B,894,moderate,semantic,,41
Qwen-3-Coder-30B,894,moderate,semantic,,42
Qwen-3-Coder-30B,894,moderate,semantic,,43
Qwen-3-Coder-30B,894,moderate,semantic,,44
Qwen-3-Coder-30B,894,moderate,semantic,,45
Qwen-3-Coder-30B,894,moderate,semantic,,46
Qwen-3-Coder-30B,894,moderate,semantic,,47
Qwen-3-Coder-30B,894,moderate,semantic,,48
Qwen-3-Coder-30B,894,moderate,semantic,,49
Qwen-3-Coder-30B,894,moderate,semantic,,50
Qwen-3-Coder-30B,35,moderate,semantic,,1
Qwen-3-Coder-30B,35,moderate,correct,0.4722361359570662,2
Qwen-3-Coder-30B,35,moderate,correct,1.098529293578719,3
Qwen-3-Coder-30B,35,moderate,correct,1.0700987675902456,4
Qwen-3-Coder-30B,35,moderate,correct,1.0832204065364688,5
Qwen-3-Coder-30B,35,moderate,correct,1.033854599900183,6
Qwen-3-Coder-30B,35,moderate,correct,1.029452189279403,7
Qwen-3-Coder-30B,35,moderate,correct,1.093926727317433,8
Qwen-3-Coder-30B,35,moderate,correct,1.03140787631627,9
Qwen-3-Coder-30B,35,moderate,correct,1.0638126659692604,10
Qwen-3-Coder-30B,35,moderate,correct,0.9047319333981805,11
Qwen-3-Coder-30B,35,moderate,correct,1.0591246903385632,12
Qwen-3-Coder-30B,35,moderate,correct,0.8762498188668308,13
Qwen-3-Coder-30B,35,moderate,correct,1.0499876472041505,14
Qwen-3-Coder-30B,35,moderate,correct,0.9746386000507228,15
Qwen-3-Coder-30B,35,moderate,correct,1.0292065925642009,16
Qwen-3-Coder-30B,35,moderate,correct,0.996002481218554,17
Qwen-3-Coder-30B,35,moderate,correct,0.9389446140427388,18
Qwen-3-Coder-30B,35,moderate,correct,1.0354455445544555,19
Qwen-3-Coder-30B,35,moderate,correct,1.056747455517317,20
Qwen-3-Coder-30B,35,moderate,correct,0.9935613682092556,21
Qwen-3-Coder-30B,35,moderate,correct,1.0655682011211143,22
Qwen-3-Coder-30B,35,moderate,correct,0.9729824071488411,23
Qwen-3-Coder-30B,35,moderate,correct,1.0820845820845821,24
Qwen-3-Coder-30B,35,moderate,correct,1.0259772389905988,25
Qwen-3-Coder-30B,35,moderate,correct,1.2285957578572535,26
Qwen-3-Coder-30B,35,moderate,correct,0.9365860937033721,27
Qwen-3-Coder-30B,35,moderate,correct,1.0576223544973544,28
Qwen-3-Coder-30B,35,moderate,correct,0.9870414955388755,29
Qwen-3-Coder-30B,35,moderate,correct,1.0528333333333333,30
Qwen-3-Coder-30B,35,moderate,correct,0.993234703739499,31
Qwen-3-Coder-30B,35,moderate,correct,1.0200614911606456,32
Qwen-3-Coder-30B,35,moderate,correct,1.1224395401083653,33
Qwen-3-Coder-30B,35,moderate,correct,0.7109927602563035,34
Qwen-3-Coder-30B,35,moderate,correct,1.046877222933561,35
Qwen-3-Coder-30B,35,moderate,correct,1.167650459441368,36
Qwen-3-Coder-30B,35,moderate,correct,1.1340708649234101,37
Qwen-3-Coder-30B,35,moderate,correct,1.045368743084033,38
Qwen-3-Coder-30B,35,moderate,correct,1.1397904986721747,39
Qwen-3-Coder-30B,35,moderate,correct,0.7951722403821976,40
Qwen-3-Coder-30B,35,moderate,correct,0.9952068032470043,41
Qwen-3-Coder-30B,35,moderate,correct,1.1978752304259241,42
Qwen-3-Coder-30B,35,moderate,correct,1.0301624129930393,43
Qwen-3-Coder-30B,35,moderate,correct,1.2614655523848348,44
Qwen-3-Coder-30B,35,moderate,correct,1.1590272052761748,45
Qwen-3-Coder-30B,35,moderate,correct,1.1202478538694896,46
Qwen-3-Coder-30B,35,moderate,correct,1.129306082083402,47
Qwen-3-Coder-30B,35,moderate,correct,1.0171412773016313,48
Qwen-3-Coder-30B,35,moderate,correct,1.0983714970653882,49
Qwen-3-Coder-30B,35,moderate,correct,0.980247641509434,50
Qwen-3-Coder-30B,1454,moderate,semantic,,1
Qwen-3-Coder-30B,1454,moderate,semantic,,2
Qwen-3-Coder-30B,1454,moderate,semantic,,3
Qwen-3-Coder-30B,1454,moderate,semantic,,4
Qwen-3-Coder-30B,1454,moderate,semantic,,5
Qwen-3-Coder-30B,1454,moderate,semantic,,6
Qwen-3-Coder-30B,1454,moderate,semantic,,7
Qwen-3-Coder-30B,1454,moderate,semantic,,8
Qwen-3-Coder-30B,1454,moderate,semantic,,9
Qwen-3-Coder-30B,1454,moderate,semantic,,10
Qwen-3-Coder-30B,1454,moderate,semantic,,11
Qwen-3-Coder-30B,1454,moderate,semantic,,12
Qwen-3-Coder-30B,1454,moderate,semantic,,13
Qwen-3-Coder-30B,1454,moderate,semantic,,14
Qwen-3-Coder-30B,1454,moderate,semantic,,15
Qwen-3-Coder-30B,1454,moderate,semantic,,16
Qwen-3-Coder-30B,1454,moderate,semantic,,17
Qwen-3-Coder-30B,1454,moderate,semantic,,18
Qwen-3-Coder-30B,1454,moderate,semantic,,19
Qwen-3-Coder-30B,1454,moderate,semantic,,20
Qwen-3-Coder-30B,1454,moderate,semantic,,21
Qwen-3-Coder-30B,1454,moderate,semantic,,22
Qwen-3-Coder-30B,1454,moderate,semantic,,23
Qwen-3-Coder-30B,1454,moderate,semantic,,24
Qwen-3-Coder-30B,1454,moderate,semantic,,25
Qwen-3-Coder-30B,1454,moderate,semantic,,26
Qwen-3-Coder-30B,1454,moderate,semantic,,27
Qwen-3-Coder-30B,1454,moderate,semantic,,28
Qwen-3-Coder-30B,1454,moderate,semantic,,29
Qwen-3-Coder-30B,1454,moderate,semantic,,30
Qwen-3-Coder-30B,1454,moderate,semantic,,31
Qwen-3-Coder-30B,1454,moderate,semantic,,32
Qwen-3-Coder-30B,1454,moderate,semantic,,33
Qwen-3-Coder-30B,1454,moderate,semantic,,34
Qwen-3-Coder-30B,1454,moderate,semantic,,35
Qwen-3-Coder-30B,1454,moderate,semantic,,36
Qwen-3-Coder-30B,1454,moderate,semantic,,37
Qwen-3-Coder-30B,1454,moderate,semantic,,38
Qwen-3-Coder-30B,1454,moderate,semantic,,39
Qwen-3-Coder-30B,1454,moderate,semantic,,40
Qwen-3-Coder-30B,1454,moderate,semantic,,41
Qwen-3-Coder-30B,1454,moderate,semantic,,42
Qwen-3-Coder-30B,1454,moderate,semantic,,43
Qwen-3-Coder-30B,1454,moderate,semantic,,44
Qwen-3-Coder-30B,1454,moderate,semantic,,45
Qwen-3-Coder-30B,1454,moderate,semantic,,46
Qwen-3-Coder-30B,1454,moderate,semantic,,47
Qwen-3-Coder-30B,1454,moderate,semantic,,48
Qwen-3-Coder-30B,1454,moderate,semantic,,49
Qwen-3-Coder-30B,1454,moderate,semantic,,50
Qwen-3-Coder-30B,1152,moderate,semantic,,1
Qwen-3-Coder-30B,1152,moderate,semantic,,2
Qwen-3-Coder-30B,1152,moderate,semantic,,3
Qwen-3-Coder-30B,1152,moderate,semantic,,4
Qwen-3-Coder-30B,1152,moderate,semantic,,5
Qwen-3-Coder-30B,1152,moderate,semantic,,6
Qwen-3-Coder-30B,1152,moderate,semantic,,7
Qwen-3-Coder-30B,1152,moderate,semantic,,8
Qwen-3-Coder-30B,1152,moderate,semantic,,9
Qwen-3-Coder-30B,1152,moderate,semantic,,10
Qwen-3-Coder-30B,1152,moderate,semantic,,11
Qwen-3-Coder-30B,1152,moderate,semantic,,12
Qwen-3-Coder-30B,1152,moderate,semantic,,13
Qwen-3-Coder-30B,1152,moderate,semantic,,14
Qwen-3-Coder-30B,1152,moderate,semantic,,15
Qwen-3-Coder-30B,1152,moderate,semantic,,16
Qwen-3-Coder-30B,1152,moderate,semantic,,17
Qwen-3-Coder-30B,1152,moderate,semantic,,18
Qwen-3-Coder-30B,1152,moderate,semantic,,19
Qwen-3-Coder-30B,1152,moderate,semantic,,20
Qwen-3-Coder-30B,1152,moderate,semantic,,21
Qwen-3-Coder-30B,1152,moderate,semantic,,22
Qwen-3-Coder-30B,1152,moderate,semantic,,23
Qwen-3-Coder-30B,1152,moderate,semantic,,24
Qwen-3-Coder-30B,1152,moderate,semantic,,25
Qwen-3-Coder-30B,1152,moderate,semantic,,26
Qwen-3-Coder-30B,1152,moderate,semantic,,27
Qwen-3-Coder-30B,1152,moderate,semantic,,28
Qwen-3-Coder-30B,1152,moderate,semantic,,29
Qwen-3-Coder-30B,1152,moderate,semantic,,30
Qwen-3-Coder-30B,1152,moderate,semantic,,31
Qwen-3-Coder-30B,1152,moderate,semantic,,32
Qwen-3-Coder-30B,1152,moderate,semantic,,33
Qwen-3-Coder-30B,1152,moderate,semantic,,34
Qwen-3-Coder-30B,1152,moderate,semantic,,35
Qwen-3-Coder-30B,1152,moderate,semantic,,36
Qwen-3-Coder-30B,1152,moderate,semantic,,37
Qwen-3-Coder-30B,1152,moderate,semantic,,38
Qwen-3-Coder-30B,1152,moderate,semantic,,39
Qwen-3-Coder-30B,1152,moderate,semantic,,40
Qwen-3-Coder-30B,1152,moderate,semantic,,41
Qwen-3-Coder-30B,1152,moderate,semantic,,42
Qwen-3-Coder-30B,1152,moderate,semantic,,43
Qwen-3-Coder-30B,1152,moderate,semantic,,44
Qwen-3-Coder-30B,1152,moderate,semantic,,45
Qwen-3-Coder-30B,1152,moderate,semantic,,46
Qwen-3-Coder-30B,1152,moderate,semantic,,47
Qwen-3-Coder-30B,1152,moderate,semantic,,48
Qwen-3-Coder-30B,1152,moderate,semantic,,49
Qwen-3-Coder-30B,1152,moderate,semantic,,50
Qwen-3-Coder-30B,152,moderate,correct,3.2325330132052823,1
Qwen-3-Coder-30B,152,moderate,correct,0.6976323329814508,2
Qwen-3-Coder-30B,152,moderate,correct,0.6458439832327982,3
Qwen-3-Coder-30B,152,moderate,correct,0.7106094808126411,4
Qwen-3-Coder-30B,152,moderate,correct,0.892948796284981,5
Qwen-3-Coder-30B,152,moderate,correct,0.7482394366197183,6
Qwen-3-Coder-30B,152,moderate,correct,0.9181512395664632,7
Qwen-3-Coder-30B,152,moderate,correct,0.8974439886399496,8
Qwen-3-Coder-30B,152,moderate,correct,0.7852477910103727,9
Qwen-3-Coder-30B,152,moderate,correct,0.8087380166588087,10
Qwen-3-Coder-30B,152,moderate,correct,0.9208020050125313,11
Qwen-3-Coder-30B,152,moderate,correct,0.8105604446503011,12
Qwen-3-Coder-30B,152,moderate,correct,0.7873361048928685,13
Qwen-3-Coder-30B,152,moderate,correct,0.752257863593896,14
Qwen-3-Coder-30B,152,moderate,correct,0.7840831629175188,15
Qwen-3-Coder-30B,152,moderate,correct,0.6971944135459152,16
Qwen-3-Coder-30B,152,moderate,correct,0.7544929396662388,17
Qwen-3-Coder-30B,152,moderate,correct,0.8943957758310332,18
Qwen-3-Coder-30B,152,moderate,correct,0.7943634278223825,19
Qwen-3-Coder-30B,152,moderate,correct,0.7529854620976116,20
Qwen-3-Coder-30B,152,moderate,correct,0.6885333333333333,21
Qwen-3-Coder-30B,152,moderate,correct,0.8912452419793366,22
Qwen-3-Coder-30B,152,moderate,correct,0.6986874368960047,23
Qwen-3-Coder-30B,152,moderate,correct,0.5514344262295082,24
Qwen-3-Coder-30B,152,moderate,correct,0.7929819184799265,25
Qwen-3-Coder-30B,152,moderate,correct,0.6721694667640613,26
Qwen-3-Coder-30B,152,moderate,correct,0.754041570438799,27
Qwen-3-Coder-30B,152,moderate,correct,0.847257893941683,28
Qwen-3-Coder-30B,152,moderate,correct,0.5716655607166556,29
Qwen-3-Coder-30B,152,moderate,correct,0.844877715067556,30
Qwen-3-Coder-30B,152,moderate,correct,0.7160028964518464,31
Qwen-3-Coder-30B,152,moderate,correct,0.9952857142857143,32
Qwen-3-Coder-30B,152,moderate,correct,0.7894377029567595,33
Qwen-3-Coder-30B,152,moderate,correct,0.42609372787767236,34
Qwen-3-Coder-30B,152,moderate,correct,0.8791249536522061,35
Qwen-3-Coder-30B,152,moderate,correct,0.5597462107860416,36
Qwen-3-Coder-30B,152,moderate,correct,0.8725569374899047,37
Qwen-3-Coder-30B,152,moderate,correct,0.8041186962866872,38
Qwen-3-Coder-30B,152,moderate,correct,0.7783004552352049,39
Qwen-3-Coder-30B,152,moderate,correct,0.864835610878095,40
Qwen-3-Coder-30B,152,moderate,correct,0.696426267578377,41
Qwen-3-Coder-30B,152,moderate,correct,0.7058258258258259,42
Qwen-3-Coder-30B,152,moderate,correct,0.8354598177299088,43
Qwen-3-Coder-30B,152,moderate,correct,0.49395453812671286,44
Qwen-3-Coder-30B,152,moderate,correct,0.7989236790606654,45
Qwen-3-Coder-30B,152,moderate,correct,0.781204306792503,46
Qwen-3-Coder-30B,152,moderate,correct,0.7557214737867229,47
Qwen-3-Coder-30B,152,moderate,correct,0.7394366197183099,48
Qwen-3-Coder-30B,152,moderate,correct,0.6666666666666666,49
Qwen-3-Coder-30B,152,moderate,correct,0.6919256093334873,50
Qwen-3-Coder-30B,298,moderate,semantic,,1
Qwen-3-Coder-30B,298,moderate,semantic,,2
Qwen-3-Coder-30B,298,moderate,semantic,,3
Qwen-3-Coder-30B,298,moderate,semantic,,4
Qwen-3-Coder-30B,298,moderate,semantic,,5
Qwen-3-Coder-30B,298,moderate,semantic,,6
Qwen-3-Coder-30B,298,moderate,semantic,,7
Qwen-3-Coder-30B,298,moderate,semantic,,8
Qwen-3-Coder-30B,298,moderate,semantic,,9
Qwen-3-Coder-30B,298,moderate,semantic,,10
Qwen-3-Coder-30B,298,moderate,semantic,,11
Qwen-3-Coder-30B,298,moderate,semantic,,12
Qwen-3-Coder-30B,298,moderate,semantic,,13
Qwen-3-Coder-30B,298,moderate,semantic,,14
Qwen-3-Coder-30B,298,moderate,semantic,,15
Qwen-3-Coder-30B,298,moderate,semantic,,16
Qwen-3-Coder-30B,298,moderate,semantic,,17
Qwen-3-Coder-30B,298,moderate,semantic,,18
Qwen-3-Coder-30B,298,moderate,semantic,,19
Qwen-3-Coder-30B,298,moderate,semantic,,20
Qwen-3-Coder-30B,298,moderate,semantic,,21
Qwen-3-Coder-30B,298,moderate,semantic,,22
Qwen-3-Coder-30B,298,moderate,semantic,,23
Qwen-3-Coder-30B,298,moderate,semantic,,24
Qwen-3-Coder-30B,298,moderate,semantic,,25
Qwen-3-Coder-30B,298,moderate,semantic,,26
Qwen-3-Coder-30B,298,moderate,semantic,,27
Qwen-3-Coder-30B,298,moderate,semantic,,28
Qwen-3-Coder-30B,298,moderate,semantic,,29
Qwen-3-Coder-30B,298,moderate,semantic,,30
Qwen-3-Coder-30B,298,moderate,semantic,,31
Qwen-3-Coder-30B,298,moderate,semantic,,32
Qwen-3-Coder-30B,298,moderate,semantic,,33
Qwen-3-Coder-30B,298,moderate,semantic,,34
Qwen-3-Coder-30B,298,moderate,semantic,,35
Qwen-3-Coder-30B,298,moderate,semantic,,36
Qwen-3-Coder-30B,298,moderate,semantic,,37
Qwen-3-Coder-30B,298,moderate,semantic,,38
Qwen-3-Coder-30B,298,moderate,semantic,,39
Qwen-3-Coder-30B,298,moderate,semantic,,40
Qwen-3-Coder-30B,298,moderate,semantic,,41
Qwen-3-Coder-30B,298,moderate,semantic,,42
Qwen-3-Coder-30B,298,moderate,semantic,,43
Qwen-3-Coder-30B,298,moderate,semantic,,44
Qwen-3-Coder-30B,298,moderate,semantic,,45
Qwen-3-Coder-30B,298,moderate,semantic,,46
Qwen-3-Coder-30B,298,moderate,semantic,,47
Qwen-3-Coder-30B,298,moderate,semantic,,48
Qwen-3-Coder-30B,298,moderate,semantic,,49
Qwen-3-Coder-30B,298,moderate,semantic,,50
Qwen-3-Coder-30B,511,moderate,semantic,,1
Qwen-3-Coder-30B,511,moderate,semantic,,2
Qwen-3-Coder-30B,511,moderate,semantic,,3
Qwen-3-Coder-30B,511,moderate,semantic,,4
Qwen-3-Coder-30B,511,moderate,semantic,,5
Qwen-3-Coder-30B,511,moderate,semantic,,6
Qwen-3-Coder-30B,511,moderate,semantic,,7
Qwen-3-Coder-30B,511,moderate,semantic,,8
Qwen-3-Coder-30B,511,moderate,semantic,,9
Qwen-3-Coder-30B,511,moderate,semantic,,10
Qwen-3-Coder-30B,511,moderate,semantic,,11
Qwen-3-Coder-30B,511,moderate,semantic,,12
Qwen-3-Coder-30B,511,moderate,semantic,,13
Qwen-3-Coder-30B,511,moderate,semantic,,14
Qwen-3-Coder-30B,511,moderate,semantic,,15
Qwen-3-Coder-30B,511,moderate,semantic,,16
Qwen-3-Coder-30B,511,moderate,semantic,,17
Qwen-3-Coder-30B,511,moderate,semantic,,18
Qwen-3-Coder-30B,511,moderate,semantic,,19
Qwen-3-Coder-30B,511,moderate,semantic,,20
Qwen-3-Coder-30B,511,moderate,semantic,,21
Qwen-3-Coder-30B,511,moderate,semantic,,22
Qwen-3-Coder-30B,511,moderate,semantic,,23
Qwen-3-Coder-30B,511,moderate,semantic,,24
Qwen-3-Coder-30B,511,moderate,semantic,,25
Qwen-3-Coder-30B,511,moderate,semantic,,26
Qwen-3-Coder-30B,511,moderate,semantic,,27
Qwen-3-Coder-30B,511,moderate,semantic,,28
Qwen-3-Coder-30B,511,moderate,semantic,,29
Qwen-3-Coder-30B,511,moderate,semantic,,30
Qwen-3-Coder-30B,511,moderate,semantic,,31
Qwen-3-Coder-30B,511,moderate,semantic,,32
Qwen-3-Coder-30B,511,moderate,semantic,,33
Qwen-3-Coder-30B,511,moderate,semantic,,34
Qwen-3-Coder-30B,511,moderate,semantic,,35
Qwen-3-Coder-30B,511,moderate,semantic,,36
Qwen-3-Coder-30B,511,moderate,semantic,,37
Qwen-3-Coder-30B,511,moderate,semantic,,38
Qwen-3-Coder-30B,511,moderate,semantic,,39
Qwen-3-Coder-30B,511,moderate,semantic,,40
Qwen-3-Coder-30B,511,moderate,semantic,,41
Qwen-3-Coder-30B,511,moderate,semantic,,42
Qwen-3-Coder-30B,511,moderate,semantic,,43
Qwen-3-Coder-30B,511,moderate,semantic,,44
Qwen-3-Coder-30B,511,moderate,semantic,,45
Qwen-3-Coder-30B,511,moderate,semantic,,46
Qwen-3-Coder-30B,511,moderate,semantic,,47
Qwen-3-Coder-30B,511,moderate,semantic,,48
Qwen-3-Coder-30B,511,moderate,semantic,,49
Qwen-3-Coder-30B,511,moderate,semantic,,50
Qwen-3-Coder-30B,1289,moderate,correct,16.69935111751983,1
Qwen-3-Coder-30B,1289,moderate,correct,0.9485669414998037,2
Qwen-3-Coder-30B,1289,moderate,correct,1.0352,3
Qwen-3-Coder-30B,1289,moderate,correct,1.1995449374288965,4
Qwen-3-Coder-30B,1289,moderate,correct,1.5057598232602178,5
Qwen-3-Coder-30B,1289,moderate,correct,0.9608780699847859,6
Qwen-3-Coder-30B,1289,moderate,correct,1.1478965819456617,7
Qwen-3-Coder-30B,1289,moderate,correct,1.1686480508708874,8
Qwen-3-Coder-30B,1289,moderate,correct,0.9763017894567145,9
Qwen-3-Coder-30B,1289,moderate,correct,1.0173120728929386,10
Qwen-3-Coder-30B,1289,moderate,correct,1.196561790463834,11
Qwen-3-Coder-30B,1289,moderate,correct,1.2963390025944077,12
Qwen-3-Coder-30B,1289,moderate,correct,1.00594311589076,13
Qwen-3-Coder-30B,1289,moderate,correct,1.0529865125240847,14
Qwen-3-Coder-30B,1289,moderate,correct,1.2490893807789296,15
Qwen-3-Coder-30B,1289,moderate,correct,1.5154345006485084,16
Qwen-3-Coder-30B,1289,moderate,correct,1.076300218000623,17
Qwen-3-Coder-30B,1289,moderate,correct,1.0131461675579323,18
Qwen-3-Coder-30B,1289,moderate,correct,1.1399474375821288,19
Qwen-3-Coder-30B,1289,moderate,correct,1.1688311688311688,20
Qwen-3-Coder-30B,1289,moderate,correct,1.2962099125364432,21
Qwen-3-Coder-30B,1289,moderate,correct,1.183381088825215,22
Qwen-3-Coder-30B,1289,moderate,correct,1.3993574297188756,23
Qwen-3-Coder-30B,1289,moderate,correct,1.1725261533184703,24
Qwen-3-Coder-30B,1289,moderate,correct,0.9238841471946271,25
Qwen-3-Coder-30B,1289,moderate,correct,0.9478944562899787,26
Qwen-3-Coder-30B,1289,moderate,correct,1.270972929509515,27
Qwen-3-Coder-30B,1289,moderate,correct,1.1961953893277446,28
Qwen-3-Coder-30B,1289,moderate,correct,1.18851087562744,29
Qwen-3-Coder-30B,1289,moderate,correct,1.1759370186548006,30
Qwen-3-Coder-30B,1289,moderate,correct,1.1646373742721017,31
Qwen-3-Coder-30B,1289,moderate,correct,1.1488453815261044,32
Qwen-3-Coder-30B,1289,moderate,correct,1.6104565537555229,33
Qwen-3-Coder-30B,1289,moderate,correct,1.1277372262773722,34
Qwen-3-Coder-30B,1289,moderate,correct,1.1461080941298163,35
Qwen-3-Coder-30B,1289,moderate,correct,1.9301215945821149,36
Qwen-3-Coder-30B,1289,moderate,correct,1.4575373993095513,37
Qwen-3-Coder-30B,1289,moderate,correct,1.0263610315186247,38
Qwen-3-Coder-30B,1289,moderate,correct,1.3380925185608223,39
Qwen-3-Coder-30B,1289,moderate,correct,1.1861269324654191,40
Qwen-3-Coder-30B,1289,moderate,correct,1.2384241493988233,41
Qwen-3-Coder-30B,1289,moderate,correct,0.8592391304347826,42
Qwen-3-Coder-30B,1289,moderate,correct,1.1544715447154472,43
Qwen-3-Coder-30B,1289,moderate,correct,1.1147158058655593,44
Qwen-3-Coder-30B,1289,moderate,correct,1.1720547093565434,45
Qwen-3-Coder-30B,1289,moderate,correct,1.4024952535937076,46
Qwen-3-Coder-30B,1289,moderate,correct,1.4813304721030043,47
Qwen-3-Coder-30B,1289,moderate,correct,1.3744493392070485,48
Qwen-3-Coder-30B,1289,moderate,correct,1.0475113122171946,49
Qwen-3-Coder-30B,1289,moderate,correct,1.063840830449827,50
Qwen-3-Coder-30B,450,moderate,correct,47.374599938538566,1
Qwen-3-Coder-30B,450,moderate,correct,1.063877306220369,2
Qwen-3-Coder-30B,450,moderate,correct,1.132404623250739,3
Qwen-3-Coder-30B,450,moderate,correct,1.0190005881386737,4
Qwen-3-Coder-30B,450,moderate,correct,1.0365009439899309,5
Qwen-3-Coder-30B,450,moderate,correct,0.822142265356847,6
Qwen-3-Coder-30B,450,moderate,correct,0.9301433318314936,7
Qwen-3-Coder-30B,450,moderate,correct,0.7830459364863652,8
Qwen-3-Coder-30B,450,moderate,correct,0.31058476639411836,9
Qwen-3-Coder-30B,450,moderate,correct,1.015735964980738,10
Qwen-3-Coder-30B,450,moderate,correct,1.0006512711280016,11
Qwen-3-Coder-30B,450,moderate,correct,0.6256931446463869,12
Qwen-3-Coder-30B,450,moderate,correct,1.151118694552251,13
Qwen-3-Coder-30B,450,moderate,correct,0.9616190684725828,14
Qwen-3-Coder-30B,450,moderate,correct,0.8992601264906097,15
Qwen-3-Coder-30B,450,moderate,correct,1.1068861219618056,16
Qwen-3-Coder-30B,450,moderate,correct,0.9862358700040371,17
Qwen-3-Coder-30B,450,moderate,correct,1.2774967155642334,18
Qwen-3-Coder-30B,450,moderate,correct,0.9450675211718929,19
Qwen-3-Coder-30B,450,moderate,correct,0.9699740347634821,20
Qwen-3-Coder-30B,450,moderate,correct,0.8907773885048764,21
Qwen-3-Coder-30B,450,moderate,correct,2.544153400958756,22
Qwen-3-Coder-30B,450,moderate,correct,0.9808594079770374,23
Qwen-3-Coder-30B,450,moderate,correct,0.30298941596306095,24
Qwen-3-Coder-30B,450,moderate,correct,1.436235809814862,25
Qwen-3-Coder-30B,450,moderate,correct,0.8055486460043447,26
Qwen-3-Coder-30B,450,moderate,correct,0.9682307946668663,27
Qwen-3-Coder-30B,450,moderate,correct,1.8312998060835963,28
Qwen-3-Coder-30B,450,moderate,correct,0.2980503982170289,29
Qwen-3-Coder-30B,450,moderate,correct,0.4250072739759421,30
Qwen-3-Coder-30B,450,moderate,correct,0.9639522859348374,31
Qwen-3-Coder-30B,450,moderate,correct,1.0333704477825745,32
Qwen-3-Coder-30B,450,moderate,correct,1.111171938844326,33
Qwen-3-Coder-30B,450,moderate,correct,0.8919789651837524,34
Qwen-3-Coder-30B,450,moderate,correct,0.978179394843514,35
Qwen-3-Coder-30B,450,moderate,correct,0.8944733751675543,36
Qwen-3-Coder-30B,450,moderate,correct,0.9872450365037124,37
Qwen-3-Coder-30B,450,moderate,correct,0.9938919256025532,38
Qwen-3-Coder-30B,450,moderate,correct,1.001806243226588,39
Qwen-3-Coder-30B,450,moderate,correct,0.8556256313648402,40
Qwen-3-Coder-30B,450,moderate,correct,1.1758759001383927,41
Qwen-3-Coder-30B,450,moderate,correct,0.8915451097790027,42
Qwen-3-Coder-30B,450,moderate,correct,1.7347732242166023,43
Qwen-3-Coder-30B,450,moderate,correct,0.9269123838851147,44
Qwen-3-Coder-30B,450,moderate,correct,0.32084104310588274,45
Qwen-3-Coder-30B,450,moderate,correct,1.0557936575842195,46
Qwen-3-Coder-30B,450,moderate,correct,0.8294183626496885,47
Qwen-3-Coder-30B,450,moderate,correct,0.9894983396127561,48
Qwen-3-Coder-30B,450,moderate,correct,1.067966565869801,49
Qwen-3-Coder-30B,450,moderate,correct,0.27605556117336666,50
Qwen-3-Coder-30B,188,moderate,correct,0.48531971683880704,1
Qwen-3-Coder-30B,188,moderate,correct,0.7947850318471338,2
Qwen-3-Coder-30B,188,moderate,correct,1.0371238765142634,3
Qwen-3-Coder-30B,188,moderate,correct,0.7004410683655967,4
Qwen-3-Coder-30B,188,moderate,correct,1.0295974743488556,5
Qwen-3-Coder-30B,188,moderate,correct,0.6902404526166902,6
Qwen-3-Coder-30B,188,moderate,correct,1.3413391557496361,7
Qwen-3-Coder-30B,188,moderate,correct,1.0353535353535352,8
Qwen-3-Coder-30B,188,moderate,correct,0.7244847890088322,9
Qwen-3-Coder-30B,188,moderate,correct,0.4944746535695492,10
Qwen-3-Coder-30B,188,moderate,correct,0.8881807647740441,11
Qwen-3-Coder-30B,188,moderate,correct,1.0677966101694916,12
Qwen-3-Coder-30B,188,moderate,correct,1.0076575008701705,13
Qwen-3-Coder-30B,188,moderate,correct,1.0581222056631894,14
Qwen-3-Coder-30B,188,moderate,correct,0.9724743777452416,15
Qwen-3-Coder-30B,188,moderate,correct,1.2806070826306915,16
Qwen-3-Coder-30B,188,moderate,correct,0.9566379566379566,17
Qwen-3-Coder-30B,188,moderate,correct,1.082612116443745,18
Qwen-3-Coder-30B,188,moderate,correct,0.7926931106471816,19
Qwen-3-Coder-30B,188,moderate,correct,1.0410612760581175,20
Qwen-3-Coder-30B,188,moderate,correct,0.9082358922216573,21
Qwen-3-Coder-30B,188,moderate,correct,1.8215353938185443,22
Qwen-3-Coder-30B,188,moderate,correct,0.9549849949983328,23
Qwen-3-Coder-30B,188,moderate,correct,1.0103662750518314,24
Qwen-3-Coder-30B,188,moderate,correct,1.2910662824207493,25
Qwen-3-Coder-30B,188,moderate,correct,0.8908424908424909,26
Qwen-3-Coder-30B,188,moderate,correct,0.7694199631071941,27
Qwen-3-Coder-30B,188,moderate,correct,1.0370813397129186,28
Qwen-3-Coder-30B,188,moderate,correct,0.7990521327014218,29
Qwen-3-Coder-30B,188,moderate,correct,0.7772317772317773,30
Qwen-3-Coder-30B,188,moderate,correct,0.6177772313744775,31
Qwen-3-Coder-30B,188,moderate,correct,0.9104790419161677,32
Qwen-3-Coder-30B,188,moderate,correct,0.8800125313283208,33
Qwen-3-Coder-30B,188,moderate,correct,0.7285183464932652,34
Qwen-3-Coder-30B,188,moderate,correct,1.0617977528089888,35
Qwen-3-Coder-30B,188,moderate,correct,0.9803431022158685,36
Qwen-3-Coder-30B,188,moderate,correct,0.2714285714285714,37
Qwen-3-Coder-30B,188,moderate,correct,0.9716124148372445,38
Qwen-3-Coder-30B,188,moderate,correct,1.06198798470781,39
Qwen-3-Coder-30B,188,moderate,correct,0.9626865671641791,40
Qwen-3-Coder-30B,188,moderate,correct,0.8386935926202942,41
Qwen-3-Coder-30B,188,moderate,correct,0.7302165553531674,42
Qwen-3-Coder-30B,188,moderate,correct,0.9462014998369742,43
Qwen-3-Coder-30B,188,moderate,correct,0.9932108626198083,44
Qwen-3-Coder-30B,188,moderate,correct,0.8933823529411765,45
Qwen-3-Coder-30B,188,moderate,correct,0.947931325640304,46
Qwen-3-Coder-30B,188,moderate,correct,0.6753768844221105,47
Qwen-3-Coder-30B,188,moderate,correct,0.8911990885787525,48
Qwen-3-Coder-30B,188,moderate,correct,1.005455537370431,49
Qwen-3-Coder-30B,188,moderate,correct,0.9612314709236032,50
Qwen-3-Coder-30B,1252,moderate,semantic,,1
Qwen-3-Coder-30B,1252,moderate,semantic,,2
Qwen-3-Coder-30B,1252,moderate,semantic,,3
Qwen-3-Coder-30B,1252,moderate,semantic,,4
Qwen-3-Coder-30B,1252,moderate,semantic,,5
Qwen-3-Coder-30B,1252,moderate,semantic,,6
Qwen-3-Coder-30B,1252,moderate,semantic,,7
Qwen-3-Coder-30B,1252,moderate,semantic,,8
Qwen-3-Coder-30B,1252,moderate,semantic,,9
Qwen-3-Coder-30B,1252,moderate,semantic,,10
Qwen-3-Coder-30B,1252,moderate,semantic,,11
Qwen-3-Coder-30B,1252,moderate,semantic,,12
Qwen-3-Coder-30B,1252,moderate,semantic,,13
Qwen-3-Coder-30B,1252,moderate,semantic,,14
Qwen-3-Coder-30B,1252,moderate,semantic,,15
Qwen-3-Coder-30B,1252,moderate,semantic,,16
Qwen-3-Coder-30B,1252,moderate,semantic,,17
Qwen-3-Coder-30B,1252,moderate,semantic,,18
Qwen-3-Coder-30B,1252,moderate,semantic,,19
Qwen-3-Coder-30B,1252,moderate,semantic,,20
Qwen-3-Coder-30B,1252,moderate,semantic,,21
Qwen-3-Coder-30B,1252,moderate,semantic,,22
Qwen-3-Coder-30B,1252,moderate,semantic,,23
Qwen-3-Coder-30B,1252,moderate,semantic,,24
Qwen-3-Coder-30B,1252,moderate,semantic,,25
Qwen-3-Coder-30B,1252,moderate,semantic,,26
Qwen-3-Coder-30B,1252,moderate,semantic,,27
Qwen-3-Coder-30B,1252,moderate,semantic,,28
Qwen-3-Coder-30B,1252,moderate,semantic,,29
Qwen-3-Coder-30B,1252,moderate,semantic,,30
Qwen-3-Coder-30B,1252,moderate,semantic,,31
Qwen-3-Coder-30B,1252,moderate,semantic,,32
Qwen-3-Coder-30B,1252,moderate,semantic,,33
Qwen-3-Coder-30B,1252,moderate,semantic,,34
Qwen-3-Coder-30B,1252,moderate,semantic,,35
Qwen-3-Coder-30B,1252,moderate,semantic,,36
Qwen-3-Coder-30B,1252,moderate,semantic,,37
Qwen-3-Coder-30B,1252,moderate,semantic,,38
Qwen-3-Coder-30B,1252,moderate,semantic,,39
Qwen-3-Coder-30B,1252,moderate,semantic,,40
Qwen-3-Coder-30B,1252,moderate,semantic,,41
Qwen-3-Coder-30B,1252,moderate,semantic,,42
Qwen-3-Coder-30B,1252,moderate,semantic,,43
Qwen-3-Coder-30B,1252,moderate,semantic,,44
Qwen-3-Coder-30B,1252,moderate,semantic,,45
Qwen-3-Coder-30B,1252,moderate,semantic,,46
Qwen-3-Coder-30B,1252,moderate,semantic,,47
Qwen-3-Coder-30B,1252,moderate,semantic,,48
Qwen-3-Coder-30B,1252,moderate,semantic,,49
Qwen-3-Coder-30B,1252,moderate,semantic,,50
Qwen-3-Coder-30B,1264,moderate,semantic,,1
Qwen-3-Coder-30B,1264,moderate,semantic,,2
Qwen-3-Coder-30B,1264,moderate,semantic,,3
Qwen-3-Coder-30B,1264,moderate,semantic,,4
Qwen-3-Coder-30B,1264,moderate,semantic,,5
Qwen-3-Coder-30B,1264,moderate,semantic,,6
Qwen-3-Coder-30B,1264,moderate,semantic,,7
Qwen-3-Coder-30B,1264,moderate,semantic,,8
Qwen-3-Coder-30B,1264,moderate,semantic,,9
Qwen-3-Coder-30B,1264,moderate,semantic,,10
Qwen-3-Coder-30B,1264,moderate,semantic,,11
Qwen-3-Coder-30B,1264,moderate,semantic,,12
Qwen-3-Coder-30B,1264,moderate,semantic,,13
Qwen-3-Coder-30B,1264,moderate,semantic,,14
Qwen-3-Coder-30B,1264,moderate,semantic,,15
Qwen-3-Coder-30B,1264,moderate,semantic,,16
Qwen-3-Coder-30B,1264,moderate,semantic,,17
Qwen-3-Coder-30B,1264,moderate,semantic,,18
Qwen-3-Coder-30B,1264,moderate,semantic,,19
Qwen-3-Coder-30B,1264,moderate,semantic,,20
Qwen-3-Coder-30B,1264,moderate,semantic,,21
Qwen-3-Coder-30B,1264,moderate,semantic,,22
Qwen-3-Coder-30B,1264,moderate,semantic,,23
Qwen-3-Coder-30B,1264,moderate,semantic,,24
Qwen-3-Coder-30B,1264,moderate,semantic,,25
Qwen-3-Coder-30B,1264,moderate,semantic,,26
Qwen-3-Coder-30B,1264,moderate,semantic,,27
Qwen-3-Coder-30B,1264,moderate,semantic,,28
Qwen-3-Coder-30B,1264,moderate,semantic,,29
Qwen-3-Coder-30B,1264,moderate,semantic,,30
Qwen-3-Coder-30B,1264,moderate,semantic,,31
Qwen-3-Coder-30B,1264,moderate,semantic,,32
Qwen-3-Coder-30B,1264,moderate,semantic,,33
Qwen-3-Coder-30B,1264,moderate,semantic,,34
Qwen-3-Coder-30B,1264,moderate,semantic,,35
Qwen-3-Coder-30B,1264,moderate,semantic,,36
Qwen-3-Coder-30B,1264,moderate,semantic,,37
Qwen-3-Coder-30B,1264,moderate,semantic,,38
Qwen-3-Coder-30B,1264,moderate,semantic,,39
Qwen-3-Coder-30B,1264,moderate,semantic,,40
Qwen-3-Coder-30B,1264,moderate,semantic,,41
Qwen-3-Coder-30B,1264,moderate,semantic,,42
Qwen-3-Coder-30B,1264,moderate,semantic,,43
Qwen-3-Coder-30B,1264,moderate,semantic,,44
Qwen-3-Coder-30B,1264,moderate,semantic,,45
Qwen-3-Coder-30B,1264,moderate,semantic,,46
Qwen-3-Coder-30B,1264,moderate,semantic,,47
Qwen-3-Coder-30B,1264,moderate,semantic,,48
Qwen-3-Coder-30B,1264,moderate,semantic,,49
Qwen-3-Coder-30B,1264,moderate,semantic,,50
Qwen-3-Coder-30B,446,moderate,semantic,,1
Qwen-3-Coder-30B,446,moderate,semantic,,2
Qwen-3-Coder-30B,446,moderate,semantic,,3
Qwen-3-Coder-30B,446,moderate,semantic,,4
Qwen-3-Coder-30B,446,moderate,semantic,,5
Qwen-3-Coder-30B,446,moderate,semantic,,6
Qwen-3-Coder-30B,446,moderate,semantic,,7
Qwen-3-Coder-30B,446,moderate,semantic,,8
Qwen-3-Coder-30B,446,moderate,semantic,,9
Qwen-3-Coder-30B,446,moderate,semantic,,10
Qwen-3-Coder-30B,446,moderate,semantic,,11
Qwen-3-Coder-30B,446,moderate,semantic,,12
Qwen-3-Coder-30B,446,moderate,semantic,,13
Qwen-3-Coder-30B,446,moderate,semantic,,14
Qwen-3-Coder-30B,446,moderate,semantic,,15
Qwen-3-Coder-30B,446,moderate,semantic,,16
Qwen-3-Coder-30B,446,moderate,semantic,,17
Qwen-3-Coder-30B,446,moderate,semantic,,18
Qwen-3-Coder-30B,446,moderate,semantic,,19
Qwen-3-Coder-30B,446,moderate,semantic,,20
Qwen-3-Coder-30B,446,moderate,semantic,,21
Qwen-3-Coder-30B,446,moderate,semantic,,22
Qwen-3-Coder-30B,446,moderate,semantic,,23
Qwen-3-Coder-30B,446,moderate,semantic,,24
Qwen-3-Coder-30B,446,moderate,semantic,,25
Qwen-3-Coder-30B,446,moderate,semantic,,26
Qwen-3-Coder-30B,446,moderate,semantic,,27
Qwen-3-Coder-30B,446,moderate,semantic,,28
Qwen-3-Coder-30B,446,moderate,semantic,,29
Qwen-3-Coder-30B,446,moderate,semantic,,30
Qwen-3-Coder-30B,446,moderate,semantic,,31
Qwen-3-Coder-30B,446,moderate,semantic,,32
Qwen-3-Coder-30B,446,moderate,semantic,,33
Qwen-3-Coder-30B,446,moderate,semantic,,34
Qwen-3-Coder-30B,446,moderate,semantic,,35
Qwen-3-Coder-30B,446,moderate,semantic,,36
Qwen-3-Coder-30B,446,moderate,semantic,,37
Qwen-3-Coder-30B,446,moderate,semantic,,38
Qwen-3-Coder-30B,446,moderate,semantic,,39
Qwen-3-Coder-30B,446,moderate,semantic,,40
Qwen-3-Coder-30B,446,moderate,semantic,,41
Qwen-3-Coder-30B,446,moderate,semantic,,42
Qwen-3-Coder-30B,446,moderate,semantic,,43
Qwen-3-Coder-30B,446,moderate,semantic,,44
Qwen-3-Coder-30B,446,moderate,semantic,,45
Qwen-3-Coder-30B,446,moderate,semantic,,46
Qwen-3-Coder-30B,446,moderate,semantic,,47
Qwen-3-Coder-30B,446,moderate,semantic,,48
Qwen-3-Coder-30B,446,moderate,semantic,,49
Qwen-3-Coder-30B,446,moderate,semantic,,50
Qwen-3-Coder-30B,391,moderate,semantic,,1
Qwen-3-Coder-30B,391,moderate,semantic,,2
Qwen-3-Coder-30B,391,moderate,semantic,,3
Qwen-3-Coder-30B,391,moderate,semantic,,4
Qwen-3-Coder-30B,391,moderate,semantic,,5
Qwen-3-Coder-30B,391,moderate,semantic,,6
Qwen-3-Coder-30B,391,moderate,semantic,,7
Qwen-3-Coder-30B,391,moderate,semantic,,8
Qwen-3-Coder-30B,391,moderate,semantic,,9
Qwen-3-Coder-30B,391,moderate,semantic,,10
Qwen-3-Coder-30B,391,moderate,semantic,,11
Qwen-3-Coder-30B,391,moderate,semantic,,12
Qwen-3-Coder-30B,391,moderate,semantic,,13
Qwen-3-Coder-30B,391,moderate,semantic,,14
Qwen-3-Coder-30B,391,moderate,semantic,,15
Qwen-3-Coder-30B,391,moderate,semantic,,16
Qwen-3-Coder-30B,391,moderate,semantic,,17
Qwen-3-Coder-30B,391,moderate,semantic,,18
Qwen-3-Coder-30B,391,moderate,semantic,,19
Qwen-3-Coder-30B,391,moderate,semantic,,20
Qwen-3-Coder-30B,391,moderate,semantic,,21
Qwen-3-Coder-30B,391,moderate,semantic,,22
Qwen-3-Coder-30B,391,moderate,semantic,,23
Qwen-3-Coder-30B,391,moderate,semantic,,24
Qwen-3-Coder-30B,391,moderate,semantic,,25
Qwen-3-Coder-30B,391,moderate,semantic,,26
Qwen-3-Coder-30B,391,moderate,semantic,,27
Qwen-3-Coder-30B,391,moderate,semantic,,28
Qwen-3-Coder-30B,391,moderate,semantic,,29
Qwen-3-Coder-30B,391,moderate,semantic,,30
Qwen-3-Coder-30B,391,moderate,semantic,,31
Qwen-3-Coder-30B,391,moderate,semantic,,32
Qwen-3-Coder-30B,391,moderate,semantic,,33
Qwen-3-Coder-30B,391,moderate,semantic,,34
Qwen-3-Coder-30B,391,moderate,semantic,,35
Qwen-3-Coder-30B,391,moderate,semantic,,36
Qwen-3-Coder-30B,391,moderate,semantic,,37
Qwen-3-Coder-30B,391,moderate,semantic,,38
Qwen-3-Coder-30B,391,moderate,semantic,,39
Qwen-3-Coder-30B,391,moderate,semantic,,40
Qwen-3-Coder-30B,391,moderate,semantic,,41
Qwen-3-Coder-30B,391,moderate,semantic,,42
Qwen-3-Coder-30B,391,moderate,semantic,,43
Qwen-3-Coder-30B,391,moderate,semantic,,44
Qwen-3-Coder-30B,391,moderate,semantic,,45
Qwen-3-Coder-30B,391,moderate,semantic,,46
Qwen-3-Coder-30B,391,moderate,semantic,,47
Qwen-3-Coder-30B,391,moderate,semantic,,48
Qwen-3-Coder-30B,391,moderate,semantic,,49
Qwen-3-Coder-30B,391,moderate,semantic,,50
Qwen-3-Coder-30B,135,moderate,semantic,,1
Qwen-3-Coder-30B,135,moderate,semantic,,2
Qwen-3-Coder-30B,135,moderate,semantic,,3
Qwen-3-Coder-30B,135,moderate,semantic,,4
Qwen-3-Coder-30B,135,moderate,semantic,,5
Qwen-3-Coder-30B,135,moderate,semantic,,6
Qwen-3-Coder-30B,135,moderate,semantic,,7
Qwen-3-Coder-30B,135,moderate,semantic,,8
Qwen-3-Coder-30B,135,moderate,semantic,,9
Qwen-3-Coder-30B,135,moderate,semantic,,10
Qwen-3-Coder-30B,135,moderate,semantic,,11
Qwen-3-Coder-30B,135,moderate,semantic,,12
Qwen-3-Coder-30B,135,moderate,semantic,,13
Qwen-3-Coder-30B,135,moderate,semantic,,14
Qwen-3-Coder-30B,135,moderate,semantic,,15
Qwen-3-Coder-30B,135,moderate,semantic,,16
Qwen-3-Coder-30B,135,moderate,semantic,,17
Qwen-3-Coder-30B,135,moderate,semantic,,18
Qwen-3-Coder-30B,135,moderate,semantic,,19
Qwen-3-Coder-30B,135,moderate,semantic,,20
Qwen-3-Coder-30B,135,moderate,semantic,,21
Qwen-3-Coder-30B,135,moderate,semantic,,22
Qwen-3-Coder-30B,135,moderate,semantic,,23
Qwen-3-Coder-30B,135,moderate,semantic,,24
Qwen-3-Coder-30B,135,moderate,semantic,,25
Qwen-3-Coder-30B,135,moderate,semantic,,26
Qwen-3-Coder-30B,135,moderate,semantic,,27
Qwen-3-Coder-30B,135,moderate,semantic,,28
Qwen-3-Coder-30B,135,moderate,semantic,,29
Qwen-3-Coder-30B,135,moderate,semantic,,30
Qwen-3-Coder-30B,135,moderate,semantic,,31
Qwen-3-Coder-30B,135,moderate,semantic,,32
Qwen-3-Coder-30B,135,moderate,semantic,,33
Qwen-3-Coder-30B,135,moderate,semantic,,34
Qwen-3-Coder-30B,135,moderate,semantic,,35
Qwen-3-Coder-30B,135,moderate,semantic,,36
Qwen-3-Coder-30B,135,moderate,semantic,,37
Qwen-3-Coder-30B,135,moderate,semantic,,38
Qwen-3-Coder-30B,135,moderate,semantic,,39
Qwen-3-Coder-30B,135,moderate,semantic,,40
Qwen-3-Coder-30B,135,moderate,semantic,,41
Qwen-3-Coder-30B,135,moderate,semantic,,42
Qwen-3-Coder-30B,135,moderate,semantic,,43
Qwen-3-Coder-30B,135,moderate,semantic,,44
Qwen-3-Coder-30B,135,moderate,semantic,,45
Qwen-3-Coder-30B,135,moderate,semantic,,46
Qwen-3-Coder-30B,135,moderate,semantic,,47
Qwen-3-Coder-30B,135,moderate,semantic,,48
Qwen-3-Coder-30B,135,moderate,semantic,,49
Qwen-3-Coder-30B,135,moderate,semantic,,50
Qwen-3-Coder-30B,175,moderate,correct,3.4938180476102603,1
Qwen-3-Coder-30B,175,moderate,correct,1.103244837758112,2
Qwen-3-Coder-30B,175,moderate,correct,1.1464229559748427,3
Qwen-3-Coder-30B,175,moderate,correct,1.0512242268041236,4
Qwen-3-Coder-30B,175,moderate,correct,1.1676767676767676,5
Qwen-3-Coder-30B,175,moderate,correct,0.9889051094890511,6
Qwen-3-Coder-30B,175,moderate,correct,1.1586287042417198,7
Qwen-3-Coder-30B,175,moderate,correct,1.115273311897106,8
Qwen-3-Coder-30B,175,moderate,correct,1.2166220942192965,9
Qwen-3-Coder-30B,175,moderate,correct,1.1636570274024498,10
Qwen-3-Coder-30B,175,moderate,correct,0.9246933212176284,11
Qwen-3-Coder-30B,175,moderate,correct,1.1527192821827503,12
Qwen-3-Coder-30B,175,moderate,correct,1.4860413737698333,13
Qwen-3-Coder-30B,175,moderate,correct,1.2453698242302702,14
Qwen-3-Coder-30B,175,moderate,correct,1.2245891661594643,15
Qwen-3-Coder-30B,175,moderate,correct,1.1668806161745828,16
Qwen-3-Coder-30B,175,moderate,correct,1.242318587927653,17
Qwen-3-Coder-30B,175,moderate,correct,1.259858259131383,18
Qwen-3-Coder-30B,175,moderate,correct,1.046201945345067,19
Qwen-3-Coder-30B,175,moderate,correct,1.195304594211698,20
Qwen-3-Coder-30B,175,moderate,correct,1.0926966292134832,21
Qwen-3-Coder-30B,175,moderate,correct,1.2693409742120343,22
Qwen-3-Coder-30B,175,moderate,correct,1.1976720850893037,23
Qwen-3-Coder-30B,175,moderate,correct,1.2086118111098938,24
Qwen-3-Coder-30B,175,moderate,correct,1.2845033688328624,25
Qwen-3-Coder-30B,175,moderate,correct,0.6195445920303605,26
Qwen-3-Coder-30B,175,moderate,correct,1.1956340956340956,27
Qwen-3-Coder-30B,175,moderate,correct,1.3221623442236443,28
Qwen-3-Coder-30B,175,moderate,correct,1.113031914893617,29
Qwen-3-Coder-30B,175,moderate,correct,1.0932193732193731,30
Qwen-3-Coder-30B,175,moderate,correct,1.2623191444747326,31
Qwen-3-Coder-30B,175,moderate,correct,1.241880341880342,32
Qwen-3-Coder-30B,175,moderate,correct,1.283821758329988,33
Qwen-3-Coder-30B,175,moderate,correct,0.16401463755602155,34
Qwen-3-Coder-30B,175,moderate,correct,1.1129444117069338,35
Qwen-3-Coder-30B,175,moderate,correct,0.9245038826574633,36
Qwen-3-Coder-30B,175,moderate,correct,1.2085239085239086,37
Qwen-3-Coder-30B,175,moderate,correct,1.2028706083976006,38
Qwen-3-Coder-30B,175,moderate,correct,1.2857142857142858,39
Qwen-3-Coder-30B,175,moderate,correct,1.0810810810810811,40
Qwen-3-Coder-30B,175,moderate,correct,1.1365201539396395,41
Qwen-3-Coder-30B,175,moderate,correct,1.2367455138662315,42
Qwen-3-Coder-30B,175,moderate,correct,1.0519624101713654,43
Qwen-3-Coder-30B,175,moderate,correct,1.1811994895789026,44
Qwen-3-Coder-30B,175,moderate,correct,1.073856975381008,45
Qwen-3-Coder-30B,175,moderate,correct,1.1593994241053065,46
Qwen-3-Coder-30B,175,moderate,correct,0.6556666176686756,47
Qwen-3-Coder-30B,175,moderate,correct,1.3909090909090909,48
Qwen-3-Coder-30B,175,moderate,correct,1.145714750365913,49
Qwen-3-Coder-30B,175,moderate,correct,1.1529750875025737,50
Qwen-3-Coder-30B,1170,moderate,semantic,,1
Qwen-3-Coder-30B,1170,moderate,semantic,,2
Qwen-3-Coder-30B,1170,moderate,semantic,,3
Qwen-3-Coder-30B,1170,moderate,semantic,,4
Qwen-3-Coder-30B,1170,moderate,semantic,,5
Qwen-3-Coder-30B,1170,moderate,semantic,,6
Qwen-3-Coder-30B,1170,moderate,semantic,,7
Qwen-3-Coder-30B,1170,moderate,semantic,,8
Qwen-3-Coder-30B,1170,moderate,semantic,,9
Qwen-3-Coder-30B,1170,moderate,semantic,,10
Qwen-3-Coder-30B,1170,moderate,semantic,,11
Qwen-3-Coder-30B,1170,moderate,semantic,,12
Qwen-3-Coder-30B,1170,moderate,semantic,,13
Qwen-3-Coder-30B,1170,moderate,semantic,,14
Qwen-3-Coder-30B,1170,moderate,semantic,,15
Qwen-3-Coder-30B,1170,moderate,semantic,,16
Qwen-3-Coder-30B,1170,moderate,semantic,,17
Qwen-3-Coder-30B,1170,moderate,semantic,,18
Qwen-3-Coder-30B,1170,moderate,semantic,,19
Qwen-3-Coder-30B,1170,moderate,semantic,,20
Qwen-3-Coder-30B,1170,moderate,semantic,,21
Qwen-3-Coder-30B,1170,moderate,semantic,,22
Qwen-3-Coder-30B,1170,moderate,semantic,,23
Qwen-3-Coder-30B,1170,moderate,semantic,,24
Qwen-3-Coder-30B,1170,moderate,semantic,,25
Qwen-3-Coder-30B,1170,moderate,semantic,,26
Qwen-3-Coder-30B,1170,moderate,semantic,,27
Qwen-3-Coder-30B,1170,moderate,semantic,,28
Qwen-3-Coder-30B,1170,moderate,semantic,,29
Qwen-3-Coder-30B,1170,moderate,semantic,,30
Qwen-3-Coder-30B,1170,moderate,semantic,,31
Qwen-3-Coder-30B,1170,moderate,semantic,,32
Qwen-3-Coder-30B,1170,moderate,semantic,,33
Qwen-3-Coder-30B,1170,moderate,semantic,,34
Qwen-3-Coder-30B,1170,moderate,semantic,,35
Qwen-3-Coder-30B,1170,moderate,semantic,,36
Qwen-3-Coder-30B,1170,moderate,semantic,,37
Qwen-3-Coder-30B,1170,moderate,semantic,,38
Qwen-3-Coder-30B,1170,moderate,semantic,,39
Qwen-3-Coder-30B,1170,moderate,semantic,,40
Qwen-3-Coder-30B,1170,moderate,semantic,,41
Qwen-3-Coder-30B,1170,moderate,semantic,,42
Qwen-3-Coder-30B,1170,moderate,semantic,,43
Qwen-3-Coder-30B,1170,moderate,semantic,,44
Qwen-3-Coder-30B,1170,moderate,semantic,,45
Qwen-3-Coder-30B,1170,moderate,semantic,,46
Qwen-3-Coder-30B,1170,moderate,semantic,,47
Qwen-3-Coder-30B,1170,moderate,semantic,,48
Qwen-3-Coder-30B,1170,moderate,semantic,,49
Qwen-3-Coder-30B,1170,moderate,semantic,,50
Qwen-3-Coder-30B,637,moderate,semantic,,1
Qwen-3-Coder-30B,637,moderate,semantic,,2
Qwen-3-Coder-30B,637,moderate,semantic,,3
Qwen-3-Coder-30B,637,moderate,semantic,,4
Qwen-3-Coder-30B,637,moderate,semantic,,5
Qwen-3-Coder-30B,637,moderate,semantic,,6
Qwen-3-Coder-30B,637,moderate,semantic,,7
Qwen-3-Coder-30B,637,moderate,semantic,,8
Qwen-3-Coder-30B,637,moderate,semantic,,9
Qwen-3-Coder-30B,637,moderate,semantic,,10
Qwen-3-Coder-30B,637,moderate,semantic,,11
Qwen-3-Coder-30B,637,moderate,semantic,,12
Qwen-3-Coder-30B,637,moderate,semantic,,13
Qwen-3-Coder-30B,637,moderate,semantic,,14
Qwen-3-Coder-30B,637,moderate,semantic,,15
Qwen-3-Coder-30B,637,moderate,semantic,,16
Qwen-3-Coder-30B,637,moderate,semantic,,17
Qwen-3-Coder-30B,637,moderate,semantic,,18
Qwen-3-Coder-30B,637,moderate,semantic,,19
Qwen-3-Coder-30B,637,moderate,semantic,,20
Qwen-3-Coder-30B,637,moderate,semantic,,21
Qwen-3-Coder-30B,637,moderate,semantic,,22
Qwen-3-Coder-30B,637,moderate,semantic,,23
Qwen-3-Coder-30B,637,moderate,semantic,,24
Qwen-3-Coder-30B,637,moderate,semantic,,25
Qwen-3-Coder-30B,637,moderate,semantic,,26
Qwen-3-Coder-30B,637,moderate,semantic,,27
Qwen-3-Coder-30B,637,moderate,semantic,,28
Qwen-3-Coder-30B,637,moderate,semantic,,29
Qwen-3-Coder-30B,637,moderate,semantic,,30
Qwen-3-Coder-30B,637,moderate,semantic,,31
Qwen-3-Coder-30B,637,moderate,semantic,,32
Qwen-3-Coder-30B,637,moderate,semantic,,33
Qwen-3-Coder-30B,637,moderate,semantic,,34
Qwen-3-Coder-30B,637,moderate,semantic,,35
Qwen-3-Coder-30B,637,moderate,semantic,,36
Qwen-3-Coder-30B,637,moderate,semantic,,37
Qwen-3-Coder-30B,637,moderate,semantic,,38
Qwen-3-Coder-30B,637,moderate,semantic,,39
Qwen-3-Coder-30B,637,moderate,semantic,,40
Qwen-3-Coder-30B,637,moderate,semantic,,41
Qwen-3-Coder-30B,637,moderate,semantic,,42
Qwen-3-Coder-30B,637,moderate,semantic,,43
Qwen-3-Coder-30B,637,moderate,semantic,,44
Qwen-3-Coder-30B,637,moderate,semantic,,45
Qwen-3-Coder-30B,637,moderate,semantic,,46
Qwen-3-Coder-30B,637,moderate,semantic,,47
Qwen-3-Coder-30B,637,moderate,semantic,,48
Qwen-3-Coder-30B,637,moderate,semantic,,49
Qwen-3-Coder-30B,637,moderate,semantic,,50
Qwen-3-Coder-30B,1095,moderate,correct,8.418165784832452,1
Qwen-3-Coder-30B,1095,moderate,correct,0.9628286491387126,2
Qwen-3-Coder-30B,1095,moderate,correct,0.8194899391670566,3
Qwen-3-Coder-30B,1095,moderate,correct,1.1692870201096892,4
Qwen-3-Coder-30B,1095,moderate,correct,1.0466520307354557,5
Qwen-3-Coder-30B,1095,moderate,correct,1.2530357142857143,6
Qwen-3-Coder-30B,1095,moderate,correct,1.182031789910159,7
Qwen-3-Coder-30B,1095,moderate,correct,1.031064209274673,8
Qwen-3-Coder-30B,1095,moderate,correct,0.9785822021116138,9
Qwen-3-Coder-30B,1095,moderate,correct,1.1712864250177684,10
Qwen-3-Coder-30B,1095,moderate,correct,1.0212605223397366,11
Qwen-3-Coder-30B,1095,moderate,correct,5.308701905789285,12
Qwen-3-Coder-30B,1095,moderate,correct,0.9311116637652326,13
Qwen-3-Coder-30B,1095,moderate,correct,1.117691723614275,14
Qwen-3-Coder-30B,1095,moderate,correct,1.108352144469526,15
Qwen-3-Coder-30B,1095,moderate,correct,1.093941142527409,16
Qwen-3-Coder-30B,1095,moderate,correct,0.9713290036432758,17
Qwen-3-Coder-30B,1095,moderate,correct,1.3235164187895745,18
Qwen-3-Coder-30B,1095,moderate,correct,0.921201814058957,19
Qwen-3-Coder-30B,1095,moderate,correct,1.001563063604665,20
Qwen-3-Coder-30B,1095,moderate,correct,1.1410598551277165,21
Qwen-3-Coder-30B,1095,moderate,correct,0.9218083912945928,22
Qwen-3-Coder-30B,1095,moderate,correct,3.469609079445145,23
Qwen-3-Coder-30B,1095,moderate,correct,1.1613641089623623,24
Qwen-3-Coder-30B,1095,moderate,correct,1.2047575480329369,25
Qwen-3-Coder-30B,1095,moderate,correct,1.2874390243902438,26
Qwen-3-Coder-30B,1095,moderate,correct,1.1197746274082152,27
Qwen-3-Coder-30B,1095,moderate,correct,1.0897778967085898,28
Qwen-3-Coder-30B,1095,moderate,correct,1.1385725132877753,29
Qwen-3-Coder-30B,1095,moderate,correct,1.3024482109227873,30
Qwen-3-Coder-30B,1095,moderate,correct,1.0630045907867658,31
Qwen-3-Coder-30B,1095,moderate,correct,1.1318931210915293,32
Qwen-3-Coder-30B,1095,moderate,correct,1.0197481396680024,33
Qwen-3-Coder-30B,1095,moderate,correct,1.129918468628146,34
Qwen-3-Coder-30B,1095,moderate,correct,0.7271570576540756,35
Qwen-3-Coder-30B,1095,moderate,correct,1.2186073059360731,36
Qwen-3-Coder-30B,1095,moderate,correct,1.0841500980117613,37
Qwen-3-Coder-30B,1095,moderate,correct,50.083124215809285,38
Qwen-3-Coder-30B,1095,moderate,correct,0.9431710294317103,39
Qwen-3-Coder-30B,1095,moderate,correct,1.2623277737490934,40
Qwen-3-Coder-30B,1095,moderate,correct,0.9650910078782939,41
Qwen-3-Coder-30B,1095,moderate,correct,1.055098802827059,42
Qwen-3-Coder-30B,1095,moderate,correct,1.494199860237596,43
Qwen-3-Coder-30B,1095,moderate,correct,1.0763148848401514,44
Qwen-3-Coder-30B,1095,moderate,correct,1.11316534963471,45
Qwen-3-Coder-30B,1095,moderate,correct,1.0264932562620424,46
Qwen-3-Coder-30B,1095,moderate,correct,1.090797041906327,47
Qwen-3-Coder-30B,1095,moderate,correct,3.133357232478939,48
Qwen-3-Coder-30B,1095,moderate,correct,1.009883821744408,49
Qwen-3-Coder-30B,1095,moderate,correct,1.0621882274692385,50
Qwen-3-Coder-30B,899,moderate,correct,4.658942795076032,1
Qwen-3-Coder-30B,899,moderate,correct,1.3035443804907603,2
Qwen-3-Coder-30B,899,moderate,correct,1.08113413304253,3
Qwen-3-Coder-30B,899,moderate,correct,1.326154806491885,4
Qwen-3-Coder-30B,899,moderate,correct,1.2558459422283357,5
Qwen-3-Coder-30B,899,moderate,correct,1.0923705722070844,6
Qwen-3-Coder-30B,899,moderate,correct,0.7528046421663442,7
Qwen-3-Coder-30B,899,moderate,correct,1.3481920199501247,8
Qwen-3-Coder-30B,899,moderate,correct,1.6451612903225807,9
Qwen-3-Coder-30B,899,moderate,correct,1.4,10
Qwen-3-Coder-30B,899,moderate,correct,0.9529627367135003,11
Qwen-3-Coder-30B,899,moderate,correct,1.0961367673179396,12
Qwen-3-Coder-30B,899,moderate,correct,1.2199528672427338,13
Qwen-3-Coder-30B,899,moderate,correct,1.2936532996526682,14
Qwen-3-Coder-30B,899,moderate,correct,1.1086427760661586,15
Qwen-3-Coder-30B,899,moderate,correct,1.0244003737929603,16
Qwen-3-Coder-30B,899,moderate,correct,1.5425652667423382,17
Qwen-3-Coder-30B,899,moderate,correct,0.9538621047174702,18
Qwen-3-Coder-30B,899,moderate,correct,1.101423487544484,19
Qwen-3-Coder-30B,899,moderate,correct,1.043248730964467,20
Qwen-3-Coder-30B,899,moderate,correct,1.3179551122194513,21
Qwen-3-Coder-30B,899,moderate,correct,0.966906161550185,22
Qwen-3-Coder-30B,899,moderate,correct,0.6778785982478097,23
Qwen-3-Coder-30B,899,moderate,correct,1.155805415328132,24
Qwen-3-Coder-30B,899,moderate,correct,1.28714419768533,25
Qwen-3-Coder-30B,899,moderate,correct,1.0104122396940076,26
Qwen-3-Coder-30B,899,moderate,correct,41.821941958231626,27
Qwen-3-Coder-30B,899,moderate,correct,0.8579745464392093,28
Qwen-3-Coder-30B,899,moderate,correct,1.29015873015873,29
Qwen-3-Coder-30B,899,moderate,correct,0.8559833899584749,30
Qwen-3-Coder-30B,899,moderate,correct,1.1956521739130435,31
Qwen-3-Coder-30B,899,moderate,correct,1.3527010050251256,32
Qwen-3-Coder-30B,899,moderate,correct,0.9728990551964197,33
Qwen-3-Coder-30B,899,moderate,correct,1.0317985245484609,34
Qwen-3-Coder-30B,899,moderate,correct,1.0235858484909055,35
Qwen-3-Coder-30B,899,moderate,correct,1.2546012269938651,36
Qwen-3-Coder-30B,899,moderate,correct,0.9193548387096774,37
Qwen-3-Coder-30B,899,moderate,correct,0.8576248313090419,38
Qwen-3-Coder-30B,899,moderate,correct,1.0488933601609658,39
Qwen-3-Coder-30B,899,moderate,correct,1.3029647930821495,40
Qwen-3-Coder-30B,899,moderate,correct,1.260952380952381,41
Qwen-3-Coder-30B,899,moderate,correct,1.3567523236741388,42
Qwen-3-Coder-30B,899,moderate,correct,1.2586261475150364,43
Qwen-3-Coder-30B,899,moderate,correct,1.0061638280616383,44
Qwen-3-Coder-30B,899,moderate,correct,1.4144893111638954,45
Qwen-3-Coder-30B,899,moderate,correct,1.0010260619741433,46
Qwen-3-Coder-30B,899,moderate,correct,1.597148448420464,47
Qwen-3-Coder-30B,899,moderate,correct,0.8032552826956025,48
Qwen-3-Coder-30B,899,moderate,correct,1.2731788079470199,49
Qwen-3-Coder-30B,899,moderate,correct,1.2271444695259595,50
Qwen-3-Coder-30B,1274,moderate,hallucination,,1
Qwen-3-Coder-30B,1274,moderate,hallucination,,2
Qwen-3-Coder-30B,1274,moderate,hallucination,,3
Qwen-3-Coder-30B,1274,moderate,hallucination,,4
Qwen-3-Coder-30B,1274,moderate,hallucination,,5
Qwen-3-Coder-30B,1274,moderate,hallucination,,6
Qwen-3-Coder-30B,1274,moderate,hallucination,,7
Qwen-3-Coder-30B,1274,moderate,hallucination,,8
Qwen-3-Coder-30B,1274,moderate,hallucination,,9
Qwen-3-Coder-30B,1274,moderate,hallucination,,10
Qwen-3-Coder-30B,1274,moderate,hallucination,,11
Qwen-3-Coder-30B,1274,moderate,hallucination,,12
Qwen-3-Coder-30B,1274,moderate,hallucination,,13
Qwen-3-Coder-30B,1274,moderate,hallucination,,14
Qwen-3-Coder-30B,1274,moderate,hallucination,,15
Qwen-3-Coder-30B,1274,moderate,hallucination,,16
Qwen-3-Coder-30B,1274,moderate,hallucination,,17
Qwen-3-Coder-30B,1274,moderate,hallucination,,18
Qwen-3-Coder-30B,1274,moderate,hallucination,,19
Qwen-3-Coder-30B,1274,moderate,hallucination,,20
Qwen-3-Coder-30B,1274,moderate,hallucination,,21
Qwen-3-Coder-30B,1274,moderate,hallucination,,22
Qwen-3-Coder-30B,1274,moderate,hallucination,,23
Qwen-3-Coder-30B,1274,moderate,hallucination,,24
Qwen-3-Coder-30B,1274,moderate,hallucination,,25
Qwen-3-Coder-30B,1274,moderate,hallucination,,26
Qwen-3-Coder-30B,1274,moderate,hallucination,,27
Qwen-3-Coder-30B,1274,moderate,hallucination,,28
Qwen-3-Coder-30B,1274,moderate,hallucination,,29
Qwen-3-Coder-30B,1274,moderate,hallucination,,30
Qwen-3-Coder-30B,1274,moderate,hallucination,,31
Qwen-3-Coder-30B,1274,moderate,hallucination,,32
Qwen-3-Coder-30B,1274,moderate,hallucination,,33
Qwen-3-Coder-30B,1274,moderate,hallucination,,34
Qwen-3-Coder-30B,1274,moderate,hallucination,,35
Qwen-3-Coder-30B,1274,moderate,hallucination,,36
Qwen-3-Coder-30B,1274,moderate,hallucination,,37
Qwen-3-Coder-30B,1274,moderate,hallucination,,38
Qwen-3-Coder-30B,1274,moderate,hallucination,,39
Qwen-3-Coder-30B,1274,moderate,hallucination,,40
Qwen-3-Coder-30B,1274,moderate,hallucination,,41
Qwen-3-Coder-30B,1274,moderate,hallucination,,42
Qwen-3-Coder-30B,1274,moderate,hallucination,,43
Qwen-3-Coder-30B,1274,moderate,hallucination,,44
Qwen-3-Coder-30B,1274,moderate,hallucination,,45
Qwen-3-Coder-30B,1274,moderate,hallucination,,46
Qwen-3-Coder-30B,1274,moderate,hallucination,,47
Qwen-3-Coder-30B,1274,moderate,hallucination,,48
Qwen-3-Coder-30B,1274,moderate,hallucination,,49
Qwen-3-Coder-30B,1274,moderate,hallucination,,50
Qwen-3-Coder-30B,327,moderate,correct,2.6449456975772767,1
Qwen-3-Coder-30B,327,moderate,correct,4.694327789909849,2
Qwen-3-Coder-30B,327,moderate,correct,0.9935856318152662,3
Qwen-3-Coder-30B,327,moderate,correct,1.3938504059423045,4
Qwen-3-Coder-30B,327,moderate,correct,0.7635616237245835,5
Qwen-3-Coder-30B,327,moderate,correct,1.5273504944278764,6
Qwen-3-Coder-30B,327,moderate,correct,1.045768121911038,7
Qwen-3-Coder-30B,327,moderate,correct,1.5768752074344508,8
Qwen-3-Coder-30B,327,moderate,correct,1.257420263608009,9
Qwen-3-Coder-30B,327,moderate,correct,0.9920372465407711,10
Qwen-3-Coder-30B,327,moderate,correct,1.1142727639000807,11
Qwen-3-Coder-30B,327,moderate,correct,0.9625747036347605,12
Qwen-3-Coder-30B,327,moderate,correct,0.9728202103607588,13
Qwen-3-Coder-30B,327,moderate,correct,1.1274060946192093,14
Qwen-3-Coder-30B,327,moderate,correct,1.0396335078534031,15
Qwen-3-Coder-30B,327,moderate,correct,1.039144050104384,16
Qwen-3-Coder-30B,327,moderate,correct,1.0897785086592322,17
Qwen-3-Coder-30B,327,moderate,correct,0.9993530729037073,18
Qwen-3-Coder-30B,327,moderate,correct,3.6993441639161557,19
Qwen-3-Coder-30B,327,moderate,correct,1.0074074074074073,20
Qwen-3-Coder-30B,327,moderate,correct,1.0017842859779733,21
Qwen-3-Coder-30B,327,moderate,correct,0.34577715752485855,22
Qwen-3-Coder-30B,327,moderate,correct,1.0288024713792476,23
Qwen-3-Coder-30B,327,moderate,correct,0.9631913948783737,24
Qwen-3-Coder-30B,327,moderate,correct,1.054433294235197,25
Qwen-3-Coder-30B,327,moderate,correct,0.9978083907326236,26
Qwen-3-Coder-30B,327,moderate,correct,0.9944988392046028,27
Qwen-3-Coder-30B,327,moderate,correct,1.290601830758398,28
Qwen-3-Coder-30B,327,moderate,correct,2.845913179507235,29
Qwen-3-Coder-30B,327,moderate,correct,0.9741562928953472,30
Qwen-3-Coder-30B,327,moderate,correct,1.0782670078531722,31
Qwen-3-Coder-30B,327,moderate,correct,0.8989309556043136,32
Qwen-3-Coder-30B,327,moderate,correct,0.9609203433819126,33
Qwen-3-Coder-30B,327,moderate,correct,1.0743646856332894,34
Qwen-3-Coder-30B,327,moderate,hallucination,,35
Qwen-3-Coder-30B,327,moderate,correct,0.29254657649441557,36
Qwen-3-Coder-30B,327,moderate,correct,0.30592336098105305,37
Qwen-3-Coder-30B,327,moderate,correct,1.594457821491246,38
Qwen-3-Coder-30B,327,moderate,correct,0.35179170799983694,39
Qwen-3-Coder-30B,327,moderate,correct,14.409949401332598,40
Qwen-3-Coder-30B,327,moderate,correct,0.31594130636085194,41
Qwen-3-Coder-30B,327,moderate,correct,0.9666007160354249,42
Qwen-3-Coder-30B,327,moderate,correct,1.90995333685508,43
Qwen-3-Coder-30B,327,moderate,correct,1.044309296264118,44
Qwen-3-Coder-30B,327,moderate,correct,0.6588265407696027,45
Qwen-3-Coder-30B,327,moderate,correct,0.7771548703573932,46
Qwen-3-Coder-30B,327,moderate,correct,1.009478672985782,47
Qwen-3-Coder-30B,327,moderate,correct,1.3735164624808576,48
Qwen-3-Coder-30B,327,moderate,correct,0.9480853495903981,49
Qwen-3-Coder-30B,327,moderate,correct,0.7897193146209748,50
Qwen-3-Coder-30B,1439,moderate,hallucination,,1
Qwen-3-Coder-30B,1439,moderate,hallucination,,2
Qwen-3-Coder-30B,1439,moderate,hallucination,,3
Qwen-3-Coder-30B,1439,moderate,hallucination,,4
Qwen-3-Coder-30B,1439,moderate,hallucination,,5
Qwen-3-Coder-30B,1439,moderate,hallucination,,6
Qwen-3-Coder-30B,1439,moderate,hallucination,,7
Qwen-3-Coder-30B,1439,moderate,hallucination,,8
Qwen-3-Coder-30B,1439,moderate,hallucination,,9
Qwen-3-Coder-30B,1439,moderate,hallucination,,10
Qwen-3-Coder-30B,1439,moderate,hallucination,,11
Qwen-3-Coder-30B,1439,moderate,hallucination,,12
Qwen-3-Coder-30B,1439,moderate,hallucination,,13
Qwen-3-Coder-30B,1439,moderate,hallucination,,14
Qwen-3-Coder-30B,1439,moderate,hallucination,,15
Qwen-3-Coder-30B,1439,moderate,hallucination,,16
Qwen-3-Coder-30B,1439,moderate,hallucination,,17
Qwen-3-Coder-30B,1439,moderate,hallucination,,18
Qwen-3-Coder-30B,1439,moderate,hallucination,,19
Qwen-3-Coder-30B,1439,moderate,hallucination,,20
Qwen-3-Coder-30B,1439,moderate,hallucination,,21
Qwen-3-Coder-30B,1439,moderate,hallucination,,22
Qwen-3-Coder-30B,1439,moderate,hallucination,,23
Qwen-3-Coder-30B,1439,moderate,hallucination,,24
Qwen-3-Coder-30B,1439,moderate,hallucination,,25
Qwen-3-Coder-30B,1439,moderate,hallucination,,26
Qwen-3-Coder-30B,1439,moderate,hallucination,,27
Qwen-3-Coder-30B,1439,moderate,hallucination,,28
Qwen-3-Coder-30B,1439,moderate,hallucination,,29
Qwen-3-Coder-30B,1439,moderate,hallucination,,30
Qwen-3-Coder-30B,1439,moderate,hallucination,,31
Qwen-3-Coder-30B,1439,moderate,hallucination,,32
Qwen-3-Coder-30B,1439,moderate,hallucination,,33
Qwen-3-Coder-30B,1439,moderate,hallucination,,34
Qwen-3-Coder-30B,1439,moderate,hallucination,,35
Qwen-3-Coder-30B,1439,moderate,hallucination,,36
Qwen-3-Coder-30B,1439,moderate,hallucination,,37
Qwen-3-Coder-30B,1439,moderate,hallucination,,38
Qwen-3-Coder-30B,1439,moderate,hallucination,,39
Qwen-3-Coder-30B,1439,moderate,hallucination,,40
Qwen-3-Coder-30B,1439,moderate,hallucination,,41
Qwen-3-Coder-30B,1439,moderate,hallucination,,42
Qwen-3-Coder-30B,1439,moderate,hallucination,,43
Qwen-3-Coder-30B,1439,moderate,hallucination,,44
Qwen-3-Coder-30B,1439,moderate,hallucination,,45
Qwen-3-Coder-30B,1439,moderate,hallucination,,46
Qwen-3-Coder-30B,1439,moderate,hallucination,,47
Qwen-3-Coder-30B,1439,moderate,hallucination,,48
Qwen-3-Coder-30B,1439,moderate,hallucination,,49
Qwen-3-Coder-30B,1439,moderate,hallucination,,50
Qwen-3-Coder-30B,753,moderate,correct,5.644889779559119,1
Qwen-3-Coder-30B,753,moderate,correct,1.362925739810162,2
Qwen-3-Coder-30B,753,moderate,correct,13.692202462380301,3
Qwen-3-Coder-30B,753,moderate,correct,1.3628542510121457,4
Qwen-3-Coder-30B,753,moderate,correct,1.1818560133166875,5
Qwen-3-Coder-30B,753,moderate,correct,1.4420247204237786,6
Qwen-3-Coder-30B,753,moderate,correct,1.4025,7
Qwen-3-Coder-30B,753,moderate,correct,1.5547566371681416,8
Qwen-3-Coder-30B,753,moderate,correct,2.197671194898808,9
Qwen-3-Coder-30B,753,moderate,correct,1.1633825944170773,10
Qwen-3-Coder-30B,753,moderate,correct,0.8991525423728813,11
Qwen-3-Coder-30B,753,moderate,correct,1.6010362694300517,12
Qwen-3-Coder-30B,753,moderate,correct,0.9740675990675991,13
Qwen-3-Coder-30B,753,moderate,correct,1.3715293080652269,14
Qwen-3-Coder-30B,753,moderate,correct,1.6195094124358242,15
Qwen-3-Coder-30B,753,moderate,correct,1.0012383900928792,16
Qwen-3-Coder-30B,753,moderate,correct,1.4297848244620612,17
Qwen-3-Coder-30B,753,moderate,correct,1.1989775855289029,18
Qwen-3-Coder-30B,753,moderate,correct,1.1735751295336787,19
Qwen-3-Coder-30B,753,moderate,correct,1.1572723689396927,20
Qwen-3-Coder-30B,753,moderate,correct,1.2472864558754129,21
Qwen-3-Coder-30B,753,moderate,correct,1.391280353200883,22
Qwen-3-Coder-30B,753,moderate,correct,1.4710118833273316,23
Qwen-3-Coder-30B,753,moderate,correct,1.4509803921568627,24
Qwen-3-Coder-30B,753,moderate,correct,1.470071389346513,25
Qwen-3-Coder-30B,753,moderate,correct,1.155483870967742,26
Qwen-3-Coder-30B,753,moderate,correct,1.540587219343696,27
Qwen-3-Coder-30B,753,moderate,correct,0.9918778427550358,28
Qwen-3-Coder-30B,753,moderate,correct,1.5282909930715936,29
Qwen-3-Coder-30B,753,moderate,correct,1.25859817152808,30
Qwen-3-Coder-30B,753,moderate,correct,1.319016393442623,31
Qwen-3-Coder-30B,753,moderate,correct,1.3542219861922464,32
Qwen-3-Coder-30B,753,moderate,correct,1.0564186426819298,33
Qwen-3-Coder-30B,753,moderate,correct,1.372093023255814,34
Qwen-3-Coder-30B,753,moderate,correct,1.416890801506186,35
Qwen-3-Coder-30B,753,moderate,correct,1.4607390300230947,36
Qwen-3-Coder-30B,753,moderate,correct,1.1290322580645162,37
Qwen-3-Coder-30B,753,moderate,correct,0.7363103657304506,38
Qwen-3-Coder-30B,753,moderate,correct,1.292919001528273,39
Qwen-3-Coder-30B,753,moderate,correct,1.5334841628959277,40
Qwen-3-Coder-30B,753,moderate,correct,1.413972286374134,41
Qwen-3-Coder-30B,753,moderate,correct,1.1959170233783338,42
Qwen-3-Coder-30B,753,moderate,correct,0.9297218155197657,43
Qwen-3-Coder-30B,753,moderate,correct,1.3643454038997214,44
Qwen-3-Coder-30B,753,moderate,correct,1.3426343865408288,45
Qwen-3-Coder-30B,753,moderate,correct,1.3987058237929317,46
Qwen-3-Coder-30B,753,moderate,correct,1.489827856025039,47
Qwen-3-Coder-30B,753,moderate,correct,1.2731719246759599,48
Qwen-3-Coder-30B,753,moderate,correct,1.431978319783198,49
Qwen-3-Coder-30B,753,moderate,correct,1.3225806451612903,50
Qwen-3-Coder-30B,1125,moderate,correct,3.481333552865694,1
Qwen-3-Coder-30B,1125,moderate,correct,0.39681116415086226,2
Qwen-3-Coder-30B,1125,moderate,correct,0.9492292041630801,3
Qwen-3-Coder-30B,1125,moderate,correct,0.9970068328307837,4
Qwen-3-Coder-30B,1125,moderate,correct,0.4506664662895161,5
Qwen-3-Coder-30B,1125,moderate,correct,1.0059219048794028,6
Qwen-3-Coder-30B,1125,moderate,correct,0.3647371172083067,7
Qwen-3-Coder-30B,1125,moderate,correct,0.425546501076134,8
Qwen-3-Coder-30B,1125,moderate,correct,3.1827574540071897,9
Qwen-3-Coder-30B,1125,moderate,correct,0.9812658470585729,10
Qwen-3-Coder-30B,1125,moderate,correct,0.3714477209348194,11
Qwen-3-Coder-30B,1125,moderate,correct,0.36032249749489165,12
Qwen-3-Coder-30B,1125,moderate,correct,0.3709846982910263,13
Qwen-3-Coder-30B,1125,moderate,correct,0.3482517647098378,14
Qwen-3-Coder-30B,1125,moderate,correct,0.9592672496610178,15
Qwen-3-Coder-30B,1125,moderate,correct,1.737992445725353,16
Qwen-3-Coder-30B,1125,moderate,correct,1.0001541909655107,17
Qwen-3-Coder-30B,1125,moderate,correct,3.7927565167925223,18
Qwen-3-Coder-30B,1125,moderate,correct,1.0212062728964186,19
Qwen-3-Coder-30B,1125,moderate,correct,2.045052561321542,20
Qwen-3-Coder-30B,1125,moderate,correct,1.0089295027060856,21
Qwen-3-Coder-30B,1125,moderate,correct,1.1763260230166406,22
Qwen-3-Coder-30B,1125,moderate,correct,1.003629107476979,23
Qwen-3-Coder-30B,1125,moderate,correct,1.0634617388585919,24
Qwen-3-Coder-30B,1125,moderate,correct,1.5345946377911854,25
Qwen-3-Coder-30B,1125,moderate,correct,2.0797979499351698,26
Qwen-3-Coder-30B,1125,moderate,correct,0.9311764798928603,27
Qwen-3-Coder-30B,1125,moderate,correct,1.0336709020363015,28
Qwen-3-Coder-30B,1125,moderate,correct,0.3566225420983261,29
Qwen-3-Coder-30B,1125,moderate,correct,1.2835693223175624,30
Qwen-3-Coder-30B,1125,moderate,correct,0.35056816092376714,31
Qwen-3-Coder-30B,1125,moderate,correct,1.0107737847410356,32
Qwen-3-Coder-30B,1125,moderate,correct,1.7425722686871956,33
Qwen-3-Coder-30B,1125,moderate,correct,0.995213574785734,34
Qwen-3-Coder-30B,1125,moderate,correct,1.0696170921198669,35
Qwen-3-Coder-30B,1125,moderate,correct,2.04673193088961,36
Qwen-3-Coder-30B,1125,moderate,correct,0.5737666371719746,37
Qwen-3-Coder-30B,1125,moderate,correct,0.9993612499152101,38
Qwen-3-Coder-30B,1125,moderate,correct,1.7495893884084925,39
Qwen-3-Coder-30B,1125,moderate,correct,1.0097681359044994,40
Qwen-3-Coder-30B,1125,moderate,correct,1.376954493044106,41
Qwen-3-Coder-30B,1125,moderate,correct,1.0061471610660486,42
Qwen-3-Coder-30B,1125,moderate,correct,0.971717510578203,43
Qwen-3-Coder-30B,1125,moderate,correct,0.433778391823424,44
Qwen-3-Coder-30B,1125,moderate,correct,0.9208498214370224,45
Qwen-3-Coder-30B,1125,moderate,correct,0.5472180771690471,46
Qwen-3-Coder-30B,1125,moderate,correct,1.3889168765743074,47
Qwen-3-Coder-30B,1125,moderate,correct,0.5802856686436445,48
Qwen-3-Coder-30B,1125,moderate,correct,1.0268354283391878,49
Qwen-3-Coder-30B,1125,moderate,correct,0.5108071376377817,50
Qwen-3-Coder-30B,1388,moderate,semantic,,1
Qwen-3-Coder-30B,1388,moderate,semantic,,2
Qwen-3-Coder-30B,1388,moderate,semantic,,3
Qwen-3-Coder-30B,1388,moderate,semantic,,4
Qwen-3-Coder-30B,1388,moderate,semantic,,5
Qwen-3-Coder-30B,1388,moderate,semantic,,6
Qwen-3-Coder-30B,1388,moderate,semantic,,7
Qwen-3-Coder-30B,1388,moderate,semantic,,8
Qwen-3-Coder-30B,1388,moderate,semantic,,9
Qwen-3-Coder-30B,1388,moderate,semantic,,10
Qwen-3-Coder-30B,1388,moderate,semantic,,11
Qwen-3-Coder-30B,1388,moderate,semantic,,12
Qwen-3-Coder-30B,1388,moderate,semantic,,13
Qwen-3-Coder-30B,1388,moderate,semantic,,14
Qwen-3-Coder-30B,1388,moderate,semantic,,15
Qwen-3-Coder-30B,1388,moderate,semantic,,16
Qwen-3-Coder-30B,1388,moderate,semantic,,17
Qwen-3-Coder-30B,1388,moderate,semantic,,18
Qwen-3-Coder-30B,1388,moderate,semantic,,19
Qwen-3-Coder-30B,1388,moderate,semantic,,20
Qwen-3-Coder-30B,1388,moderate,semantic,,21
Qwen-3-Coder-30B,1388,moderate,semantic,,22
Qwen-3-Coder-30B,1388,moderate,semantic,,23
Qwen-3-Coder-30B,1388,moderate,semantic,,24
Qwen-3-Coder-30B,1388,moderate,semantic,,25
Qwen-3-Coder-30B,1388,moderate,semantic,,26
Qwen-3-Coder-30B,1388,moderate,semantic,,27
Qwen-3-Coder-30B,1388,moderate,semantic,,28
Qwen-3-Coder-30B,1388,moderate,semantic,,29
Qwen-3-Coder-30B,1388,moderate,semantic,,30
Qwen-3-Coder-30B,1388,moderate,semantic,,31
Qwen-3-Coder-30B,1388,moderate,semantic,,32
Qwen-3-Coder-30B,1388,moderate,semantic,,33
Qwen-3-Coder-30B,1388,moderate,semantic,,34
Qwen-3-Coder-30B,1388,moderate,semantic,,35
Qwen-3-Coder-30B,1388,moderate,semantic,,36
Qwen-3-Coder-30B,1388,moderate,semantic,,37
Qwen-3-Coder-30B,1388,moderate,semantic,,38
Qwen-3-Coder-30B,1388,moderate,semantic,,39
Qwen-3-Coder-30B,1388,moderate,semantic,,40
Qwen-3-Coder-30B,1388,moderate,semantic,,41
Qwen-3-Coder-30B,1388,moderate,semantic,,42
Qwen-3-Coder-30B,1388,moderate,semantic,,43
Qwen-3-Coder-30B,1388,moderate,semantic,,44
Qwen-3-Coder-30B,1388,moderate,semantic,,45
Qwen-3-Coder-30B,1388,moderate,semantic,,46
Qwen-3-Coder-30B,1388,moderate,semantic,,47
Qwen-3-Coder-30B,1388,moderate,semantic,,48
Qwen-3-Coder-30B,1388,moderate,semantic,,49
Qwen-3-Coder-30B,1388,moderate,semantic,,50
Qwen-3-Coder-30B,1047,moderate,correct,1.5074801814405019,1
Qwen-3-Coder-30B,1047,moderate,correct,1.1505898075713292,2
Qwen-3-Coder-30B,1047,moderate,correct,0.32914474892010687,3
Qwen-3-Coder-30B,1047,moderate,correct,1.1569290850716285,4
Qwen-3-Coder-30B,1047,moderate,correct,0.7644160683771686,5
Qwen-3-Coder-30B,1047,moderate,correct,0.3011307047034539,6
Qwen-3-Coder-30B,1047,moderate,correct,1.174820371747741,7
Qwen-3-Coder-30B,1047,moderate,correct,0.9004316429024405,8
Qwen-3-Coder-30B,1047,moderate,correct,1.1406008428751933,9
Qwen-3-Coder-30B,1047,moderate,correct,0.7917613233642414,10
Qwen-3-Coder-30B,1047,moderate,correct,0.37129252071150926,11
Qwen-3-Coder-30B,1047,moderate,correct,0.3759541184992726,12
Qwen-3-Coder-30B,1047,moderate,correct,2.3446238085581017,13
Qwen-3-Coder-30B,1047,moderate,correct,2.162233279112047,14
Qwen-3-Coder-30B,1047,moderate,correct,0.8594752729244389,15
Qwen-3-Coder-30B,1047,moderate,correct,1.5987237488455515,16
Qwen-3-Coder-30B,1047,moderate,correct,0.40415088862793735,17
Qwen-3-Coder-30B,1047,moderate,correct,1.5933424881730476,18
Qwen-3-Coder-30B,1047,moderate,correct,0.5976912956754233,19
Qwen-3-Coder-30B,1047,moderate,correct,0.8949663618830794,20
Qwen-3-Coder-30B,1047,moderate,correct,1.0091517150149982,21
Qwen-3-Coder-30B,1047,moderate,correct,0.8443999984094859,22
Qwen-3-Coder-30B,1047,moderate,correct,0.9673859011716018,23
Qwen-3-Coder-30B,1047,moderate,correct,0.8574669894994716,24
Qwen-3-Coder-30B,1047,moderate,correct,0.4473868100062022,25
Qwen-3-Coder-30B,1047,moderate,correct,0.8554477219486541,26
Qwen-3-Coder-30B,1047,moderate,correct,0.84546590361034,27
Qwen-3-Coder-30B,1047,moderate,correct,1.0042923881034242,28
Qwen-3-Coder-30B,1047,moderate,correct,0.9591425050532986,29
Qwen-3-Coder-30B,1047,moderate,correct,1.5155687776826745,30
Qwen-3-Coder-30B,1047,moderate,correct,0.46202492743725454,31
Qwen-3-Coder-30B,1047,moderate,correct,0.3549347378062743,32
Qwen-3-Coder-30B,1047,moderate,correct,0.5497357676546767,33
Qwen-3-Coder-30B,1047,moderate,correct,0.8311191957874581,34
Qwen-3-Coder-30B,1047,moderate,correct,1.120539884177097,35
Qwen-3-Coder-30B,1047,moderate,correct,0.39961282948782056,36
Qwen-3-Coder-30B,1047,moderate,correct,2.09198231015704,37
Qwen-3-Coder-30B,1047,moderate,correct,1.1240566189222172,38
Qwen-3-Coder-30B,1047,moderate,correct,0.6954807580541474,39
Qwen-3-Coder-30B,1047,moderate,correct,2.331319094520144,40
Qwen-3-Coder-30B,1047,moderate,correct,0.9501137232800612,41
Qwen-3-Coder-30B,1047,moderate,correct,0.8027212320860433,42
Qwen-3-Coder-30B,1047,moderate,correct,0.8540677863580458,43
Qwen-3-Coder-30B,1047,moderate,correct,1.141101117558912,44
Qwen-3-Coder-30B,1047,moderate,correct,0.8712672993762823,45
Qwen-3-Coder-30B,1047,moderate,correct,0.8567635795646872,46
Qwen-3-Coder-30B,1047,moderate,correct,2.1694623558699786,47
Qwen-3-Coder-30B,1047,moderate,correct,1.1287499053532217,48
Qwen-3-Coder-30B,1047,moderate,correct,1.112849422424216,49
Qwen-3-Coder-30B,1047,moderate,correct,0.8395584821145755,50
Qwen-3-Coder-30B,1093,moderate,semantic,,1
Qwen-3-Coder-30B,1093,moderate,semantic,,2
Qwen-3-Coder-30B,1093,moderate,semantic,,3
Qwen-3-Coder-30B,1093,moderate,semantic,,4
Qwen-3-Coder-30B,1093,moderate,semantic,,5
Qwen-3-Coder-30B,1093,moderate,semantic,,6
Qwen-3-Coder-30B,1093,moderate,semantic,,7
Qwen-3-Coder-30B,1093,moderate,semantic,,8
Qwen-3-Coder-30B,1093,moderate,semantic,,9
Qwen-3-Coder-30B,1093,moderate,semantic,,10
Qwen-3-Coder-30B,1093,moderate,semantic,,11
Qwen-3-Coder-30B,1093,moderate,semantic,,12
Qwen-3-Coder-30B,1093,moderate,semantic,,13
Qwen-3-Coder-30B,1093,moderate,semantic,,14
Qwen-3-Coder-30B,1093,moderate,semantic,,15
Qwen-3-Coder-30B,1093,moderate,semantic,,16
Qwen-3-Coder-30B,1093,moderate,semantic,,17
Qwen-3-Coder-30B,1093,moderate,semantic,,18
Qwen-3-Coder-30B,1093,moderate,semantic,,19
Qwen-3-Coder-30B,1093,moderate,semantic,,20
Qwen-3-Coder-30B,1093,moderate,semantic,,21
Qwen-3-Coder-30B,1093,moderate,semantic,,22
Qwen-3-Coder-30B,1093,moderate,semantic,,23
Qwen-3-Coder-30B,1093,moderate,semantic,,24
Qwen-3-Coder-30B,1093,moderate,semantic,,25
Qwen-3-Coder-30B,1093,moderate,semantic,,26
Qwen-3-Coder-30B,1093,moderate,semantic,,27
Qwen-3-Coder-30B,1093,moderate,semantic,,28
Qwen-3-Coder-30B,1093,moderate,semantic,,29
Qwen-3-Coder-30B,1093,moderate,semantic,,30
Qwen-3-Coder-30B,1093,moderate,semantic,,31
Qwen-3-Coder-30B,1093,moderate,semantic,,32
Qwen-3-Coder-30B,1093,moderate,semantic,,33
Qwen-3-Coder-30B,1093,moderate,semantic,,34
Qwen-3-Coder-30B,1093,moderate,semantic,,35
Qwen-3-Coder-30B,1093,moderate,semantic,,36
Qwen-3-Coder-30B,1093,moderate,semantic,,37
Qwen-3-Coder-30B,1093,moderate,semantic,,38
Qwen-3-Coder-30B,1093,moderate,semantic,,39
Qwen-3-Coder-30B,1093,moderate,semantic,,40
Qwen-3-Coder-30B,1093,moderate,semantic,,41
Qwen-3-Coder-30B,1093,moderate,semantic,,42
Qwen-3-Coder-30B,1093,moderate,semantic,,43
Qwen-3-Coder-30B,1093,moderate,semantic,,44
Qwen-3-Coder-30B,1093,moderate,semantic,,45
Qwen-3-Coder-30B,1093,moderate,semantic,,46
Qwen-3-Coder-30B,1093,moderate,semantic,,47
Qwen-3-Coder-30B,1093,moderate,semantic,,48
Qwen-3-Coder-30B,1093,moderate,semantic,,49
Qwen-3-Coder-30B,1093,moderate,semantic,,50
Qwen-3-Coder-30B,657,moderate,correct,3.6654874213836477,1
Qwen-3-Coder-30B,657,moderate,correct,1.80882096069869,2
Qwen-3-Coder-30B,657,moderate,correct,0.5571260818509981,3
Qwen-3-Coder-30B,657,moderate,correct,1.6704977111132755,4
Qwen-3-Coder-30B,657,moderate,correct,2.403213877496134,5
Qwen-3-Coder-30B,657,moderate,correct,3.800885807818217,6
Qwen-3-Coder-30B,657,moderate,correct,1.6782591610177817,7
Qwen-3-Coder-30B,657,moderate,correct,1.9831521206778333,8
Qwen-3-Coder-30B,657,moderate,correct,1.861572095796482,9
Qwen-3-Coder-30B,657,moderate,correct,2.1615761987656277,10
Qwen-3-Coder-30B,657,moderate,correct,1.623956233803628,11
Qwen-3-Coder-30B,657,moderate,correct,1.512456880030663,12
Qwen-3-Coder-30B,657,moderate,correct,1.7922514900980582,13
Qwen-3-Coder-30B,657,moderate,correct,1.6303348653972423,14
Qwen-3-Coder-30B,657,moderate,correct,1.561517462110515,15
Qwen-3-Coder-30B,657,moderate,correct,1.619003844225305,16
Qwen-3-Coder-30B,657,moderate,correct,1.974019031326847,17
Qwen-3-Coder-30B,657,moderate,correct,1.7802894264286468,18
Qwen-3-Coder-30B,657,moderate,correct,3.5018018895490406,19
Qwen-3-Coder-30B,657,moderate,correct,1.256082238720731,20
Qwen-3-Coder-30B,657,moderate,correct,1.7972049689440994,21
Qwen-3-Coder-30B,657,moderate,correct,1.5303923219397204,22
Qwen-3-Coder-30B,657,moderate,correct,1.5490930031672905,23
Qwen-3-Coder-30B,657,moderate,correct,1.7090429701418086,24
Qwen-3-Coder-30B,657,moderate,correct,0.6323756633898381,25
Qwen-3-Coder-30B,657,moderate,correct,1.7652655792555416,26
Qwen-3-Coder-30B,657,moderate,correct,1.853977047882865,27
Qwen-3-Coder-30B,657,moderate,correct,1.7283377095536254,28
Qwen-3-Coder-30B,657,moderate,correct,1.729271458705176,29
Qwen-3-Coder-30B,657,moderate,correct,1.6790722761596548,30
Qwen-3-Coder-30B,657,moderate,correct,1.1834396342495908,31
Qwen-3-Coder-30B,657,moderate,correct,1.5942785348410167,32
Qwen-3-Coder-30B,657,moderate,correct,1.685483870967742,33
Qwen-3-Coder-30B,657,moderate,correct,1.4262769878883623,34
Qwen-3-Coder-30B,657,moderate,correct,1.707260426133495,35
Qwen-3-Coder-30B,657,moderate,correct,1.641580987695938,36
Qwen-3-Coder-30B,657,moderate,correct,1.6500702670146556,37
Qwen-3-Coder-30B,657,moderate,correct,1.5617799665816552,38
Qwen-3-Coder-30B,657,moderate,correct,1.597314166824286,39
Qwen-3-Coder-30B,657,moderate,correct,1.69323153470018,40
Qwen-3-Coder-30B,657,moderate,correct,1.6726723802103622,41
Qwen-3-Coder-30B,657,moderate,correct,1.7222222222222223,42
Qwen-3-Coder-30B,657,moderate,correct,1.6762505254308533,43
Qwen-3-Coder-30B,657,moderate,correct,1.5699073581088276,44
Qwen-3-Coder-30B,657,moderate,correct,1.6069151324651998,45
Qwen-3-Coder-30B,657,moderate,correct,1.540084388185654,46
Qwen-3-Coder-30B,657,moderate,correct,1.6185149299744561,47
Qwen-3-Coder-30B,657,moderate,correct,1.6193785772690106,48
Qwen-3-Coder-30B,657,moderate,correct,1.6873689465801298,49
Qwen-3-Coder-30B,657,moderate,correct,1.5866577591143347,50
Qwen-3-Coder-30B,272,moderate,correct,3.916482300884956,1
Qwen-3-Coder-30B,272,moderate,correct,0.957243195785777,2
Qwen-3-Coder-30B,272,moderate,correct,0.9914401436385653,3
Qwen-3-Coder-30B,272,moderate,correct,0.8923705722070845,4
Qwen-3-Coder-30B,272,moderate,correct,1.0160870231346715,5
Qwen-3-Coder-30B,272,moderate,correct,0.8809372484216771,6
Qwen-3-Coder-30B,272,moderate,correct,0.9113815371981037,7
Qwen-3-Coder-30B,272,moderate,correct,1.0453213176429414,8
Qwen-3-Coder-30B,272,moderate,correct,0.6397892458954697,9
Qwen-3-Coder-30B,272,moderate,correct,0.8871375337302437,10
Qwen-3-Coder-30B,272,moderate,correct,0.9305728143664569,11
Qwen-3-Coder-30B,272,moderate,correct,0.9166593096141962,12
Qwen-3-Coder-30B,272,moderate,correct,2.8844204328163414,13
Qwen-3-Coder-30B,272,moderate,correct,0.8710349050826699,14
Qwen-3-Coder-30B,272,moderate,correct,0.9314024390243902,15
Qwen-3-Coder-30B,272,moderate,correct,1.5641486559926425,16
Qwen-3-Coder-30B,272,moderate,correct,0.9736087798579729,17
Qwen-3-Coder-30B,272,moderate,correct,0.8906296691568837,18
Qwen-3-Coder-30B,272,moderate,correct,0.8806240791809905,19
Qwen-3-Coder-30B,272,moderate,correct,1.5165313715542026,20
Qwen-3-Coder-30B,272,moderate,correct,1.0234885684796546,21
Qwen-3-Coder-30B,272,moderate,correct,0.9133988348839231,22
Qwen-3-Coder-30B,272,moderate,correct,0.8999486916367367,23
Qwen-3-Coder-30B,272,moderate,correct,1.544027121063431,24
Qwen-3-Coder-30B,272,moderate,correct,0.9766231748990369,25
Qwen-3-Coder-30B,272,moderate,correct,3.506595512377727,26
Qwen-3-Coder-30B,272,moderate,correct,0.944597158232994,27
Qwen-3-Coder-30B,272,moderate,correct,0.9139733840304183,28
Qwen-3-Coder-30B,272,moderate,correct,1.9449047721978048,29
Qwen-3-Coder-30B,272,moderate,correct,0.28459514761765564,30
Qwen-3-Coder-30B,272,moderate,correct,0.947741606926,31
Qwen-3-Coder-30B,272,moderate,correct,0.9111544292830842,32
Qwen-3-Coder-30B,272,moderate,correct,1.0448503937007874,33
Qwen-3-Coder-30B,272,moderate,correct,0.25663274182324286,34
Qwen-3-Coder-30B,272,moderate,correct,1.089110349235865,35
Qwen-3-Coder-30B,272,moderate,correct,0.9062645601253759,36
Qwen-3-Coder-30B,272,moderate,correct,0.3092990978487162,37
Qwen-3-Coder-30B,272,moderate,correct,1.4886565920539332,38
Qwen-3-Coder-30B,272,moderate,correct,0.8909401566927821,39
Qwen-3-Coder-30B,272,moderate,correct,0.8209022726416161,40
Qwen-3-Coder-30B,272,moderate,correct,0.8956420589090607,41
Qwen-3-Coder-30B,272,moderate,correct,0.9866278612443955,42
Qwen-3-Coder-30B,272,moderate,correct,0.9432391747099973,43
Qwen-3-Coder-30B,272,moderate,correct,0.9131470735175435,44
Qwen-3-Coder-30B,272,moderate,correct,0.6253416293539571,45
Qwen-3-Coder-30B,272,moderate,correct,0.8844318467223996,46
Qwen-3-Coder-30B,272,moderate,correct,0.9475766988638782,47
Qwen-3-Coder-30B,272,moderate,correct,0.8663096010209845,48
Qwen-3-Coder-30B,272,moderate,correct,0.9335221084730996,49
Qwen-3-Coder-30B,272,moderate,correct,0.8805328749462827,50
Qwen-3-Coder-30B,1401,moderate,semantic,,1
Qwen-3-Coder-30B,1401,moderate,semantic,,2
Qwen-3-Coder-30B,1401,moderate,semantic,,3
Qwen-3-Coder-30B,1401,moderate,semantic,,4
Qwen-3-Coder-30B,1401,moderate,semantic,,5
Qwen-3-Coder-30B,1401,moderate,semantic,,6
Qwen-3-Coder-30B,1401,moderate,semantic,,7
Qwen-3-Coder-30B,1401,moderate,semantic,,8
Qwen-3-Coder-30B,1401,moderate,semantic,,9
Qwen-3-Coder-30B,1401,moderate,semantic,,10
Qwen-3-Coder-30B,1401,moderate,semantic,,11
Qwen-3-Coder-30B,1401,moderate,semantic,,12
Qwen-3-Coder-30B,1401,moderate,semantic,,13
Qwen-3-Coder-30B,1401,moderate,semantic,,14
Qwen-3-Coder-30B,1401,moderate,semantic,,15
Qwen-3-Coder-30B,1401,moderate,semantic,,16
Qwen-3-Coder-30B,1401,moderate,semantic,,17
Qwen-3-Coder-30B,1401,moderate,semantic,,18
Qwen-3-Coder-30B,1401,moderate,semantic,,19
Qwen-3-Coder-30B,1401,moderate,semantic,,20
Qwen-3-Coder-30B,1401,moderate,semantic,,21
Qwen-3-Coder-30B,1401,moderate,semantic,,22
Qwen-3-Coder-30B,1401,moderate,semantic,,23
Qwen-3-Coder-30B,1401,moderate,semantic,,24
Qwen-3-Coder-30B,1401,moderate,semantic,,25
Qwen-3-Coder-30B,1401,moderate,semantic,,26
Qwen-3-Coder-30B,1401,moderate,semantic,,27
Qwen-3-Coder-30B,1401,moderate,semantic,,28
Qwen-3-Coder-30B,1401,moderate,semantic,,29
Qwen-3-Coder-30B,1401,moderate,semantic,,30
Qwen-3-Coder-30B,1401,moderate,semantic,,31
Qwen-3-Coder-30B,1401,moderate,semantic,,32
Qwen-3-Coder-30B,1401,moderate,semantic,,33
Qwen-3-Coder-30B,1401,moderate,semantic,,34
Qwen-3-Coder-30B,1401,moderate,semantic,,35
Qwen-3-Coder-30B,1401,moderate,semantic,,36
Qwen-3-Coder-30B,1401,moderate,semantic,,37
Qwen-3-Coder-30B,1401,moderate,semantic,,38
Qwen-3-Coder-30B,1401,moderate,semantic,,39
Qwen-3-Coder-30B,1401,moderate,semantic,,40
Qwen-3-Coder-30B,1401,moderate,semantic,,41
Qwen-3-Coder-30B,1401,moderate,semantic,,42
Qwen-3-Coder-30B,1401,moderate,semantic,,43
Qwen-3-Coder-30B,1401,moderate,semantic,,44
Qwen-3-Coder-30B,1401,moderate,semantic,,45
Qwen-3-Coder-30B,1401,moderate,semantic,,46
Qwen-3-Coder-30B,1401,moderate,semantic,,47
Qwen-3-Coder-30B,1401,moderate,semantic,,48
Qwen-3-Coder-30B,1401,moderate,semantic,,49
Qwen-3-Coder-30B,1401,moderate,semantic,,50
Qwen-3-Coder-30B,81,moderate,semantic,,1
Qwen-3-Coder-30B,81,moderate,semantic,,2
Qwen-3-Coder-30B,81,moderate,semantic,,3
Qwen-3-Coder-30B,81,moderate,semantic,,4
Qwen-3-Coder-30B,81,moderate,semantic,,5
Qwen-3-Coder-30B,81,moderate,semantic,,6
Qwen-3-Coder-30B,81,moderate,semantic,,7
Qwen-3-Coder-30B,81,moderate,semantic,,8
Qwen-3-Coder-30B,81,moderate,semantic,,9
Qwen-3-Coder-30B,81,moderate,semantic,,10
Qwen-3-Coder-30B,81,moderate,semantic,,11
Qwen-3-Coder-30B,81,moderate,semantic,,12
Qwen-3-Coder-30B,81,moderate,semantic,,13
Qwen-3-Coder-30B,81,moderate,semantic,,14
Qwen-3-Coder-30B,81,moderate,semantic,,15
Qwen-3-Coder-30B,81,moderate,semantic,,16
Qwen-3-Coder-30B,81,moderate,semantic,,17
Qwen-3-Coder-30B,81,moderate,semantic,,18
Qwen-3-Coder-30B,81,moderate,semantic,,19
Qwen-3-Coder-30B,81,moderate,semantic,,20
Qwen-3-Coder-30B,81,moderate,semantic,,21
Qwen-3-Coder-30B,81,moderate,semantic,,22
Qwen-3-Coder-30B,81,moderate,semantic,,23
Qwen-3-Coder-30B,81,moderate,semantic,,24
Qwen-3-Coder-30B,81,moderate,semantic,,25
Qwen-3-Coder-30B,81,moderate,semantic,,26
Qwen-3-Coder-30B,81,moderate,semantic,,27
Qwen-3-Coder-30B,81,moderate,semantic,,28
Qwen-3-Coder-30B,81,moderate,semantic,,29
Qwen-3-Coder-30B,81,moderate,semantic,,30
Qwen-3-Coder-30B,81,moderate,semantic,,31
Qwen-3-Coder-30B,81,moderate,semantic,,32
Qwen-3-Coder-30B,81,moderate,semantic,,33
Qwen-3-Coder-30B,81,moderate,semantic,,34
Qwen-3-Coder-30B,81,moderate,semantic,,35
Qwen-3-Coder-30B,81,moderate,semantic,,36
Qwen-3-Coder-30B,81,moderate,semantic,,37
Qwen-3-Coder-30B,81,moderate,semantic,,38
Qwen-3-Coder-30B,81,moderate,semantic,,39
Qwen-3-Coder-30B,81,moderate,semantic,,40
Qwen-3-Coder-30B,81,moderate,semantic,,41
Qwen-3-Coder-30B,81,moderate,semantic,,42
Qwen-3-Coder-30B,81,moderate,semantic,,43
Qwen-3-Coder-30B,81,moderate,semantic,,44
Qwen-3-Coder-30B,81,moderate,semantic,,45
Qwen-3-Coder-30B,81,moderate,semantic,,46
Qwen-3-Coder-30B,81,moderate,semantic,,47
Qwen-3-Coder-30B,81,moderate,semantic,,48
Qwen-3-Coder-30B,81,moderate,semantic,,49
Qwen-3-Coder-30B,81,moderate,semantic,,50
Qwen-3-Coder-30B,1167,moderate,correct,6.497455129922314,1
Qwen-3-Coder-30B,1167,moderate,correct,0.6843417176523907,2
Qwen-3-Coder-30B,1167,moderate,correct,0.5000730460189919,3
Qwen-3-Coder-30B,1167,moderate,correct,0.5836707152496626,4
Qwen-3-Coder-30B,1167,moderate,correct,0.6938166980539862,5
Qwen-3-Coder-30B,1167,moderate,correct,0.8191465342063671,6
Qwen-3-Coder-30B,1167,moderate,correct,0.7597563726595985,7
Qwen-3-Coder-30B,1167,moderate,correct,0.7353544563483018,8
Qwen-3-Coder-30B,1167,moderate,correct,0.6156589976814696,9
Qwen-3-Coder-30B,1167,moderate,correct,0.8137025714799496,10
Qwen-3-Coder-30B,1167,moderate,correct,0.8148234743979424,11
Qwen-3-Coder-30B,1167,moderate,correct,0.7359069971484975,12
Qwen-3-Coder-30B,1167,moderate,correct,0.6641280999804726,13
Qwen-3-Coder-30B,1167,moderate,correct,0.857225656877898,14
Qwen-3-Coder-30B,1167,moderate,correct,0.612877263581489,15
Qwen-3-Coder-30B,1167,moderate,correct,0.7053275109170306,16
Qwen-3-Coder-30B,1167,moderate,correct,0.17647483312285767,17
Qwen-3-Coder-30B,1167,moderate,correct,0.8043069560758844,18
Qwen-3-Coder-30B,1167,moderate,correct,0.6249768046019669,19
Qwen-3-Coder-30B,1167,moderate,correct,0.6538385241023607,20
Qwen-3-Coder-30B,1167,moderate,correct,0.5720631786771965,21
Qwen-3-Coder-30B,1167,moderate,correct,0.7490935460478607,22
Qwen-3-Coder-30B,1167,moderate,correct,0.7183803457688808,23
Qwen-3-Coder-30B,1167,moderate,correct,0.8900763358778626,24
Qwen-3-Coder-30B,1167,moderate,correct,0.8179024989758296,25
Qwen-3-Coder-30B,1167,moderate,correct,2.0911867642379893,26
Qwen-3-Coder-30B,1167,moderate,correct,0.78279717088752,27
Qwen-3-Coder-30B,1167,moderate,correct,0.8407902382335851,28
Qwen-3-Coder-30B,1167,moderate,correct,0.7770841723721305,29
Qwen-3-Coder-30B,1167,moderate,correct,0.5627591405955522,30
Qwen-3-Coder-30B,1167,moderate,correct,0.6729287995491264,31
Qwen-3-Coder-30B,1167,moderate,correct,0.6776892430278885,32
Qwen-3-Coder-30B,1167,moderate,correct,0.7217118530136679,33
Qwen-3-Coder-30B,1167,moderate,correct,1.235934291581109,34
Qwen-3-Coder-30B,1167,moderate,correct,0.7037191809444212,35
Qwen-3-Coder-30B,1167,moderate,correct,0.7407941082292667,36
Qwen-3-Coder-30B,1167,moderate,correct,0.8164570014435966,37
Qwen-3-Coder-30B,1167,moderate,correct,0.5221406319537161,38
Qwen-3-Coder-30B,1167,moderate,correct,0.7703448275862069,39
Qwen-3-Coder-30B,1167,moderate,correct,0.7341065292096219,40
Qwen-3-Coder-30B,1167,moderate,correct,0.7669662921348315,41
Qwen-3-Coder-30B,1167,moderate,correct,0.6471675911917969,42
Qwen-3-Coder-30B,1167,moderate,correct,0.7234994913530011,43
Qwen-3-Coder-30B,1167,moderate,correct,0.7623972421108459,44
Qwen-3-Coder-30B,1167,moderate,correct,0.7708562623816861,45
Qwen-3-Coder-30B,1167,moderate,correct,1.260561383612135,46
Qwen-3-Coder-30B,1167,moderate,correct,0.655810764484059,47
Qwen-3-Coder-30B,1167,moderate,correct,0.7201774564574434,48
Qwen-3-Coder-30B,1167,moderate,correct,0.5864634585383416,49
Qwen-3-Coder-30B,1167,moderate,correct,0.8131128629109786,50
Qwen-3-Coder-30B,773,challenging,correct,5.285074626865671,1
Qwen-3-Coder-30B,773,challenging,correct,1.3822680412371133,2
Qwen-3-Coder-30B,773,challenging,correct,1.3800623052959502,3
Qwen-3-Coder-30B,773,challenging,correct,1.5441289332310053,4
Qwen-3-Coder-30B,773,challenging,correct,1.1504493942946463,5
Qwen-3-Coder-30B,773,challenging,correct,1.0267983074753173,6
Qwen-3-Coder-30B,773,challenging,correct,1.048914915604547,7
Qwen-3-Coder-30B,773,challenging,correct,1.6,8
Qwen-3-Coder-30B,773,challenging,correct,1.4146586345381527,9
Qwen-3-Coder-30B,773,challenging,correct,1.4205079962370648,10
Qwen-3-Coder-30B,773,challenging,correct,1.275608194622279,11
Qwen-3-Coder-30B,773,challenging,correct,1.3851071831515607,12
Qwen-3-Coder-30B,773,challenging,correct,1.3512560599382988,13
Qwen-3-Coder-30B,773,challenging,correct,1.292859389745203,14
Qwen-3-Coder-30B,773,challenging,correct,1.2227144583165526,15
Qwen-3-Coder-30B,773,challenging,correct,1.172951516869861,16
Qwen-3-Coder-30B,773,challenging,correct,1.4169505962521294,17
Qwen-3-Coder-30B,773,challenging,correct,1.3935483870967742,18
Qwen-3-Coder-30B,773,challenging,correct,1.3887375113533151,19
Qwen-3-Coder-30B,773,challenging,correct,1.3227312518237526,20
Qwen-3-Coder-30B,773,challenging,correct,1.0140233722871452,21
Qwen-3-Coder-30B,773,challenging,correct,1.434841628959276,22
Qwen-3-Coder-30B,773,challenging,correct,1.3567765567765568,23
Qwen-3-Coder-30B,773,challenging,correct,1.100145137880987,24
Qwen-3-Coder-30B,773,challenging,correct,1.2049822064056939,25
Qwen-3-Coder-30B,773,challenging,correct,1.2270588235294118,26
Qwen-3-Coder-30B,773,challenging,correct,0.9278636543797067,27
Qwen-3-Coder-30B,773,challenging,correct,1.4848214285714285,28
Qwen-3-Coder-30B,773,challenging,correct,1.5159100551548579,29
Qwen-3-Coder-30B,773,challenging,correct,1.2532865907099036,30
Qwen-3-Coder-30B,773,challenging,correct,1.371482769522605,31
Qwen-3-Coder-30B,773,challenging,correct,1.280701754385965,32
Qwen-3-Coder-30B,773,challenging,correct,1.1769130150425113,33
Qwen-3-Coder-30B,773,challenging,correct,1.4051959890610757,34
Qwen-3-Coder-30B,773,challenging,correct,1.6326344576116683,35
Qwen-3-Coder-30B,773,challenging,correct,1.1423873725748108,36
Qwen-3-Coder-30B,773,challenging,correct,1.8300970873786409,37
Qwen-3-Coder-30B,773,challenging,correct,0.8976264189886481,38
Qwen-3-Coder-30B,773,challenging,correct,1.392346703550023,39
Qwen-3-Coder-30B,773,challenging,correct,1.3163731245923027,40
Qwen-3-Coder-30B,773,challenging,correct,1.3449800973020787,41
Qwen-3-Coder-30B,773,challenging,correct,1.325571366968521,42
Qwen-3-Coder-30B,773,challenging,correct,1.2024250589424048,43
Qwen-3-Coder-30B,773,challenging,correct,1.2721229746572498,44
Qwen-3-Coder-30B,773,challenging,correct,1.3516198704103672,45
Qwen-3-Coder-30B,773,challenging,correct,1.2521440823327616,46
Qwen-3-Coder-30B,773,challenging,correct,1.251126587464154,47
Qwen-3-Coder-30B,773,challenging,correct,1.4449074074074073,48
Qwen-3-Coder-30B,773,challenging,correct,1.4044642857142857,49
Qwen-3-Coder-30B,773,challenging,correct,1.348623853211009,50
Qwen-3-Coder-30B,173,challenging,semantic,,1
Qwen-3-Coder-30B,173,challenging,semantic,,2
Qwen-3-Coder-30B,173,challenging,semantic,,3
Qwen-3-Coder-30B,173,challenging,semantic,,4
Qwen-3-Coder-30B,173,challenging,semantic,,5
Qwen-3-Coder-30B,173,challenging,semantic,,6
Qwen-3-Coder-30B,173,challenging,semantic,,7
Qwen-3-Coder-30B,173,challenging,semantic,,8
Qwen-3-Coder-30B,173,challenging,semantic,,9
Qwen-3-Coder-30B,173,challenging,semantic,,10
Qwen-3-Coder-30B,173,challenging,semantic,,11
Qwen-3-Coder-30B,173,challenging,semantic,,12
Qwen-3-Coder-30B,173,challenging,semantic,,13
Qwen-3-Coder-30B,173,challenging,semantic,,14
Qwen-3-Coder-30B,173,challenging,semantic,,15
Qwen-3-Coder-30B,173,challenging,semantic,,16
Qwen-3-Coder-30B,173,challenging,semantic,,17
Qwen-3-Coder-30B,173,challenging,semantic,,18
Qwen-3-Coder-30B,173,challenging,semantic,,19
Qwen-3-Coder-30B,173,challenging,semantic,,20
Qwen-3-Coder-30B,173,challenging,semantic,,21
Qwen-3-Coder-30B,173,challenging,semantic,,22
Qwen-3-Coder-30B,173,challenging,semantic,,23
Qwen-3-Coder-30B,173,challenging,semantic,,24
Qwen-3-Coder-30B,173,challenging,semantic,,25
Qwen-3-Coder-30B,173,challenging,semantic,,26
Qwen-3-Coder-30B,173,challenging,semantic,,27
Qwen-3-Coder-30B,173,challenging,semantic,,28
Qwen-3-Coder-30B,173,challenging,semantic,,29
Qwen-3-Coder-30B,173,challenging,semantic,,30
Qwen-3-Coder-30B,173,challenging,semantic,,31
Qwen-3-Coder-30B,173,challenging,semantic,,32
Qwen-3-Coder-30B,173,challenging,semantic,,33
Qwen-3-Coder-30B,173,challenging,semantic,,34
Qwen-3-Coder-30B,173,challenging,semantic,,35
Qwen-3-Coder-30B,173,challenging,semantic,,36
Qwen-3-Coder-30B,173,challenging,semantic,,37
Qwen-3-Coder-30B,173,challenging,semantic,,38
Qwen-3-Coder-30B,173,challenging,semantic,,39
Qwen-3-Coder-30B,173,challenging,semantic,,40
Qwen-3-Coder-30B,173,challenging,semantic,,41
Qwen-3-Coder-30B,173,challenging,semantic,,42
Qwen-3-Coder-30B,173,challenging,semantic,,43
Qwen-3-Coder-30B,173,challenging,semantic,,44
Qwen-3-Coder-30B,173,challenging,semantic,,45
Qwen-3-Coder-30B,173,challenging,semantic,,46
Qwen-3-Coder-30B,173,challenging,semantic,,47
Qwen-3-Coder-30B,173,challenging,semantic,,48
Qwen-3-Coder-30B,173,challenging,semantic,,49
Qwen-3-Coder-30B,173,challenging,semantic,,50
Qwen-3-Coder-30B,1242,challenging,semantic,,1
Qwen-3-Coder-30B,1242,challenging,semantic,,2
Qwen-3-Coder-30B,1242,challenging,semantic,,3
Qwen-3-Coder-30B,1242,challenging,semantic,,4
Qwen-3-Coder-30B,1242,challenging,semantic,,5
Qwen-3-Coder-30B,1242,challenging,semantic,,6
Qwen-3-Coder-30B,1242,challenging,semantic,,7
Qwen-3-Coder-30B,1242,challenging,semantic,,8
Qwen-3-Coder-30B,1242,challenging,semantic,,9
Qwen-3-Coder-30B,1242,challenging,semantic,,10
Qwen-3-Coder-30B,1242,challenging,semantic,,11
Qwen-3-Coder-30B,1242,challenging,semantic,,12
Qwen-3-Coder-30B,1242,challenging,semantic,,13
Qwen-3-Coder-30B,1242,challenging,semantic,,14
Qwen-3-Coder-30B,1242,challenging,semantic,,15
Qwen-3-Coder-30B,1242,challenging,semantic,,16
Qwen-3-Coder-30B,1242,challenging,semantic,,17
Qwen-3-Coder-30B,1242,challenging,semantic,,18
Qwen-3-Coder-30B,1242,challenging,semantic,,19
Qwen-3-Coder-30B,1242,challenging,semantic,,20
Qwen-3-Coder-30B,1242,challenging,semantic,,21
Qwen-3-Coder-30B,1242,challenging,semantic,,22
Qwen-3-Coder-30B,1242,challenging,semantic,,23
Qwen-3-Coder-30B,1242,challenging,semantic,,24
Qwen-3-Coder-30B,1242,challenging,semantic,,25
Qwen-3-Coder-30B,1242,challenging,semantic,,26
Qwen-3-Coder-30B,1242,challenging,semantic,,27
Qwen-3-Coder-30B,1242,challenging,semantic,,28
Qwen-3-Coder-30B,1242,challenging,semantic,,29
Qwen-3-Coder-30B,1242,challenging,semantic,,30
Qwen-3-Coder-30B,1242,challenging,semantic,,31
Qwen-3-Coder-30B,1242,challenging,semantic,,32
Qwen-3-Coder-30B,1242,challenging,semantic,,33
Qwen-3-Coder-30B,1242,challenging,semantic,,34
Qwen-3-Coder-30B,1242,challenging,semantic,,35
Qwen-3-Coder-30B,1242,challenging,semantic,,36
Qwen-3-Coder-30B,1242,challenging,semantic,,37
Qwen-3-Coder-30B,1242,challenging,semantic,,38
Qwen-3-Coder-30B,1242,challenging,semantic,,39
Qwen-3-Coder-30B,1242,challenging,semantic,,40
Qwen-3-Coder-30B,1242,challenging,semantic,,41
Qwen-3-Coder-30B,1242,challenging,semantic,,42
Qwen-3-Coder-30B,1242,challenging,semantic,,43
Qwen-3-Coder-30B,1242,challenging,semantic,,44
Qwen-3-Coder-30B,1242,challenging,semantic,,45
Qwen-3-Coder-30B,1242,challenging,semantic,,46
Qwen-3-Coder-30B,1242,challenging,semantic,,47
Qwen-3-Coder-30B,1242,challenging,semantic,,48
Qwen-3-Coder-30B,1242,challenging,semantic,,49
Qwen-3-Coder-30B,1242,challenging,semantic,,50
Qwen-3-Coder-30B,169,challenging,semantic,,1
Qwen-3-Coder-30B,169,challenging,semantic,,2
Qwen-3-Coder-30B,169,challenging,semantic,,3
Qwen-3-Coder-30B,169,challenging,semantic,,4
Qwen-3-Coder-30B,169,challenging,semantic,,5
Qwen-3-Coder-30B,169,challenging,semantic,,6
Qwen-3-Coder-30B,169,challenging,semantic,,7
Qwen-3-Coder-30B,169,challenging,semantic,,8
Qwen-3-Coder-30B,169,challenging,semantic,,9
Qwen-3-Coder-30B,169,challenging,semantic,,10
Qwen-3-Coder-30B,169,challenging,semantic,,11
Qwen-3-Coder-30B,169,challenging,semantic,,12
Qwen-3-Coder-30B,169,challenging,semantic,,13
Qwen-3-Coder-30B,169,challenging,semantic,,14
Qwen-3-Coder-30B,169,challenging,semantic,,15
Qwen-3-Coder-30B,169,challenging,semantic,,16
Qwen-3-Coder-30B,169,challenging,semantic,,17
Qwen-3-Coder-30B,169,challenging,semantic,,18
Qwen-3-Coder-30B,169,challenging,semantic,,19
Qwen-3-Coder-30B,169,challenging,semantic,,20
Qwen-3-Coder-30B,169,challenging,semantic,,21
Qwen-3-Coder-30B,169,challenging,semantic,,22
Qwen-3-Coder-30B,169,challenging,semantic,,23
Qwen-3-Coder-30B,169,challenging,semantic,,24
Qwen-3-Coder-30B,169,challenging,semantic,,25
Qwen-3-Coder-30B,169,challenging,semantic,,26
Qwen-3-Coder-30B,169,challenging,semantic,,27
Qwen-3-Coder-30B,169,challenging,semantic,,28
Qwen-3-Coder-30B,169,challenging,semantic,,29
Qwen-3-Coder-30B,169,challenging,semantic,,30
Qwen-3-Coder-30B,169,challenging,semantic,,31
Qwen-3-Coder-30B,169,challenging,semantic,,32
Qwen-3-Coder-30B,169,challenging,semantic,,33
Qwen-3-Coder-30B,169,challenging,semantic,,34
Qwen-3-Coder-30B,169,challenging,semantic,,35
Qwen-3-Coder-30B,169,challenging,semantic,,36
Qwen-3-Coder-30B,169,challenging,semantic,,37
Qwen-3-Coder-30B,169,challenging,semantic,,38
Qwen-3-Coder-30B,169,challenging,semantic,,39
Qwen-3-Coder-30B,169,challenging,semantic,,40
Qwen-3-Coder-30B,169,challenging,semantic,,41
Qwen-3-Coder-30B,169,challenging,semantic,,42
Qwen-3-Coder-30B,169,challenging,semantic,,43
Qwen-3-Coder-30B,169,challenging,semantic,,44
Qwen-3-Coder-30B,169,challenging,semantic,,45
Qwen-3-Coder-30B,169,challenging,semantic,,46
Qwen-3-Coder-30B,169,challenging,semantic,,47
Qwen-3-Coder-30B,169,challenging,semantic,,48
Qwen-3-Coder-30B,169,challenging,semantic,,49
Qwen-3-Coder-30B,169,challenging,semantic,,50
Qwen-3-Coder-30B,1247,challenging,semantic,,1
Qwen-3-Coder-30B,1247,challenging,semantic,,2
Qwen-3-Coder-30B,1247,challenging,semantic,,3
Qwen-3-Coder-30B,1247,challenging,semantic,,4
Qwen-3-Coder-30B,1247,challenging,semantic,,5
Qwen-3-Coder-30B,1247,challenging,semantic,,6
Qwen-3-Coder-30B,1247,challenging,semantic,,7
Qwen-3-Coder-30B,1247,challenging,semantic,,8
Qwen-3-Coder-30B,1247,challenging,semantic,,9
Qwen-3-Coder-30B,1247,challenging,semantic,,10
Qwen-3-Coder-30B,1247,challenging,semantic,,11
Qwen-3-Coder-30B,1247,challenging,semantic,,12
Qwen-3-Coder-30B,1247,challenging,semantic,,13
Qwen-3-Coder-30B,1247,challenging,semantic,,14
Qwen-3-Coder-30B,1247,challenging,semantic,,15
Qwen-3-Coder-30B,1247,challenging,semantic,,16
Qwen-3-Coder-30B,1247,challenging,semantic,,17
Qwen-3-Coder-30B,1247,challenging,semantic,,18
Qwen-3-Coder-30B,1247,challenging,semantic,,19
Qwen-3-Coder-30B,1247,challenging,semantic,,20
Qwen-3-Coder-30B,1247,challenging,semantic,,21
Qwen-3-Coder-30B,1247,challenging,semantic,,22
Qwen-3-Coder-30B,1247,challenging,semantic,,23
Qwen-3-Coder-30B,1247,challenging,semantic,,24
Qwen-3-Coder-30B,1247,challenging,semantic,,25
Qwen-3-Coder-30B,1247,challenging,semantic,,26
Qwen-3-Coder-30B,1247,challenging,semantic,,27
Qwen-3-Coder-30B,1247,challenging,semantic,,28
Qwen-3-Coder-30B,1247,challenging,semantic,,29
Qwen-3-Coder-30B,1247,challenging,semantic,,30
Qwen-3-Coder-30B,1247,challenging,semantic,,31
Qwen-3-Coder-30B,1247,challenging,semantic,,32
Qwen-3-Coder-30B,1247,challenging,semantic,,33
Qwen-3-Coder-30B,1247,challenging,semantic,,34
Qwen-3-Coder-30B,1247,challenging,semantic,,35
Qwen-3-Coder-30B,1247,challenging,semantic,,36
Qwen-3-Coder-30B,1247,challenging,semantic,,37
Qwen-3-Coder-30B,1247,challenging,semantic,,38
Qwen-3-Coder-30B,1247,challenging,semantic,,39
Qwen-3-Coder-30B,1247,challenging,semantic,,40
Qwen-3-Coder-30B,1247,challenging,semantic,,41
Qwen-3-Coder-30B,1247,challenging,semantic,,42
Qwen-3-Coder-30B,1247,challenging,semantic,,43
Qwen-3-Coder-30B,1247,challenging,semantic,,44
Qwen-3-Coder-30B,1247,challenging,semantic,,45
Qwen-3-Coder-30B,1247,challenging,semantic,,46
Qwen-3-Coder-30B,1247,challenging,semantic,,47
Qwen-3-Coder-30B,1247,challenging,semantic,,48
Qwen-3-Coder-30B,1247,challenging,semantic,,49
Qwen-3-Coder-30B,1247,challenging,semantic,,50
Qwen-3-Coder-30B,1236,challenging,semantic,,1
Qwen-3-Coder-30B,1236,challenging,semantic,,2
Qwen-3-Coder-30B,1236,challenging,semantic,,3
Qwen-3-Coder-30B,1236,challenging,semantic,,4
Qwen-3-Coder-30B,1236,challenging,semantic,,5
Qwen-3-Coder-30B,1236,challenging,semantic,,6
Qwen-3-Coder-30B,1236,challenging,semantic,,7
Qwen-3-Coder-30B,1236,challenging,semantic,,8
Qwen-3-Coder-30B,1236,challenging,semantic,,9
Qwen-3-Coder-30B,1236,challenging,semantic,,10
Qwen-3-Coder-30B,1236,challenging,semantic,,11
Qwen-3-Coder-30B,1236,challenging,semantic,,12
Qwen-3-Coder-30B,1236,challenging,semantic,,13
Qwen-3-Coder-30B,1236,challenging,semantic,,14
Qwen-3-Coder-30B,1236,challenging,semantic,,15
Qwen-3-Coder-30B,1236,challenging,semantic,,16
Qwen-3-Coder-30B,1236,challenging,semantic,,17
Qwen-3-Coder-30B,1236,challenging,semantic,,18
Qwen-3-Coder-30B,1236,challenging,semantic,,19
Qwen-3-Coder-30B,1236,challenging,semantic,,20
Qwen-3-Coder-30B,1236,challenging,semantic,,21
Qwen-3-Coder-30B,1236,challenging,semantic,,22
Qwen-3-Coder-30B,1236,challenging,semantic,,23
Qwen-3-Coder-30B,1236,challenging,semantic,,24
Qwen-3-Coder-30B,1236,challenging,semantic,,25
Qwen-3-Coder-30B,1236,challenging,semantic,,26
Qwen-3-Coder-30B,1236,challenging,semantic,,27
Qwen-3-Coder-30B,1236,challenging,semantic,,28
Qwen-3-Coder-30B,1236,challenging,semantic,,29
Qwen-3-Coder-30B,1236,challenging,semantic,,30
Qwen-3-Coder-30B,1236,challenging,semantic,,31
Qwen-3-Coder-30B,1236,challenging,semantic,,32
Qwen-3-Coder-30B,1236,challenging,semantic,,33
Qwen-3-Coder-30B,1236,challenging,semantic,,34
Qwen-3-Coder-30B,1236,challenging,semantic,,35
Qwen-3-Coder-30B,1236,challenging,semantic,,36
Qwen-3-Coder-30B,1236,challenging,semantic,,37
Qwen-3-Coder-30B,1236,challenging,semantic,,38
Qwen-3-Coder-30B,1236,challenging,semantic,,39
Qwen-3-Coder-30B,1236,challenging,semantic,,40
Qwen-3-Coder-30B,1236,challenging,semantic,,41
Qwen-3-Coder-30B,1236,challenging,semantic,,42
Qwen-3-Coder-30B,1236,challenging,semantic,,43
Qwen-3-Coder-30B,1236,challenging,semantic,,44
Qwen-3-Coder-30B,1236,challenging,semantic,,45
Qwen-3-Coder-30B,1236,challenging,semantic,,46
Qwen-3-Coder-30B,1236,challenging,semantic,,47
Qwen-3-Coder-30B,1236,challenging,semantic,,48
Qwen-3-Coder-30B,1236,challenging,semantic,,49
Qwen-3-Coder-30B,1236,challenging,semantic,,50
Qwen-3-Coder-30B,730,challenging,correct,4.986197831087742,1
Qwen-3-Coder-30B,730,challenging,correct,8.669891127043739,2
Qwen-3-Coder-30B,730,challenging,correct,1.0963267794543514,3
Qwen-3-Coder-30B,730,challenging,correct,1.4234234234234233,4
Qwen-3-Coder-30B,730,challenging,correct,1.09009009009009,5
Qwen-3-Coder-30B,730,challenging,correct,1.3638366627497063,6
Qwen-3-Coder-30B,730,challenging,correct,1.362953692115144,7
Qwen-3-Coder-30B,730,challenging,correct,1.1393505497315264,8
Qwen-3-Coder-30B,730,challenging,correct,1.1269515849235137,9
Qwen-3-Coder-30B,730,challenging,correct,1.1309921962095875,10
Qwen-3-Coder-30B,730,challenging,correct,1.2973161380271871,11
Qwen-3-Coder-30B,730,challenging,correct,1.1335913312693497,12
Qwen-3-Coder-30B,730,challenging,correct,1.178600688186138,13
Qwen-3-Coder-30B,730,challenging,correct,1.170327065887186,14
Qwen-3-Coder-30B,730,challenging,correct,1.1183690744920993,15
Qwen-3-Coder-30B,730,challenging,correct,1.1056468906361687,16
Qwen-3-Coder-30B,730,challenging,correct,0.5118028234205045,17
Qwen-3-Coder-30B,730,challenging,correct,1.0909090909090908,18
Qwen-3-Coder-30B,730,challenging,correct,1.1361144945188795,19
Qwen-3-Coder-30B,730,challenging,correct,1.5690624525148154,20
Qwen-3-Coder-30B,730,challenging,correct,1.2080332853256521,21
Qwen-3-Coder-30B,730,challenging,correct,1.0899816597890877,22
Qwen-3-Coder-30B,730,challenging,correct,1.4235769501054112,23
Qwen-3-Coder-30B,730,challenging,correct,1.313969571230982,24
Qwen-3-Coder-30B,730,challenging,correct,1.1180319288144465,25
Qwen-3-Coder-30B,730,challenging,correct,1.3199753390875462,26
Qwen-3-Coder-30B,730,challenging,correct,1.2490998799839979,27
Qwen-3-Coder-30B,730,challenging,correct,1.300682175966416,28
Qwen-3-Coder-30B,730,challenging,correct,1.0064196870402569,29
Qwen-3-Coder-30B,730,challenging,correct,1.2507869884575027,30
Qwen-3-Coder-30B,730,challenging,correct,1.2270867430441899,31
Qwen-3-Coder-30B,730,challenging,correct,1.3283199453084942,32
Qwen-3-Coder-30B,730,challenging,correct,1.2027254846867097,33
Qwen-3-Coder-30B,730,challenging,correct,1.067863067410647,34
Qwen-3-Coder-30B,730,challenging,correct,1.1559738134206219,35
Qwen-3-Coder-30B,730,challenging,correct,1.199295175598493,36
Qwen-3-Coder-30B,730,challenging,correct,1.0786032918012614,37
Qwen-3-Coder-30B,730,challenging,correct,1.2385837193911318,38
Qwen-3-Coder-30B,730,challenging,correct,1.248283148441627,39
Qwen-3-Coder-30B,730,challenging,correct,1.0941698011821601,40
Qwen-3-Coder-30B,730,challenging,correct,1.335861139197843,41
Qwen-3-Coder-30B,730,challenging,correct,1.0534454286143222,42
Qwen-3-Coder-30B,730,challenging,correct,1.2322767552828902,43
Qwen-3-Coder-30B,730,challenging,correct,1.3445494353537681,44
Qwen-3-Coder-30B,730,challenging,correct,1.2102442868400316,45
Qwen-3-Coder-30B,730,challenging,correct,1.17568230102958,46
Qwen-3-Coder-30B,730,challenging,correct,1.250308261405672,47
Qwen-3-Coder-30B,730,challenging,correct,1.21996253679422,48
Qwen-3-Coder-30B,730,challenging,correct,1.1566870972811567,49
Qwen-3-Coder-30B,730,challenging,correct,1.0988893960139967,50
Qwen-3-Coder-30B,125,challenging,semantic,,1
Qwen-3-Coder-30B,125,challenging,semantic,,2
Qwen-3-Coder-30B,125,challenging,semantic,,3
Qwen-3-Coder-30B,125,challenging,semantic,,4
Qwen-3-Coder-30B,125,challenging,semantic,,5
Qwen-3-Coder-30B,125,challenging,semantic,,6
Qwen-3-Coder-30B,125,challenging,semantic,,7
Qwen-3-Coder-30B,125,challenging,semantic,,8
Qwen-3-Coder-30B,125,challenging,semantic,,9
Qwen-3-Coder-30B,125,challenging,semantic,,10
Qwen-3-Coder-30B,125,challenging,semantic,,11
Qwen-3-Coder-30B,125,challenging,semantic,,12
Qwen-3-Coder-30B,125,challenging,semantic,,13
Qwen-3-Coder-30B,125,challenging,semantic,,14
Qwen-3-Coder-30B,125,challenging,semantic,,15
Qwen-3-Coder-30B,125,challenging,semantic,,16
Qwen-3-Coder-30B,125,challenging,semantic,,17
Qwen-3-Coder-30B,125,challenging,semantic,,18
Qwen-3-Coder-30B,125,challenging,semantic,,19
Qwen-3-Coder-30B,125,challenging,semantic,,20
Qwen-3-Coder-30B,125,challenging,semantic,,21
Qwen-3-Coder-30B,125,challenging,semantic,,22
Qwen-3-Coder-30B,125,challenging,semantic,,23
Qwen-3-Coder-30B,125,challenging,semantic,,24
Qwen-3-Coder-30B,125,challenging,semantic,,25
Qwen-3-Coder-30B,125,challenging,semantic,,26
Qwen-3-Coder-30B,125,challenging,semantic,,27
Qwen-3-Coder-30B,125,challenging,semantic,,28
Qwen-3-Coder-30B,125,challenging,semantic,,29
Qwen-3-Coder-30B,125,challenging,semantic,,30
Qwen-3-Coder-30B,125,challenging,semantic,,31
Qwen-3-Coder-30B,125,challenging,semantic,,32
Qwen-3-Coder-30B,125,challenging,semantic,,33
Qwen-3-Coder-30B,125,challenging,semantic,,34
Qwen-3-Coder-30B,125,challenging,semantic,,35
Qwen-3-Coder-30B,125,challenging,semantic,,36
Qwen-3-Coder-30B,125,challenging,semantic,,37
Qwen-3-Coder-30B,125,challenging,semantic,,38
Qwen-3-Coder-30B,125,challenging,semantic,,39
Qwen-3-Coder-30B,125,challenging,semantic,,40
Qwen-3-Coder-30B,125,challenging,semantic,,41
Qwen-3-Coder-30B,125,challenging,semantic,,42
Qwen-3-Coder-30B,125,challenging,semantic,,43
Qwen-3-Coder-30B,125,challenging,semantic,,44
Qwen-3-Coder-30B,125,challenging,semantic,,45
Qwen-3-Coder-30B,125,challenging,semantic,,46
Qwen-3-Coder-30B,125,challenging,semantic,,47
Qwen-3-Coder-30B,125,challenging,semantic,,48
Qwen-3-Coder-30B,125,challenging,semantic,,49
Qwen-3-Coder-30B,125,challenging,semantic,,50
Qwen-3-Coder-30B,818,challenging,correct,1.6583161157024793,1
Qwen-3-Coder-30B,818,challenging,correct,1.4854147675478577,2
Qwen-3-Coder-30B,818,challenging,correct,1.294068851099129,3
Qwen-3-Coder-30B,818,challenging,correct,1.0262216924910608,4
Qwen-3-Coder-30B,818,challenging,correct,1.235262878385555,5
Qwen-3-Coder-30B,818,challenging,correct,1.267384916748286,6
Qwen-3-Coder-30B,818,challenging,correct,1.1423597678916828,7
Qwen-3-Coder-30B,818,challenging,correct,0.8748768472906404,8
Qwen-3-Coder-30B,818,challenging,correct,1.3297658862876254,9
Qwen-3-Coder-30B,818,challenging,correct,1.3320835565077664,10
Qwen-3-Coder-30B,818,challenging,correct,1.0349118562046318,11
Qwen-3-Coder-30B,818,challenging,correct,1.1213822894168466,12
Qwen-3-Coder-30B,818,challenging,correct,1.2925682031984949,13
Qwen-3-Coder-30B,818,challenging,correct,1.3797399783315276,14
Qwen-3-Coder-30B,818,challenging,correct,1.6565985130111525,15
Qwen-3-Coder-30B,818,challenging,correct,1.2562380038387715,16
Qwen-3-Coder-30B,818,challenging,correct,1.3305693753454948,17
Qwen-3-Coder-30B,818,challenging,correct,1.293021239705245,18
Qwen-3-Coder-30B,818,challenging,correct,1.2422535211267605,19
Qwen-3-Coder-30B,818,challenging,correct,1.130334486735871,20
Qwen-3-Coder-30B,818,challenging,correct,1.4678111587982832,21
Qwen-3-Coder-30B,818,challenging,correct,1.0971080669710807,22
Qwen-3-Coder-30B,818,challenging,correct,1.1971223021582733,23
Qwen-3-Coder-30B,818,challenging,correct,1.0565526583135794,24
Qwen-3-Coder-30B,818,challenging,correct,1.4746125066809193,25
Qwen-3-Coder-30B,818,challenging,correct,1.2457695406929896,26
Qwen-3-Coder-30B,818,challenging,correct,0.8489892984542212,27
Qwen-3-Coder-30B,818,challenging,correct,1.1547619047619047,28
Qwen-3-Coder-30B,818,challenging,correct,1.435385468663339,29
Qwen-3-Coder-30B,818,challenging,correct,1.184454289166331,30
Qwen-3-Coder-30B,818,challenging,correct,1.5454029511918275,31
Qwen-3-Coder-30B,818,challenging,correct,1.1646313885119854,32
Qwen-3-Coder-30B,818,challenging,correct,1.3034694773825208,33
Qwen-3-Coder-30B,818,challenging,correct,1.4076923076923078,34
Qwen-3-Coder-30B,818,challenging,correct,1.1816450875856817,35
Qwen-3-Coder-30B,818,challenging,correct,1.3254493850520341,36
Qwen-3-Coder-30B,818,challenging,correct,1.048717115946736,37
Qwen-3-Coder-30B,818,challenging,correct,1.7595837897042717,38
Qwen-3-Coder-30B,818,challenging,correct,1.3070353802358683,39
Qwen-3-Coder-30B,818,challenging,correct,1.3218201754385965,40
Qwen-3-Coder-30B,818,challenging,correct,1.21420071400238,41
Qwen-3-Coder-30B,818,challenging,correct,0.9013333333333333,42
Qwen-3-Coder-30B,818,challenging,correct,1.2996777658431793,43
Qwen-3-Coder-30B,818,challenging,correct,0.920625375826819,44
Qwen-3-Coder-30B,818,challenging,correct,1.3941997851772288,45
Qwen-3-Coder-30B,818,challenging,correct,1.1137133182844243,46
Qwen-3-Coder-30B,818,challenging,correct,1.6280223186608804,47
Qwen-3-Coder-30B,818,challenging,correct,1.643652561247216,48
Qwen-3-Coder-30B,818,challenging,correct,1.2428288822947577,49
Qwen-3-Coder-30B,818,challenging,correct,1.3992395437262357,50
Qwen-3-Coder-30B,1190,challenging,correct,1.1245154655486116,1
Qwen-3-Coder-30B,1190,challenging,correct,1.0237978237978238,2
Qwen-3-Coder-30B,1190,challenging,correct,1.0074889194559071,3
Qwen-3-Coder-30B,1190,challenging,correct,1.057221135029354,4
Qwen-3-Coder-30B,1190,challenging,correct,1.0009530791788857,5
Qwen-3-Coder-30B,1190,challenging,correct,1.0155033009420666,6
Qwen-3-Coder-30B,1190,challenging,correct,1.0313145863343145,7
Qwen-3-Coder-30B,1190,challenging,correct,0.990152193375112,8
Qwen-3-Coder-30B,1190,challenging,correct,1.1388946245440155,9
Qwen-3-Coder-30B,1190,challenging,correct,1.065762557769528,10
Qwen-3-Coder-30B,1190,challenging,correct,1.1328334648776637,11
Qwen-3-Coder-30B,1190,challenging,correct,0.8764994716887314,12
Qwen-3-Coder-30B,1190,challenging,correct,1.011703906368749,13
Qwen-3-Coder-30B,1190,challenging,correct,1.0280256461101196,14
Qwen-3-Coder-30B,1190,challenging,correct,1.0669807154423672,15
Qwen-3-Coder-30B,1190,challenging,correct,1.211019844442829,16
Qwen-3-Coder-30B,1190,challenging,correct,1.1513666195895986,17
Qwen-3-Coder-30B,1190,challenging,correct,0.9361113630180466,18
Qwen-3-Coder-30B,1190,challenging,correct,1.11443413729128,19
Qwen-3-Coder-30B,1190,challenging,correct,1.0616479854589518,20
Qwen-3-Coder-30B,1190,challenging,correct,3.5677887660154917,21
Qwen-3-Coder-30B,1190,challenging,correct,1.0997574524685079,22
Qwen-3-Coder-30B,1190,challenging,correct,1.2363319791062102,23
Qwen-3-Coder-30B,1190,challenging,correct,1.0152909851654621,24
Qwen-3-Coder-30B,1190,challenging,correct,1.0535751656784096,25
Qwen-3-Coder-30B,1190,challenging,correct,5.2870135363790185,26
Qwen-3-Coder-30B,1190,challenging,correct,0.7093439564318491,27
Qwen-3-Coder-30B,1190,challenging,correct,1.12482249360977,28
Qwen-3-Coder-30B,1190,challenging,correct,0.8826536974685123,29
Qwen-3-Coder-30B,1190,challenging,correct,0.0532371774141388,30
Qwen-3-Coder-30B,1190,challenging,correct,1.0220340199526305,31
Qwen-3-Coder-30B,1190,challenging,correct,1.079246967780341,32
Qwen-3-Coder-30B,1190,challenging,correct,1.0012468827930174,33
Qwen-3-Coder-30B,1190,challenging,correct,0.9781097984711605,34
Qwen-3-Coder-30B,1190,challenging,correct,0.21510675533776688,35
Qwen-3-Coder-30B,1190,challenging,correct,1.0340304598119945,36
Qwen-3-Coder-30B,1190,challenging,correct,1.103886925795053,37
Qwen-3-Coder-30B,1190,challenging,correct,1.0063664953593618,38
Qwen-3-Coder-30B,1190,challenging,correct,1.0748699389278444,39
Qwen-3-Coder-30B,1190,challenging,correct,1.0862589928057553,40
Qwen-3-Coder-30B,1190,challenging,correct,1.5622417672325628,41
Qwen-3-Coder-30B,1190,challenging,correct,0.9701851541086312,42
Qwen-3-Coder-30B,1190,challenging,correct,1.0354336773994761,43
Qwen-3-Coder-30B,1190,challenging,correct,0.9946035444900962,44
Qwen-3-Coder-30B,1190,challenging,correct,1.0411603292826344,45
Qwen-3-Coder-30B,1190,challenging,correct,1.0495117120808577,46
Qwen-3-Coder-30B,1190,challenging,correct,0.9532462364878308,47
Qwen-3-Coder-30B,1190,challenging,correct,0.2592284613050758,48
Qwen-3-Coder-30B,1190,challenging,correct,1.1320579627382397,49
Qwen-3-Coder-30B,1190,challenging,correct,0.82522178923804,50
Qwen-3-Coder-30B,198,challenging,semantic,,1
Qwen-3-Coder-30B,198,challenging,semantic,,2
Qwen-3-Coder-30B,198,challenging,semantic,,3
Qwen-3-Coder-30B,198,challenging,semantic,,4
Qwen-3-Coder-30B,198,challenging,semantic,,5
Qwen-3-Coder-30B,198,challenging,semantic,,6
Qwen-3-Coder-30B,198,challenging,semantic,,7
Qwen-3-Coder-30B,198,challenging,semantic,,8
Qwen-3-Coder-30B,198,challenging,semantic,,9
Qwen-3-Coder-30B,198,challenging,semantic,,10
Qwen-3-Coder-30B,198,challenging,semantic,,11
Qwen-3-Coder-30B,198,challenging,semantic,,12
Qwen-3-Coder-30B,198,challenging,semantic,,13
Qwen-3-Coder-30B,198,challenging,semantic,,14
Qwen-3-Coder-30B,198,challenging,semantic,,15
Qwen-3-Coder-30B,198,challenging,semantic,,16
Qwen-3-Coder-30B,198,challenging,semantic,,17
Qwen-3-Coder-30B,198,challenging,semantic,,18
Qwen-3-Coder-30B,198,challenging,semantic,,19
Qwen-3-Coder-30B,198,challenging,semantic,,20
Qwen-3-Coder-30B,198,challenging,semantic,,21
Qwen-3-Coder-30B,198,challenging,semantic,,22
Qwen-3-Coder-30B,198,challenging,semantic,,23
Qwen-3-Coder-30B,198,challenging,semantic,,24
Qwen-3-Coder-30B,198,challenging,semantic,,25
Qwen-3-Coder-30B,198,challenging,semantic,,26
Qwen-3-Coder-30B,198,challenging,semantic,,27
Qwen-3-Coder-30B,198,challenging,semantic,,28
Qwen-3-Coder-30B,198,challenging,semantic,,29
Qwen-3-Coder-30B,198,challenging,semantic,,30
Qwen-3-Coder-30B,198,challenging,semantic,,31
Qwen-3-Coder-30B,198,challenging,semantic,,32
Qwen-3-Coder-30B,198,challenging,semantic,,33
Qwen-3-Coder-30B,198,challenging,semantic,,34
Qwen-3-Coder-30B,198,challenging,semantic,,35
Qwen-3-Coder-30B,198,challenging,semantic,,36
Qwen-3-Coder-30B,198,challenging,semantic,,37
Qwen-3-Coder-30B,198,challenging,semantic,,38
Qwen-3-Coder-30B,198,challenging,semantic,,39
Qwen-3-Coder-30B,198,challenging,semantic,,40
Qwen-3-Coder-30B,198,challenging,semantic,,41
Qwen-3-Coder-30B,198,challenging,semantic,,42
Qwen-3-Coder-30B,198,challenging,semantic,,43
Qwen-3-Coder-30B,198,challenging,semantic,,44
Qwen-3-Coder-30B,198,challenging,semantic,,45
Qwen-3-Coder-30B,198,challenging,semantic,,46
Qwen-3-Coder-30B,198,challenging,semantic,,47
Qwen-3-Coder-30B,198,challenging,semantic,,48
Qwen-3-Coder-30B,198,challenging,semantic,,49
Qwen-3-Coder-30B,198,challenging,semantic,,50
Qwen-3-Coder-30B,1694,Challenging,correct,2.38340727595386,1
Qwen-3-Coder-30B,1694,Challenging,correct,0.5828881846989588,2
Qwen-3-Coder-30B,1694,Challenging,correct,0.384999709521873,3
Qwen-3-Coder-30B,1694,Challenging,correct,0.549582820407605,4
Qwen-3-Coder-30B,1694,Challenging,correct,0.6999855135448356,5
Qwen-3-Coder-30B,1694,Challenging,correct,0.6665718349928876,6
Qwen-3-Coder-30B,1694,Challenging,correct,0.5922148807813846,7
Qwen-3-Coder-30B,1694,Challenging,correct,0.5797669728881918,8
Qwen-3-Coder-30B,1694,Challenging,correct,0.6075385031072683,9
Qwen-3-Coder-30B,1694,Challenging,correct,0.6827245804540968,10
Qwen-3-Coder-30B,1694,Challenging,correct,0.5441213653603034,11
Qwen-3-Coder-30B,1694,Challenging,correct,0.6897075579187238,12
Qwen-3-Coder-30B,1694,Challenging,correct,0.6970971813209929,13
Qwen-3-Coder-30B,1694,Challenging,correct,0.5509785137539346,14
Qwen-3-Coder-30B,1694,Challenging,correct,0.5874428377209245,15
Qwen-3-Coder-30B,1694,Challenging,correct,0.5721677559912854,16
Qwen-3-Coder-30B,1694,Challenging,correct,0.5266221168355248,17
Qwen-3-Coder-30B,1694,Challenging,correct,0.6536447845348369,18
Qwen-3-Coder-30B,1694,Challenging,correct,0.5878682339283123,19
Qwen-3-Coder-30B,1694,Challenging,correct,0.5597422608208432,20
Qwen-3-Coder-30B,1694,Challenging,correct,0.6465899919289749,21
Qwen-3-Coder-30B,1694,Challenging,correct,0.21375409348020244,22
Qwen-3-Coder-30B,1694,Challenging,correct,0.6006858710562414,23
Qwen-3-Coder-30B,1694,Challenging,correct,0.6170747018204645,24
Qwen-3-Coder-30B,1694,Challenging,correct,0.6146201785413509,25
Qwen-3-Coder-30B,1694,Challenging,correct,0.4886255018160964,26
Qwen-3-Coder-30B,1694,Challenging,correct,0.5464565193431059,27
Qwen-3-Coder-30B,1694,Challenging,correct,0.5525887774464625,28
Qwen-3-Coder-30B,1694,Challenging,correct,0.5937273123275737,29
Qwen-3-Coder-30B,1694,Challenging,correct,0.4969444690461429,30
Qwen-3-Coder-30B,1694,Challenging,correct,0.6147003745318352,31
Qwen-3-Coder-30B,1694,Challenging,correct,0.5393680393680393,32
Qwen-3-Coder-30B,1694,Challenging,correct,0.5798135741334111,33
Qwen-3-Coder-30B,1694,Challenging,correct,0.5150531087206549,34
Qwen-3-Coder-30B,1694,Challenging,correct,0.5916256157635468,35
Qwen-3-Coder-30B,1694,Challenging,correct,0.5255289497022678,36
Qwen-3-Coder-30B,1694,Challenging,correct,0.5260233125508268,37
Qwen-3-Coder-30B,1694,Challenging,correct,1.0076355976829912,38
Qwen-3-Coder-30B,1694,Challenging,correct,0.5328408327736736,39
Qwen-3-Coder-30B,1694,Challenging,correct,0.5273650139767545,40
Qwen-3-Coder-30B,1694,Challenging,correct,0.5804023737154437,41
Qwen-3-Coder-30B,1694,Challenging,correct,0.5031828703703703,42
Qwen-3-Coder-30B,1694,Challenging,correct,0.627196773264189,43
Qwen-3-Coder-30B,1694,Challenging,correct,0.5590068564305007,44
Qwen-3-Coder-30B,1694,Challenging,correct,0.562444739168877,45
Qwen-3-Coder-30B,1694,Challenging,correct,0.5334034718569174,46
Qwen-3-Coder-30B,1694,Challenging,correct,0.5762182128143202,47
Qwen-3-Coder-30B,1694,Challenging,correct,0.5675990675990676,48
Qwen-3-Coder-30B,1694,Challenging,correct,0.5734118002112569,49
Qwen-3-Coder-30B,1694,Challenging,correct,0.5863958305492449,50
Qwen-3-Coder-30B,268,challenging,correct,1.595988845988846,1
Qwen-3-Coder-30B,268,challenging,correct,1.994952739286042,2
Qwen-3-Coder-30B,268,challenging,correct,1.9769905456202301,3
Qwen-3-Coder-30B,268,challenging,correct,2.3164165350184307,4
Qwen-3-Coder-30B,268,challenging,correct,1.979554892982643,5
Qwen-3-Coder-30B,268,challenging,correct,1.850866916588566,6
Qwen-3-Coder-30B,268,challenging,correct,1.565579913809256,7
Qwen-3-Coder-30B,268,challenging,correct,2.0701908099688473,8
Qwen-3-Coder-30B,268,challenging,correct,2.501592501592502,9
Qwen-3-Coder-30B,268,challenging,correct,1.649399251526492,10
Qwen-3-Coder-30B,268,challenging,correct,1.8500138876029997,11
Qwen-3-Coder-30B,268,challenging,correct,1.946072543838578,12
Qwen-3-Coder-30B,268,challenging,correct,1.6585037674919267,13
Qwen-3-Coder-30B,268,challenging,correct,1.7525499362515937,14
Qwen-3-Coder-30B,268,challenging,correct,2.1283050047214354,15
Qwen-3-Coder-30B,268,challenging,correct,1.135477919981552,16
Qwen-3-Coder-30B,268,challenging,correct,2.203544061302682,17
Qwen-3-Coder-30B,268,challenging,correct,2.1176470588235294,18
Qwen-3-Coder-30B,268,challenging,correct,1.3721807735185663,19
Qwen-3-Coder-30B,268,challenging,correct,2.495737159492618,20
Qwen-3-Coder-30B,268,challenging,correct,1.9668825614077967,21
Qwen-3-Coder-30B,268,challenging,correct,1.932023235693981,22
Qwen-3-Coder-30B,268,challenging,correct,1.8935352078827206,23
Qwen-3-Coder-30B,268,challenging,correct,1.169043266301036,24
Qwen-3-Coder-30B,268,challenging,correct,1.8229949874686717,25
Qwen-3-Coder-30B,268,challenging,correct,1.8485240249946133,26
Qwen-3-Coder-30B,268,challenging,correct,0.30469730184334975,27
Qwen-3-Coder-30B,268,challenging,correct,1.9352714622934526,28
Qwen-3-Coder-30B,268,challenging,correct,1.8677140801151355,29
Qwen-3-Coder-30B,268,challenging,correct,1.77012285012285,30
Qwen-3-Coder-30B,268,challenging,correct,1.7481719477066253,31
Qwen-3-Coder-30B,268,challenging,correct,1.7927646786870088,32
Qwen-3-Coder-30B,268,challenging,correct,1.6577098573187514,33
Qwen-3-Coder-30B,268,challenging,correct,1.5923863521312138,34
Qwen-3-Coder-30B,268,challenging,correct,2.2107707287843605,35
Qwen-3-Coder-30B,268,challenging,correct,1.7568807339449541,36
Qwen-3-Coder-30B,268,challenging,correct,1.8837757043210435,37
Qwen-3-Coder-30B,268,challenging,correct,2.954767033216189,38
Qwen-3-Coder-30B,268,challenging,correct,1.623137173355514,39
Qwen-3-Coder-30B,268,challenging,correct,2.29094654915875,40
Qwen-3-Coder-30B,268,challenging,correct,1.6087329583373058,41
Qwen-3-Coder-30B,268,challenging,correct,2.0204833141542,42
Qwen-3-Coder-30B,268,challenging,correct,1.9915906668245884,43
Qwen-3-Coder-30B,268,challenging,correct,1.9344560213229949,44
Qwen-3-Coder-30B,268,challenging,correct,1.8699561909153792,45
Qwen-3-Coder-30B,268,challenging,correct,1.9078065134099618,46
Qwen-3-Coder-30B,268,challenging,correct,1.6289833080424887,47
Qwen-3-Coder-30B,268,challenging,correct,1.65707551802023,48
Qwen-3-Coder-30B,268,challenging,correct,1.913048607833884,49
Qwen-3-Coder-30B,268,challenging,correct,1.7692384073081124,50
Qwen-3-Coder-30B,249,challenging,semantic,,1
Qwen-3-Coder-30B,249,challenging,semantic,,2
Qwen-3-Coder-30B,249,challenging,semantic,,3
Qwen-3-Coder-30B,249,challenging,semantic,,4
Qwen-3-Coder-30B,249,challenging,semantic,,5
Qwen-3-Coder-30B,249,challenging,semantic,,6
Qwen-3-Coder-30B,249,challenging,semantic,,7
Qwen-3-Coder-30B,249,challenging,semantic,,8
Qwen-3-Coder-30B,249,challenging,semantic,,9
Qwen-3-Coder-30B,249,challenging,semantic,,10
Qwen-3-Coder-30B,249,challenging,semantic,,11
Qwen-3-Coder-30B,249,challenging,semantic,,12
Qwen-3-Coder-30B,249,challenging,semantic,,13
Qwen-3-Coder-30B,249,challenging,semantic,,14
Qwen-3-Coder-30B,249,challenging,semantic,,15
Qwen-3-Coder-30B,249,challenging,semantic,,16
Qwen-3-Coder-30B,249,challenging,semantic,,17
Qwen-3-Coder-30B,249,challenging,semantic,,18
Qwen-3-Coder-30B,249,challenging,semantic,,19
Qwen-3-Coder-30B,249,challenging,semantic,,20
Qwen-3-Coder-30B,249,challenging,semantic,,21
Qwen-3-Coder-30B,249,challenging,semantic,,22
Qwen-3-Coder-30B,249,challenging,semantic,,23
Qwen-3-Coder-30B,249,challenging,semantic,,24
Qwen-3-Coder-30B,249,challenging,semantic,,25
Qwen-3-Coder-30B,249,challenging,semantic,,26
Qwen-3-Coder-30B,249,challenging,semantic,,27
Qwen-3-Coder-30B,249,challenging,semantic,,28
Qwen-3-Coder-30B,249,challenging,semantic,,29
Qwen-3-Coder-30B,249,challenging,semantic,,30
Qwen-3-Coder-30B,249,challenging,semantic,,31
Qwen-3-Coder-30B,249,challenging,semantic,,32
Qwen-3-Coder-30B,249,challenging,semantic,,33
Qwen-3-Coder-30B,249,challenging,semantic,,34
Qwen-3-Coder-30B,249,challenging,semantic,,35
Qwen-3-Coder-30B,249,challenging,semantic,,36
Qwen-3-Coder-30B,249,challenging,semantic,,37
Qwen-3-Coder-30B,249,challenging,semantic,,38
Qwen-3-Coder-30B,249,challenging,semantic,,39
Qwen-3-Coder-30B,249,challenging,semantic,,40
Qwen-3-Coder-30B,249,challenging,semantic,,41
Qwen-3-Coder-30B,249,challenging,semantic,,42
Qwen-3-Coder-30B,249,challenging,semantic,,43
Qwen-3-Coder-30B,249,challenging,semantic,,44
Qwen-3-Coder-30B,249,challenging,semantic,,45
Qwen-3-Coder-30B,249,challenging,semantic,,46
Qwen-3-Coder-30B,249,challenging,semantic,,47
Qwen-3-Coder-30B,249,challenging,semantic,,48
Qwen-3-Coder-30B,249,challenging,semantic,,49
Qwen-3-Coder-30B,249,challenging,semantic,,50
Qwen-3-Coder-30B,319,challenging,correct,1.8343500703894886,1
Qwen-3-Coder-30B,319,challenging,correct,1.946931022201116,2
Qwen-3-Coder-30B,319,challenging,correct,1.816911250873515,3
Qwen-3-Coder-30B,319,challenging,correct,3.5507950977413145,4
Qwen-3-Coder-30B,319,challenging,correct,1.810329386008558,5
Qwen-3-Coder-30B,319,challenging,correct,1.9119573126364298,6
Qwen-3-Coder-30B,319,challenging,correct,2.020172716232627,7
Qwen-3-Coder-30B,319,challenging,correct,1.9130637454842092,8
Qwen-3-Coder-30B,319,challenging,correct,0.055017058677331164,9
Qwen-3-Coder-30B,319,challenging,correct,2.1821126319088915,10
Qwen-3-Coder-30B,319,challenging,correct,1.7188594783962632,11
Qwen-3-Coder-30B,319,challenging,correct,1.9799673887724203,12
Qwen-3-Coder-30B,319,challenging,correct,1.8512009373169303,13
Qwen-3-Coder-30B,319,challenging,correct,1.688556566970091,14
Qwen-3-Coder-30B,319,challenging,correct,1.5088899567515617,15
Qwen-3-Coder-30B,319,challenging,correct,2.052995391705069,16
Qwen-3-Coder-30B,319,challenging,correct,1.9116479925303456,17
Qwen-3-Coder-30B,319,challenging,correct,1.6840828701364325,18
Qwen-3-Coder-30B,319,challenging,correct,1.9731232622798889,19
Qwen-3-Coder-30B,319,challenging,correct,2.0506056527590846,20
Qwen-3-Coder-30B,319,challenging,correct,1.9240712705252125,21
Qwen-3-Coder-30B,319,challenging,correct,2.112837366796136,22
Qwen-3-Coder-30B,319,challenging,correct,4.516702044464306,23
Qwen-3-Coder-30B,319,challenging,correct,1.8421945701357465,24
Qwen-3-Coder-30B,319,challenging,correct,1.838768115942029,25
Qwen-3-Coder-30B,319,challenging,correct,1.8122878714414352,26
Qwen-3-Coder-30B,319,challenging,correct,1.9255229113771006,27
Qwen-3-Coder-30B,319,challenging,correct,1.8385359419652672,28
Qwen-3-Coder-30B,319,challenging,correct,1.7590774149349166,29
Qwen-3-Coder-30B,319,challenging,correct,1.8280846063454759,30
Qwen-3-Coder-30B,319,challenging,correct,1.8633946377132729,31
Qwen-3-Coder-30B,319,challenging,correct,1.6916984999534146,32
Qwen-3-Coder-30B,319,challenging,correct,1.6772504091653029,33
Qwen-3-Coder-30B,319,challenging,correct,1.4585987261146496,34
Qwen-3-Coder-30B,319,challenging,correct,1.7522746967071057,35
Qwen-3-Coder-30B,319,challenging,correct,0.34209232520830096,36
Qwen-3-Coder-30B,319,challenging,correct,1.8469084095668467,37
Qwen-3-Coder-30B,319,challenging,correct,2.1931937673262594,38
Qwen-3-Coder-30B,319,challenging,correct,1.954795000584044,39
Qwen-3-Coder-30B,319,challenging,correct,2.177007299270073,40
Qwen-3-Coder-30B,319,challenging,correct,1.7723896898208824,41
Qwen-3-Coder-30B,319,challenging,correct,2.2046179838558286,42
Qwen-3-Coder-30B,319,challenging,correct,1.7546635925382519,43
Qwen-3-Coder-30B,319,challenging,correct,1.7836372136512388,44
Qwen-3-Coder-30B,319,challenging,correct,1.9728543375303222,45
Qwen-3-Coder-30B,319,challenging,correct,1.7301859799713877,46
Qwen-3-Coder-30B,319,challenging,correct,1.9799239724400095,47
Qwen-3-Coder-30B,319,challenging,correct,1.912166293050744,48
Qwen-3-Coder-30B,319,challenging,correct,1.46775102098296,49
Qwen-3-Coder-30B,319,challenging,correct,1.9464653397391902,50
Qwen-3-Coder-30B,328,challenging,semantic,,1
Qwen-3-Coder-30B,328,challenging,semantic,,2
Qwen-3-Coder-30B,328,challenging,semantic,,3
Qwen-3-Coder-30B,328,challenging,semantic,,4
Qwen-3-Coder-30B,328,challenging,semantic,,5
Qwen-3-Coder-30B,328,challenging,semantic,,6
Qwen-3-Coder-30B,328,challenging,semantic,,7
Qwen-3-Coder-30B,328,challenging,semantic,,8
Qwen-3-Coder-30B,328,challenging,semantic,,9
Qwen-3-Coder-30B,328,challenging,semantic,,10
Qwen-3-Coder-30B,328,challenging,semantic,,11
Qwen-3-Coder-30B,328,challenging,semantic,,12
Qwen-3-Coder-30B,328,challenging,semantic,,13
Qwen-3-Coder-30B,328,challenging,semantic,,14
Qwen-3-Coder-30B,328,challenging,semantic,,15
Qwen-3-Coder-30B,328,challenging,semantic,,16
Qwen-3-Coder-30B,328,challenging,semantic,,17
Qwen-3-Coder-30B,328,challenging,semantic,,18
Qwen-3-Coder-30B,328,challenging,semantic,,19
Qwen-3-Coder-30B,328,challenging,semantic,,20
Qwen-3-Coder-30B,328,challenging,semantic,,21
Qwen-3-Coder-30B,328,challenging,semantic,,22
Qwen-3-Coder-30B,328,challenging,semantic,,23
Qwen-3-Coder-30B,328,challenging,semantic,,24
Qwen-3-Coder-30B,328,challenging,semantic,,25
Qwen-3-Coder-30B,328,challenging,semantic,,26
Qwen-3-Coder-30B,328,challenging,semantic,,27
Qwen-3-Coder-30B,328,challenging,semantic,,28
Qwen-3-Coder-30B,328,challenging,semantic,,29
Qwen-3-Coder-30B,328,challenging,semantic,,30
Qwen-3-Coder-30B,328,challenging,semantic,,31
Qwen-3-Coder-30B,328,challenging,semantic,,32
Qwen-3-Coder-30B,328,challenging,semantic,,33
Qwen-3-Coder-30B,328,challenging,semantic,,34
Qwen-3-Coder-30B,328,challenging,semantic,,35
Qwen-3-Coder-30B,328,challenging,semantic,,36
Qwen-3-Coder-30B,328,challenging,semantic,,37
Qwen-3-Coder-30B,328,challenging,semantic,,38
Qwen-3-Coder-30B,328,challenging,semantic,,39
Qwen-3-Coder-30B,328,challenging,semantic,,40
Qwen-3-Coder-30B,328,challenging,semantic,,41
Qwen-3-Coder-30B,328,challenging,semantic,,42
Qwen-3-Coder-30B,328,challenging,semantic,,43
Qwen-3-Coder-30B,328,challenging,semantic,,44
Qwen-3-Coder-30B,328,challenging,semantic,,45
Qwen-3-Coder-30B,328,challenging,semantic,,46
Qwen-3-Coder-30B,328,challenging,semantic,,47
Qwen-3-Coder-30B,328,challenging,semantic,,48
Qwen-3-Coder-30B,328,challenging,semantic,,49
Qwen-3-Coder-30B,328,challenging,semantic,,50
Qwen-3-Coder-30B,1231,challenging,correct,14.463506938187061,1
Qwen-3-Coder-30B,1231,challenging,correct,0.6811098961180974,2
Qwen-3-Coder-30B,1231,challenging,correct,1.0949664429530201,3
Qwen-3-Coder-30B,1231,challenging,correct,1.0577486399776816,4
Qwen-3-Coder-30B,1231,challenging,correct,1.002233502538071,5
Qwen-3-Coder-30B,1231,challenging,correct,1.1232091690544412,6
Qwen-3-Coder-30B,1231,challenging,correct,1.3048749684263703,7
Qwen-3-Coder-30B,1231,challenging,correct,1.082780410742496,8
Qwen-3-Coder-30B,1231,challenging,correct,1.2358044164037856,9
Qwen-3-Coder-30B,1231,challenging,correct,1.6348639455782312,10
Qwen-3-Coder-30B,1231,challenging,correct,1.1797442968162446,11
Qwen-3-Coder-30B,1231,challenging,correct,1.1021806853582554,12
Qwen-3-Coder-30B,1231,challenging,correct,1.3231005372217959,13
Qwen-3-Coder-30B,1231,challenging,correct,1.1675747069506357,14
Qwen-3-Coder-30B,1231,challenging,correct,1.1535536011409555,15
Qwen-3-Coder-30B,1231,challenging,correct,0.9448098828814375,16
Qwen-3-Coder-30B,1231,challenging,correct,1.309689213893967,17
Qwen-3-Coder-30B,1231,challenging,correct,1.2384349827387802,18
Qwen-3-Coder-30B,1231,challenging,correct,1.1470895782502615,19
Qwen-3-Coder-30B,1231,challenging,correct,1.30930064888248,20
Qwen-3-Coder-30B,1231,challenging,correct,0.9992259063346665,21
Qwen-3-Coder-30B,1231,challenging,correct,0.9939393939393939,22
Qwen-3-Coder-30B,1231,challenging,correct,0.6403706783889747,23
Qwen-3-Coder-30B,1231,challenging,correct,1.2648534459994718,24
Qwen-3-Coder-30B,1231,challenging,correct,1.2613732097725359,25
Qwen-3-Coder-30B,1231,challenging,correct,1.257153474544779,26
Qwen-3-Coder-30B,1231,challenging,correct,1.0805233093790307,27
Qwen-3-Coder-30B,1231,challenging,correct,0.9010742344075677,28
Qwen-3-Coder-30B,1231,challenging,correct,1.0779122541603632,29
Qwen-3-Coder-30B,1231,challenging,correct,1.4287780187997108,30
Qwen-3-Coder-30B,1231,challenging,correct,0.838453469204256,31
Qwen-3-Coder-30B,1231,challenging,correct,1.443646160754378,32
Qwen-3-Coder-30B,1231,challenging,correct,1.1418764302059496,33
Qwen-3-Coder-30B,1231,challenging,correct,1.26583736466252,34
Qwen-3-Coder-30B,1231,challenging,correct,1.0770544290288153,35
Qwen-3-Coder-30B,1231,challenging,correct,1.2322699104888686,36
Qwen-3-Coder-30B,1231,challenging,correct,0.8596303501945526,37
Qwen-3-Coder-30B,1231,challenging,correct,1.0384951881014872,38
Qwen-3-Coder-30B,1231,challenging,correct,0.9871025411824799,39
Qwen-3-Coder-30B,1231,challenging,correct,1.2361821903787102,40
Qwen-3-Coder-30B,1231,challenging,correct,1.1266592920353982,41
Qwen-3-Coder-30B,1231,challenging,correct,1.1686631528509823,42
Qwen-3-Coder-30B,1231,challenging,correct,1.1058734080973198,43
Qwen-3-Coder-30B,1231,challenging,correct,1.362681340670335,44
Qwen-3-Coder-30B,1231,challenging,correct,1.2222512405327761,45
Qwen-3-Coder-30B,1231,challenging,correct,1.1293521375055091,46
Qwen-3-Coder-30B,1231,challenging,correct,1.2266973532796317,47
Qwen-3-Coder-30B,1231,challenging,correct,1.1832659251769464,48
Qwen-3-Coder-30B,1231,challenging,correct,1.016316721477359,49
Qwen-3-Coder-30B,1231,challenging,correct,1.3557945041816009,50
Qwen-3-Coder-30B,1232,challenging,correct,6.852851294470391,1
Qwen-3-Coder-30B,1232,challenging,semantic,,2
Qwen-3-Coder-30B,1232,challenging,semantic,,3
Qwen-3-Coder-30B,1232,challenging,semantic,,4
Qwen-3-Coder-30B,1232,challenging,semantic,,5
Qwen-3-Coder-30B,1232,challenging,semantic,,6
Qwen-3-Coder-30B,1232,challenging,semantic,,7
Qwen-3-Coder-30B,1232,challenging,semantic,,8
Qwen-3-Coder-30B,1232,challenging,semantic,,9
Qwen-3-Coder-30B,1232,challenging,semantic,,10
Qwen-3-Coder-30B,1232,challenging,semantic,,11
Qwen-3-Coder-30B,1232,challenging,semantic,,12
Qwen-3-Coder-30B,1232,challenging,semantic,,13
Qwen-3-Coder-30B,1232,challenging,semantic,,14
Qwen-3-Coder-30B,1232,challenging,semantic,,15
Qwen-3-Coder-30B,1232,challenging,semantic,,16
Qwen-3-Coder-30B,1232,challenging,semantic,,17
Qwen-3-Coder-30B,1232,challenging,semantic,,18
Qwen-3-Coder-30B,1232,challenging,correct,1.2470503597122302,19
Qwen-3-Coder-30B,1232,challenging,semantic,,20
Qwen-3-Coder-30B,1232,challenging,semantic,,21
Qwen-3-Coder-30B,1232,challenging,correct,1.0962032543534113,22
Qwen-3-Coder-30B,1232,challenging,semantic,,23
Qwen-3-Coder-30B,1232,challenging,semantic,,24
Qwen-3-Coder-30B,1232,challenging,semantic,,25
Qwen-3-Coder-30B,1232,challenging,semantic,,26
Qwen-3-Coder-30B,1232,challenging,semantic,,27
Qwen-3-Coder-30B,1232,challenging,semantic,,28
Qwen-3-Coder-30B,1232,challenging,semantic,,29
Qwen-3-Coder-30B,1232,challenging,semantic,,30
Qwen-3-Coder-30B,1232,challenging,semantic,,31
Qwen-3-Coder-30B,1232,challenging,semantic,,32
Qwen-3-Coder-30B,1232,challenging,semantic,,33
Qwen-3-Coder-30B,1232,challenging,semantic,,34
Qwen-3-Coder-30B,1232,challenging,semantic,,35
Qwen-3-Coder-30B,1232,challenging,semantic,,36
Qwen-3-Coder-30B,1232,challenging,semantic,,37
Qwen-3-Coder-30B,1232,challenging,semantic,,38
Qwen-3-Coder-30B,1232,challenging,semantic,,39
Qwen-3-Coder-30B,1232,challenging,semantic,,40
Qwen-3-Coder-30B,1232,challenging,semantic,,41
Qwen-3-Coder-30B,1232,challenging,semantic,,42
Qwen-3-Coder-30B,1232,challenging,semantic,,43
Qwen-3-Coder-30B,1232,challenging,semantic,,44
Qwen-3-Coder-30B,1232,challenging,semantic,,45
Qwen-3-Coder-30B,1232,challenging,semantic,,46
Qwen-3-Coder-30B,1232,challenging,semantic,,47
Qwen-3-Coder-30B,1232,challenging,semantic,,48
Qwen-3-Coder-30B,1232,challenging,semantic,,49
Qwen-3-Coder-30B,1232,challenging,semantic,,50
Qwen-3-Coder-30B,1171,challenging,semantic,,1
Qwen-3-Coder-30B,1171,challenging,semantic,,2
Qwen-3-Coder-30B,1171,challenging,semantic,,3
Qwen-3-Coder-30B,1171,challenging,semantic,,4
Qwen-3-Coder-30B,1171,challenging,semantic,,5
Qwen-3-Coder-30B,1171,challenging,semantic,,6
Qwen-3-Coder-30B,1171,challenging,semantic,,7
Qwen-3-Coder-30B,1171,challenging,semantic,,8
Qwen-3-Coder-30B,1171,challenging,semantic,,9
Qwen-3-Coder-30B,1171,challenging,semantic,,10
Qwen-3-Coder-30B,1171,challenging,semantic,,11
Qwen-3-Coder-30B,1171,challenging,semantic,,12
Qwen-3-Coder-30B,1171,challenging,semantic,,13
Qwen-3-Coder-30B,1171,challenging,semantic,,14
Qwen-3-Coder-30B,1171,challenging,semantic,,15
Qwen-3-Coder-30B,1171,challenging,semantic,,16
Qwen-3-Coder-30B,1171,challenging,semantic,,17
Qwen-3-Coder-30B,1171,challenging,semantic,,18
Qwen-3-Coder-30B,1171,challenging,semantic,,19
Qwen-3-Coder-30B,1171,challenging,semantic,,20
Qwen-3-Coder-30B,1171,challenging,semantic,,21
Qwen-3-Coder-30B,1171,challenging,semantic,,22
Qwen-3-Coder-30B,1171,challenging,semantic,,23
Qwen-3-Coder-30B,1171,challenging,semantic,,24
Qwen-3-Coder-30B,1171,challenging,semantic,,25
Qwen-3-Coder-30B,1171,challenging,semantic,,26
Qwen-3-Coder-30B,1171,challenging,semantic,,27
Qwen-3-Coder-30B,1171,challenging,semantic,,28
Qwen-3-Coder-30B,1171,challenging,semantic,,29
Qwen-3-Coder-30B,1171,challenging,semantic,,30
Qwen-3-Coder-30B,1171,challenging,semantic,,31
Qwen-3-Coder-30B,1171,challenging,semantic,,32
Qwen-3-Coder-30B,1171,challenging,semantic,,33
Qwen-3-Coder-30B,1171,challenging,semantic,,34
Qwen-3-Coder-30B,1171,challenging,semantic,,35
Qwen-3-Coder-30B,1171,challenging,semantic,,36
Qwen-3-Coder-30B,1171,challenging,semantic,,37
Qwen-3-Coder-30B,1171,challenging,semantic,,38
Qwen-3-Coder-30B,1171,challenging,semantic,,39
Qwen-3-Coder-30B,1171,challenging,semantic,,40
Qwen-3-Coder-30B,1171,challenging,semantic,,41
Qwen-3-Coder-30B,1171,challenging,semantic,,42
Qwen-3-Coder-30B,1171,challenging,semantic,,43
Qwen-3-Coder-30B,1171,challenging,semantic,,44
Qwen-3-Coder-30B,1171,challenging,semantic,,45
Qwen-3-Coder-30B,1171,challenging,semantic,,46
Qwen-3-Coder-30B,1171,challenging,semantic,,47
Qwen-3-Coder-30B,1171,challenging,semantic,,48
Qwen-3-Coder-30B,1171,challenging,semantic,,49
Qwen-3-Coder-30B,1171,challenging,semantic,,50
Qwen-3-Coder-30B,1223,challenging,semantic,,1
Qwen-3-Coder-30B,1223,challenging,semantic,,2
Qwen-3-Coder-30B,1223,challenging,semantic,,3
Qwen-3-Coder-30B,1223,challenging,semantic,,4
Qwen-3-Coder-30B,1223,challenging,semantic,,5
Qwen-3-Coder-30B,1223,challenging,semantic,,6
Qwen-3-Coder-30B,1223,challenging,semantic,,7
Qwen-3-Coder-30B,1223,challenging,semantic,,8
Qwen-3-Coder-30B,1223,challenging,semantic,,9
Qwen-3-Coder-30B,1223,challenging,semantic,,10
Qwen-3-Coder-30B,1223,challenging,semantic,,11
Qwen-3-Coder-30B,1223,challenging,semantic,,12
Qwen-3-Coder-30B,1223,challenging,semantic,,13
Qwen-3-Coder-30B,1223,challenging,semantic,,14
Qwen-3-Coder-30B,1223,challenging,semantic,,15
Qwen-3-Coder-30B,1223,challenging,semantic,,16
Qwen-3-Coder-30B,1223,challenging,semantic,,17
Qwen-3-Coder-30B,1223,challenging,semantic,,18
Qwen-3-Coder-30B,1223,challenging,semantic,,19
Qwen-3-Coder-30B,1223,challenging,semantic,,20
Qwen-3-Coder-30B,1223,challenging,semantic,,21
Qwen-3-Coder-30B,1223,challenging,semantic,,22
Qwen-3-Coder-30B,1223,challenging,semantic,,23
Qwen-3-Coder-30B,1223,challenging,semantic,,24
Qwen-3-Coder-30B,1223,challenging,semantic,,25
Qwen-3-Coder-30B,1223,challenging,semantic,,26
Qwen-3-Coder-30B,1223,challenging,semantic,,27
Qwen-3-Coder-30B,1223,challenging,semantic,,28
Qwen-3-Coder-30B,1223,challenging,semantic,,29
Qwen-3-Coder-30B,1223,challenging,semantic,,30
Qwen-3-Coder-30B,1223,challenging,semantic,,31
Qwen-3-Coder-30B,1223,challenging,semantic,,32
Qwen-3-Coder-30B,1223,challenging,semantic,,33
Qwen-3-Coder-30B,1223,challenging,semantic,,34
Qwen-3-Coder-30B,1223,challenging,semantic,,35
Qwen-3-Coder-30B,1223,challenging,semantic,,36
Qwen-3-Coder-30B,1223,challenging,semantic,,37
Qwen-3-Coder-30B,1223,challenging,semantic,,38
Qwen-3-Coder-30B,1223,challenging,semantic,,39
Qwen-3-Coder-30B,1223,challenging,semantic,,40
Qwen-3-Coder-30B,1223,challenging,semantic,,41
Qwen-3-Coder-30B,1223,challenging,semantic,,42
Qwen-3-Coder-30B,1223,challenging,semantic,,43
Qwen-3-Coder-30B,1223,challenging,semantic,,44
Qwen-3-Coder-30B,1223,challenging,semantic,,45
Qwen-3-Coder-30B,1223,challenging,semantic,,46
Qwen-3-Coder-30B,1223,challenging,semantic,,47
Qwen-3-Coder-30B,1223,challenging,semantic,,48
Qwen-3-Coder-30B,1223,challenging,semantic,,49
Qwen-3-Coder-30B,1223,challenging,semantic,,50
Qwen-3-Coder-30B,1481,challenging,semantic,,1
Qwen-3-Coder-30B,1481,challenging,semantic,,2
Qwen-3-Coder-30B,1481,challenging,semantic,,3
Qwen-3-Coder-30B,1481,challenging,semantic,,4
Qwen-3-Coder-30B,1481,challenging,semantic,,5
Qwen-3-Coder-30B,1481,challenging,semantic,,6
Qwen-3-Coder-30B,1481,challenging,semantic,,7
Qwen-3-Coder-30B,1481,challenging,semantic,,8
Qwen-3-Coder-30B,1481,challenging,semantic,,9
Qwen-3-Coder-30B,1481,challenging,semantic,,10
Qwen-3-Coder-30B,1481,challenging,semantic,,11
Qwen-3-Coder-30B,1481,challenging,semantic,,12
Qwen-3-Coder-30B,1481,challenging,semantic,,13
Qwen-3-Coder-30B,1481,challenging,semantic,,14
Qwen-3-Coder-30B,1481,challenging,semantic,,15
Qwen-3-Coder-30B,1481,challenging,semantic,,16
Qwen-3-Coder-30B,1481,challenging,semantic,,17
Qwen-3-Coder-30B,1481,challenging,semantic,,18
Qwen-3-Coder-30B,1481,challenging,semantic,,19
Qwen-3-Coder-30B,1481,challenging,semantic,,20
Qwen-3-Coder-30B,1481,challenging,semantic,,21
Qwen-3-Coder-30B,1481,challenging,semantic,,22
Qwen-3-Coder-30B,1481,challenging,semantic,,23
Qwen-3-Coder-30B,1481,challenging,semantic,,24
Qwen-3-Coder-30B,1481,challenging,semantic,,25
Qwen-3-Coder-30B,1481,challenging,semantic,,26
Qwen-3-Coder-30B,1481,challenging,semantic,,27
Qwen-3-Coder-30B,1481,challenging,semantic,,28
Qwen-3-Coder-30B,1481,challenging,semantic,,29
Qwen-3-Coder-30B,1481,challenging,semantic,,30
Qwen-3-Coder-30B,1481,challenging,semantic,,31
Qwen-3-Coder-30B,1481,challenging,semantic,,32
Qwen-3-Coder-30B,1481,challenging,semantic,,33
Qwen-3-Coder-30B,1481,challenging,semantic,,34
Qwen-3-Coder-30B,1481,challenging,semantic,,35
Qwen-3-Coder-30B,1481,challenging,semantic,,36
Qwen-3-Coder-30B,1481,challenging,semantic,,37
Qwen-3-Coder-30B,1481,challenging,semantic,,38
Qwen-3-Coder-30B,1481,challenging,semantic,,39
Qwen-3-Coder-30B,1481,challenging,semantic,,40
Qwen-3-Coder-30B,1481,challenging,semantic,,41
Qwen-3-Coder-30B,1481,challenging,semantic,,42
Qwen-3-Coder-30B,1481,challenging,semantic,,43
Qwen-3-Coder-30B,1481,challenging,semantic,,44
Qwen-3-Coder-30B,1481,challenging,semantic,,45
Qwen-3-Coder-30B,1481,challenging,semantic,,46
Qwen-3-Coder-30B,1481,challenging,semantic,,47
Qwen-3-Coder-30B,1481,challenging,semantic,,48
Qwen-3-Coder-30B,1481,challenging,semantic,,49
Qwen-3-Coder-30B,1481,challenging,semantic,,50
Qwen-3-Coder-30B,62,challenging,semantic,,1
Qwen-3-Coder-30B,62,challenging,correct,0.3891428169608326,2
Qwen-3-Coder-30B,62,challenging,correct,0.39086414736556957,3
Qwen-3-Coder-30B,62,challenging,correct,0.46391150804074366,4
Qwen-3-Coder-30B,62,challenging,correct,0.4308178889184476,5
Qwen-3-Coder-30B,62,challenging,correct,0.3412238423525105,6
Qwen-3-Coder-30B,62,challenging,correct,0.4322204178249979,7
Qwen-3-Coder-30B,62,challenging,correct,0.3258854095446465,8
Qwen-3-Coder-30B,62,challenging,correct,0.49866156787762905,9
Qwen-3-Coder-30B,62,challenging,correct,0.38121390355383905,10
Qwen-3-Coder-30B,62,challenging,correct,0.3826537712218202,11
Qwen-3-Coder-30B,62,challenging,correct,0.2710109042426551,12
Qwen-3-Coder-30B,62,challenging,correct,0.026190147011383013,13
Qwen-3-Coder-30B,62,challenging,correct,0.35490339830947043,14
Qwen-3-Coder-30B,62,challenging,correct,0.39444095258048745,15
Qwen-3-Coder-30B,62,challenging,correct,0.36660179510268104,16
Qwen-3-Coder-30B,62,challenging,correct,0.3942975469894871,17
Qwen-3-Coder-30B,62,challenging,correct,0.37224830464267084,18
Qwen-3-Coder-30B,62,challenging,correct,0.7027008523602506,19
Qwen-3-Coder-30B,62,challenging,correct,0.3872114940076105,20
Qwen-3-Coder-30B,62,challenging,correct,0.34411306743322556,21
Qwen-3-Coder-30B,62,challenging,correct,0.17513066104394248,22
Qwen-3-Coder-30B,62,challenging,correct,0.3130862767805443,23
Qwen-3-Coder-30B,62,challenging,correct,0.36527273971665186,24
Qwen-3-Coder-30B,62,challenging,correct,0.7369829448367025,25
Qwen-3-Coder-30B,62,challenging,correct,0.6590349917987972,26
Qwen-3-Coder-30B,62,challenging,correct,0.38201121794871795,27
Qwen-3-Coder-30B,62,challenging,correct,0.3845712937051148,28
Qwen-3-Coder-30B,62,challenging,correct,0.4446027326296704,29
Qwen-3-Coder-30B,62,challenging,correct,0.3696322834253869,30
Qwen-3-Coder-30B,62,challenging,correct,0.3386775027705948,31
Qwen-3-Coder-30B,62,challenging,correct,0.39095966620305983,32
Qwen-3-Coder-30B,62,challenging,correct,0.3928097478586078,33
Qwen-3-Coder-30B,62,challenging,correct,0.8518435323941854,34
Qwen-3-Coder-30B,62,challenging,correct,0.33793546807077696,35
Qwen-3-Coder-30B,62,challenging,correct,0.37768886278540487,36
Qwen-3-Coder-30B,62,challenging,correct,0.3830726904141326,37
Qwen-3-Coder-30B,62,challenging,correct,0.31456794859499376,38
Qwen-3-Coder-30B,62,challenging,correct,0.3943905308042935,39
Qwen-3-Coder-30B,62,challenging,correct,0.3658235657001851,40
Qwen-3-Coder-30B,62,challenging,correct,0.3759604070049145,41
Qwen-3-Coder-30B,62,challenging,correct,0.36763311204443844,42
Qwen-3-Coder-30B,62,challenging,correct,0.3749458640103941,43
Qwen-3-Coder-30B,62,challenging,correct,0.3806179342636232,44
Qwen-3-Coder-30B,62,challenging,correct,0.3760045515966147,45
Qwen-3-Coder-30B,62,challenging,correct,0.2557945241448452,46
Qwen-3-Coder-30B,62,challenging,correct,0.3951983593805247,47
Qwen-3-Coder-30B,62,challenging,correct,0.3809596717395964,48
Qwen-3-Coder-30B,62,challenging,correct,0.43369883040935675,49
Qwen-3-Coder-30B,62,challenging,correct,0.393672052154195,50
Qwen-3-Coder-30B,1037,challenging,correct,3.219857086735398,1
Qwen-3-Coder-30B,1037,challenging,correct,1.2647584315770501,2
Qwen-3-Coder-30B,1037,challenging,correct,1.5011739917135554,3
Qwen-3-Coder-30B,1037,challenging,correct,0.7845776213200776,4
Qwen-3-Coder-30B,1037,challenging,correct,1.3058792619090926,5
Qwen-3-Coder-30B,1037,challenging,correct,0.8711202752465549,6
Qwen-3-Coder-30B,1037,challenging,correct,1.9857892398502126,7
Qwen-3-Coder-30B,1037,challenging,correct,1.37885589965074,8
Qwen-3-Coder-30B,1037,challenging,correct,1.1572915541307747,9
Qwen-3-Coder-30B,1037,challenging,correct,0.5897980574517976,10
Qwen-3-Coder-30B,1037,challenging,correct,1.3920784875899463,11
Qwen-3-Coder-30B,1037,challenging,correct,1.7911139141871282,12
Qwen-3-Coder-30B,1037,challenging,correct,1.3064919082731774,13
Qwen-3-Coder-30B,1037,challenging,correct,0.7274518404757762,14
Qwen-3-Coder-30B,1037,challenging,correct,1.390896075820699,15
Qwen-3-Coder-30B,1037,challenging,correct,0.9147086215246303,16
Qwen-3-Coder-30B,1037,challenging,correct,2.1044555487058374,17
Qwen-3-Coder-30B,1037,challenging,correct,1.0227402489355801,18
Qwen-3-Coder-30B,1037,challenging,correct,0.9883744796719516,19
Qwen-3-Coder-30B,1037,challenging,correct,0.7220470824123395,20
Qwen-3-Coder-30B,1037,challenging,correct,1.0315803600925009,21
Qwen-3-Coder-30B,1037,challenging,correct,0.8324938636303282,22
Qwen-3-Coder-30B,1037,challenging,correct,1.2163414058397606,23
Qwen-3-Coder-30B,1037,challenging,correct,1.1567447647958302,24
Qwen-3-Coder-30B,1037,challenging,correct,0.6570562883412643,25
Qwen-3-Coder-30B,1037,challenging,correct,1.405618543006305,26
Qwen-3-Coder-30B,1037,challenging,correct,1.138196935988745,27
Qwen-3-Coder-30B,1037,challenging,correct,0.9417328101077977,28
Qwen-3-Coder-30B,1037,challenging,correct,1.5446365440321146,29
Qwen-3-Coder-30B,1037,challenging,correct,1.2005301276375775,30
Qwen-3-Coder-30B,1037,challenging,correct,0.7679513774290136,31
Qwen-3-Coder-30B,1037,challenging,correct,0.8088213110217094,32
Qwen-3-Coder-30B,1037,challenging,correct,3.0781984881386917,33
Qwen-3-Coder-30B,1037,challenging,correct,1.2323191020598003,34
Qwen-3-Coder-30B,1037,challenging,correct,1.0175096442716196,35
Qwen-3-Coder-30B,1037,challenging,correct,0.8944445485683227,36
Qwen-3-Coder-30B,1037,challenging,correct,0.7690957568119778,37
Qwen-3-Coder-30B,1037,challenging,correct,2.6870766341751446,38
Qwen-3-Coder-30B,1037,challenging,correct,0.7770929493380504,39
Qwen-3-Coder-30B,1037,challenging,correct,2.0577976180111786,40
Qwen-3-Coder-30B,1037,challenging,correct,1.042282864055133,41
Qwen-3-Coder-30B,1037,challenging,correct,0.9575565502751094,42
Qwen-3-Coder-30B,1037,challenging,correct,1.1788039647793043,43
Qwen-3-Coder-30B,1037,challenging,correct,1.1598173565306815,44
Qwen-3-Coder-30B,1037,challenging,correct,0.6988623158547115,45
Qwen-3-Coder-30B,1037,challenging,correct,1.4318332323712626,46
Qwen-3-Coder-30B,1037,challenging,correct,0.7194520434889202,47
Qwen-3-Coder-30B,1037,challenging,correct,1.1833566552861685,48
Qwen-3-Coder-30B,1037,challenging,correct,0.9701020040830336,49
Qwen-3-Coder-30B,1037,challenging,correct,1.2182671008264845,50
Qwen-3-Coder-30B,1161,challenging,semantic,,1
Qwen-3-Coder-30B,1161,challenging,semantic,,2
Qwen-3-Coder-30B,1161,challenging,semantic,,3
Qwen-3-Coder-30B,1161,challenging,semantic,,4
Qwen-3-Coder-30B,1161,challenging,semantic,,5
Qwen-3-Coder-30B,1161,challenging,semantic,,6
Qwen-3-Coder-30B,1161,challenging,semantic,,7
Qwen-3-Coder-30B,1161,challenging,semantic,,8
Qwen-3-Coder-30B,1161,challenging,semantic,,9
Qwen-3-Coder-30B,1161,challenging,semantic,,10
Qwen-3-Coder-30B,1161,challenging,semantic,,11
Qwen-3-Coder-30B,1161,challenging,semantic,,12
Qwen-3-Coder-30B,1161,challenging,semantic,,13
Qwen-3-Coder-30B,1161,challenging,semantic,,14
Qwen-3-Coder-30B,1161,challenging,semantic,,15
Qwen-3-Coder-30B,1161,challenging,semantic,,16
Qwen-3-Coder-30B,1161,challenging,semantic,,17
Qwen-3-Coder-30B,1161,challenging,semantic,,18
Qwen-3-Coder-30B,1161,challenging,semantic,,19
Qwen-3-Coder-30B,1161,challenging,semantic,,20
Qwen-3-Coder-30B,1161,challenging,semantic,,21
Qwen-3-Coder-30B,1161,challenging,semantic,,22
Qwen-3-Coder-30B,1161,challenging,semantic,,23
Qwen-3-Coder-30B,1161,challenging,semantic,,24
Qwen-3-Coder-30B,1161,challenging,semantic,,25
Qwen-3-Coder-30B,1161,challenging,semantic,,26
Qwen-3-Coder-30B,1161,challenging,semantic,,27
Qwen-3-Coder-30B,1161,challenging,semantic,,28
Qwen-3-Coder-30B,1161,challenging,semantic,,29
Qwen-3-Coder-30B,1161,challenging,semantic,,30
Qwen-3-Coder-30B,1161,challenging,semantic,,31
Qwen-3-Coder-30B,1161,challenging,semantic,,32
Qwen-3-Coder-30B,1161,challenging,semantic,,33
Qwen-3-Coder-30B,1161,challenging,semantic,,34
Qwen-3-Coder-30B,1161,challenging,semantic,,35
Qwen-3-Coder-30B,1161,challenging,semantic,,36
Qwen-3-Coder-30B,1161,challenging,semantic,,37
Qwen-3-Coder-30B,1161,challenging,semantic,,38
Qwen-3-Coder-30B,1161,challenging,semantic,,39
Qwen-3-Coder-30B,1161,challenging,semantic,,40
Qwen-3-Coder-30B,1161,challenging,semantic,,41
Qwen-3-Coder-30B,1161,challenging,semantic,,42
Qwen-3-Coder-30B,1161,challenging,semantic,,43
Qwen-3-Coder-30B,1161,challenging,semantic,,44
Qwen-3-Coder-30B,1161,challenging,semantic,,45
Qwen-3-Coder-30B,1161,challenging,semantic,,46
Qwen-3-Coder-30B,1161,challenging,semantic,,47
Qwen-3-Coder-30B,1161,challenging,semantic,,48
Qwen-3-Coder-30B,1161,challenging,semantic,,49
Qwen-3-Coder-30B,1161,challenging,semantic,,50
Qwen-3-Coder-30B,1339,challenging,correct,3.4595724907063197,1
Qwen-3-Coder-30B,1339,challenging,correct,0.8362766740250184,2
Qwen-3-Coder-30B,1339,challenging,correct,1.391304347826087,3
Qwen-3-Coder-30B,1339,challenging,correct,1.3394600804135555,4
Qwen-3-Coder-30B,1339,challenging,correct,1.4487272727272726,5
Qwen-3-Coder-30B,1339,challenging,correct,1.3039186359557284,6
Qwen-3-Coder-30B,1339,challenging,correct,0.746984126984127,7
Qwen-3-Coder-30B,1339,challenging,correct,1.3715143715143716,8
Qwen-3-Coder-30B,1339,challenging,correct,1.3855748373101953,9
Qwen-3-Coder-30B,1339,challenging,correct,1.3220648698035633,10
Qwen-3-Coder-30B,1339,challenging,correct,1.1336032388663968,11
Qwen-3-Coder-30B,1339,challenging,correct,1.3586075345731998,12
Qwen-3-Coder-30B,1339,challenging,correct,1.6964924838940587,13
Qwen-3-Coder-30B,1339,challenging,correct,0.6819891349770163,14
Qwen-3-Coder-30B,1339,challenging,correct,1.5050778605280974,15
Qwen-3-Coder-30B,1339,challenging,correct,1.463428252372976,16
Qwen-3-Coder-30B,1339,challenging,correct,1.6137980085348507,17
Qwen-3-Coder-30B,1339,challenging,correct,1.1538842157347848,18
Qwen-3-Coder-30B,1339,challenging,correct,1.579058327477161,19
Qwen-3-Coder-30B,1339,challenging,correct,1.463458110516934,20
Qwen-3-Coder-30B,1339,challenging,correct,1.3137026239067056,21
Qwen-3-Coder-30B,1339,challenging,correct,1.5641845591594334,22
Qwen-3-Coder-30B,1339,challenging,correct,1.403095975232198,23
Qwen-3-Coder-30B,1339,challenging,correct,1.3488901536710303,24
Qwen-3-Coder-30B,1339,challenging,correct,1.5737597911227155,25
Qwen-3-Coder-30B,1339,challenging,correct,1.4365269461077845,26
Qwen-3-Coder-30B,1339,challenging,correct,1.57379219060225,27
Qwen-3-Coder-30B,1339,challenging,correct,1.5552427867698804,28
Qwen-3-Coder-30B,1339,challenging,correct,1.4753775443204202,29
Qwen-3-Coder-30B,1339,challenging,correct,0.5624278790676206,30
Qwen-3-Coder-30B,1339,challenging,correct,1.7482605945604048,31
Qwen-3-Coder-30B,1339,challenging,correct,1.5261797026502908,32
Qwen-3-Coder-30B,1339,challenging,correct,0.9828343313373253,33
Qwen-3-Coder-30B,1339,challenging,correct,1.4433566433566434,34
Qwen-3-Coder-30B,1339,challenging,correct,1.3574358974358975,35
Qwen-3-Coder-30B,1339,challenging,correct,1.63169164882227,36
Qwen-3-Coder-30B,1339,challenging,correct,1.0882620564149226,37
Qwen-3-Coder-30B,1339,challenging,correct,1.6428571428571428,38
Qwen-3-Coder-30B,1339,challenging,correct,1.5536423841059603,39
Qwen-3-Coder-30B,1339,challenging,correct,1.4756578947368422,40
Qwen-3-Coder-30B,1339,challenging,correct,1.5606267029972751,41
Qwen-3-Coder-30B,1339,challenging,correct,1.52901023890785,42
Qwen-3-Coder-30B,1339,challenging,correct,1.2617886178861788,43
Qwen-3-Coder-30B,1339,challenging,correct,1.131884363789829,44
Qwen-3-Coder-30B,1339,challenging,correct,1.6248900615655233,45
Qwen-3-Coder-30B,1339,challenging,correct,1.6154336734693877,46
Qwen-3-Coder-30B,1339,challenging,correct,1.481144343302991,47
Qwen-3-Coder-30B,1339,challenging,correct,1.6334968465311843,48
Qwen-3-Coder-30B,1339,challenging,correct,1.918147549811524,49
Qwen-3-Coder-30B,1339,challenging,correct,1.3970056788848735,50
Qwen-3-Coder-30B,306,challenging,semantic,,1
Qwen-3-Coder-30B,306,challenging,semantic,,2
Qwen-3-Coder-30B,306,challenging,semantic,,3
Qwen-3-Coder-30B,306,challenging,semantic,,4
Qwen-3-Coder-30B,306,challenging,semantic,,5
Qwen-3-Coder-30B,306,challenging,semantic,,6
Qwen-3-Coder-30B,306,challenging,semantic,,7
Qwen-3-Coder-30B,306,challenging,semantic,,8
Qwen-3-Coder-30B,306,challenging,semantic,,9
Qwen-3-Coder-30B,306,challenging,semantic,,10
Qwen-3-Coder-30B,306,challenging,semantic,,11
Qwen-3-Coder-30B,306,challenging,semantic,,12
Qwen-3-Coder-30B,306,challenging,semantic,,13
Qwen-3-Coder-30B,306,challenging,semantic,,14
Qwen-3-Coder-30B,306,challenging,semantic,,15
Qwen-3-Coder-30B,306,challenging,semantic,,16
Qwen-3-Coder-30B,306,challenging,semantic,,17
Qwen-3-Coder-30B,306,challenging,semantic,,18
Qwen-3-Coder-30B,306,challenging,semantic,,19
Qwen-3-Coder-30B,306,challenging,semantic,,20
Qwen-3-Coder-30B,306,challenging,semantic,,21
Qwen-3-Coder-30B,306,challenging,semantic,,22
Qwen-3-Coder-30B,306,challenging,semantic,,23
Qwen-3-Coder-30B,306,challenging,semantic,,24
Qwen-3-Coder-30B,306,challenging,semantic,,25
Qwen-3-Coder-30B,306,challenging,semantic,,26
Qwen-3-Coder-30B,306,challenging,semantic,,27
Qwen-3-Coder-30B,306,challenging,semantic,,28
Qwen-3-Coder-30B,306,challenging,semantic,,29
Qwen-3-Coder-30B,306,challenging,semantic,,30
Qwen-3-Coder-30B,306,challenging,semantic,,31
Qwen-3-Coder-30B,306,challenging,semantic,,32
Qwen-3-Coder-30B,306,challenging,semantic,,33
Qwen-3-Coder-30B,306,challenging,semantic,,34
Qwen-3-Coder-30B,306,challenging,semantic,,35
Qwen-3-Coder-30B,306,challenging,semantic,,36
Qwen-3-Coder-30B,306,challenging,semantic,,37
Qwen-3-Coder-30B,306,challenging,semantic,,38
Qwen-3-Coder-30B,306,challenging,semantic,,39
Qwen-3-Coder-30B,306,challenging,semantic,,40
Qwen-3-Coder-30B,306,challenging,semantic,,41
Qwen-3-Coder-30B,306,challenging,semantic,,42
Qwen-3-Coder-30B,306,challenging,semantic,,43
Qwen-3-Coder-30B,306,challenging,semantic,,44
Qwen-3-Coder-30B,306,challenging,semantic,,45
Qwen-3-Coder-30B,306,challenging,semantic,,46
Qwen-3-Coder-30B,306,challenging,semantic,,47
Qwen-3-Coder-30B,306,challenging,semantic,,48
Qwen-3-Coder-30B,306,challenging,semantic,,49
Qwen-3-Coder-30B,306,challenging,semantic,,50
Qwen-3-Coder-30B,1307,challenging,correct,4.880878316559927,1
Qwen-3-Coder-30B,1307,challenging,correct,1.0425324358599162,2
Qwen-3-Coder-30B,1307,challenging,correct,1.051547855722806,3
Qwen-3-Coder-30B,1307,challenging,correct,0.974571586511885,4
Qwen-3-Coder-30B,1307,challenging,correct,0.9762446099568797,5
Qwen-3-Coder-30B,1307,challenging,correct,1.081777869444158,6
Qwen-3-Coder-30B,1307,challenging,correct,1.013977128335451,7
Qwen-3-Coder-30B,1307,challenging,correct,0.9432785356185146,8
Qwen-3-Coder-30B,1307,challenging,correct,1.0494613583138173,9
Qwen-3-Coder-30B,1307,challenging,correct,0.9976724338583288,10
Qwen-3-Coder-30B,1307,challenging,correct,1.0847524752475248,11
Qwen-3-Coder-30B,1307,challenging,correct,1.116694541584309,12
Qwen-3-Coder-30B,1307,challenging,correct,1.0074110190151147,13
Qwen-3-Coder-30B,1307,challenging,correct,1.1232039529289384,14
Qwen-3-Coder-30B,1307,challenging,correct,1.165798772549749,15
Qwen-3-Coder-30B,1307,challenging,correct,1.272720376270672,16
Qwen-3-Coder-30B,1307,challenging,correct,1.0585611237661352,17
Qwen-3-Coder-30B,1307,challenging,correct,1.0904215823776917,18
Qwen-3-Coder-30B,1307,challenging,correct,1.0379466264739783,19
Qwen-3-Coder-30B,1307,challenging,correct,0.9280706878925077,20
Qwen-3-Coder-30B,1307,challenging,correct,1.1110238869574969,21
Qwen-3-Coder-30B,1307,challenging,correct,3.1926758340518187,22
Qwen-3-Coder-30B,1307,challenging,correct,0.7149646756583172,23
Qwen-3-Coder-30B,1307,challenging,correct,0.9812059514487079,24
Qwen-3-Coder-30B,1307,challenging,correct,0.9618354049170454,25
Qwen-3-Coder-30B,1307,challenging,correct,1.1567385512491832,26
Qwen-3-Coder-30B,1307,challenging,correct,0.8883102978392058,27
Qwen-3-Coder-30B,1307,challenging,correct,0.9416422677668352,28
Qwen-3-Coder-30B,1307,challenging,correct,0.9060202931228861,29
Qwen-3-Coder-30B,1307,challenging,correct,1.4988213283442469,30
Qwen-3-Coder-30B,1307,challenging,correct,4.969129204652625,31
Qwen-3-Coder-30B,1307,challenging,correct,0.9390654599031782,32
Qwen-3-Coder-30B,1307,challenging,correct,0.8019160920145286,33
Qwen-3-Coder-30B,1307,challenging,correct,0.9733998337489609,34
Qwen-3-Coder-30B,1307,challenging,correct,1.0515139973338412,35
Qwen-3-Coder-30B,1307,challenging,correct,0.9814836046778261,36
Qwen-3-Coder-30B,1307,challenging,correct,1.1245645518843028,37
Qwen-3-Coder-30B,1307,challenging,correct,1.4208235210161992,38
Qwen-3-Coder-30B,1307,challenging,correct,1.0528459046737622,39
Qwen-3-Coder-30B,1307,challenging,correct,0.9734155916993831,40
Qwen-3-Coder-30B,1307,challenging,correct,0.5052151050244142,41
Qwen-3-Coder-30B,1307,challenging,correct,6.294649657273419,42
Qwen-3-Coder-30B,1307,challenging,correct,1.0,43
Qwen-3-Coder-30B,1307,challenging,correct,1.7943415997205727,44
Qwen-3-Coder-30B,1307,challenging,correct,0.7895370239275096,45
Qwen-3-Coder-30B,1307,challenging,correct,1.127914336955375,46
Qwen-3-Coder-30B,1307,challenging,correct,0.8024576320540446,47
Qwen-3-Coder-30B,1307,challenging,correct,0.9475236903271947,48
Qwen-3-Coder-30B,1307,challenging,correct,1.1445289003116967,49
Qwen-3-Coder-30B,1307,challenging,correct,0.9313966291183197,50
Qwen-3-Coder-30B,834,challenging,correct,5.212585034013605,1
Qwen-3-Coder-30B,834,challenging,correct,1.5037556334501752,2
Qwen-3-Coder-30B,834,challenging,correct,1.5540925266903916,3
Qwen-3-Coder-30B,834,challenging,correct,1.0575511780610274,4
Qwen-3-Coder-30B,834,challenging,correct,1.2663776493256262,5
Qwen-3-Coder-30B,834,challenging,correct,1.2321428571428572,6
Qwen-3-Coder-30B,834,challenging,correct,0.9313650306748467,7
Qwen-3-Coder-30B,834,challenging,correct,0.9047936085219707,8
Qwen-3-Coder-30B,834,challenging,correct,1.4501170960187353,9
Qwen-3-Coder-30B,834,challenging,correct,1.5447441391479708,10
Qwen-3-Coder-30B,834,challenging,correct,0.8501515807708965,11
Qwen-3-Coder-30B,834,challenging,correct,1.6357022943480695,12
Qwen-3-Coder-30B,834,challenging,correct,2.1295781763071484,13
Qwen-3-Coder-30B,834,challenging,correct,0.9537007874015748,14
Qwen-3-Coder-30B,834,challenging,correct,1.4784382284382285,15
Qwen-3-Coder-30B,834,challenging,correct,2.106071689831748,16
Qwen-3-Coder-30B,834,challenging,correct,1.3006304176516943,17
Qwen-3-Coder-30B,834,challenging,correct,1.6012408347433729,18
Qwen-3-Coder-30B,834,challenging,correct,1.1669435215946844,19
Qwen-3-Coder-30B,834,challenging,correct,1.400487974904148,20
Qwen-3-Coder-30B,834,challenging,correct,1.4523688232297505,21
Qwen-3-Coder-30B,834,challenging,correct,1.6165884194053208,22
Qwen-3-Coder-30B,834,challenging,correct,0.7505396977692492,23
Qwen-3-Coder-30B,834,challenging,correct,1.244849445324881,24
Qwen-3-Coder-30B,834,challenging,correct,1.365049458313707,25
Qwen-3-Coder-30B,834,challenging,correct,0.8835365853658537,26
Qwen-3-Coder-30B,834,challenging,correct,1.3995006242197254,27
Qwen-3-Coder-30B,834,challenging,correct,1.4830945558739255,28
Qwen-3-Coder-30B,834,challenging,correct,2.1087891825445606,29
Qwen-3-Coder-30B,834,challenging,correct,1.8716563786008231,30
Qwen-3-Coder-30B,834,challenging,correct,1.4696734059097978,31
Qwen-3-Coder-30B,834,challenging,correct,1.5314483554529716,32
Qwen-3-Coder-30B,834,challenging,correct,0.9266483516483517,33
Qwen-3-Coder-30B,834,challenging,correct,1.2821869488536155,34
Qwen-3-Coder-30B,834,challenging,correct,1.5336564351103932,35
Qwen-3-Coder-30B,834,challenging,correct,1.7708528584817245,36
Qwen-3-Coder-30B,834,challenging,correct,1.055293613373339,37
Qwen-3-Coder-30B,834,challenging,correct,1.6072072072072072,38
Qwen-3-Coder-30B,834,challenging,correct,1.1770959902794653,39
Qwen-3-Coder-30B,834,challenging,correct,1.4781405644714998,40
Qwen-3-Coder-30B,834,challenging,correct,1.2444302991725016,41
Qwen-3-Coder-30B,834,challenging,correct,1.159324825030877,42
Qwen-3-Coder-30B,834,challenging,correct,1.4919540229885058,43
Qwen-3-Coder-30B,834,challenging,correct,1.2055399437976717,44
Qwen-3-Coder-30B,834,challenging,correct,1.3284804367606915,45
Qwen-3-Coder-30B,834,challenging,correct,1.3396044380125423,46
Qwen-3-Coder-30B,834,challenging,correct,1.4026666666666667,47
Qwen-3-Coder-30B,834,challenging,correct,1.5877147319104632,48
Qwen-3-Coder-30B,834,challenging,correct,0.7912942090944423,49
Qwen-3-Coder-30B,834,challenging,correct,1.5196711685261304,50
Qwen-3-Coder-30B,1457,challenging,correct,1.9737198591167706,1
Qwen-3-Coder-30B,1457,challenging,semantic,,2
Qwen-3-Coder-30B,1457,challenging,semantic,,3
Qwen-3-Coder-30B,1457,challenging,semantic,,4
Qwen-3-Coder-30B,1457,challenging,semantic,,5
Qwen-3-Coder-30B,1457,challenging,semantic,,6
Qwen-3-Coder-30B,1457,challenging,semantic,,7
Qwen-3-Coder-30B,1457,challenging,semantic,,8
Qwen-3-Coder-30B,1457,challenging,semantic,,9
Qwen-3-Coder-30B,1457,challenging,semantic,,10
Qwen-3-Coder-30B,1457,challenging,semantic,,11
Qwen-3-Coder-30B,1457,challenging,semantic,,12
Qwen-3-Coder-30B,1457,challenging,semantic,,13
Qwen-3-Coder-30B,1457,challenging,semantic,,14
Qwen-3-Coder-30B,1457,challenging,semantic,,15
Qwen-3-Coder-30B,1457,challenging,semantic,,16
Qwen-3-Coder-30B,1457,challenging,semantic,,17
Qwen-3-Coder-30B,1457,challenging,semantic,,18
Qwen-3-Coder-30B,1457,challenging,semantic,,19
Qwen-3-Coder-30B,1457,challenging,semantic,,20
Qwen-3-Coder-30B,1457,challenging,semantic,,21
Qwen-3-Coder-30B,1457,challenging,semantic,,22
Qwen-3-Coder-30B,1457,challenging,semantic,,23
Qwen-3-Coder-30B,1457,challenging,semantic,,24
Qwen-3-Coder-30B,1457,challenging,semantic,,25
Qwen-3-Coder-30B,1457,challenging,semantic,,26
Qwen-3-Coder-30B,1457,challenging,semantic,,27
Qwen-3-Coder-30B,1457,challenging,semantic,,28
Qwen-3-Coder-30B,1457,challenging,semantic,,29
Qwen-3-Coder-30B,1457,challenging,semantic,,30
Qwen-3-Coder-30B,1457,challenging,semantic,,31
Qwen-3-Coder-30B,1457,challenging,semantic,,32
Qwen-3-Coder-30B,1457,challenging,semantic,,33
Qwen-3-Coder-30B,1457,challenging,semantic,,34
Qwen-3-Coder-30B,1457,challenging,semantic,,35
Qwen-3-Coder-30B,1457,challenging,semantic,,36
Qwen-3-Coder-30B,1457,challenging,semantic,,37
Qwen-3-Coder-30B,1457,challenging,semantic,,38
Qwen-3-Coder-30B,1457,challenging,semantic,,39
Qwen-3-Coder-30B,1457,challenging,semantic,,40
Qwen-3-Coder-30B,1457,challenging,semantic,,41
Qwen-3-Coder-30B,1457,challenging,semantic,,42
Qwen-3-Coder-30B,1457,challenging,semantic,,43
Qwen-3-Coder-30B,1457,challenging,semantic,,44
Qwen-3-Coder-30B,1457,challenging,semantic,,45
Qwen-3-Coder-30B,1457,challenging,semantic,,46
Qwen-3-Coder-30B,1457,challenging,semantic,,47
Qwen-3-Coder-30B,1457,challenging,semantic,,48
Qwen-3-Coder-30B,1457,challenging,semantic,,49
Qwen-3-Coder-30B,1457,challenging,semantic,,50
Qwen-3-Coder-30B,277,challenging,correct,8.929305764121521,1
Qwen-3-Coder-30B,277,challenging,correct,0.9543315804040963,2
Qwen-3-Coder-30B,277,challenging,correct,1.4638433515482696,3
Qwen-3-Coder-30B,277,challenging,correct,1.3430535536090475,4
Qwen-3-Coder-30B,277,challenging,correct,1.274257544787784,5
Qwen-3-Coder-30B,277,challenging,correct,0.943129347127243,6
Qwen-3-Coder-30B,277,challenging,correct,1.1620530565167244,7
Qwen-3-Coder-30B,277,challenging,correct,1.233239020789765,8
Qwen-3-Coder-30B,277,challenging,correct,1.2688142688142687,9
Qwen-3-Coder-30B,277,challenging,correct,1.2430382746770945,10
Qwen-3-Coder-30B,277,challenging,correct,1.185976185976186,11
Qwen-3-Coder-30B,277,challenging,correct,1.2292856236518208,12
Qwen-3-Coder-30B,277,challenging,correct,1.2488778054862844,13
Qwen-3-Coder-30B,277,challenging,correct,1.1880475594493116,14
Qwen-3-Coder-30B,277,challenging,correct,1.2901741293532338,15
Qwen-3-Coder-30B,277,challenging,correct,1.0138348959524355,16
Qwen-3-Coder-30B,277,challenging,correct,1.2362970447082597,17
Qwen-3-Coder-30B,277,challenging,correct,1.3227689125295508,18
Qwen-3-Coder-30B,277,challenging,correct,1.2591366200637724,19
Qwen-3-Coder-30B,277,challenging,correct,1.1236724565756824,20
Qwen-3-Coder-30B,277,challenging,correct,1.1494933394056701,21
Qwen-3-Coder-30B,277,challenging,correct,0.9966870796104809,22
Qwen-3-Coder-30B,277,challenging,correct,1.1680417374423684,23
Qwen-3-Coder-30B,277,challenging,correct,1.1076419213973798,24
Qwen-3-Coder-30B,277,challenging,correct,1.2526408450704225,25
Qwen-3-Coder-30B,277,challenging,correct,1.039768238082697,26
Qwen-3-Coder-30B,277,challenging,semantic,,27
Qwen-3-Coder-30B,277,challenging,correct,1.200050327126321,28
Qwen-3-Coder-30B,277,challenging,correct,1.1578947368421053,29
Qwen-3-Coder-30B,277,challenging,correct,1.1352918438345574,30
Qwen-3-Coder-30B,277,challenging,correct,1.2261843460350155,31
Qwen-3-Coder-30B,277,challenging,correct,4.99871450274629,32
Qwen-3-Coder-30B,277,challenging,correct,1.2683595733875064,33
Qwen-3-Coder-30B,277,challenging,correct,1.2509155196363178,34
Qwen-3-Coder-30B,277,challenging,correct,1.211968022572302,35
Qwen-3-Coder-30B,277,challenging,correct,1.2257480694980696,36
Qwen-3-Coder-30B,277,challenging,correct,1.239036973344798,37
Qwen-3-Coder-30B,277,challenging,correct,1.1852617079889807,38
Qwen-3-Coder-30B,277,challenging,correct,1.190359181903592,39
Qwen-3-Coder-30B,277,challenging,correct,1.2423212487411883,40
Qwen-3-Coder-30B,277,challenging,correct,1.2221189591078068,41
Qwen-3-Coder-30B,277,challenging,correct,1.1699894275789156,42
Qwen-3-Coder-30B,277,challenging,correct,1.3181365221723966,43
Qwen-3-Coder-30B,277,challenging,correct,1.2704638872577805,44
Qwen-3-Coder-30B,277,challenging,correct,1.0120951209512095,45
Qwen-3-Coder-30B,277,challenging,correct,1.2564287430906032,46
Qwen-3-Coder-30B,277,challenging,correct,1.2508833922261484,47
Qwen-3-Coder-30B,277,challenging,correct,1.2068881289692233,48
Qwen-3-Coder-30B,277,challenging,correct,1.2258580391192029,49
Qwen-3-Coder-30B,277,challenging,correct,0.8317275966741454,50
Qwen-3-Coder-30B,772,challenging,semantic,,1
Qwen-3-Coder-30B,772,challenging,semantic,,2
Qwen-3-Coder-30B,772,challenging,semantic,,3
Qwen-3-Coder-30B,772,challenging,semantic,,4
Qwen-3-Coder-30B,772,challenging,semantic,,5
Qwen-3-Coder-30B,772,challenging,semantic,,6
Qwen-3-Coder-30B,772,challenging,semantic,,7
Qwen-3-Coder-30B,772,challenging,semantic,,8
Qwen-3-Coder-30B,772,challenging,semantic,,9
Qwen-3-Coder-30B,772,challenging,semantic,,10
Qwen-3-Coder-30B,772,challenging,semantic,,11
Qwen-3-Coder-30B,772,challenging,semantic,,12
Qwen-3-Coder-30B,772,challenging,semantic,,13
Qwen-3-Coder-30B,772,challenging,semantic,,14
Qwen-3-Coder-30B,772,challenging,semantic,,15
Qwen-3-Coder-30B,772,challenging,semantic,,16
Qwen-3-Coder-30B,772,challenging,semantic,,17
Qwen-3-Coder-30B,772,challenging,semantic,,18
Qwen-3-Coder-30B,772,challenging,semantic,,19
Qwen-3-Coder-30B,772,challenging,semantic,,20
Qwen-3-Coder-30B,772,challenging,semantic,,21
Qwen-3-Coder-30B,772,challenging,semantic,,22
Qwen-3-Coder-30B,772,challenging,semantic,,23
Qwen-3-Coder-30B,772,challenging,semantic,,24
Qwen-3-Coder-30B,772,challenging,semantic,,25
Qwen-3-Coder-30B,772,challenging,semantic,,26
Qwen-3-Coder-30B,772,challenging,semantic,,27
Qwen-3-Coder-30B,772,challenging,semantic,,28
Qwen-3-Coder-30B,772,challenging,semantic,,29
Qwen-3-Coder-30B,772,challenging,semantic,,30
Qwen-3-Coder-30B,772,challenging,semantic,,31
Qwen-3-Coder-30B,772,challenging,semantic,,32
Qwen-3-Coder-30B,772,challenging,semantic,,33
Qwen-3-Coder-30B,772,challenging,semantic,,34
Qwen-3-Coder-30B,772,challenging,semantic,,35
Qwen-3-Coder-30B,772,challenging,semantic,,36
Qwen-3-Coder-30B,772,challenging,semantic,,37
Qwen-3-Coder-30B,772,challenging,semantic,,38
Qwen-3-Coder-30B,772,challenging,semantic,,39
Qwen-3-Coder-30B,772,challenging,semantic,,40
Qwen-3-Coder-30B,772,challenging,semantic,,41
Qwen-3-Coder-30B,772,challenging,semantic,,42
Qwen-3-Coder-30B,772,challenging,semantic,,43
Qwen-3-Coder-30B,772,challenging,semantic,,44
Qwen-3-Coder-30B,772,challenging,semantic,,45
Qwen-3-Coder-30B,772,challenging,semantic,,46
Qwen-3-Coder-30B,772,challenging,semantic,,47
Qwen-3-Coder-30B,772,challenging,semantic,,48
Qwen-3-Coder-30B,772,challenging,semantic,,49
Qwen-3-Coder-30B,772,challenging,semantic,,50
Qwen-3-Coder-30B,1239,challenging,semantic,,1
Qwen-3-Coder-30B,1239,challenging,semantic,,2
Qwen-3-Coder-30B,1239,challenging,semantic,,3
Qwen-3-Coder-30B,1239,challenging,semantic,,4
Qwen-3-Coder-30B,1239,challenging,semantic,,5
Qwen-3-Coder-30B,1239,challenging,semantic,,6
Qwen-3-Coder-30B,1239,challenging,semantic,,7
Qwen-3-Coder-30B,1239,challenging,semantic,,8
Qwen-3-Coder-30B,1239,challenging,semantic,,9
Qwen-3-Coder-30B,1239,challenging,semantic,,10
Qwen-3-Coder-30B,1239,challenging,semantic,,11
Qwen-3-Coder-30B,1239,challenging,semantic,,12
Qwen-3-Coder-30B,1239,challenging,semantic,,13
Qwen-3-Coder-30B,1239,challenging,semantic,,14
Qwen-3-Coder-30B,1239,challenging,semantic,,15
Qwen-3-Coder-30B,1239,challenging,semantic,,16
Qwen-3-Coder-30B,1239,challenging,semantic,,17
Qwen-3-Coder-30B,1239,challenging,semantic,,18
Qwen-3-Coder-30B,1239,challenging,semantic,,19
Qwen-3-Coder-30B,1239,challenging,semantic,,20
Qwen-3-Coder-30B,1239,challenging,semantic,,21
Qwen-3-Coder-30B,1239,challenging,semantic,,22
Qwen-3-Coder-30B,1239,challenging,semantic,,23
Qwen-3-Coder-30B,1239,challenging,semantic,,24
Qwen-3-Coder-30B,1239,challenging,semantic,,25
Qwen-3-Coder-30B,1239,challenging,semantic,,26
Qwen-3-Coder-30B,1239,challenging,semantic,,27
Qwen-3-Coder-30B,1239,challenging,semantic,,28
Qwen-3-Coder-30B,1239,challenging,semantic,,29
Qwen-3-Coder-30B,1239,challenging,semantic,,30
Qwen-3-Coder-30B,1239,challenging,semantic,,31
Qwen-3-Coder-30B,1239,challenging,semantic,,32
Qwen-3-Coder-30B,1239,challenging,semantic,,33
Qwen-3-Coder-30B,1239,challenging,semantic,,34
Qwen-3-Coder-30B,1239,challenging,semantic,,35
Qwen-3-Coder-30B,1239,challenging,semantic,,36
Qwen-3-Coder-30B,1239,challenging,semantic,,37
Qwen-3-Coder-30B,1239,challenging,semantic,,38
Qwen-3-Coder-30B,1239,challenging,semantic,,39
Qwen-3-Coder-30B,1239,challenging,semantic,,40
Qwen-3-Coder-30B,1239,challenging,semantic,,41
Qwen-3-Coder-30B,1239,challenging,semantic,,42
Qwen-3-Coder-30B,1239,challenging,semantic,,43
Qwen-3-Coder-30B,1239,challenging,semantic,,44
Qwen-3-Coder-30B,1239,challenging,semantic,,45
Qwen-3-Coder-30B,1239,challenging,semantic,,46
Qwen-3-Coder-30B,1239,challenging,semantic,,47
Qwen-3-Coder-30B,1239,challenging,semantic,,48
Qwen-3-Coder-30B,1239,challenging,semantic,,49
Qwen-3-Coder-30B,1239,challenging,semantic,,50
Qwen-3-Coder-30B,231,challenging,semantic,,1
Qwen-3-Coder-30B,231,challenging,semantic,,2
Qwen-3-Coder-30B,231,challenging,semantic,,3
Qwen-3-Coder-30B,231,challenging,semantic,,4
Qwen-3-Coder-30B,231,challenging,semantic,,5
Qwen-3-Coder-30B,231,challenging,semantic,,6
Qwen-3-Coder-30B,231,challenging,semantic,,7
Qwen-3-Coder-30B,231,challenging,semantic,,8
Qwen-3-Coder-30B,231,challenging,semantic,,9
Qwen-3-Coder-30B,231,challenging,semantic,,10
Qwen-3-Coder-30B,231,challenging,semantic,,11
Qwen-3-Coder-30B,231,challenging,semantic,,12
Qwen-3-Coder-30B,231,challenging,semantic,,13
Qwen-3-Coder-30B,231,challenging,semantic,,14
Qwen-3-Coder-30B,231,challenging,semantic,,15
Qwen-3-Coder-30B,231,challenging,semantic,,16
Qwen-3-Coder-30B,231,challenging,semantic,,17
Qwen-3-Coder-30B,231,challenging,semantic,,18
Qwen-3-Coder-30B,231,challenging,semantic,,19
Qwen-3-Coder-30B,231,challenging,semantic,,20
Qwen-3-Coder-30B,231,challenging,semantic,,21
Qwen-3-Coder-30B,231,challenging,semantic,,22
Qwen-3-Coder-30B,231,challenging,semantic,,23
Qwen-3-Coder-30B,231,challenging,semantic,,24
Qwen-3-Coder-30B,231,challenging,semantic,,25
Qwen-3-Coder-30B,231,challenging,semantic,,26
Qwen-3-Coder-30B,231,challenging,semantic,,27
Qwen-3-Coder-30B,231,challenging,semantic,,28
Qwen-3-Coder-30B,231,challenging,semantic,,29
Qwen-3-Coder-30B,231,challenging,semantic,,30
Qwen-3-Coder-30B,231,challenging,semantic,,31
Qwen-3-Coder-30B,231,challenging,semantic,,32
Qwen-3-Coder-30B,231,challenging,semantic,,33
Qwen-3-Coder-30B,231,challenging,semantic,,34
Qwen-3-Coder-30B,231,challenging,semantic,,35
Qwen-3-Coder-30B,231,challenging,semantic,,36
Qwen-3-Coder-30B,231,challenging,semantic,,37
Qwen-3-Coder-30B,231,challenging,semantic,,38
Qwen-3-Coder-30B,231,challenging,semantic,,39
Qwen-3-Coder-30B,231,challenging,semantic,,40
Qwen-3-Coder-30B,231,challenging,semantic,,41
Qwen-3-Coder-30B,231,challenging,semantic,,42
Qwen-3-Coder-30B,231,challenging,semantic,,43
Qwen-3-Coder-30B,231,challenging,semantic,,44
Qwen-3-Coder-30B,231,challenging,semantic,,45
Qwen-3-Coder-30B,231,challenging,semantic,,46
Qwen-3-Coder-30B,231,challenging,semantic,,47
Qwen-3-Coder-30B,231,challenging,semantic,,48
Qwen-3-Coder-30B,231,challenging,semantic,,49
Qwen-3-Coder-30B,231,challenging,semantic,,50
Qwen-3-Coder-30B,371,challenging,correct,10.332039626456186,1
Qwen-3-Coder-30B,371,challenging,correct,1.115734008047703,2
Qwen-3-Coder-30B,371,challenging,correct,1.3307008698124438,3
Qwen-3-Coder-30B,371,challenging,correct,1.2138788808649164,4
Qwen-3-Coder-30B,371,challenging,correct,0.8145325379069507,5
Qwen-3-Coder-30B,371,challenging,correct,1.1478435281595791,6
Qwen-3-Coder-30B,371,challenging,correct,0.8315001525569636,7
Qwen-3-Coder-30B,371,challenging,correct,0.9933679371981725,8
Qwen-3-Coder-30B,371,challenging,correct,1.0096022680382344,9
Qwen-3-Coder-30B,371,challenging,correct,0.925582108392766,10
Qwen-3-Coder-30B,371,challenging,correct,0.827460885113992,11
Qwen-3-Coder-30B,371,challenging,correct,1.1908013216216722,12
Qwen-3-Coder-30B,371,challenging,correct,0.933246640030113,13
Qwen-3-Coder-30B,371,challenging,correct,1.0667257538937605,14
Qwen-3-Coder-30B,371,challenging,correct,0.9902753147183612,15
Qwen-3-Coder-30B,371,challenging,correct,1.6199338493609174,16
Qwen-3-Coder-30B,371,challenging,correct,0.8114852804865904,17
Qwen-3-Coder-30B,371,challenging,correct,0.8903808365996425,18
Qwen-3-Coder-30B,371,challenging,correct,1.1713976786120461,19
Qwen-3-Coder-30B,371,challenging,correct,0.9204396009856761,20
Qwen-3-Coder-30B,371,challenging,correct,1.1379317796095132,21
Qwen-3-Coder-30B,371,challenging,correct,1.183170505264231,22
Qwen-3-Coder-30B,371,challenging,correct,0.800868019461944,23
Qwen-3-Coder-30B,371,challenging,correct,1.08625822694577,24
Qwen-3-Coder-30B,371,challenging,correct,1.4766714184530694,25
Qwen-3-Coder-30B,371,challenging,correct,0.5942332249043542,26
Qwen-3-Coder-30B,371,challenging,correct,0.7146201841531379,27
Qwen-3-Coder-30B,371,challenging,correct,0.8268463706983837,28
Qwen-3-Coder-30B,371,challenging,correct,1.1805128726976697,29
Qwen-3-Coder-30B,371,challenging,correct,1.449474362433848,30
Qwen-3-Coder-30B,371,challenging,correct,0.8308843004547735,31
Qwen-3-Coder-30B,371,challenging,correct,1.5260096870383573,32
Qwen-3-Coder-30B,371,challenging,correct,1.2674277534403728,33
Qwen-3-Coder-30B,371,challenging,correct,1.0508065431096427,34
Qwen-3-Coder-30B,371,challenging,correct,0.9071597434732969,35
Qwen-3-Coder-30B,371,challenging,correct,1.06732913772383,36
Qwen-3-Coder-30B,371,challenging,correct,0.7476327247927814,37
Qwen-3-Coder-30B,371,challenging,correct,0.9838766899868042,38
Qwen-3-Coder-30B,371,challenging,correct,1.017836252231192,39
Qwen-3-Coder-30B,371,challenging,correct,1.1055392744945525,40
Qwen-3-Coder-30B,371,challenging,correct,1.0687702674794402,41
Qwen-3-Coder-30B,371,challenging,correct,0.8672328792202088,42
Qwen-3-Coder-30B,371,challenging,correct,1.1840755711221915,43
Qwen-3-Coder-30B,371,challenging,correct,1.0076631846371547,44
Qwen-3-Coder-30B,371,challenging,correct,0.6639059626288943,45
Qwen-3-Coder-30B,371,challenging,correct,1.4109046088406603,46
Qwen-3-Coder-30B,371,challenging,correct,1.0302358539283611,47
Qwen-3-Coder-30B,371,challenging,correct,1.283993334203168,48
Qwen-3-Coder-30B,371,challenging,correct,1.2054064747560644,49
Qwen-3-Coder-30B,371,challenging,correct,1.070291157114778,50
Qwen-3-Coder-30B,1295,challenging,correct,3.6131784991642473,1
Qwen-3-Coder-30B,1295,challenging,correct,0.5179976912582642,2
Qwen-3-Coder-30B,1295,challenging,correct,1.3015421115065242,3
Qwen-3-Coder-30B,1295,challenging,correct,1.2642377078174745,4
Qwen-3-Coder-30B,1295,challenging,correct,1.410874897792314,5
Qwen-3-Coder-30B,1295,challenging,correct,1.442914979757085,6
Qwen-3-Coder-30B,1295,challenging,correct,1.063235696687654,7
Qwen-3-Coder-30B,1295,challenging,correct,1.328335832083958,8
Qwen-3-Coder-30B,1295,challenging,correct,1.3954778156996588,9
Qwen-3-Coder-30B,1295,challenging,correct,1.1812725090036014,10
Qwen-3-Coder-30B,1295,challenging,correct,1.4093425605536332,11
Qwen-3-Coder-30B,1295,challenging,correct,1.4304043545878693,12
Qwen-3-Coder-30B,1295,challenging,correct,2.4091826437941473,13
Qwen-3-Coder-30B,1295,challenging,correct,1.462806424344886,14
Qwen-3-Coder-30B,1295,challenging,correct,1.5955587914088096,15
Qwen-3-Coder-30B,1295,challenging,correct,0.7155365506006923,16
Qwen-3-Coder-30B,1295,challenging,correct,1.5474683544303798,17
Qwen-3-Coder-30B,1295,challenging,correct,1.424726661059714,18
Qwen-3-Coder-30B,1295,challenging,correct,1.5455315544260906,19
Qwen-3-Coder-30B,1295,challenging,correct,1.3295880149812733,20
Qwen-3-Coder-30B,1295,challenging,correct,1.336573511543135,21
Qwen-3-Coder-30B,1295,challenging,correct,1.2967089919668309,22
Qwen-3-Coder-30B,1295,challenging,correct,1.401766004415011,23
Qwen-3-Coder-30B,1295,challenging,correct,1.3501592746875766,24
Qwen-3-Coder-30B,1295,challenging,correct,1.507136859781696,25
Qwen-3-Coder-30B,1295,challenging,correct,1.5600158982511925,26
Qwen-3-Coder-30B,1295,challenging,correct,1.0368349249658937,27
Qwen-3-Coder-30B,1295,challenging,correct,1.5497448979591837,28
Qwen-3-Coder-30B,1295,challenging,correct,1.5664429530201343,29
Qwen-3-Coder-30B,1295,challenging,correct,1.128306133933596,30
Qwen-3-Coder-30B,1295,challenging,correct,0.7931644077784326,31
Qwen-3-Coder-30B,1295,challenging,correct,1.2856654122476907,32
Qwen-3-Coder-30B,1295,challenging,correct,0.5941194612933073,33
Qwen-3-Coder-30B,1295,challenging,correct,1.049752315313375,34
Qwen-3-Coder-30B,1295,challenging,correct,0.7479330510183505,35
Qwen-3-Coder-30B,1295,challenging,correct,1.252539242843952,36
Qwen-3-Coder-30B,1295,challenging,correct,1.3245927691696464,37
Qwen-3-Coder-30B,1295,challenging,correct,1.5649038461538463,38
Qwen-3-Coder-30B,1295,challenging,correct,1.0048435171385992,39
Qwen-3-Coder-30B,1295,challenging,correct,0.9735128093790708,40
Qwen-3-Coder-30B,1295,challenging,correct,0.7631414267834794,41
Qwen-3-Coder-30B,1295,challenging,correct,0.9105188845746558,42
Qwen-3-Coder-30B,1295,challenging,correct,0.9138968856320335,43
Qwen-3-Coder-30B,1295,challenging,correct,1.6448306595365418,44
Qwen-3-Coder-30B,1295,challenging,correct,1.2468495181616013,45
Qwen-3-Coder-30B,1295,challenging,correct,1.5252439541790412,46
Qwen-3-Coder-30B,1295,challenging,correct,1.6816087138667783,47
Qwen-3-Coder-30B,1295,challenging,correct,1.5833666533386646,48
Qwen-3-Coder-30B,1295,challenging,correct,1.4305275875956505,49
Qwen-3-Coder-30B,1295,challenging,correct,1.0103896103896104,50
Qwen-3-Coder-30B,431,challenging,hallucination,,1
Qwen-3-Coder-30B,431,challenging,hallucination,,2
Qwen-3-Coder-30B,431,challenging,hallucination,,3
Qwen-3-Coder-30B,431,challenging,hallucination,,4
Qwen-3-Coder-30B,431,challenging,hallucination,,5
Qwen-3-Coder-30B,431,challenging,hallucination,,6
Qwen-3-Coder-30B,431,challenging,hallucination,,7
Qwen-3-Coder-30B,431,challenging,hallucination,,8
Qwen-3-Coder-30B,431,challenging,hallucination,,9
Qwen-3-Coder-30B,431,challenging,hallucination,,10
Qwen-3-Coder-30B,431,challenging,hallucination,,11
Qwen-3-Coder-30B,431,challenging,hallucination,,12
Qwen-3-Coder-30B,431,challenging,hallucination,,13
Qwen-3-Coder-30B,431,challenging,hallucination,,14
Qwen-3-Coder-30B,431,challenging,hallucination,,15
Qwen-3-Coder-30B,431,challenging,hallucination,,16
Qwen-3-Coder-30B,431,challenging,hallucination,,17
Qwen-3-Coder-30B,431,challenging,hallucination,,18
Qwen-3-Coder-30B,431,challenging,hallucination,,19
Qwen-3-Coder-30B,431,challenging,hallucination,,20
Qwen-3-Coder-30B,431,challenging,hallucination,,21
Qwen-3-Coder-30B,431,challenging,hallucination,,22
Qwen-3-Coder-30B,431,challenging,hallucination,,23
Qwen-3-Coder-30B,431,challenging,hallucination,,24
Qwen-3-Coder-30B,431,challenging,hallucination,,25
Qwen-3-Coder-30B,431,challenging,hallucination,,26
Qwen-3-Coder-30B,431,challenging,hallucination,,27
Qwen-3-Coder-30B,431,challenging,hallucination,,28
Qwen-3-Coder-30B,431,challenging,hallucination,,29
Qwen-3-Coder-30B,431,challenging,hallucination,,30
Qwen-3-Coder-30B,431,challenging,hallucination,,31
Qwen-3-Coder-30B,431,challenging,hallucination,,32
Qwen-3-Coder-30B,431,challenging,hallucination,,33
Qwen-3-Coder-30B,431,challenging,hallucination,,34
Qwen-3-Coder-30B,431,challenging,hallucination,,35
Qwen-3-Coder-30B,431,challenging,hallucination,,36
Qwen-3-Coder-30B,431,challenging,hallucination,,37
Qwen-3-Coder-30B,431,challenging,hallucination,,38
Qwen-3-Coder-30B,431,challenging,hallucination,,39
Qwen-3-Coder-30B,431,challenging,hallucination,,40
Qwen-3-Coder-30B,431,challenging,hallucination,,41
Qwen-3-Coder-30B,431,challenging,hallucination,,42
Qwen-3-Coder-30B,431,challenging,hallucination,,43
Qwen-3-Coder-30B,431,challenging,hallucination,,44
Qwen-3-Coder-30B,431,challenging,hallucination,,45
Qwen-3-Coder-30B,431,challenging,hallucination,,46
Qwen-3-Coder-30B,431,challenging,hallucination,,47
Qwen-3-Coder-30B,431,challenging,hallucination,,48
Qwen-3-Coder-30B,431,challenging,hallucination,,49
Qwen-3-Coder-30B,431,challenging,hallucination,,50
Qwen-3-Coder-30B,1270,challenging,semantic,,1
Qwen-3-Coder-30B,1270,challenging,semantic,,2
Qwen-3-Coder-30B,1270,challenging,semantic,,3
Qwen-3-Coder-30B,1270,challenging,semantic,,4
Qwen-3-Coder-30B,1270,challenging,semantic,,5
Qwen-3-Coder-30B,1270,challenging,semantic,,6
Qwen-3-Coder-30B,1270,challenging,semantic,,7
Qwen-3-Coder-30B,1270,challenging,semantic,,8
Qwen-3-Coder-30B,1270,challenging,semantic,,9
Qwen-3-Coder-30B,1270,challenging,semantic,,10
Qwen-3-Coder-30B,1270,challenging,semantic,,11
Qwen-3-Coder-30B,1270,challenging,semantic,,12
Qwen-3-Coder-30B,1270,challenging,semantic,,13
Qwen-3-Coder-30B,1270,challenging,semantic,,14
Qwen-3-Coder-30B,1270,challenging,semantic,,15
Qwen-3-Coder-30B,1270,challenging,semantic,,16
Qwen-3-Coder-30B,1270,challenging,semantic,,17
Qwen-3-Coder-30B,1270,challenging,semantic,,18
Qwen-3-Coder-30B,1270,challenging,semantic,,19
Qwen-3-Coder-30B,1270,challenging,semantic,,20
Qwen-3-Coder-30B,1270,challenging,semantic,,21
Qwen-3-Coder-30B,1270,challenging,semantic,,22
Qwen-3-Coder-30B,1270,challenging,semantic,,23
Qwen-3-Coder-30B,1270,challenging,semantic,,24
Qwen-3-Coder-30B,1270,challenging,semantic,,25
Qwen-3-Coder-30B,1270,challenging,semantic,,26
Qwen-3-Coder-30B,1270,challenging,semantic,,27
Qwen-3-Coder-30B,1270,challenging,semantic,,28
Qwen-3-Coder-30B,1270,challenging,semantic,,29
Qwen-3-Coder-30B,1270,challenging,semantic,,30
Qwen-3-Coder-30B,1270,challenging,semantic,,31
Qwen-3-Coder-30B,1270,challenging,semantic,,32
Qwen-3-Coder-30B,1270,challenging,semantic,,33
Qwen-3-Coder-30B,1270,challenging,semantic,,34
Qwen-3-Coder-30B,1270,challenging,semantic,,35
Qwen-3-Coder-30B,1270,challenging,semantic,,36
Qwen-3-Coder-30B,1270,challenging,semantic,,37
Qwen-3-Coder-30B,1270,challenging,semantic,,38
Qwen-3-Coder-30B,1270,challenging,semantic,,39
Qwen-3-Coder-30B,1270,challenging,semantic,,40
Qwen-3-Coder-30B,1270,challenging,semantic,,41
Qwen-3-Coder-30B,1270,challenging,semantic,,42
Qwen-3-Coder-30B,1270,challenging,semantic,,43
Qwen-3-Coder-30B,1270,challenging,semantic,,44
Qwen-3-Coder-30B,1270,challenging,semantic,,45
Qwen-3-Coder-30B,1270,challenging,semantic,,46
Qwen-3-Coder-30B,1270,challenging,semantic,,47
Qwen-3-Coder-30B,1270,challenging,semantic,,48
Qwen-3-Coder-30B,1270,challenging,semantic,,49
Qwen-3-Coder-30B,1270,challenging,semantic,,50
Qwen-3-Coder-30B,634,challenging,semantic,,1
Qwen-3-Coder-30B,634,challenging,semantic,,2
Qwen-3-Coder-30B,634,challenging,semantic,,3
Qwen-3-Coder-30B,634,challenging,semantic,,4
Qwen-3-Coder-30B,634,challenging,semantic,,5
Qwen-3-Coder-30B,634,challenging,semantic,,6
Qwen-3-Coder-30B,634,challenging,semantic,,7
Qwen-3-Coder-30B,634,challenging,semantic,,8
Qwen-3-Coder-30B,634,challenging,semantic,,9
Qwen-3-Coder-30B,634,challenging,semantic,,10
Qwen-3-Coder-30B,634,challenging,semantic,,11
Qwen-3-Coder-30B,634,challenging,semantic,,12
Qwen-3-Coder-30B,634,challenging,semantic,,13
Qwen-3-Coder-30B,634,challenging,semantic,,14
Qwen-3-Coder-30B,634,challenging,semantic,,15
Qwen-3-Coder-30B,634,challenging,semantic,,16
Qwen-3-Coder-30B,634,challenging,semantic,,17
Qwen-3-Coder-30B,634,challenging,semantic,,18
Qwen-3-Coder-30B,634,challenging,semantic,,19
Qwen-3-Coder-30B,634,challenging,semantic,,20
Qwen-3-Coder-30B,634,challenging,semantic,,21
Qwen-3-Coder-30B,634,challenging,semantic,,22
Qwen-3-Coder-30B,634,challenging,semantic,,23
Qwen-3-Coder-30B,634,challenging,semantic,,24
Qwen-3-Coder-30B,634,challenging,semantic,,25
Qwen-3-Coder-30B,634,challenging,semantic,,26
Qwen-3-Coder-30B,634,challenging,semantic,,27
Qwen-3-Coder-30B,634,challenging,semantic,,28
Qwen-3-Coder-30B,634,challenging,semantic,,29
Qwen-3-Coder-30B,634,challenging,semantic,,30
Qwen-3-Coder-30B,634,challenging,semantic,,31
Qwen-3-Coder-30B,634,challenging,semantic,,32
Qwen-3-Coder-30B,634,challenging,semantic,,33
Qwen-3-Coder-30B,634,challenging,semantic,,34
Qwen-3-Coder-30B,634,challenging,semantic,,35
Qwen-3-Coder-30B,634,challenging,semantic,,36
Qwen-3-Coder-30B,634,challenging,semantic,,37
Qwen-3-Coder-30B,634,challenging,semantic,,38
Qwen-3-Coder-30B,634,challenging,semantic,,39
Qwen-3-Coder-30B,634,challenging,semantic,,40
Qwen-3-Coder-30B,634,challenging,semantic,,41
Qwen-3-Coder-30B,634,challenging,semantic,,42
Qwen-3-Coder-30B,634,challenging,semantic,,43
Qwen-3-Coder-30B,634,challenging,semantic,,44
Qwen-3-Coder-30B,634,challenging,semantic,,45
Qwen-3-Coder-30B,634,challenging,semantic,,46
Qwen-3-Coder-30B,634,challenging,semantic,,47
Qwen-3-Coder-30B,634,challenging,semantic,,48
Qwen-3-Coder-30B,634,challenging,semantic,,49
Qwen-3-Coder-30B,634,challenging,semantic,,50
Qwen-3-Coder-30B,1115,challenging,semantic,,1
Qwen-3-Coder-30B,1115,challenging,semantic,,2
Qwen-3-Coder-30B,1115,challenging,semantic,,3
Qwen-3-Coder-30B,1115,challenging,semantic,,4
Qwen-3-Coder-30B,1115,challenging,semantic,,5
Qwen-3-Coder-30B,1115,challenging,semantic,,6
Qwen-3-Coder-30B,1115,challenging,semantic,,7
Qwen-3-Coder-30B,1115,challenging,semantic,,8
Qwen-3-Coder-30B,1115,challenging,semantic,,9
Qwen-3-Coder-30B,1115,challenging,semantic,,10
Qwen-3-Coder-30B,1115,challenging,semantic,,11
Qwen-3-Coder-30B,1115,challenging,semantic,,12
Qwen-3-Coder-30B,1115,challenging,semantic,,13
Qwen-3-Coder-30B,1115,challenging,semantic,,14
Qwen-3-Coder-30B,1115,challenging,semantic,,15
Qwen-3-Coder-30B,1115,challenging,semantic,,16
Qwen-3-Coder-30B,1115,challenging,semantic,,17
Qwen-3-Coder-30B,1115,challenging,semantic,,18
Qwen-3-Coder-30B,1115,challenging,semantic,,19
Qwen-3-Coder-30B,1115,challenging,semantic,,20
Qwen-3-Coder-30B,1115,challenging,semantic,,21
Qwen-3-Coder-30B,1115,challenging,semantic,,22
Qwen-3-Coder-30B,1115,challenging,semantic,,23
Qwen-3-Coder-30B,1115,challenging,semantic,,24
Qwen-3-Coder-30B,1115,challenging,semantic,,25
Qwen-3-Coder-30B,1115,challenging,semantic,,26
Qwen-3-Coder-30B,1115,challenging,semantic,,27
Qwen-3-Coder-30B,1115,challenging,semantic,,28
Qwen-3-Coder-30B,1115,challenging,semantic,,29
Qwen-3-Coder-30B,1115,challenging,semantic,,30
Qwen-3-Coder-30B,1115,challenging,semantic,,31
Qwen-3-Coder-30B,1115,challenging,semantic,,32
Qwen-3-Coder-30B,1115,challenging,semantic,,33
Qwen-3-Coder-30B,1115,challenging,semantic,,34
Qwen-3-Coder-30B,1115,challenging,semantic,,35
Qwen-3-Coder-30B,1115,challenging,semantic,,36
Qwen-3-Coder-30B,1115,challenging,semantic,,37
Qwen-3-Coder-30B,1115,challenging,semantic,,38
Qwen-3-Coder-30B,1115,challenging,semantic,,39
Qwen-3-Coder-30B,1115,challenging,semantic,,40
Qwen-3-Coder-30B,1115,challenging,semantic,,41
Qwen-3-Coder-30B,1115,challenging,semantic,,42
Qwen-3-Coder-30B,1115,challenging,semantic,,43
Qwen-3-Coder-30B,1115,challenging,semantic,,44
Qwen-3-Coder-30B,1115,challenging,semantic,,45
Qwen-3-Coder-30B,1115,challenging,semantic,,46
Qwen-3-Coder-30B,1115,challenging,semantic,,47
Qwen-3-Coder-30B,1115,challenging,semantic,,48
Qwen-3-Coder-30B,1115,challenging,semantic,,49
Qwen-3-Coder-30B,1115,challenging,semantic,,50
Qwen-3-Coder-30B,1183,challenging,correct,1.4956165984804208,1
Qwen-3-Coder-30B,1183,challenging,correct,1.4426441996111472,2
Qwen-3-Coder-30B,1183,challenging,correct,1.170335252285811,3
Qwen-3-Coder-30B,1183,challenging,correct,1.3854625550660793,4
Qwen-3-Coder-30B,1183,challenging,correct,1.3944414751469802,5
Qwen-3-Coder-30B,1183,challenging,correct,1.5104895104895104,6
Qwen-3-Coder-30B,1183,challenging,correct,1.343153300600109,7
Qwen-3-Coder-30B,1183,challenging,correct,0.7473867595818815,8
Qwen-3-Coder-30B,1183,challenging,correct,1.4223928860145514,9
Qwen-3-Coder-30B,1183,challenging,correct,1.5095264017419705,10
Qwen-3-Coder-30B,1183,challenging,correct,1.3781645569620253,11
Qwen-3-Coder-30B,1183,challenging,correct,1.3065723793677204,12
Qwen-3-Coder-30B,1183,challenging,correct,1.2789140944589066,13
Qwen-3-Coder-30B,1183,challenging,correct,1.4489296636085627,14
Qwen-3-Coder-30B,1183,challenging,correct,1.2331460674157304,15
Qwen-3-Coder-30B,1183,challenging,correct,1.4655990510083037,16
Qwen-3-Coder-30B,1183,challenging,correct,1.4439024390243902,17
Qwen-3-Coder-30B,1183,challenging,correct,1.3187751004016064,18
Qwen-3-Coder-30B,1183,challenging,correct,1.153747185590222,19
Qwen-3-Coder-30B,1183,challenging,correct,1.5281214848143982,20
Qwen-3-Coder-30B,1183,challenging,correct,1.5465116279069768,21
Qwen-3-Coder-30B,1183,challenging,correct,1.3815217391304349,22
Qwen-3-Coder-30B,1183,challenging,correct,1.1691033138401559,23
Qwen-3-Coder-30B,1183,challenging,correct,1.9398364485981308,24
Qwen-3-Coder-30B,1183,challenging,correct,1.1957624589674725,25
Qwen-3-Coder-30B,1183,challenging,correct,1.4268841394825647,26
Qwen-3-Coder-30B,1183,challenging,correct,1.6652694610778442,27
Qwen-3-Coder-30B,1183,challenging,correct,0.5794016110471807,28
Qwen-3-Coder-30B,1183,challenging,correct,1.466066066066066,29
Qwen-3-Coder-30B,1183,challenging,correct,1.4844110854503465,30
Qwen-3-Coder-30B,1183,challenging,correct,1.2668772206869325,31
Qwen-3-Coder-30B,1183,challenging,correct,1.2026654411764706,32
Qwen-3-Coder-30B,1183,challenging,correct,1.4982517482517483,33
Qwen-3-Coder-30B,1183,challenging,correct,1.237449118046133,34
Qwen-3-Coder-30B,1183,challenging,correct,1.6331012319228708,35
Qwen-3-Coder-30B,1183,challenging,correct,1.0957015409570154,36
Qwen-3-Coder-30B,1183,challenging,correct,1.4745166959578206,37
Qwen-3-Coder-30B,1183,challenging,correct,1.4052287581699345,38
Qwen-3-Coder-30B,1183,challenging,correct,0.9006874360099458,39
Qwen-3-Coder-30B,1183,challenging,correct,1.4991212653778558,40
Qwen-3-Coder-30B,1183,challenging,correct,1.5610160132523467,41
Qwen-3-Coder-30B,1183,challenging,correct,1.4943769680611785,42
Qwen-3-Coder-30B,1183,challenging,correct,0.44845278178611514,43
Qwen-3-Coder-30B,1183,challenging,correct,1.253831417624521,44
Qwen-3-Coder-30B,1183,challenging,correct,1.4958677685950412,45
Qwen-3-Coder-30B,1183,challenging,correct,1.3979862215156333,46
Qwen-3-Coder-30B,1183,challenging,correct,1.019904458598726,47
Qwen-3-Coder-30B,1183,challenging,correct,0.7981232250895173,48
Qwen-3-Coder-30B,1183,challenging,correct,0.9507616011335459,49
Qwen-3-Coder-30B,1183,challenging,correct,1.0628085573230939,50
Qwen-3-Coder-30B,247,challenging,hallucination,,1
Qwen-3-Coder-30B,247,challenging,hallucination,,2
Qwen-3-Coder-30B,247,challenging,hallucination,,3
Qwen-3-Coder-30B,247,challenging,hallucination,,4
Qwen-3-Coder-30B,247,challenging,hallucination,,5
Qwen-3-Coder-30B,247,challenging,hallucination,,6
Qwen-3-Coder-30B,247,challenging,hallucination,,7
Qwen-3-Coder-30B,247,challenging,hallucination,,8
Qwen-3-Coder-30B,247,challenging,hallucination,,9
Qwen-3-Coder-30B,247,challenging,hallucination,,10
Qwen-3-Coder-30B,247,challenging,hallucination,,11
Qwen-3-Coder-30B,247,challenging,hallucination,,12
Qwen-3-Coder-30B,247,challenging,hallucination,,13
Qwen-3-Coder-30B,247,challenging,hallucination,,14
Qwen-3-Coder-30B,247,challenging,hallucination,,15
Qwen-3-Coder-30B,247,challenging,hallucination,,16
Qwen-3-Coder-30B,247,challenging,hallucination,,17
Qwen-3-Coder-30B,247,challenging,hallucination,,18
Qwen-3-Coder-30B,247,challenging,hallucination,,19
Qwen-3-Coder-30B,247,challenging,hallucination,,20
Qwen-3-Coder-30B,247,challenging,hallucination,,21
Qwen-3-Coder-30B,247,challenging,hallucination,,22
Qwen-3-Coder-30B,247,challenging,hallucination,,23
Qwen-3-Coder-30B,247,challenging,hallucination,,24
Qwen-3-Coder-30B,247,challenging,hallucination,,25
Qwen-3-Coder-30B,247,challenging,hallucination,,26
Qwen-3-Coder-30B,247,challenging,hallucination,,27
Qwen-3-Coder-30B,247,challenging,hallucination,,28
Qwen-3-Coder-30B,247,challenging,hallucination,,29
Qwen-3-Coder-30B,247,challenging,hallucination,,30
Qwen-3-Coder-30B,247,challenging,hallucination,,31
Qwen-3-Coder-30B,247,challenging,hallucination,,32
Qwen-3-Coder-30B,247,challenging,hallucination,,33
Qwen-3-Coder-30B,247,challenging,hallucination,,34
Qwen-3-Coder-30B,247,challenging,hallucination,,35
Qwen-3-Coder-30B,247,challenging,hallucination,,36
Qwen-3-Coder-30B,247,challenging,hallucination,,37
Qwen-3-Coder-30B,247,challenging,hallucination,,38
Qwen-3-Coder-30B,247,challenging,hallucination,,39
Qwen-3-Coder-30B,247,challenging,hallucination,,40
Qwen-3-Coder-30B,247,challenging,hallucination,,41
Qwen-3-Coder-30B,247,challenging,hallucination,,42
Qwen-3-Coder-30B,247,challenging,hallucination,,43
Qwen-3-Coder-30B,247,challenging,hallucination,,44
Qwen-3-Coder-30B,247,challenging,hallucination,,45
Qwen-3-Coder-30B,247,challenging,hallucination,,46
Qwen-3-Coder-30B,247,challenging,hallucination,,47
Qwen-3-Coder-30B,247,challenging,hallucination,,48
Qwen-3-Coder-30B,247,challenging,hallucination,,49
Qwen-3-Coder-30B,247,challenging,hallucination,,50
Qwen-3-Coder-30B,1076,challenging,correct,1.5604175404259286,1
Qwen-3-Coder-30B,1076,challenging,correct,1.3388791309927346,2
Qwen-3-Coder-30B,1076,challenging,correct,1.75187442160309,3
Qwen-3-Coder-30B,1076,challenging,correct,1.967610338857194,4
Qwen-3-Coder-30B,1076,challenging,correct,2.3363852400733505,5
Qwen-3-Coder-30B,1076,challenging,correct,1.5393177658767263,6
Qwen-3-Coder-30B,1076,challenging,correct,2.239120512427125,7
Qwen-3-Coder-30B,1076,challenging,correct,1.2304500189924137,8
Qwen-3-Coder-30B,1076,challenging,correct,0.9309223920770213,9
Qwen-3-Coder-30B,1076,challenging,correct,2.2937543340032676,10
Qwen-3-Coder-30B,1076,challenging,correct,1.652480065674515,11
Qwen-3-Coder-30B,1076,challenging,correct,1.1190091537777267,12
Qwen-3-Coder-30B,1076,challenging,correct,1.3197075512876473,13
Qwen-3-Coder-30B,1076,challenging,correct,1.6312614761262696,14
Qwen-3-Coder-30B,1076,challenging,correct,1.7386501476774021,15
Qwen-3-Coder-30B,1076,challenging,correct,1.3113623841452455,16
Qwen-3-Coder-30B,1076,challenging,correct,1.2785676034308213,17
Qwen-3-Coder-30B,1076,challenging,correct,1.9344762225981496,18
Qwen-3-Coder-30B,1076,challenging,correct,1.966909863524968,19
Qwen-3-Coder-30B,1076,challenging,correct,1.423441308897834,20
Qwen-3-Coder-30B,1076,challenging,correct,0.813095762580683,21
Qwen-3-Coder-30B,1076,challenging,correct,2.4672049334892923,22
Qwen-3-Coder-30B,1076,challenging,correct,0.9534747292909922,23
Qwen-3-Coder-30B,1076,challenging,correct,2.131951545047963,24
Qwen-3-Coder-30B,1076,challenging,correct,1.1503883333923162,25
Qwen-3-Coder-30B,1076,challenging,correct,2.1814832176181844,26
Qwen-3-Coder-30B,1076,challenging,correct,0.8953967958550199,27
Qwen-3-Coder-30B,1076,challenging,correct,1.8469512671580757,28
Qwen-3-Coder-30B,1076,challenging,correct,1.2385212392847826,29
Qwen-3-Coder-30B,1076,challenging,correct,1.260090038027154,30
Qwen-3-Coder-30B,1076,challenging,correct,1.9288233212310224,31
Qwen-3-Coder-30B,1076,challenging,correct,1.5140908454507271,32
Qwen-3-Coder-30B,1076,challenging,correct,1.0292437928260627,33
Qwen-3-Coder-30B,1076,challenging,correct,1.894448066443205,34
Qwen-3-Coder-30B,1076,challenging,correct,2.19583328562869,35
Qwen-3-Coder-30B,1076,challenging,correct,2.117244855979001,36
Qwen-3-Coder-30B,1076,challenging,correct,1.2818488101195151,37
Qwen-3-Coder-30B,1076,challenging,correct,2.36091646927221,38
Qwen-3-Coder-30B,1076,challenging,correct,2.469629688556541,39
Qwen-3-Coder-30B,1076,challenging,correct,1.0430426210796648,40
Qwen-3-Coder-30B,1076,challenging,correct,1.236891921805705,41
Qwen-3-Coder-30B,1076,challenging,correct,1.607342993366114,42
Qwen-3-Coder-30B,1076,challenging,correct,1.5546673523271521,43
Qwen-3-Coder-30B,1076,challenging,correct,1.8636878309658087,44
Qwen-3-Coder-30B,1076,challenging,correct,1.397034701516351,45
Qwen-3-Coder-30B,1076,challenging,correct,1.7716584507515212,46
Qwen-3-Coder-30B,1076,challenging,correct,1.2722467537628854,47
Qwen-3-Coder-30B,1076,challenging,correct,1.7738502232306752,48
Qwen-3-Coder-30B,1076,challenging,correct,2.0048717495070796,49
Qwen-3-Coder-30B,1076,challenging,correct,1.3631236910325446,50
Qwen-3-Coder-30B,835,challenging,correct,5.296582587469487,1
Qwen-3-Coder-30B,835,challenging,correct,1.2635222847252272,2
Qwen-3-Coder-30B,835,challenging,correct,8.216054313099042,3
Qwen-3-Coder-30B,835,challenging,correct,1.693124815579817,4
Qwen-3-Coder-30B,835,challenging,correct,1.367487684729064,5
Qwen-3-Coder-30B,835,challenging,correct,1.3049583150504607,6
Qwen-3-Coder-30B,835,challenging,correct,1.821285140562249,7
Qwen-3-Coder-30B,835,challenging,correct,1.5110199897488468,8
Qwen-3-Coder-30B,835,challenging,correct,1.2944468359879466,9
Qwen-3-Coder-30B,835,challenging,correct,1.176678445229682,10
Qwen-3-Coder-30B,835,challenging,correct,0.9432687978388113,11
Qwen-3-Coder-30B,835,challenging,correct,1.3770104068117313,12
Qwen-3-Coder-30B,835,challenging,correct,2.195771053590959,13
Qwen-3-Coder-30B,835,challenging,correct,1.4987290289781392,14
Qwen-3-Coder-30B,835,challenging,correct,1.4359165424739195,15
Qwen-3-Coder-30B,835,challenging,correct,1.3730009407337724,16
Qwen-3-Coder-30B,835,challenging,correct,1.3589364844903988,17
Qwen-3-Coder-30B,835,challenging,correct,0.7494322482967449,18
Qwen-3-Coder-30B,835,challenging,correct,1.5414046121593292,19
Qwen-3-Coder-30B,835,challenging,correct,1.4622641509433962,20
Qwen-3-Coder-30B,835,challenging,correct,0.9664518995778716,21
Qwen-3-Coder-30B,835,challenging,correct,1.544749094671495,22
Qwen-3-Coder-30B,835,challenging,correct,1.1736163760424565,23
Qwen-3-Coder-30B,835,challenging,correct,1.235160557898151,24
Qwen-3-Coder-30B,835,challenging,correct,1.3584814992791927,25
Qwen-3-Coder-30B,835,challenging,correct,1.1764545206227806,26
Qwen-3-Coder-30B,835,challenging,correct,1.1237234878240376,27
Qwen-3-Coder-30B,835,challenging,correct,1.3053435114503817,28
Qwen-3-Coder-30B,835,challenging,correct,1.4601769911504425,29
Qwen-3-Coder-30B,835,challenging,correct,1.0846681922196797,30
Qwen-3-Coder-30B,835,challenging,correct,1.3837606837606837,31
Qwen-3-Coder-30B,835,challenging,correct,1.414574101427868,32
Qwen-3-Coder-30B,835,challenging,correct,1.6010511227902533,33
Qwen-3-Coder-30B,835,challenging,correct,1.1802990325417766,34
Qwen-3-Coder-30B,835,challenging,correct,1.1841509433962265,35
Qwen-3-Coder-30B,835,challenging,correct,1.4025641025641025,36
Qwen-3-Coder-30B,835,challenging,correct,1.3242224316682376,37
Qwen-3-Coder-30B,835,challenging,correct,1.4022411128284389,38
Qwen-3-Coder-30B,835,challenging,correct,1.538388625592417,39
Qwen-3-Coder-30B,835,challenging,correct,1.3875324675324676,40
Qwen-3-Coder-30B,835,challenging,correct,1.4280442804428044,41
Qwen-3-Coder-30B,835,challenging,correct,1.229735234215886,42
Qwen-3-Coder-30B,835,challenging,correct,0.921583850931677,43
Qwen-3-Coder-30B,835,challenging,correct,1.3024717218265605,44
Qwen-3-Coder-30B,835,challenging,correct,1.267431597528685,45
Qwen-3-Coder-30B,835,challenging,correct,1.1494949494949496,46
Qwen-3-Coder-30B,835,challenging,correct,1.571656050955414,47
Qwen-3-Coder-30B,835,challenging,correct,1.418447694038245,48
Qwen-3-Coder-30B,835,challenging,correct,1.7138461538461538,49
Qwen-3-Coder-30B,835,challenging,correct,1.4865735767991408,50
Qwen-3-Coder-30B,1359,challenging,correct,4.435654008438819,1
Qwen-3-Coder-30B,1359,challenging,correct,1.645,2
Qwen-3-Coder-30B,1359,challenging,correct,2.167153711279953,3
Qwen-3-Coder-30B,1359,challenging,correct,1.6219269102990033,4
Qwen-3-Coder-30B,1359,challenging,correct,1.5732273028495694,5
Qwen-3-Coder-30B,1359,challenging,correct,1.6111484217595702,6
Qwen-3-Coder-30B,1359,challenging,correct,2.2742809503959984,7
Qwen-3-Coder-30B,1359,challenging,correct,1.6974459724950883,8
Qwen-3-Coder-30B,1359,challenging,correct,1.6065573770491803,9
Qwen-3-Coder-30B,1359,challenging,correct,2.2246763137852246,10
Qwen-3-Coder-30B,1359,challenging,correct,1.643918918918919,11
Qwen-3-Coder-30B,1359,challenging,correct,1.4331210191082802,12
Qwen-3-Coder-30B,1359,challenging,correct,1.0463232912212503,13
Qwen-3-Coder-30B,1359,challenging,correct,1.3457264957264958,14
Qwen-3-Coder-30B,1359,challenging,correct,1.55890603085554,15
Qwen-3-Coder-30B,1359,challenging,correct,1.6322314049586777,16
Qwen-3-Coder-30B,1359,challenging,correct,1.7750352609308886,17
Qwen-3-Coder-30B,1359,challenging,correct,1.6198125836680053,18
Qwen-3-Coder-30B,1359,challenging,correct,1.6214656664743219,19
Qwen-3-Coder-30B,1359,challenging,correct,1.76009139375476,20
Qwen-3-Coder-30B,1359,challenging,correct,1.2865213882163036,21
Qwen-3-Coder-30B,1359,challenging,correct,0.5862836784680472,22
Qwen-3-Coder-30B,1359,challenging,correct,1.5461538461538462,23
Qwen-3-Coder-30B,1359,challenging,correct,1.6222996515679442,24
Qwen-3-Coder-30B,1359,challenging,correct,1.7698744769874477,25
Qwen-3-Coder-30B,1359,challenging,correct,1.6997140133460438,26
Qwen-3-Coder-30B,1359,challenging,correct,1.661639344262295,27
Qwen-3-Coder-30B,1359,challenging,correct,2.0220794861501403,28
Qwen-3-Coder-30B,1359,challenging,correct,1.524220305242203,29
Qwen-3-Coder-30B,1359,challenging,correct,1.5483000539665408,30
Qwen-3-Coder-30B,1359,challenging,correct,1.5108091414453366,31
Qwen-3-Coder-30B,1359,challenging,correct,1.3747672253258845,32
Qwen-3-Coder-30B,1359,challenging,correct,1.563711098062243,33
Qwen-3-Coder-30B,1359,challenging,correct,1.1411570247933884,34
Qwen-3-Coder-30B,1359,challenging,correct,1.7589112119248218,35
Qwen-3-Coder-30B,1359,challenging,correct,1.1090342679127725,36
Qwen-3-Coder-30B,1359,challenging,correct,1.5591467356173239,37
Qwen-3-Coder-30B,1359,challenging,correct,1.6392235609103079,38
Qwen-3-Coder-30B,1359,challenging,correct,1.7678460583488516,39
Qwen-3-Coder-30B,1359,challenging,correct,1.8441116405718176,40
Qwen-3-Coder-30B,1359,challenging,correct,1.3105040400153904,41
Qwen-3-Coder-30B,1359,challenging,correct,1.6307371349095967,42
Qwen-3-Coder-30B,1359,challenging,correct,1.6278295605858855,43
Qwen-3-Coder-30B,1359,challenging,correct,1.6836007130124777,44
Qwen-3-Coder-30B,1359,challenging,correct,1.6110354223433243,45
Qwen-3-Coder-30B,1359,challenging,correct,1.6100973236009732,46
Qwen-3-Coder-30B,1359,challenging,correct,1.2524077046548956,47
Qwen-3-Coder-30B,1359,challenging,correct,1.340772999455634,48
Qwen-3-Coder-30B,1359,challenging,correct,1.5808457711442787,49
Qwen-3-Coder-30B,1359,challenging,correct,0.9370479507098848,50
Qwen-3-Coder-30B,263,challenging,semantic,,1
Qwen-3-Coder-30B,263,challenging,semantic,,2
Qwen-3-Coder-30B,263,challenging,semantic,,3
Qwen-3-Coder-30B,263,challenging,semantic,,4
Qwen-3-Coder-30B,263,challenging,semantic,,5
Qwen-3-Coder-30B,263,challenging,semantic,,6
Qwen-3-Coder-30B,263,challenging,semantic,,7
Qwen-3-Coder-30B,263,challenging,semantic,,8
Qwen-3-Coder-30B,263,challenging,semantic,,9
Qwen-3-Coder-30B,263,challenging,semantic,,10
Qwen-3-Coder-30B,263,challenging,semantic,,11
Qwen-3-Coder-30B,263,challenging,semantic,,12
Qwen-3-Coder-30B,263,challenging,semantic,,13
Qwen-3-Coder-30B,263,challenging,semantic,,14
Qwen-3-Coder-30B,263,challenging,semantic,,15
Qwen-3-Coder-30B,263,challenging,semantic,,16
Qwen-3-Coder-30B,263,challenging,semantic,,17
Qwen-3-Coder-30B,263,challenging,semantic,,18
Qwen-3-Coder-30B,263,challenging,semantic,,19
Qwen-3-Coder-30B,263,challenging,semantic,,20
Qwen-3-Coder-30B,263,challenging,semantic,,21
Qwen-3-Coder-30B,263,challenging,semantic,,22
Qwen-3-Coder-30B,263,challenging,semantic,,23
Qwen-3-Coder-30B,263,challenging,semantic,,24
Qwen-3-Coder-30B,263,challenging,semantic,,25
Qwen-3-Coder-30B,263,challenging,semantic,,26
Qwen-3-Coder-30B,263,challenging,semantic,,27
Qwen-3-Coder-30B,263,challenging,semantic,,28
Qwen-3-Coder-30B,263,challenging,semantic,,29
Qwen-3-Coder-30B,263,challenging,semantic,,30
Qwen-3-Coder-30B,263,challenging,semantic,,31
Qwen-3-Coder-30B,263,challenging,semantic,,32
Qwen-3-Coder-30B,263,challenging,semantic,,33
Qwen-3-Coder-30B,263,challenging,semantic,,34
Qwen-3-Coder-30B,263,challenging,semantic,,35
Qwen-3-Coder-30B,263,challenging,semantic,,36
Qwen-3-Coder-30B,263,challenging,semantic,,37
Qwen-3-Coder-30B,263,challenging,semantic,,38
Qwen-3-Coder-30B,263,challenging,semantic,,39
Qwen-3-Coder-30B,263,challenging,semantic,,40
Qwen-3-Coder-30B,263,challenging,semantic,,41
Qwen-3-Coder-30B,263,challenging,semantic,,42
Qwen-3-Coder-30B,263,challenging,semantic,,43
Qwen-3-Coder-30B,263,challenging,semantic,,44
Qwen-3-Coder-30B,263,challenging,semantic,,45
Qwen-3-Coder-30B,263,challenging,semantic,,46
Qwen-3-Coder-30B,263,challenging,semantic,,47
Qwen-3-Coder-30B,263,challenging,semantic,,48
Qwen-3-Coder-30B,263,challenging,semantic,,49
Qwen-3-Coder-30B,263,challenging,semantic,,50
Qwen-3-Coder-30B,1460,challenging,correct,2.929743926460932,1
Qwen-3-Coder-30B,1460,challenging,correct,1.4976007677543186,2
Qwen-3-Coder-30B,1460,challenging,correct,1.6642570281124498,3
Qwen-3-Coder-30B,1460,challenging,correct,1.0729684908789385,4
Qwen-3-Coder-30B,1460,challenging,correct,6.862229102167182,5
Qwen-3-Coder-30B,1460,challenging,correct,1.3708978328173376,6
Qwen-3-Coder-30B,1460,challenging,correct,1.4325842696629214,7
Qwen-3-Coder-30B,1460,challenging,correct,1.546355272469922,8
Qwen-3-Coder-30B,1460,challenging,correct,1.007479102507699,9
Qwen-3-Coder-30B,1460,challenging,correct,1.7463976945244957,10
Qwen-3-Coder-30B,1460,challenging,correct,1.4329168929929386,11
Qwen-3-Coder-30B,1460,challenging,correct,1.0966253945132314,12
Qwen-3-Coder-30B,1460,challenging,correct,1.4666221628838452,13
Qwen-3-Coder-30B,1460,challenging,correct,1.4367450731087095,14
Qwen-3-Coder-30B,1460,challenging,correct,1.4155024785939612,15
Qwen-3-Coder-30B,1460,challenging,correct,0.88637266587207,16
Qwen-3-Coder-30B,1460,challenging,correct,0.9308774834437086,17
Qwen-3-Coder-30B,1460,challenging,correct,1.4286671131949096,18
Qwen-3-Coder-30B,1460,challenging,correct,1.5376486129458389,19
Qwen-3-Coder-30B,1460,challenging,correct,1.5313351498637602,20
Qwen-3-Coder-30B,1460,challenging,correct,1.132422041862452,21
Qwen-3-Coder-30B,1460,challenging,correct,1.0535161432994251,22
Qwen-3-Coder-30B,1460,challenging,correct,1.435483870967742,23
Qwen-3-Coder-30B,1460,challenging,correct,1.9244278871740288,24
Qwen-3-Coder-30B,1460,challenging,correct,1.5597897503285152,25
Qwen-3-Coder-30B,1460,challenging,correct,1.8841234010534236,26
Qwen-3-Coder-30B,1460,challenging,correct,0.5196055950470075,27
Qwen-3-Coder-30B,1460,challenging,correct,0.782879632666448,28
Qwen-3-Coder-30B,1460,challenging,correct,1.5826957033549147,29
Qwen-3-Coder-30B,1460,challenging,correct,1.0328343795267987,30
Qwen-3-Coder-30B,1460,challenging,correct,2.086297071129707,31
Qwen-3-Coder-30B,1460,challenging,correct,1.2562841530054645,32
Qwen-3-Coder-30B,1460,challenging,correct,1.6879207920792079,33
Qwen-3-Coder-30B,1460,challenging,correct,1.3700787401574803,34
Qwen-3-Coder-30B,1460,challenging,correct,0.3353247881816207,35
Qwen-3-Coder-30B,1460,challenging,correct,1.7842105263157895,36
Qwen-3-Coder-30B,1460,challenging,correct,1.1304938830992297,37
Qwen-3-Coder-30B,1460,challenging,correct,1.2403895438236803,38
Qwen-3-Coder-30B,1460,challenging,correct,1.3945912722802705,39
Qwen-3-Coder-30B,1460,challenging,correct,1.48907681465821,40
Qwen-3-Coder-30B,1460,challenging,correct,1.4814814814814814,41
Qwen-3-Coder-30B,1460,challenging,correct,1.800735294117647,42
Qwen-3-Coder-30B,1460,challenging,correct,1.8397239263803682,43
Qwen-3-Coder-30B,1460,challenging,correct,1.3943244387971199,44
Qwen-3-Coder-30B,1460,challenging,correct,1.6316516931582585,45
Qwen-3-Coder-30B,1460,challenging,correct,1.885925925925926,46
Qwen-3-Coder-30B,1460,challenging,correct,1.6630620375640297,47
Qwen-3-Coder-30B,1460,challenging,correct,0.7662015503875969,48
Qwen-3-Coder-30B,1460,challenging,correct,2.107749077490775,49
Qwen-3-Coder-30B,1460,challenging,correct,1.3667279411764706,50
Qwen-3-Coder-30B,28,challenging,semantic,,1
Qwen-3-Coder-30B,28,challenging,semantic,,2
Qwen-3-Coder-30B,28,challenging,semantic,,3
Qwen-3-Coder-30B,28,challenging,semantic,,4
Qwen-3-Coder-30B,28,challenging,semantic,,5
Qwen-3-Coder-30B,28,challenging,semantic,,6
Qwen-3-Coder-30B,28,challenging,semantic,,7
Qwen-3-Coder-30B,28,challenging,semantic,,8
Qwen-3-Coder-30B,28,challenging,semantic,,9
Qwen-3-Coder-30B,28,challenging,semantic,,10
Qwen-3-Coder-30B,28,challenging,semantic,,11
Qwen-3-Coder-30B,28,challenging,semantic,,12
Qwen-3-Coder-30B,28,challenging,semantic,,13
Qwen-3-Coder-30B,28,challenging,semantic,,14
Qwen-3-Coder-30B,28,challenging,semantic,,15
Qwen-3-Coder-30B,28,challenging,semantic,,16
Qwen-3-Coder-30B,28,challenging,semantic,,17
Qwen-3-Coder-30B,28,challenging,semantic,,18
Qwen-3-Coder-30B,28,challenging,semantic,,19
Qwen-3-Coder-30B,28,challenging,semantic,,20
Qwen-3-Coder-30B,28,challenging,semantic,,21
Qwen-3-Coder-30B,28,challenging,semantic,,22
Qwen-3-Coder-30B,28,challenging,semantic,,23
Qwen-3-Coder-30B,28,challenging,semantic,,24
Qwen-3-Coder-30B,28,challenging,semantic,,25
Qwen-3-Coder-30B,28,challenging,semantic,,26
Qwen-3-Coder-30B,28,challenging,semantic,,27
Qwen-3-Coder-30B,28,challenging,semantic,,28
Qwen-3-Coder-30B,28,challenging,semantic,,29
Qwen-3-Coder-30B,28,challenging,semantic,,30
Qwen-3-Coder-30B,28,challenging,semantic,,31
Qwen-3-Coder-30B,28,challenging,semantic,,32
Qwen-3-Coder-30B,28,challenging,semantic,,33
Qwen-3-Coder-30B,28,challenging,semantic,,34
Qwen-3-Coder-30B,28,challenging,semantic,,35
Qwen-3-Coder-30B,28,challenging,semantic,,36
Qwen-3-Coder-30B,28,challenging,semantic,,37
Qwen-3-Coder-30B,28,challenging,semantic,,38
Qwen-3-Coder-30B,28,challenging,semantic,,39
Qwen-3-Coder-30B,28,challenging,semantic,,40
Qwen-3-Coder-30B,28,challenging,semantic,,41
Qwen-3-Coder-30B,28,challenging,semantic,,42
Qwen-3-Coder-30B,28,challenging,semantic,,43
Qwen-3-Coder-30B,28,challenging,semantic,,44
Qwen-3-Coder-30B,28,challenging,semantic,,45
Qwen-3-Coder-30B,28,challenging,semantic,,46
Qwen-3-Coder-30B,28,challenging,semantic,,47
Qwen-3-Coder-30B,28,challenging,semantic,,48
Qwen-3-Coder-30B,28,challenging,semantic,,49
Qwen-3-Coder-30B,28,challenging,semantic,,50
Qwen-3-Coder-30B,1241,challenging,semantic,,1
Qwen-3-Coder-30B,1241,challenging,semantic,,2
Qwen-3-Coder-30B,1241,challenging,semantic,,3
Qwen-3-Coder-30B,1241,challenging,semantic,,4
Qwen-3-Coder-30B,1241,challenging,semantic,,5
Qwen-3-Coder-30B,1241,challenging,semantic,,6
Qwen-3-Coder-30B,1241,challenging,semantic,,7
Qwen-3-Coder-30B,1241,challenging,semantic,,8
Qwen-3-Coder-30B,1241,challenging,semantic,,9
Qwen-3-Coder-30B,1241,challenging,semantic,,10
Qwen-3-Coder-30B,1241,challenging,semantic,,11
Qwen-3-Coder-30B,1241,challenging,semantic,,12
Qwen-3-Coder-30B,1241,challenging,semantic,,13
Qwen-3-Coder-30B,1241,challenging,semantic,,14
Qwen-3-Coder-30B,1241,challenging,semantic,,15
Qwen-3-Coder-30B,1241,challenging,semantic,,16
Qwen-3-Coder-30B,1241,challenging,semantic,,17
Qwen-3-Coder-30B,1241,challenging,semantic,,18
Qwen-3-Coder-30B,1241,challenging,semantic,,19
Qwen-3-Coder-30B,1241,challenging,semantic,,20
Qwen-3-Coder-30B,1241,challenging,semantic,,21
Qwen-3-Coder-30B,1241,challenging,semantic,,22
Qwen-3-Coder-30B,1241,challenging,semantic,,23
Qwen-3-Coder-30B,1241,challenging,semantic,,24
Qwen-3-Coder-30B,1241,challenging,semantic,,25
Qwen-3-Coder-30B,1241,challenging,semantic,,26
Qwen-3-Coder-30B,1241,challenging,semantic,,27
Qwen-3-Coder-30B,1241,challenging,semantic,,28
Qwen-3-Coder-30B,1241,challenging,semantic,,29
Qwen-3-Coder-30B,1241,challenging,semantic,,30
Qwen-3-Coder-30B,1241,challenging,semantic,,31
Qwen-3-Coder-30B,1241,challenging,semantic,,32
Qwen-3-Coder-30B,1241,challenging,semantic,,33
Qwen-3-Coder-30B,1241,challenging,semantic,,34
Qwen-3-Coder-30B,1241,challenging,semantic,,35
Qwen-3-Coder-30B,1241,challenging,semantic,,36
Qwen-3-Coder-30B,1241,challenging,semantic,,37
Qwen-3-Coder-30B,1241,challenging,semantic,,38
Qwen-3-Coder-30B,1241,challenging,semantic,,39
Qwen-3-Coder-30B,1241,challenging,semantic,,40
Qwen-3-Coder-30B,1241,challenging,semantic,,41
Qwen-3-Coder-30B,1241,challenging,semantic,,42
Qwen-3-Coder-30B,1241,challenging,semantic,,43
Qwen-3-Coder-30B,1241,challenging,semantic,,44
Qwen-3-Coder-30B,1241,challenging,semantic,,45
Qwen-3-Coder-30B,1241,challenging,semantic,,46
Qwen-3-Coder-30B,1241,challenging,semantic,,47
Qwen-3-Coder-30B,1241,challenging,semantic,,48
Qwen-3-Coder-30B,1241,challenging,semantic,,49
Qwen-3-Coder-30B,1241,challenging,semantic,,50
Qwen-3-Coder-30B,1041,challenging,semantic,,1
Qwen-3-Coder-30B,1041,challenging,semantic,,2
Qwen-3-Coder-30B,1041,challenging,semantic,,3
Qwen-3-Coder-30B,1041,challenging,semantic,,4
Qwen-3-Coder-30B,1041,challenging,semantic,,5
Qwen-3-Coder-30B,1041,challenging,semantic,,6
Qwen-3-Coder-30B,1041,challenging,semantic,,7
Qwen-3-Coder-30B,1041,challenging,semantic,,8
Qwen-3-Coder-30B,1041,challenging,semantic,,9
Qwen-3-Coder-30B,1041,challenging,semantic,,10
Qwen-3-Coder-30B,1041,challenging,semantic,,11
Qwen-3-Coder-30B,1041,challenging,semantic,,12
Qwen-3-Coder-30B,1041,challenging,semantic,,13
Qwen-3-Coder-30B,1041,challenging,semantic,,14
Qwen-3-Coder-30B,1041,challenging,semantic,,15
Qwen-3-Coder-30B,1041,challenging,semantic,,16
Qwen-3-Coder-30B,1041,challenging,semantic,,17
Qwen-3-Coder-30B,1041,challenging,semantic,,18
Qwen-3-Coder-30B,1041,challenging,semantic,,19
Qwen-3-Coder-30B,1041,challenging,semantic,,20
Qwen-3-Coder-30B,1041,challenging,semantic,,21
Qwen-3-Coder-30B,1041,challenging,semantic,,22
Qwen-3-Coder-30B,1041,challenging,semantic,,23
Qwen-3-Coder-30B,1041,challenging,semantic,,24
Qwen-3-Coder-30B,1041,challenging,semantic,,25
Qwen-3-Coder-30B,1041,challenging,semantic,,26
Qwen-3-Coder-30B,1041,challenging,semantic,,27
Qwen-3-Coder-30B,1041,challenging,semantic,,28
Qwen-3-Coder-30B,1041,challenging,semantic,,29
Qwen-3-Coder-30B,1041,challenging,semantic,,30
Qwen-3-Coder-30B,1041,challenging,semantic,,31
Qwen-3-Coder-30B,1041,challenging,semantic,,32
Qwen-3-Coder-30B,1041,challenging,semantic,,33
Qwen-3-Coder-30B,1041,challenging,semantic,,34
Qwen-3-Coder-30B,1041,challenging,semantic,,35
Qwen-3-Coder-30B,1041,challenging,semantic,,36
Qwen-3-Coder-30B,1041,challenging,semantic,,37
Qwen-3-Coder-30B,1041,challenging,semantic,,38
Qwen-3-Coder-30B,1041,challenging,semantic,,39
Qwen-3-Coder-30B,1041,challenging,semantic,,40
Qwen-3-Coder-30B,1041,challenging,semantic,,41
Qwen-3-Coder-30B,1041,challenging,semantic,,42
Qwen-3-Coder-30B,1041,challenging,semantic,,43
Qwen-3-Coder-30B,1041,challenging,semantic,,44
Qwen-3-Coder-30B,1041,challenging,semantic,,45
Qwen-3-Coder-30B,1041,challenging,semantic,,46
Qwen-3-Coder-30B,1041,challenging,semantic,,47
Qwen-3-Coder-30B,1041,challenging,semantic,,48
Qwen-3-Coder-30B,1041,challenging,semantic,,49
Qwen-3-Coder-30B,1041,challenging,semantic,,50
Qwen-3-Coder-30B,701,challenging,correct,3.6853943907338964,1
Qwen-3-Coder-30B,701,challenging,correct,0.5416143665716882,2
Qwen-3-Coder-30B,701,challenging,correct,1.1398030150995682,3
Qwen-3-Coder-30B,701,challenging,correct,0.3902273948850506,4
Qwen-3-Coder-30B,701,challenging,correct,0.37356496765080033,5
Qwen-3-Coder-30B,701,challenging,correct,0.9386997787768501,6
Qwen-3-Coder-30B,701,challenging,correct,0.6683939318021653,7
Qwen-3-Coder-30B,701,challenging,correct,0.4442924339567902,8
Qwen-3-Coder-30B,701,challenging,correct,0.3376454471170471,9
Qwen-3-Coder-30B,701,challenging,correct,0.7471471786532375,10
Qwen-3-Coder-30B,701,challenging,correct,0.3330934755597282,11
Qwen-3-Coder-30B,701,challenging,correct,0.5992007397683697,12
Qwen-3-Coder-30B,701,challenging,correct,0.280097800817679,13
Qwen-3-Coder-30B,701,challenging,correct,1.1820260187963203,14
Qwen-3-Coder-30B,701,challenging,correct,0.3591958556852845,15
Qwen-3-Coder-30B,701,challenging,correct,0.6875476418505561,16
Qwen-3-Coder-30B,701,challenging,correct,0.5161679404212234,17
Qwen-3-Coder-30B,701,challenging,correct,0.5338747265564671,18
Qwen-3-Coder-30B,701,challenging,correct,0.4218855027895409,19
Qwen-3-Coder-30B,701,challenging,correct,0.9641222346992369,20
Qwen-3-Coder-30B,701,challenging,correct,0.3613377208265096,21
Qwen-3-Coder-30B,701,challenging,correct,0.6368199807369757,22
Qwen-3-Coder-30B,701,challenging,correct,0.6145811454176293,23
Qwen-3-Coder-30B,701,challenging,correct,0.732030094098595,24
Qwen-3-Coder-30B,701,challenging,correct,0.34488119148703117,25
Qwen-3-Coder-30B,701,challenging,correct,0.7921173367417806,26
Qwen-3-Coder-30B,701,challenging,correct,1.0684504297561128,27
Qwen-3-Coder-30B,701,challenging,correct,0.6005806052642744,28
Qwen-3-Coder-30B,701,challenging,correct,0.8077120289216048,29
Qwen-3-Coder-30B,701,challenging,correct,0.43101519032001784,30
Qwen-3-Coder-30B,701,challenging,correct,0.9984794032667783,31
Qwen-3-Coder-30B,701,challenging,correct,0.403888868705268,32
Qwen-3-Coder-30B,701,challenging,correct,1.2213614433920346,33
Qwen-3-Coder-30B,701,challenging,correct,0.40252366992005395,34
Qwen-3-Coder-30B,701,challenging,correct,0.5528317192226764,35
Qwen-3-Coder-30B,701,challenging,correct,0.6568756627092422,36
Qwen-3-Coder-30B,701,challenging,correct,0.779785783879687,37
Qwen-3-Coder-30B,701,challenging,correct,0.4503638443088153,38
Qwen-3-Coder-30B,701,challenging,correct,0.5272743589787842,39
Qwen-3-Coder-30B,701,challenging,correct,0.6691864025506185,40
Qwen-3-Coder-30B,701,challenging,correct,1.060589375275516,41
Qwen-3-Coder-30B,701,challenging,correct,0.6518553499362835,42
Qwen-3-Coder-30B,701,challenging,correct,1.0124026442579932,43
Qwen-3-Coder-30B,701,challenging,correct,0.3984452420257703,44
Qwen-3-Coder-30B,701,challenging,correct,0.5613589028871177,45
Qwen-3-Coder-30B,701,challenging,correct,0.31855351142043226,46
Qwen-3-Coder-30B,701,challenging,correct,0.3935203252770391,47
Qwen-3-Coder-30B,701,challenging,correct,0.4832296825382863,48
Qwen-3-Coder-30B,701,challenging,correct,0.6068321262293689,49
Qwen-3-Coder-30B,701,challenging,correct,0.33886802227690715,50
Qwen-3-Coder-30B,1202,challenging,semantic,,1
Qwen-3-Coder-30B,1202,challenging,semantic,,2
Qwen-3-Coder-30B,1202,challenging,semantic,,3
Qwen-3-Coder-30B,1202,challenging,semantic,,4
Qwen-3-Coder-30B,1202,challenging,semantic,,5
Qwen-3-Coder-30B,1202,challenging,semantic,,6
Qwen-3-Coder-30B,1202,challenging,semantic,,7
Qwen-3-Coder-30B,1202,challenging,semantic,,8
Qwen-3-Coder-30B,1202,challenging,semantic,,9
Qwen-3-Coder-30B,1202,challenging,semantic,,10
Qwen-3-Coder-30B,1202,challenging,semantic,,11
Qwen-3-Coder-30B,1202,challenging,semantic,,12
Qwen-3-Coder-30B,1202,challenging,semantic,,13
Qwen-3-Coder-30B,1202,challenging,semantic,,14
Qwen-3-Coder-30B,1202,challenging,semantic,,15
Qwen-3-Coder-30B,1202,challenging,semantic,,16
Qwen-3-Coder-30B,1202,challenging,semantic,,17
Qwen-3-Coder-30B,1202,challenging,semantic,,18
Qwen-3-Coder-30B,1202,challenging,semantic,,19
Qwen-3-Coder-30B,1202,challenging,semantic,,20
Qwen-3-Coder-30B,1202,challenging,semantic,,21
Qwen-3-Coder-30B,1202,challenging,semantic,,22
Qwen-3-Coder-30B,1202,challenging,semantic,,23
Qwen-3-Coder-30B,1202,challenging,semantic,,24
Qwen-3-Coder-30B,1202,challenging,semantic,,25
Qwen-3-Coder-30B,1202,challenging,semantic,,26
Qwen-3-Coder-30B,1202,challenging,semantic,,27
Qwen-3-Coder-30B,1202,challenging,semantic,,28
Qwen-3-Coder-30B,1202,challenging,semantic,,29
Qwen-3-Coder-30B,1202,challenging,semantic,,30
Qwen-3-Coder-30B,1202,challenging,semantic,,31
Qwen-3-Coder-30B,1202,challenging,semantic,,32
Qwen-3-Coder-30B,1202,challenging,semantic,,33
Qwen-3-Coder-30B,1202,challenging,semantic,,34
Qwen-3-Coder-30B,1202,challenging,semantic,,35
Qwen-3-Coder-30B,1202,challenging,semantic,,36
Qwen-3-Coder-30B,1202,challenging,semantic,,37
Qwen-3-Coder-30B,1202,challenging,semantic,,38
Qwen-3-Coder-30B,1202,challenging,semantic,,39
Qwen-3-Coder-30B,1202,challenging,semantic,,40
Qwen-3-Coder-30B,1202,challenging,semantic,,41
Qwen-3-Coder-30B,1202,challenging,semantic,,42
Qwen-3-Coder-30B,1202,challenging,semantic,,43
Qwen-3-Coder-30B,1202,challenging,semantic,,44
Qwen-3-Coder-30B,1202,challenging,semantic,,45
Qwen-3-Coder-30B,1202,challenging,semantic,,46
Qwen-3-Coder-30B,1202,challenging,semantic,,47
Qwen-3-Coder-30B,1202,challenging,semantic,,48
Qwen-3-Coder-30B,1202,challenging,semantic,,49
Qwen-3-Coder-30B,1202,challenging,semantic,,50
Qwen-3-Coder-30B,1001,challenging,correct,6.943713990249668,1
Qwen-3-Coder-30B,1001,challenging,correct,1.2947170402884465,2
Qwen-3-Coder-30B,1001,challenging,correct,1.4710610932475885,3
Qwen-3-Coder-30B,1001,challenging,correct,1.4441077441077441,4
Qwen-3-Coder-30B,1001,challenging,correct,1.2243460764587526,5
Qwen-3-Coder-30B,1001,challenging,correct,1.4760919289837708,6
Qwen-3-Coder-30B,1001,challenging,correct,1.4216097023153254,7
Qwen-3-Coder-30B,1001,challenging,correct,1.1184496124031007,8
Qwen-3-Coder-30B,1001,challenging,correct,1.0768558951965066,9
Qwen-3-Coder-30B,1001,challenging,correct,1.4253055681303757,10
Qwen-3-Coder-30B,1001,challenging,correct,1.1782583284628871,11
Qwen-3-Coder-30B,1001,challenging,correct,1.5071120689655173,12
Qwen-3-Coder-30B,1001,challenging,correct,1.1626348003497522,13
Qwen-3-Coder-30B,1001,challenging,correct,1.3084990168232467,14
Qwen-3-Coder-30B,1001,challenging,correct,1.1036723163841808,15
Qwen-3-Coder-30B,1001,challenging,correct,1.4056497175141243,16
Qwen-3-Coder-30B,1001,challenging,correct,2.0198194662480375,17
Qwen-3-Coder-30B,1001,challenging,correct,1.5482774460266422,18
Qwen-3-Coder-30B,1001,challenging,correct,1.4138897080507224,19
Qwen-3-Coder-30B,1001,challenging,correct,0.3592891579773517,20
Qwen-3-Coder-30B,1001,challenging,correct,1.5130726792995923,21
Qwen-3-Coder-30B,1001,challenging,correct,1.0020511818714593,22
Qwen-3-Coder-30B,1001,challenging,correct,1.143656379714853,23
Qwen-3-Coder-30B,1001,challenging,correct,1.2157094345194153,24
Qwen-3-Coder-30B,1001,challenging,correct,1.394513826940232,25
Qwen-3-Coder-30B,1001,challenging,correct,1.4007062384395494,26
Qwen-3-Coder-30B,1001,challenging,correct,1.4705387205387206,27
Qwen-3-Coder-30B,1001,challenging,correct,1.3822341857335128,28
Qwen-3-Coder-30B,1001,challenging,correct,1.3489152314918362,29
Qwen-3-Coder-30B,1001,challenging,correct,1.3975713609840719,30
Qwen-3-Coder-30B,1001,challenging,correct,1.4187876758204956,31
Qwen-3-Coder-30B,1001,challenging,correct,1.0495584790052261,32
Qwen-3-Coder-30B,1001,challenging,correct,1.3690893169877407,33
Qwen-3-Coder-30B,1001,challenging,correct,1.218131337518107,34
Qwen-3-Coder-30B,1001,challenging,correct,1.6386118038237738,35
Qwen-3-Coder-30B,1001,challenging,correct,1.2268170426065164,36
Qwen-3-Coder-30B,1001,challenging,correct,1.2145779100037188,37
Qwen-3-Coder-30B,1001,challenging,correct,1.3578500707213579,38
Qwen-3-Coder-30B,1001,challenging,correct,0.7189817376867736,39
Qwen-3-Coder-30B,1001,challenging,correct,1.7105045492142266,40
Qwen-3-Coder-30B,1001,challenging,correct,1.1566375746440054,41
Qwen-3-Coder-30B,1001,challenging,correct,1.4178780646561076,42
Qwen-3-Coder-30B,1001,challenging,correct,1.5145395799676897,43
Qwen-3-Coder-30B,1001,challenging,correct,1.363396392432908,44
Qwen-3-Coder-30B,1001,challenging,correct,1.8805136795086543,45
Qwen-3-Coder-30B,1001,challenging,correct,1.308203125,46
Qwen-3-Coder-30B,1001,challenging,correct,1.6137393767705381,47
Qwen-3-Coder-30B,1001,challenging,correct,1.362261806130903,48
Qwen-3-Coder-30B,1001,challenging,correct,1.2456070287539935,49
Qwen-3-Coder-30B,1001,challenging,correct,1.5871886120996441,50
Qwen-3-Coder-30B,994,challenging,semantic,,1
Qwen-3-Coder-30B,994,challenging,semantic,,2
Qwen-3-Coder-30B,994,challenging,semantic,,3
Qwen-3-Coder-30B,994,challenging,semantic,,4
Qwen-3-Coder-30B,994,challenging,semantic,,5
Qwen-3-Coder-30B,994,challenging,semantic,,6
Qwen-3-Coder-30B,994,challenging,semantic,,7
Qwen-3-Coder-30B,994,challenging,semantic,,8
Qwen-3-Coder-30B,994,challenging,semantic,,9
Qwen-3-Coder-30B,994,challenging,semantic,,10
Qwen-3-Coder-30B,994,challenging,semantic,,11
Qwen-3-Coder-30B,994,challenging,semantic,,12
Qwen-3-Coder-30B,994,challenging,semantic,,13
Qwen-3-Coder-30B,994,challenging,semantic,,14
Qwen-3-Coder-30B,994,challenging,semantic,,15
Qwen-3-Coder-30B,994,challenging,semantic,,16
Qwen-3-Coder-30B,994,challenging,semantic,,17
Qwen-3-Coder-30B,994,challenging,semantic,,18
Qwen-3-Coder-30B,994,challenging,semantic,,19
Qwen-3-Coder-30B,994,challenging,semantic,,20
Qwen-3-Coder-30B,994,challenging,semantic,,21
Qwen-3-Coder-30B,994,challenging,semantic,,22
Qwen-3-Coder-30B,994,challenging,semantic,,23
Qwen-3-Coder-30B,994,challenging,semantic,,24
Qwen-3-Coder-30B,994,challenging,semantic,,25
Qwen-3-Coder-30B,994,challenging,semantic,,26
Qwen-3-Coder-30B,994,challenging,semantic,,27
Qwen-3-Coder-30B,994,challenging,semantic,,28
Qwen-3-Coder-30B,994,challenging,semantic,,29
Qwen-3-Coder-30B,994,challenging,semantic,,30
Qwen-3-Coder-30B,994,challenging,semantic,,31
Qwen-3-Coder-30B,994,challenging,semantic,,32
Qwen-3-Coder-30B,994,challenging,semantic,,33
Qwen-3-Coder-30B,994,challenging,semantic,,34
Qwen-3-Coder-30B,994,challenging,semantic,,35
Qwen-3-Coder-30B,994,challenging,semantic,,36
Qwen-3-Coder-30B,994,challenging,semantic,,37
Qwen-3-Coder-30B,994,challenging,semantic,,38
Qwen-3-Coder-30B,994,challenging,semantic,,39
Qwen-3-Coder-30B,994,challenging,semantic,,40
Qwen-3-Coder-30B,994,challenging,semantic,,41
Qwen-3-Coder-30B,994,challenging,semantic,,42
Qwen-3-Coder-30B,994,challenging,semantic,,43
Qwen-3-Coder-30B,994,challenging,semantic,,44
Qwen-3-Coder-30B,994,challenging,semantic,,45
Qwen-3-Coder-30B,994,challenging,semantic,,46
Qwen-3-Coder-30B,994,challenging,semantic,,47
Qwen-3-Coder-30B,994,challenging,semantic,,48
Qwen-3-Coder-30B,994,challenging,semantic,,49
Qwen-3-Coder-30B,994,challenging,semantic,,50
Qwen-3-Coder-30B,896,challenging,semantic,,1
Qwen-3-Coder-30B,896,challenging,semantic,,2
Qwen-3-Coder-30B,896,challenging,semantic,,3
Qwen-3-Coder-30B,896,challenging,semantic,,4
Qwen-3-Coder-30B,896,challenging,semantic,,5
Qwen-3-Coder-30B,896,challenging,semantic,,6
Qwen-3-Coder-30B,896,challenging,semantic,,7
Qwen-3-Coder-30B,896,challenging,semantic,,8
Qwen-3-Coder-30B,896,challenging,semantic,,9
Qwen-3-Coder-30B,896,challenging,semantic,,10
Qwen-3-Coder-30B,896,challenging,semantic,,11
Qwen-3-Coder-30B,896,challenging,semantic,,12
Qwen-3-Coder-30B,896,challenging,semantic,,13
Qwen-3-Coder-30B,896,challenging,semantic,,14
Qwen-3-Coder-30B,896,challenging,semantic,,15
Qwen-3-Coder-30B,896,challenging,semantic,,16
Qwen-3-Coder-30B,896,challenging,semantic,,17
Qwen-3-Coder-30B,896,challenging,semantic,,18
Qwen-3-Coder-30B,896,challenging,semantic,,19
Qwen-3-Coder-30B,896,challenging,semantic,,20
Qwen-3-Coder-30B,896,challenging,semantic,,21
Qwen-3-Coder-30B,896,challenging,semantic,,22
Qwen-3-Coder-30B,896,challenging,semantic,,23
Qwen-3-Coder-30B,896,challenging,semantic,,24
Qwen-3-Coder-30B,896,challenging,semantic,,25
Qwen-3-Coder-30B,896,challenging,semantic,,26
Qwen-3-Coder-30B,896,challenging,semantic,,27
Qwen-3-Coder-30B,896,challenging,semantic,,28
Qwen-3-Coder-30B,896,challenging,semantic,,29
Qwen-3-Coder-30B,896,challenging,semantic,,30
Qwen-3-Coder-30B,896,challenging,semantic,,31
Qwen-3-Coder-30B,896,challenging,semantic,,32
Qwen-3-Coder-30B,896,challenging,semantic,,33
Qwen-3-Coder-30B,896,challenging,semantic,,34
Qwen-3-Coder-30B,896,challenging,semantic,,35
Qwen-3-Coder-30B,896,challenging,semantic,,36
Qwen-3-Coder-30B,896,challenging,semantic,,37
Qwen-3-Coder-30B,896,challenging,semantic,,38
Qwen-3-Coder-30B,896,challenging,semantic,,39
Qwen-3-Coder-30B,896,challenging,semantic,,40
Qwen-3-Coder-30B,896,challenging,semantic,,41
Qwen-3-Coder-30B,896,challenging,semantic,,42
Qwen-3-Coder-30B,896,challenging,semantic,,43
Qwen-3-Coder-30B,896,challenging,semantic,,44
Qwen-3-Coder-30B,896,challenging,semantic,,45
Qwen-3-Coder-30B,896,challenging,semantic,,46
Qwen-3-Coder-30B,896,challenging,semantic,,47
Qwen-3-Coder-30B,896,challenging,semantic,,48
Qwen-3-Coder-30B,896,challenging,semantic,,49
Qwen-3-Coder-30B,896,challenging,semantic,,50
Qwen-3-Coder-30B,1028,challenging,semantic,,1
Qwen-3-Coder-30B,1028,challenging,semantic,,2
Qwen-3-Coder-30B,1028,challenging,semantic,,3
Qwen-3-Coder-30B,1028,challenging,semantic,,4
Qwen-3-Coder-30B,1028,challenging,semantic,,5
Qwen-3-Coder-30B,1028,challenging,semantic,,6
Qwen-3-Coder-30B,1028,challenging,semantic,,7
Qwen-3-Coder-30B,1028,challenging,semantic,,8
Qwen-3-Coder-30B,1028,challenging,semantic,,9
Qwen-3-Coder-30B,1028,challenging,semantic,,10
Qwen-3-Coder-30B,1028,challenging,semantic,,11
Qwen-3-Coder-30B,1028,challenging,semantic,,12
Qwen-3-Coder-30B,1028,challenging,semantic,,13
Qwen-3-Coder-30B,1028,challenging,semantic,,14
Qwen-3-Coder-30B,1028,challenging,semantic,,15
Qwen-3-Coder-30B,1028,challenging,semantic,,16
Qwen-3-Coder-30B,1028,challenging,semantic,,17
Qwen-3-Coder-30B,1028,challenging,semantic,,18
Qwen-3-Coder-30B,1028,challenging,semantic,,19
Qwen-3-Coder-30B,1028,challenging,semantic,,20
Qwen-3-Coder-30B,1028,challenging,semantic,,21
Qwen-3-Coder-30B,1028,challenging,semantic,,22
Qwen-3-Coder-30B,1028,challenging,semantic,,23
Qwen-3-Coder-30B,1028,challenging,semantic,,24
Qwen-3-Coder-30B,1028,challenging,semantic,,25
Qwen-3-Coder-30B,1028,challenging,semantic,,26
Qwen-3-Coder-30B,1028,challenging,semantic,,27
Qwen-3-Coder-30B,1028,challenging,semantic,,28
Qwen-3-Coder-30B,1028,challenging,semantic,,29
Qwen-3-Coder-30B,1028,challenging,semantic,,30
Qwen-3-Coder-30B,1028,challenging,semantic,,31
Qwen-3-Coder-30B,1028,challenging,semantic,,32
Qwen-3-Coder-30B,1028,challenging,semantic,,33
Qwen-3-Coder-30B,1028,challenging,semantic,,34
Qwen-3-Coder-30B,1028,challenging,semantic,,35
Qwen-3-Coder-30B,1028,challenging,semantic,,36
Qwen-3-Coder-30B,1028,challenging,semantic,,37
Qwen-3-Coder-30B,1028,challenging,semantic,,38
Qwen-3-Coder-30B,1028,challenging,semantic,,39
Qwen-3-Coder-30B,1028,challenging,semantic,,40
Qwen-3-Coder-30B,1028,challenging,semantic,,41
Qwen-3-Coder-30B,1028,challenging,semantic,,42
Qwen-3-Coder-30B,1028,challenging,semantic,,43
Qwen-3-Coder-30B,1028,challenging,semantic,,44
Qwen-3-Coder-30B,1028,challenging,semantic,,45
Qwen-3-Coder-30B,1028,challenging,semantic,,46
Qwen-3-Coder-30B,1028,challenging,semantic,,47
Qwen-3-Coder-30B,1028,challenging,semantic,,48
Qwen-3-Coder-30B,1028,challenging,semantic,,49
Qwen-3-Coder-30B,1028,challenging,semantic,,50
Qwen-3-Coder-30B,1549,Challenging,semantic,,1
Qwen-3-Coder-30B,1549,Challenging,semantic,,2
Qwen-3-Coder-30B,1549,Challenging,semantic,,3
Qwen-3-Coder-30B,1549,Challenging,semantic,,4
Qwen-3-Coder-30B,1549,Challenging,semantic,,5
Qwen-3-Coder-30B,1549,Challenging,semantic,,6
Qwen-3-Coder-30B,1549,Challenging,semantic,,7
Qwen-3-Coder-30B,1549,Challenging,semantic,,8
Qwen-3-Coder-30B,1549,Challenging,semantic,,9
Qwen-3-Coder-30B,1549,Challenging,semantic,,10
Qwen-3-Coder-30B,1549,Challenging,semantic,,11
Qwen-3-Coder-30B,1549,Challenging,semantic,,12
Qwen-3-Coder-30B,1549,Challenging,semantic,,13
Qwen-3-Coder-30B,1549,Challenging,semantic,,14
Qwen-3-Coder-30B,1549,Challenging,semantic,,15
Qwen-3-Coder-30B,1549,Challenging,semantic,,16
Qwen-3-Coder-30B,1549,Challenging,semantic,,17
Qwen-3-Coder-30B,1549,Challenging,semantic,,18
Qwen-3-Coder-30B,1549,Challenging,semantic,,19
Qwen-3-Coder-30B,1549,Challenging,semantic,,20
Qwen-3-Coder-30B,1549,Challenging,semantic,,21
Qwen-3-Coder-30B,1549,Challenging,semantic,,22
Qwen-3-Coder-30B,1549,Challenging,semantic,,23
Qwen-3-Coder-30B,1549,Challenging,semantic,,24
Qwen-3-Coder-30B,1549,Challenging,semantic,,25
Qwen-3-Coder-30B,1549,Challenging,semantic,,26
Qwen-3-Coder-30B,1549,Challenging,semantic,,27
Qwen-3-Coder-30B,1549,Challenging,semantic,,28
Qwen-3-Coder-30B,1549,Challenging,semantic,,29
Qwen-3-Coder-30B,1549,Challenging,semantic,,30
Qwen-3-Coder-30B,1549,Challenging,semantic,,31
Qwen-3-Coder-30B,1549,Challenging,semantic,,32
Qwen-3-Coder-30B,1549,Challenging,semantic,,33
Qwen-3-Coder-30B,1549,Challenging,semantic,,34
Qwen-3-Coder-30B,1549,Challenging,semantic,,35
Qwen-3-Coder-30B,1549,Challenging,semantic,,36
Qwen-3-Coder-30B,1549,Challenging,semantic,,37
Qwen-3-Coder-30B,1549,Challenging,semantic,,38
Qwen-3-Coder-30B,1549,Challenging,semantic,,39
Qwen-3-Coder-30B,1549,Challenging,semantic,,40
Qwen-3-Coder-30B,1549,Challenging,semantic,,41
Qwen-3-Coder-30B,1549,Challenging,semantic,,42
Qwen-3-Coder-30B,1549,Challenging,semantic,,43
Qwen-3-Coder-30B,1549,Challenging,semantic,,44
Qwen-3-Coder-30B,1549,Challenging,semantic,,45
Qwen-3-Coder-30B,1549,Challenging,semantic,,46
Qwen-3-Coder-30B,1549,Challenging,semantic,,47
Qwen-3-Coder-30B,1549,Challenging,semantic,,48
Qwen-3-Coder-30B,1549,Challenging,semantic,,49
Qwen-3-Coder-30B,1549,Challenging,semantic,,50
Qwen-3-Coder-30B,1191,challenging,correct,0.9873291097032344,1
Qwen-3-Coder-30B,1191,challenging,correct,1.2406047516198704,2
Qwen-3-Coder-30B,1191,challenging,correct,0.7401574803149606,3
Qwen-3-Coder-30B,1191,challenging,correct,1.1363236587510994,4
Qwen-3-Coder-30B,1191,challenging,correct,0.8719925971622455,5
Qwen-3-Coder-30B,1191,challenging,correct,1.189139438564197,6
Qwen-3-Coder-30B,1191,challenging,correct,1.1501103752759383,7
Qwen-3-Coder-30B,1191,challenging,correct,0.6561824257912325,8
Qwen-3-Coder-30B,1191,challenging,correct,1.2115384615384615,9
Qwen-3-Coder-30B,1191,challenging,correct,0.9105731225296443,10
Qwen-3-Coder-30B,1191,challenging,correct,1.188123300090662,11
Qwen-3-Coder-30B,1191,challenging,correct,1.017816527672479,12
Qwen-3-Coder-30B,1191,challenging,correct,1.0619747899159664,13
Qwen-3-Coder-30B,1191,challenging,correct,1.1966437177280551,14
Qwen-3-Coder-30B,1191,challenging,correct,1.0595238095238095,15
Qwen-3-Coder-30B,1191,challenging,correct,1.2731685789938216,16
Qwen-3-Coder-30B,1191,challenging,correct,1.1712079927338783,17
Qwen-3-Coder-30B,1191,challenging,correct,1.1012722646310433,18
Qwen-3-Coder-30B,1191,challenging,correct,1.0754124116260801,19
Qwen-3-Coder-30B,1191,challenging,correct,1.366892160764027,20
Qwen-3-Coder-30B,1191,challenging,correct,1.1348643006263048,21
Qwen-3-Coder-30B,1191,challenging,correct,0.9623529411764706,22
Qwen-3-Coder-30B,1191,challenging,correct,1.2641921397379912,23
Qwen-3-Coder-30B,1191,challenging,correct,0.7647552447552447,24
Qwen-3-Coder-30B,1191,challenging,correct,0.9034695980762625,25
Qwen-3-Coder-30B,1191,challenging,correct,0.7624934703116838,26
Qwen-3-Coder-30B,1191,challenging,correct,1.1029468044393418,27
Qwen-3-Coder-30B,1191,challenging,correct,0.8876359242851389,28
Qwen-3-Coder-30B,1191,challenging,correct,1.0682531380753137,29
Qwen-3-Coder-30B,1191,challenging,correct,0.8558794628234524,30
Qwen-3-Coder-30B,1191,challenging,correct,1.046185935637664,31
Qwen-3-Coder-30B,1191,challenging,correct,0.9826825127334465,32
Qwen-3-Coder-30B,1191,challenging,correct,0.5386317907444668,33
Qwen-3-Coder-30B,1191,challenging,correct,1.103998096144693,34
Qwen-3-Coder-30B,1191,challenging,correct,1.2293826047769265,35
Qwen-3-Coder-30B,1191,challenging,correct,1.1077401789187087,36
Qwen-3-Coder-30B,1191,challenging,correct,0.9424083769633508,37
Qwen-3-Coder-30B,1191,challenging,correct,1.134308510638298,38
Qwen-3-Coder-30B,1191,challenging,correct,1.1961852861035422,39
Qwen-3-Coder-30B,1191,challenging,correct,1.2165337809483845,40
Qwen-3-Coder-30B,1191,challenging,correct,1.2084078711985689,41
Qwen-3-Coder-30B,1191,challenging,correct,1.12551652892562,42
Qwen-3-Coder-30B,1191,challenging,correct,1.17265867731913,43
Qwen-3-Coder-30B,1191,challenging,correct,1.3100495718792249,44
Qwen-3-Coder-30B,1191,challenging,correct,0.8784831944843435,45
Qwen-3-Coder-30B,1191,challenging,correct,1.4382929642445212,46
Qwen-3-Coder-30B,1191,challenging,correct,1.1886792452830188,47
Qwen-3-Coder-30B,1191,challenging,correct,0.8771820448877805,48
Qwen-3-Coder-30B,1191,challenging,correct,1.1246719160104988,49
Qwen-3-Coder-30B,1191,challenging,correct,0.9800443458980045,50
Qwen-3-Coder-30B,1169,challenging,correct,7.573943240330499,1
Qwen-3-Coder-30B,1169,challenging,correct,1.122654718566228,2
Qwen-3-Coder-30B,1169,challenging,correct,1.1251339445172044,3
Qwen-3-Coder-30B,1169,challenging,correct,1.210278966078207,4
Qwen-3-Coder-30B,1169,challenging,correct,1.2242457055667668,5
Qwen-3-Coder-30B,1169,challenging,correct,1.1863475177304965,6
Qwen-3-Coder-30B,1169,challenging,correct,1.021754038402926,7
Qwen-3-Coder-30B,1169,challenging,correct,1.1589259368545293,8
Qwen-3-Coder-30B,1169,challenging,correct,1.1062554852767605,9
Qwen-3-Coder-30B,1169,challenging,correct,1.0883718264657,10
Qwen-3-Coder-30B,1169,challenging,correct,1.4366332555265686,11
Qwen-3-Coder-30B,1169,challenging,correct,1.1695937873357227,12
Qwen-3-Coder-30B,1169,challenging,correct,1.0860766473669698,13
Qwen-3-Coder-30B,1169,challenging,correct,1.3026631477927064,14
Qwen-3-Coder-30B,1169,challenging,correct,1.1310265282583623,15
Qwen-3-Coder-30B,1169,challenging,correct,1.078186228774025,16
Qwen-3-Coder-30B,1169,challenging,correct,1.0306001046970923,17
Qwen-3-Coder-30B,1169,challenging,correct,1.1469411092052602,18
Qwen-3-Coder-30B,1169,challenging,correct,1.1077454886337006,19
Qwen-3-Coder-30B,1169,challenging,correct,0.2910947662756063,20
Qwen-3-Coder-30B,1169,challenging,correct,1.1240124070931117,21
Qwen-3-Coder-30B,1169,challenging,correct,1.122866703848299,22
Qwen-3-Coder-30B,1169,challenging,correct,1.0151521241107673,23
Qwen-3-Coder-30B,1169,challenging,correct,2.3267613943655046,24
Qwen-3-Coder-30B,1169,challenging,correct,1.1644989422549556,25
Qwen-3-Coder-30B,1169,challenging,correct,0.3151875571820677,26
Qwen-3-Coder-30B,1169,challenging,correct,1.1848621615028057,27
Qwen-3-Coder-30B,1169,challenging,correct,11.778153275918456,28
Qwen-3-Coder-30B,1169,challenging,correct,1.181434853322089,29
Qwen-3-Coder-30B,1169,challenging,correct,1.9769952220845868,30
Qwen-3-Coder-30B,1169,challenging,correct,1.092422470909192,31
Qwen-3-Coder-30B,1169,challenging,correct,1.4485910677655018,32
Qwen-3-Coder-30B,1169,challenging,correct,1.19023226031783,33
Qwen-3-Coder-30B,1169,challenging,correct,1.6318091231178034,34
Qwen-3-Coder-30B,1169,challenging,correct,0.6769634315692022,35
Qwen-3-Coder-30B,1169,challenging,correct,1.1854534917415243,36
Qwen-3-Coder-30B,1169,challenging,correct,1.1574675324675325,37
Qwen-3-Coder-30B,1169,challenging,correct,1.1738953488372093,38
Qwen-3-Coder-30B,1169,challenging,correct,24.27698922198009,39
Qwen-3-Coder-30B,1169,challenging,correct,4.239598142356175,40
Qwen-3-Coder-30B,1169,challenging,correct,1.1279804245148808,41
Qwen-3-Coder-30B,1169,challenging,correct,1.157953216374269,42
Qwen-3-Coder-30B,1169,challenging,correct,1.0735439033245164,43
Qwen-3-Coder-30B,1169,challenging,correct,1.1049308991639653,44
Qwen-3-Coder-30B,1169,challenging,correct,1.1480202441202738,45
Qwen-3-Coder-30B,1169,challenging,correct,1.203969720450617,46
Qwen-3-Coder-30B,1169,challenging,correct,0.8112018810478401,47
Qwen-3-Coder-30B,1169,challenging,correct,1.1674246731097215,48
Qwen-3-Coder-30B,1169,challenging,correct,1.1761340884388765,49
Qwen-3-Coder-30B,1169,challenging,correct,1.3755546214562608,50
Qwen-3-Coder-30B,1552,Challenging,semantic,,1
Qwen-3-Coder-30B,1552,Challenging,semantic,,2
Qwen-3-Coder-30B,1552,Challenging,semantic,,3
Qwen-3-Coder-30B,1552,Challenging,semantic,,4
Qwen-3-Coder-30B,1552,Challenging,semantic,,5
Qwen-3-Coder-30B,1552,Challenging,semantic,,6
Qwen-3-Coder-30B,1552,Challenging,semantic,,7
Qwen-3-Coder-30B,1552,Challenging,semantic,,8
Qwen-3-Coder-30B,1552,Challenging,semantic,,9
Qwen-3-Coder-30B,1552,Challenging,semantic,,10
Qwen-3-Coder-30B,1552,Challenging,semantic,,11
Qwen-3-Coder-30B,1552,Challenging,semantic,,12
Qwen-3-Coder-30B,1552,Challenging,semantic,,13
Qwen-3-Coder-30B,1552,Challenging,semantic,,14
Qwen-3-Coder-30B,1552,Challenging,semantic,,15
Qwen-3-Coder-30B,1552,Challenging,semantic,,16
Qwen-3-Coder-30B,1552,Challenging,semantic,,17
Qwen-3-Coder-30B,1552,Challenging,semantic,,18
Qwen-3-Coder-30B,1552,Challenging,semantic,,19
Qwen-3-Coder-30B,1552,Challenging,semantic,,20
Qwen-3-Coder-30B,1552,Challenging,semantic,,21
Qwen-3-Coder-30B,1552,Challenging,semantic,,22
Qwen-3-Coder-30B,1552,Challenging,semantic,,23
Qwen-3-Coder-30B,1552,Challenging,semantic,,24
Qwen-3-Coder-30B,1552,Challenging,semantic,,25
Qwen-3-Coder-30B,1552,Challenging,semantic,,26
Qwen-3-Coder-30B,1552,Challenging,semantic,,27
Qwen-3-Coder-30B,1552,Challenging,semantic,,28
Qwen-3-Coder-30B,1552,Challenging,semantic,,29
Qwen-3-Coder-30B,1552,Challenging,semantic,,30
Qwen-3-Coder-30B,1552,Challenging,semantic,,31
Qwen-3-Coder-30B,1552,Challenging,semantic,,32
Qwen-3-Coder-30B,1552,Challenging,semantic,,33
Qwen-3-Coder-30B,1552,Challenging,semantic,,34
Qwen-3-Coder-30B,1552,Challenging,semantic,,35
Qwen-3-Coder-30B,1552,Challenging,semantic,,36
Qwen-3-Coder-30B,1552,Challenging,semantic,,37
Qwen-3-Coder-30B,1552,Challenging,semantic,,38
Qwen-3-Coder-30B,1552,Challenging,semantic,,39
Qwen-3-Coder-30B,1552,Challenging,semantic,,40
Qwen-3-Coder-30B,1552,Challenging,semantic,,41
Qwen-3-Coder-30B,1552,Challenging,semantic,,42
Qwen-3-Coder-30B,1552,Challenging,semantic,,43
Qwen-3-Coder-30B,1552,Challenging,semantic,,44
Qwen-3-Coder-30B,1552,Challenging,semantic,,45
Qwen-3-Coder-30B,1552,Challenging,semantic,,46
Qwen-3-Coder-30B,1552,Challenging,semantic,,47
Qwen-3-Coder-30B,1552,Challenging,semantic,,48
Qwen-3-Coder-30B,1552,Challenging,semantic,,49
Qwen-3-Coder-30B,1552,Challenging,semantic,,50
Qwen-3-Coder-30B,744,challenging,semantic,,1
Qwen-3-Coder-30B,744,challenging,semantic,,2
Qwen-3-Coder-30B,744,challenging,semantic,,3
Qwen-3-Coder-30B,744,challenging,semantic,,4
Qwen-3-Coder-30B,744,challenging,semantic,,5
Qwen-3-Coder-30B,744,challenging,semantic,,6
Qwen-3-Coder-30B,744,challenging,semantic,,7
Qwen-3-Coder-30B,744,challenging,semantic,,8
Qwen-3-Coder-30B,744,challenging,semantic,,9
Qwen-3-Coder-30B,744,challenging,semantic,,10
Qwen-3-Coder-30B,744,challenging,semantic,,11
Qwen-3-Coder-30B,744,challenging,semantic,,12
Qwen-3-Coder-30B,744,challenging,semantic,,13
Qwen-3-Coder-30B,744,challenging,semantic,,14
Qwen-3-Coder-30B,744,challenging,semantic,,15
Qwen-3-Coder-30B,744,challenging,semantic,,16
Qwen-3-Coder-30B,744,challenging,semantic,,17
Qwen-3-Coder-30B,744,challenging,semantic,,18
Qwen-3-Coder-30B,744,challenging,semantic,,19
Qwen-3-Coder-30B,744,challenging,semantic,,20
Qwen-3-Coder-30B,744,challenging,semantic,,21
Qwen-3-Coder-30B,744,challenging,semantic,,22
Qwen-3-Coder-30B,744,challenging,semantic,,23
Qwen-3-Coder-30B,744,challenging,semantic,,24
Qwen-3-Coder-30B,744,challenging,semantic,,25
Qwen-3-Coder-30B,744,challenging,semantic,,26
Qwen-3-Coder-30B,744,challenging,semantic,,27
Qwen-3-Coder-30B,744,challenging,semantic,,28
Qwen-3-Coder-30B,744,challenging,semantic,,29
Qwen-3-Coder-30B,744,challenging,semantic,,30
Qwen-3-Coder-30B,744,challenging,semantic,,31
Qwen-3-Coder-30B,744,challenging,semantic,,32
Qwen-3-Coder-30B,744,challenging,semantic,,33
Qwen-3-Coder-30B,744,challenging,semantic,,34
Qwen-3-Coder-30B,744,challenging,semantic,,35
Qwen-3-Coder-30B,744,challenging,semantic,,36
Qwen-3-Coder-30B,744,challenging,semantic,,37
Qwen-3-Coder-30B,744,challenging,semantic,,38
Qwen-3-Coder-30B,744,challenging,semantic,,39
Qwen-3-Coder-30B,744,challenging,semantic,,40
Qwen-3-Coder-30B,744,challenging,semantic,,41
Qwen-3-Coder-30B,744,challenging,semantic,,42
Qwen-3-Coder-30B,744,challenging,semantic,,43
Qwen-3-Coder-30B,744,challenging,semantic,,44
Qwen-3-Coder-30B,744,challenging,semantic,,45
Qwen-3-Coder-30B,744,challenging,semantic,,46
Qwen-3-Coder-30B,744,challenging,semantic,,47
Qwen-3-Coder-30B,744,challenging,semantic,,48
Qwen-3-Coder-30B,744,challenging,semantic,,49
Qwen-3-Coder-30B,744,challenging,semantic,,50
Qwen-3-Coder-30B,962,challenging,semantic,,1
Qwen-3-Coder-30B,962,challenging,correct,2.6023361453601557,2
Qwen-3-Coder-30B,962,challenging,correct,1.6137184115523466,3
Qwen-3-Coder-30B,962,challenging,correct,1.8336192109777016,4
Qwen-3-Coder-30B,962,challenging,correct,1.8173900420960951,5
Qwen-3-Coder-30B,962,challenging,correct,0.8522686731748451,6
Qwen-3-Coder-30B,962,challenging,correct,1.9713340683572216,7
Qwen-3-Coder-30B,962,challenging,correct,1.6911080907074898,8
Qwen-3-Coder-30B,962,challenging,correct,1.849049949301239,9
Qwen-3-Coder-30B,962,challenging,correct,1.6608981993974636,10
Qwen-3-Coder-30B,962,challenging,correct,1.632865037619016,11
Qwen-3-Coder-30B,962,challenging,correct,1.75948596550558,12
Qwen-3-Coder-30B,962,challenging,correct,1.9094076655052266,13
Qwen-3-Coder-30B,962,challenging,correct,2.2297069720444593,14
Qwen-3-Coder-30B,962,challenging,correct,1.6330935251798562,15
Qwen-3-Coder-30B,962,challenging,correct,2.4038167104111987,16
Qwen-3-Coder-30B,962,challenging,correct,1.7213648003322028,17
Qwen-3-Coder-30B,962,challenging,correct,1.6846461387388652,18
Qwen-3-Coder-30B,962,challenging,correct,1.7196309584828293,19
Qwen-3-Coder-30B,962,challenging,correct,1.9494494494494494,20
Qwen-3-Coder-30B,962,challenging,correct,1.2548158767135562,21
Qwen-3-Coder-30B,962,challenging,correct,1.6363636363636365,22
Qwen-3-Coder-30B,962,challenging,correct,1.6010108668182967,23
Qwen-3-Coder-30B,962,challenging,semantic,,24
Qwen-3-Coder-30B,962,challenging,correct,1.4304321176831136,25
Qwen-3-Coder-30B,962,challenging,correct,1.5671501813179942,26
Qwen-3-Coder-30B,962,challenging,correct,1.1616507817268416,27
Qwen-3-Coder-30B,962,challenging,correct,1.6515557387183186,28
Qwen-3-Coder-30B,962,challenging,correct,1.388177026535805,29
Qwen-3-Coder-30B,962,challenging,correct,1.6911347517730497,30
Qwen-3-Coder-30B,962,challenging,correct,0.3176472066547712,31
Qwen-3-Coder-30B,962,challenging,correct,1.582018204439788,32
Qwen-3-Coder-30B,962,challenging,correct,1.7517795475368243,33
Qwen-3-Coder-30B,962,challenging,correct,1.6783561643835616,34
Qwen-3-Coder-30B,962,challenging,correct,2.1084656084656084,35
Qwen-3-Coder-30B,962,challenging,correct,1.7118427627560935,36
Qwen-3-Coder-30B,962,challenging,correct,1.7962285796228579,37
Qwen-3-Coder-30B,962,challenging,correct,1.7302083333333333,38
Qwen-3-Coder-30B,962,challenging,correct,1.9668619923216812,39
Qwen-3-Coder-30B,962,challenging,correct,1.802348603809654,40
Qwen-3-Coder-30B,962,challenging,correct,1.4501684762261324,41
Qwen-3-Coder-30B,962,challenging,correct,1.692971468336813,42
Qwen-3-Coder-30B,962,challenging,correct,1.5724881995954147,43
Qwen-3-Coder-30B,962,challenging,correct,1.6389615616824311,44
Qwen-3-Coder-30B,962,challenging,correct,1.759109447081634,45
Qwen-3-Coder-30B,962,challenging,correct,8.63760471610301,46
Qwen-3-Coder-30B,962,challenging,correct,1.5987701767870868,47
Qwen-3-Coder-30B,962,challenging,correct,0.6326577845757527,48
Qwen-3-Coder-30B,962,challenging,correct,1.577947259565667,49
Qwen-3-Coder-30B,962,challenging,correct,1.8041030452955729,50
Qwen-3-Coder-30B,290,challenging,semantic,,1
Qwen-3-Coder-30B,290,challenging,semantic,,2
Qwen-3-Coder-30B,290,challenging,semantic,,3
Qwen-3-Coder-30B,290,challenging,semantic,,4
Qwen-3-Coder-30B,290,challenging,semantic,,5
Qwen-3-Coder-30B,290,challenging,semantic,,6
Qwen-3-Coder-30B,290,challenging,semantic,,7
Qwen-3-Coder-30B,290,challenging,semantic,,8
Qwen-3-Coder-30B,290,challenging,semantic,,9
Qwen-3-Coder-30B,290,challenging,semantic,,10
Qwen-3-Coder-30B,290,challenging,semantic,,11
Qwen-3-Coder-30B,290,challenging,semantic,,12
Qwen-3-Coder-30B,290,challenging,semantic,,13
Qwen-3-Coder-30B,290,challenging,semantic,,14
Qwen-3-Coder-30B,290,challenging,semantic,,15
Qwen-3-Coder-30B,290,challenging,semantic,,16
Qwen-3-Coder-30B,290,challenging,semantic,,17
Qwen-3-Coder-30B,290,challenging,semantic,,18
Qwen-3-Coder-30B,290,challenging,semantic,,19
Qwen-3-Coder-30B,290,challenging,semantic,,20
Qwen-3-Coder-30B,290,challenging,semantic,,21
Qwen-3-Coder-30B,290,challenging,semantic,,22
Qwen-3-Coder-30B,290,challenging,semantic,,23
Qwen-3-Coder-30B,290,challenging,semantic,,24
Qwen-3-Coder-30B,290,challenging,semantic,,25
Qwen-3-Coder-30B,290,challenging,semantic,,26
Qwen-3-Coder-30B,290,challenging,semantic,,27
Qwen-3-Coder-30B,290,challenging,semantic,,28
Qwen-3-Coder-30B,290,challenging,semantic,,29
Qwen-3-Coder-30B,290,challenging,semantic,,30
Qwen-3-Coder-30B,290,challenging,semantic,,31
Qwen-3-Coder-30B,290,challenging,semantic,,32
Qwen-3-Coder-30B,290,challenging,semantic,,33
Qwen-3-Coder-30B,290,challenging,semantic,,34
Qwen-3-Coder-30B,290,challenging,semantic,,35
Qwen-3-Coder-30B,290,challenging,semantic,,36
Qwen-3-Coder-30B,290,challenging,semantic,,37
Qwen-3-Coder-30B,290,challenging,semantic,,38
Qwen-3-Coder-30B,290,challenging,semantic,,39
Qwen-3-Coder-30B,290,challenging,semantic,,40
Qwen-3-Coder-30B,290,challenging,semantic,,41
Qwen-3-Coder-30B,290,challenging,semantic,,42
Qwen-3-Coder-30B,290,challenging,semantic,,43
Qwen-3-Coder-30B,290,challenging,semantic,,44
Qwen-3-Coder-30B,290,challenging,semantic,,45
Qwen-3-Coder-30B,290,challenging,semantic,,46
Qwen-3-Coder-30B,290,challenging,semantic,,47
Qwen-3-Coder-30B,290,challenging,semantic,,48
Qwen-3-Coder-30B,290,challenging,semantic,,49
Qwen-3-Coder-30B,290,challenging,semantic,,50
Qwen-3-Coder-30B,1114,challenging,correct,1.2930529664553156,1
Qwen-3-Coder-30B,1114,challenging,correct,0.8678365263083738,2
Qwen-3-Coder-30B,1114,challenging,correct,0.91440893421317,3
Qwen-3-Coder-30B,1114,challenging,correct,0.8433456021174208,4
Qwen-3-Coder-30B,1114,challenging,correct,0.9113879113416065,5
Qwen-3-Coder-30B,1114,challenging,correct,0.6526905630416798,6
Qwen-3-Coder-30B,1114,challenging,correct,0.686710322256939,7
Qwen-3-Coder-30B,1114,challenging,correct,0.5427971178250822,8
Qwen-3-Coder-30B,1114,challenging,correct,0.815541670743583,9
Qwen-3-Coder-30B,1114,challenging,correct,0.571739547109882,10
Qwen-3-Coder-30B,1114,challenging,correct,0.8842208465308142,11
Qwen-3-Coder-30B,1114,challenging,correct,0.6775571449664015,12
Qwen-3-Coder-30B,1114,challenging,correct,1.7012209605314936,13
Qwen-3-Coder-30B,1114,challenging,correct,0.5694246809889054,14
Qwen-3-Coder-30B,1114,challenging,correct,1.6244498038146935,15
Qwen-3-Coder-30B,1114,challenging,correct,1.6170745368814479,16
Qwen-3-Coder-30B,1114,challenging,correct,1.5925920463834558,17
Qwen-3-Coder-30B,1114,challenging,correct,1.798619830829984,18
Qwen-3-Coder-30B,1114,challenging,correct,1.5687917101362876,19
Qwen-3-Coder-30B,1114,challenging,correct,1.7820908516985694,20
Qwen-3-Coder-30B,1114,challenging,correct,1.1446767624196936,21
Qwen-3-Coder-30B,1114,challenging,correct,0.7484028324154209,22
Qwen-3-Coder-30B,1114,challenging,correct,0.6822778248717009,23
Qwen-3-Coder-30B,1114,challenging,correct,0.9728822789941567,24
Qwen-3-Coder-30B,1114,challenging,correct,0.5391522700559906,25
Qwen-3-Coder-30B,1114,challenging,correct,0.7738833609903526,26
Qwen-3-Coder-30B,1114,challenging,correct,0.5976420431584902,27
Qwen-3-Coder-30B,1114,challenging,correct,1.7336503671974501,28
Qwen-3-Coder-30B,1114,challenging,correct,0.6744161781946073,29
Qwen-3-Coder-30B,1114,challenging,correct,0.8345164549063322,30
Qwen-3-Coder-30B,1114,challenging,correct,0.6941516269257896,31
Qwen-3-Coder-30B,1114,challenging,correct,1.3431790143097315,32
Qwen-3-Coder-30B,1114,challenging,correct,0.6795295543068812,33
Qwen-3-Coder-30B,1114,challenging,correct,2.0712773229738066,34
Qwen-3-Coder-30B,1114,challenging,correct,1.716524008959126,35
Qwen-3-Coder-30B,1114,challenging,correct,0.9959693342035753,36
Qwen-3-Coder-30B,1114,challenging,correct,1.5669515379382544,37
Qwen-3-Coder-30B,1114,challenging,correct,1.0312064083395285,38
Qwen-3-Coder-30B,1114,challenging,correct,1.154239646757317,39
Qwen-3-Coder-30B,1114,challenging,correct,1.0067418721110164,40
Qwen-3-Coder-30B,1114,challenging,correct,0.9261695254957647,41
Qwen-3-Coder-30B,1114,challenging,correct,1.6364644001128408,42
Qwen-3-Coder-30B,1114,challenging,correct,1.3824174666970883,43
Qwen-3-Coder-30B,1114,challenging,correct,1.7701196102359675,44
Qwen-3-Coder-30B,1114,challenging,correct,2.0962937071269976,45
Qwen-3-Coder-30B,1114,challenging,correct,1.0258263720147804,46
Qwen-3-Coder-30B,1114,challenging,correct,1.0093219897741355,47
Qwen-3-Coder-30B,1114,challenging,correct,0.7429759295787318,48
Qwen-3-Coder-30B,1114,challenging,correct,1.6773152963703497,49
Qwen-3-Coder-30B,1114,challenging,correct,1.260964347737256,50
Qwen-3-Coder-30B,1302,challenging,semantic,,1
Qwen-3-Coder-30B,1302,challenging,semantic,,2
Qwen-3-Coder-30B,1302,challenging,semantic,,3
Qwen-3-Coder-30B,1302,challenging,semantic,,4
Qwen-3-Coder-30B,1302,challenging,semantic,,5
Qwen-3-Coder-30B,1302,challenging,semantic,,6
Qwen-3-Coder-30B,1302,challenging,semantic,,7
Qwen-3-Coder-30B,1302,challenging,semantic,,8
Qwen-3-Coder-30B,1302,challenging,semantic,,9
Qwen-3-Coder-30B,1302,challenging,semantic,,10
Qwen-3-Coder-30B,1302,challenging,semantic,,11
Qwen-3-Coder-30B,1302,challenging,semantic,,12
Qwen-3-Coder-30B,1302,challenging,semantic,,13
Qwen-3-Coder-30B,1302,challenging,semantic,,14
Qwen-3-Coder-30B,1302,challenging,semantic,,15
Qwen-3-Coder-30B,1302,challenging,semantic,,16
Qwen-3-Coder-30B,1302,challenging,semantic,,17
Qwen-3-Coder-30B,1302,challenging,semantic,,18
Qwen-3-Coder-30B,1302,challenging,semantic,,19
Qwen-3-Coder-30B,1302,challenging,semantic,,20
Qwen-3-Coder-30B,1302,challenging,semantic,,21
Qwen-3-Coder-30B,1302,challenging,semantic,,22
Qwen-3-Coder-30B,1302,challenging,semantic,,23
Qwen-3-Coder-30B,1302,challenging,semantic,,24
Qwen-3-Coder-30B,1302,challenging,semantic,,25
Qwen-3-Coder-30B,1302,challenging,semantic,,26
Qwen-3-Coder-30B,1302,challenging,semantic,,27
Qwen-3-Coder-30B,1302,challenging,semantic,,28
Qwen-3-Coder-30B,1302,challenging,semantic,,29
Qwen-3-Coder-30B,1302,challenging,semantic,,30
Qwen-3-Coder-30B,1302,challenging,semantic,,31
Qwen-3-Coder-30B,1302,challenging,semantic,,32
Qwen-3-Coder-30B,1302,challenging,semantic,,33
Qwen-3-Coder-30B,1302,challenging,semantic,,34
Qwen-3-Coder-30B,1302,challenging,semantic,,35
Qwen-3-Coder-30B,1302,challenging,semantic,,36
Qwen-3-Coder-30B,1302,challenging,semantic,,37
Qwen-3-Coder-30B,1302,challenging,semantic,,38
Qwen-3-Coder-30B,1302,challenging,semantic,,39
Qwen-3-Coder-30B,1302,challenging,semantic,,40
Qwen-3-Coder-30B,1302,challenging,semantic,,41
Qwen-3-Coder-30B,1302,challenging,semantic,,42
Qwen-3-Coder-30B,1302,challenging,semantic,,43
Qwen-3-Coder-30B,1302,challenging,semantic,,44
Qwen-3-Coder-30B,1302,challenging,semantic,,45
Qwen-3-Coder-30B,1302,challenging,semantic,,46
Qwen-3-Coder-30B,1302,challenging,semantic,,47
Qwen-3-Coder-30B,1302,challenging,semantic,,48
Qwen-3-Coder-30B,1302,challenging,semantic,,49
Qwen-3-Coder-30B,1302,challenging,semantic,,50
Qwen-3-Coder-30B,206,challenging,correct,6.176941553242594,1
Qwen-3-Coder-30B,206,challenging,correct,1.1229726458484628,2
Qwen-3-Coder-30B,206,challenging,correct,1.7343574635241301,3
Qwen-3-Coder-30B,206,challenging,correct,2.9525038436195916,4
Qwen-3-Coder-30B,206,challenging,correct,1.0657494079169956,5
Qwen-3-Coder-30B,206,challenging,correct,1.1501852059714894,6
Qwen-3-Coder-30B,206,challenging,correct,1.1969060618787624,7
Qwen-3-Coder-30B,206,challenging,correct,1.0741146403797006,8
Qwen-3-Coder-30B,206,challenging,correct,1.1276355421686748,9
Qwen-3-Coder-30B,206,challenging,correct,0.9283865401207938,10
Qwen-3-Coder-30B,206,challenging,correct,1.1639725691893217,11
Qwen-3-Coder-30B,206,challenging,correct,1.17701032241621,12
Qwen-3-Coder-30B,206,challenging,correct,1.19314111222033,13
Qwen-3-Coder-30B,206,challenging,correct,0.9525455688246386,14
Qwen-3-Coder-30B,206,challenging,correct,0.842698689155743,15
Qwen-3-Coder-30B,206,challenging,correct,0.9048629114620159,16
Qwen-3-Coder-30B,206,challenging,correct,1.0508978475442978,17
Qwen-3-Coder-30B,206,challenging,correct,0.35258816250773356,18
Qwen-3-Coder-30B,206,challenging,correct,1.01017130620985,19
Qwen-3-Coder-30B,206,challenging,correct,0.9801039018459158,20
Qwen-3-Coder-30B,206,challenging,correct,1.1799429449199035,21
Qwen-3-Coder-30B,206,challenging,correct,1.0698334453655987,22
Qwen-3-Coder-30B,206,challenging,correct,1.1985565770255178,23
Qwen-3-Coder-30B,206,challenging,correct,1.108389184192281,24
Qwen-3-Coder-30B,206,challenging,correct,1.0579861440637752,25
Qwen-3-Coder-30B,206,challenging,correct,1.2818964553281897,26
Qwen-3-Coder-30B,206,challenging,correct,1.1044411908247926,27
Qwen-3-Coder-30B,206,challenging,correct,0.9324538593264413,28
Qwen-3-Coder-30B,206,challenging,correct,1.1555966270070464,29
Qwen-3-Coder-30B,206,challenging,correct,1.0541245886758197,30
Qwen-3-Coder-30B,206,challenging,correct,1.0950013808340238,31
Qwen-3-Coder-30B,206,challenging,correct,1.081354706520429,32
Qwen-3-Coder-30B,206,challenging,correct,1.0748307692307693,33
Qwen-3-Coder-30B,206,challenging,correct,0.9773544973544973,34
Qwen-3-Coder-30B,206,challenging,correct,0.960294265847022,35
Qwen-3-Coder-30B,206,challenging,correct,0.8172226165128933,36
Qwen-3-Coder-30B,206,challenging,correct,1.1357927786499216,37
Qwen-3-Coder-30B,206,challenging,correct,1.083553104771038,38
Qwen-3-Coder-30B,206,challenging,correct,1.1179809946933235,39
Qwen-3-Coder-30B,206,challenging,correct,0.9743543651506981,40
Qwen-3-Coder-30B,206,challenging,correct,1.0512795467864817,41
Qwen-3-Coder-30B,206,challenging,correct,1.0019180864267179,42
Qwen-3-Coder-30B,206,challenging,correct,0.9264988373268628,43
Qwen-3-Coder-30B,206,challenging,correct,1.010486743173724,44
Qwen-3-Coder-30B,206,challenging,correct,1.07356763476099,45
Qwen-3-Coder-30B,206,challenging,correct,0.030426986439538273,46
Qwen-3-Coder-30B,206,challenging,correct,0.919047619047619,47
Qwen-3-Coder-30B,206,challenging,correct,1.1222547584187408,48
Qwen-3-Coder-30B,206,challenging,correct,0.9175132817597167,49
Qwen-3-Coder-30B,206,challenging,correct,1.1537424674912782,50
Qwen-3-Coder-30B,1257,challenging,semantic,,1
Qwen-3-Coder-30B,1257,challenging,semantic,,2
Qwen-3-Coder-30B,1257,challenging,semantic,,3
Qwen-3-Coder-30B,1257,challenging,semantic,,4
Qwen-3-Coder-30B,1257,challenging,semantic,,5
Qwen-3-Coder-30B,1257,challenging,semantic,,6
Qwen-3-Coder-30B,1257,challenging,semantic,,7
Qwen-3-Coder-30B,1257,challenging,semantic,,8
Qwen-3-Coder-30B,1257,challenging,semantic,,9
Qwen-3-Coder-30B,1257,challenging,semantic,,10
Qwen-3-Coder-30B,1257,challenging,semantic,,11
Qwen-3-Coder-30B,1257,challenging,semantic,,12
Qwen-3-Coder-30B,1257,challenging,semantic,,13
Qwen-3-Coder-30B,1257,challenging,semantic,,14
Qwen-3-Coder-30B,1257,challenging,semantic,,15
Qwen-3-Coder-30B,1257,challenging,semantic,,16
Qwen-3-Coder-30B,1257,challenging,semantic,,17
Qwen-3-Coder-30B,1257,challenging,semantic,,18
Qwen-3-Coder-30B,1257,challenging,semantic,,19
Qwen-3-Coder-30B,1257,challenging,semantic,,20
Qwen-3-Coder-30B,1257,challenging,semantic,,21
Qwen-3-Coder-30B,1257,challenging,semantic,,22
Qwen-3-Coder-30B,1257,challenging,semantic,,23
Qwen-3-Coder-30B,1257,challenging,semantic,,24
Qwen-3-Coder-30B,1257,challenging,semantic,,25
Qwen-3-Coder-30B,1257,challenging,semantic,,26
Qwen-3-Coder-30B,1257,challenging,semantic,,27
Qwen-3-Coder-30B,1257,challenging,semantic,,28
Qwen-3-Coder-30B,1257,challenging,semantic,,29
Qwen-3-Coder-30B,1257,challenging,semantic,,30
Qwen-3-Coder-30B,1257,challenging,semantic,,31
Qwen-3-Coder-30B,1257,challenging,semantic,,32
Qwen-3-Coder-30B,1257,challenging,semantic,,33
Qwen-3-Coder-30B,1257,challenging,semantic,,34
Qwen-3-Coder-30B,1257,challenging,semantic,,35
Qwen-3-Coder-30B,1257,challenging,semantic,,36
Qwen-3-Coder-30B,1257,challenging,semantic,,37
Qwen-3-Coder-30B,1257,challenging,semantic,,38
Qwen-3-Coder-30B,1257,challenging,semantic,,39
Qwen-3-Coder-30B,1257,challenging,semantic,,40
Qwen-3-Coder-30B,1257,challenging,semantic,,41
Qwen-3-Coder-30B,1257,challenging,semantic,,42
Qwen-3-Coder-30B,1257,challenging,semantic,,43
Qwen-3-Coder-30B,1257,challenging,semantic,,44
Qwen-3-Coder-30B,1257,challenging,semantic,,45
Qwen-3-Coder-30B,1257,challenging,semantic,,46
Qwen-3-Coder-30B,1257,challenging,semantic,,47
Qwen-3-Coder-30B,1257,challenging,semantic,,48
Qwen-3-Coder-30B,1257,challenging,semantic,,49
Qwen-3-Coder-30B,1257,challenging,semantic,,50
Qwen-3-Coder-30B,477,challenging,semantic,,1
Qwen-3-Coder-30B,477,challenging,semantic,,2
Qwen-3-Coder-30B,477,challenging,semantic,,3
Qwen-3-Coder-30B,477,challenging,semantic,,4
Qwen-3-Coder-30B,477,challenging,semantic,,5
Qwen-3-Coder-30B,477,challenging,semantic,,6
Qwen-3-Coder-30B,477,challenging,semantic,,7
Qwen-3-Coder-30B,477,challenging,semantic,,8
Qwen-3-Coder-30B,477,challenging,semantic,,9
Qwen-3-Coder-30B,477,challenging,semantic,,10
Qwen-3-Coder-30B,477,challenging,semantic,,11
Qwen-3-Coder-30B,477,challenging,semantic,,12
Qwen-3-Coder-30B,477,challenging,semantic,,13
Qwen-3-Coder-30B,477,challenging,semantic,,14
Qwen-3-Coder-30B,477,challenging,semantic,,15
Qwen-3-Coder-30B,477,challenging,semantic,,16
Qwen-3-Coder-30B,477,challenging,semantic,,17
Qwen-3-Coder-30B,477,challenging,semantic,,18
Qwen-3-Coder-30B,477,challenging,semantic,,19
Qwen-3-Coder-30B,477,challenging,semantic,,20
Qwen-3-Coder-30B,477,challenging,semantic,,21
Qwen-3-Coder-30B,477,challenging,semantic,,22
Qwen-3-Coder-30B,477,challenging,semantic,,23
Qwen-3-Coder-30B,477,challenging,semantic,,24
Qwen-3-Coder-30B,477,challenging,semantic,,25
Qwen-3-Coder-30B,477,challenging,semantic,,26
Qwen-3-Coder-30B,477,challenging,semantic,,27
Qwen-3-Coder-30B,477,challenging,semantic,,28
Qwen-3-Coder-30B,477,challenging,semantic,,29
Qwen-3-Coder-30B,477,challenging,semantic,,30
Qwen-3-Coder-30B,477,challenging,semantic,,31
Qwen-3-Coder-30B,477,challenging,semantic,,32
Qwen-3-Coder-30B,477,challenging,semantic,,33
Qwen-3-Coder-30B,477,challenging,semantic,,34
Qwen-3-Coder-30B,477,challenging,semantic,,35
Qwen-3-Coder-30B,477,challenging,semantic,,36
Qwen-3-Coder-30B,477,challenging,semantic,,37
Qwen-3-Coder-30B,477,challenging,semantic,,38
Qwen-3-Coder-30B,477,challenging,semantic,,39
Qwen-3-Coder-30B,477,challenging,semantic,,40
Qwen-3-Coder-30B,477,challenging,semantic,,41
Qwen-3-Coder-30B,477,challenging,semantic,,42
Qwen-3-Coder-30B,477,challenging,semantic,,43
Qwen-3-Coder-30B,477,challenging,semantic,,44
Qwen-3-Coder-30B,477,challenging,semantic,,45
Qwen-3-Coder-30B,477,challenging,semantic,,46
Qwen-3-Coder-30B,477,challenging,semantic,,47
Qwen-3-Coder-30B,477,challenging,semantic,,48
Qwen-3-Coder-30B,477,challenging,semantic,,49
Qwen-3-Coder-30B,477,challenging,semantic,,50
Qwen-3-Coder-30B,1036,challenging,correct,5.878127522195319,1
Qwen-3-Coder-30B,1036,challenging,correct,0.9229081126999858,2
Qwen-3-Coder-30B,1036,challenging,correct,1.40352686397855,3
Qwen-3-Coder-30B,1036,challenging,correct,1.1528931642617695,4
Qwen-3-Coder-30B,1036,challenging,correct,1.7972508591065293,5
Qwen-3-Coder-30B,1036,challenging,correct,1.3243501326259948,6
Qwen-3-Coder-30B,1036,challenging,correct,1.3581665957144884,7
Qwen-3-Coder-30B,1036,challenging,correct,1.2326418899452607,8
Qwen-3-Coder-30B,1036,challenging,correct,1.2088760981520752,9
Qwen-3-Coder-30B,1036,challenging,correct,1.189208128941836,10
Qwen-3-Coder-30B,1036,challenging,correct,1.3272201984675291,11
Qwen-3-Coder-30B,1036,challenging,correct,0.7120773506252895,12
Qwen-3-Coder-30B,1036,challenging,correct,1.5601829327624792,13
Qwen-3-Coder-30B,1036,challenging,hallucination,,14
Qwen-3-Coder-30B,1036,challenging,correct,1.6047539417104635,15
Qwen-3-Coder-30B,1036,challenging,correct,1.3080834959493821,16
Qwen-3-Coder-30B,1036,challenging,correct,1.169832402234637,17
Qwen-3-Coder-30B,1036,challenging,correct,1.7877545622851096,18
Qwen-3-Coder-30B,1036,challenging,correct,0.6770614257741678,19
Qwen-3-Coder-30B,1036,challenging,correct,1.126005693773982,20
Qwen-3-Coder-30B,1036,challenging,correct,1.0632336923635484,21
Qwen-3-Coder-30B,1036,challenging,correct,1.089722517644784,22
Qwen-3-Coder-30B,1036,challenging,correct,0.8711971552745951,23
Qwen-3-Coder-30B,1036,challenging,correct,1.1571075940177145,24
Qwen-3-Coder-30B,1036,challenging,correct,0.9004349511218294,25
Qwen-3-Coder-30B,1036,challenging,correct,1.1790347405452946,26
Qwen-3-Coder-30B,1036,challenging,correct,1.1835527288862595,27
Qwen-3-Coder-30B,1036,challenging,correct,0.274990656866758,28
Qwen-3-Coder-30B,1036,challenging,correct,0.8896504878350007,29
Qwen-3-Coder-30B,1036,challenging,correct,1.3129139072847682,30
Qwen-3-Coder-30B,1036,challenging,correct,1.1182663385288487,31
Qwen-3-Coder-30B,1036,challenging,correct,1.360138723312019,32
Qwen-3-Coder-30B,1036,challenging,correct,1.1801865460712266,33
Qwen-3-Coder-30B,1036,challenging,correct,1.438170525127047,34
Qwen-3-Coder-30B,1036,challenging,correct,1.1174757281553398,35
Qwen-3-Coder-30B,1036,challenging,correct,1.240904478909987,36
Qwen-3-Coder-30B,1036,challenging,correct,0.9822485207100592,37
Qwen-3-Coder-30B,1036,challenging,correct,2.174585635359116,38
Qwen-3-Coder-30B,1036,challenging,correct,1.254550468836183,39
Qwen-3-Coder-30B,1036,challenging,correct,0.9344923154446964,40
Qwen-3-Coder-30B,1036,challenging,correct,1.480321746624533,41
Qwen-3-Coder-30B,1036,challenging,correct,1.0607575946993375,42
Qwen-3-Coder-30B,1036,challenging,correct,1.295654979565498,43
Qwen-3-Coder-30B,1036,challenging,correct,1.0500730508699694,44
Qwen-3-Coder-30B,1036,challenging,correct,1.8794754098360655,45
Qwen-3-Coder-30B,1036,challenging,correct,1.0325744732380722,46
Qwen-3-Coder-30B,1036,challenging,correct,1.1507470651013874,47
Qwen-3-Coder-30B,1036,challenging,correct,0.8395818935729095,48
Qwen-3-Coder-30B,1036,challenging,correct,1.1773124834349324,49
Qwen-3-Coder-30B,1036,challenging,correct,1.4227659803815889,50
Qwen-3-Coder-30B,1192,challenging,correct,21.685707428297132,1
Qwen-3-Coder-30B,1192,challenging,correct,1.2404677173360448,2
Qwen-3-Coder-30B,1192,challenging,correct,0.964956360751124,3
Qwen-3-Coder-30B,1192,challenging,correct,1.1041072447233313,4
Qwen-3-Coder-30B,1192,challenging,correct,1.1715039577836412,5
Qwen-3-Coder-30B,1192,challenging,correct,1.1754451733833178,6
Qwen-3-Coder-30B,1192,challenging,correct,0.9322307382008874,7
Qwen-3-Coder-30B,1192,challenging,correct,1.1463289406126989,8
Qwen-3-Coder-30B,1192,challenging,correct,1.2154351395730707,9
Qwen-3-Coder-30B,1192,challenging,correct,1.6433906342620035,10
Qwen-3-Coder-30B,1192,challenging,correct,1.0751231527093597,11
Qwen-3-Coder-30B,1192,challenging,correct,1.1102218988723171,12
Qwen-3-Coder-30B,1192,challenging,correct,1.106610733400839,13
Qwen-3-Coder-30B,1192,challenging,correct,1.0550146056475171,14
Qwen-3-Coder-30B,1192,challenging,correct,1.1682890303257207,15
Qwen-3-Coder-30B,1192,challenging,correct,0.8908301929884663,16
Qwen-3-Coder-30B,1192,challenging,correct,1.1022494887525562,17
Qwen-3-Coder-30B,1192,challenging,correct,1.0183723462166576,18
Qwen-3-Coder-30B,1192,challenging,correct,1.1094360692350642,19
Qwen-3-Coder-30B,1192,challenging,correct,1.2810693641618498,20
Qwen-3-Coder-30B,1192,challenging,correct,1.0044898591113176,21
Qwen-3-Coder-30B,1192,challenging,correct,0.6675246675246675,22
Qwen-3-Coder-30B,1192,challenging,correct,1.0550444162436547,23
Qwen-3-Coder-30B,1192,challenging,correct,1.2086635692812244,24
Qwen-3-Coder-30B,1192,challenging,correct,0.9758125472411187,25
Qwen-3-Coder-30B,1192,challenging,correct,0.9610527917237183,26
Qwen-3-Coder-30B,1192,challenging,correct,1.1457706452691407,27
Qwen-3-Coder-30B,1192,challenging,correct,1.0094089583885502,28
Qwen-3-Coder-30B,1192,challenging,correct,1.254585597826087,29
Qwen-3-Coder-30B,1192,challenging,correct,1.7198656769176388,30
Qwen-3-Coder-30B,1192,challenging,correct,0.9029800881999198,31
Qwen-3-Coder-30B,1192,challenging,correct,0.969592599881913,32
Qwen-3-Coder-30B,1192,challenging,correct,1.1772862910303667,33
Qwen-3-Coder-30B,1192,challenging,correct,1.5316011235955056,34
Qwen-3-Coder-30B,1192,challenging,correct,0.7565380555881318,35
Qwen-3-Coder-30B,1192,challenging,correct,1.1393619573039098,36
Qwen-3-Coder-30B,1192,challenging,correct,0.9891408495688279,37
Qwen-3-Coder-30B,1192,challenging,correct,1.1646444695259595,38
Qwen-3-Coder-30B,1192,challenging,correct,1.4997914639232588,39
Qwen-3-Coder-30B,1192,challenging,correct,1.340228013029316,40
Qwen-3-Coder-30B,1192,challenging,correct,1.0254752851711026,41
Qwen-3-Coder-30B,1192,challenging,correct,1.057182950359586,42
Qwen-3-Coder-30B,1192,challenging,correct,1.04956094656943,43
Qwen-3-Coder-30B,1192,challenging,correct,1.1029823694183556,44
Qwen-3-Coder-30B,1192,challenging,correct,1.2478740157480315,45
Qwen-3-Coder-30B,1192,challenging,correct,0.992658934077228,46
Qwen-3-Coder-30B,1192,challenging,correct,1.032998401461521,47
Qwen-3-Coder-30B,1192,challenging,correct,1.232733284349743,48
Qwen-3-Coder-30B,1192,challenging,correct,1.1430694908955779,49
Qwen-3-Coder-30B,1192,challenging,correct,1.3391764051196438,50
Qwen-3-Coder-30B,1168,challenging,other,,1
Qwen-3-Coder-30B,1168,challenging,other,,2
Qwen-3-Coder-30B,1168,challenging,other,,3
Qwen-3-Coder-30B,1168,challenging,other,,4
Qwen-3-Coder-30B,1168,challenging,other,,5
Qwen-3-Coder-30B,1168,challenging,other,,6
Qwen-3-Coder-30B,1168,challenging,other,,7
Qwen-3-Coder-30B,1168,challenging,other,,8
Qwen-3-Coder-30B,1168,challenging,other,,9
Qwen-3-Coder-30B,1168,challenging,other,,10
Qwen-3-Coder-30B,1168,challenging,other,,11
Qwen-3-Coder-30B,1168,challenging,other,,12
Qwen-3-Coder-30B,1168,challenging,other,,13
Qwen-3-Coder-30B,1168,challenging,other,,14
Qwen-3-Coder-30B,1168,challenging,other,,15
Qwen-3-Coder-30B,1168,challenging,other,,16
Qwen-3-Coder-30B,1168,challenging,other,,17
Qwen-3-Coder-30B,1168,challenging,other,,18
Qwen-3-Coder-30B,1168,challenging,other,,19
Qwen-3-Coder-30B,1168,challenging,other,,20
Qwen-3-Coder-30B,1168,challenging,other,,21
Qwen-3-Coder-30B,1168,challenging,other,,22
Qwen-3-Coder-30B,1168,challenging,other,,23
Qwen-3-Coder-30B,1168,challenging,other,,24
Qwen-3-Coder-30B,1168,challenging,other,,25
Qwen-3-Coder-30B,1168,challenging,other,,26
Qwen-3-Coder-30B,1168,challenging,other,,27
Qwen-3-Coder-30B,1168,challenging,other,,28
Qwen-3-Coder-30B,1168,challenging,other,,29
Qwen-3-Coder-30B,1168,challenging,other,,30
Qwen-3-Coder-30B,1168,challenging,other,,31
Qwen-3-Coder-30B,1168,challenging,other,,32
Qwen-3-Coder-30B,1168,challenging,other,,33
Qwen-3-Coder-30B,1168,challenging,other,,34
Qwen-3-Coder-30B,1168,challenging,other,,35
Qwen-3-Coder-30B,1168,challenging,other,,36
Qwen-3-Coder-30B,1168,challenging,other,,37
Qwen-3-Coder-30B,1168,challenging,other,,38
Qwen-3-Coder-30B,1168,challenging,other,,39
Qwen-3-Coder-30B,1168,challenging,other,,40
Qwen-3-Coder-30B,1168,challenging,other,,41
Qwen-3-Coder-30B,1168,challenging,other,,42
Qwen-3-Coder-30B,1168,challenging,other,,43
Qwen-3-Coder-30B,1168,challenging,other,,44
Qwen-3-Coder-30B,1168,challenging,other,,45
Qwen-3-Coder-30B,1168,challenging,other,,46
Qwen-3-Coder-30B,1168,challenging,other,,47
Qwen-3-Coder-30B,1168,challenging,semantic,,48
Qwen-3-Coder-30B,1168,challenging,other,,49
Qwen-3-Coder-30B,1168,challenging,other,,50
Qwen-3-Coder-30B,1437,challenging,semantic,,1
Qwen-3-Coder-30B,1437,challenging,semantic,,2
Qwen-3-Coder-30B,1437,challenging,semantic,,3
Qwen-3-Coder-30B,1437,challenging,semantic,,4
Qwen-3-Coder-30B,1437,challenging,semantic,,5
Qwen-3-Coder-30B,1437,challenging,semantic,,6
Qwen-3-Coder-30B,1437,challenging,semantic,,7
Qwen-3-Coder-30B,1437,challenging,semantic,,8
Qwen-3-Coder-30B,1437,challenging,semantic,,9
Qwen-3-Coder-30B,1437,challenging,semantic,,10
Qwen-3-Coder-30B,1437,challenging,semantic,,11
Qwen-3-Coder-30B,1437,challenging,semantic,,12
Qwen-3-Coder-30B,1437,challenging,semantic,,13
Qwen-3-Coder-30B,1437,challenging,semantic,,14
Qwen-3-Coder-30B,1437,challenging,semantic,,15
Qwen-3-Coder-30B,1437,challenging,semantic,,16
Qwen-3-Coder-30B,1437,challenging,semantic,,17
Qwen-3-Coder-30B,1437,challenging,semantic,,18
Qwen-3-Coder-30B,1437,challenging,semantic,,19
Qwen-3-Coder-30B,1437,challenging,semantic,,20
Qwen-3-Coder-30B,1437,challenging,semantic,,21
Qwen-3-Coder-30B,1437,challenging,semantic,,22
Qwen-3-Coder-30B,1437,challenging,semantic,,23
Qwen-3-Coder-30B,1437,challenging,semantic,,24
Qwen-3-Coder-30B,1437,challenging,semantic,,25
Qwen-3-Coder-30B,1437,challenging,semantic,,26
Qwen-3-Coder-30B,1437,challenging,semantic,,27
Qwen-3-Coder-30B,1437,challenging,semantic,,28
Qwen-3-Coder-30B,1437,challenging,semantic,,29
Qwen-3-Coder-30B,1437,challenging,semantic,,30
Qwen-3-Coder-30B,1437,challenging,semantic,,31
Qwen-3-Coder-30B,1437,challenging,semantic,,32
Qwen-3-Coder-30B,1437,challenging,semantic,,33
Qwen-3-Coder-30B,1437,challenging,semantic,,34
Qwen-3-Coder-30B,1437,challenging,semantic,,35
Qwen-3-Coder-30B,1437,challenging,semantic,,36
Qwen-3-Coder-30B,1437,challenging,semantic,,37
Qwen-3-Coder-30B,1437,challenging,semantic,,38
Qwen-3-Coder-30B,1437,challenging,semantic,,39
Qwen-3-Coder-30B,1437,challenging,semantic,,40
Qwen-3-Coder-30B,1437,challenging,semantic,,41
Qwen-3-Coder-30B,1437,challenging,semantic,,42
Qwen-3-Coder-30B,1437,challenging,semantic,,43
Qwen-3-Coder-30B,1437,challenging,semantic,,44
Qwen-3-Coder-30B,1437,challenging,semantic,,45
Qwen-3-Coder-30B,1437,challenging,semantic,,46
Qwen-3-Coder-30B,1437,challenging,semantic,,47
Qwen-3-Coder-30B,1437,challenging,semantic,,48
Qwen-3-Coder-30B,1437,challenging,semantic,,49
Qwen-3-Coder-30B,1437,challenging,semantic,,50
Qwen-3-Coder-30B,521,challenging,semantic,,1
Qwen-3-Coder-30B,521,challenging,semantic,,2
Qwen-3-Coder-30B,521,challenging,semantic,,3
Qwen-3-Coder-30B,521,challenging,semantic,,4
Qwen-3-Coder-30B,521,challenging,semantic,,5
Qwen-3-Coder-30B,521,challenging,semantic,,6
Qwen-3-Coder-30B,521,challenging,semantic,,7
Qwen-3-Coder-30B,521,challenging,semantic,,8
Qwen-3-Coder-30B,521,challenging,semantic,,9
Qwen-3-Coder-30B,521,challenging,semantic,,10
Qwen-3-Coder-30B,521,challenging,semantic,,11
Qwen-3-Coder-30B,521,challenging,semantic,,12
Qwen-3-Coder-30B,521,challenging,semantic,,13
Qwen-3-Coder-30B,521,challenging,semantic,,14
Qwen-3-Coder-30B,521,challenging,semantic,,15
Qwen-3-Coder-30B,521,challenging,semantic,,16
Qwen-3-Coder-30B,521,challenging,semantic,,17
Qwen-3-Coder-30B,521,challenging,semantic,,18
Qwen-3-Coder-30B,521,challenging,semantic,,19
Qwen-3-Coder-30B,521,challenging,semantic,,20
Qwen-3-Coder-30B,521,challenging,semantic,,21
Qwen-3-Coder-30B,521,challenging,semantic,,22
Qwen-3-Coder-30B,521,challenging,semantic,,23
Qwen-3-Coder-30B,521,challenging,semantic,,24
Qwen-3-Coder-30B,521,challenging,semantic,,25
Qwen-3-Coder-30B,521,challenging,semantic,,26
Qwen-3-Coder-30B,521,challenging,semantic,,27
Qwen-3-Coder-30B,521,challenging,semantic,,28
Qwen-3-Coder-30B,521,challenging,semantic,,29
Qwen-3-Coder-30B,521,challenging,semantic,,30
Qwen-3-Coder-30B,521,challenging,semantic,,31
Qwen-3-Coder-30B,521,challenging,semantic,,32
Qwen-3-Coder-30B,521,challenging,semantic,,33
Qwen-3-Coder-30B,521,challenging,semantic,,34
Qwen-3-Coder-30B,521,challenging,semantic,,35
Qwen-3-Coder-30B,521,challenging,semantic,,36
Qwen-3-Coder-30B,521,challenging,semantic,,37
Qwen-3-Coder-30B,521,challenging,semantic,,38
Qwen-3-Coder-30B,521,challenging,semantic,,39
Qwen-3-Coder-30B,521,challenging,semantic,,40
Qwen-3-Coder-30B,521,challenging,semantic,,41
Qwen-3-Coder-30B,521,challenging,semantic,,42
Qwen-3-Coder-30B,521,challenging,semantic,,43
Qwen-3-Coder-30B,521,challenging,semantic,,44
Qwen-3-Coder-30B,521,challenging,semantic,,45
Qwen-3-Coder-30B,521,challenging,semantic,,46
Qwen-3-Coder-30B,521,challenging,semantic,,47
Qwen-3-Coder-30B,521,challenging,semantic,,48
Qwen-3-Coder-30B,521,challenging,semantic,,49
Qwen-3-Coder-30B,521,challenging,semantic,,50
Qwen-3-Coder-30B,212,challenging,correct,2.0960958927301663,1
Qwen-3-Coder-30B,212,challenging,correct,0.9229639865273339,2
Qwen-3-Coder-30B,212,challenging,correct,1.0468640033119436,3
Qwen-3-Coder-30B,212,challenging,correct,0.8736436160157284,4
Qwen-3-Coder-30B,212,challenging,correct,0.7139984062535575,5
Qwen-3-Coder-30B,212,challenging,correct,0.9534136546184739,6
Qwen-3-Coder-30B,212,challenging,correct,0.9127714081726933,7
Qwen-3-Coder-30B,212,challenging,correct,0.8121694962426941,8
Qwen-3-Coder-30B,212,challenging,correct,0.8548737021540369,9
Qwen-3-Coder-30B,212,challenging,correct,0.831165519000255,10
Qwen-3-Coder-30B,212,challenging,correct,1.0242142595083772,11
Qwen-3-Coder-30B,212,challenging,correct,0.7620464690397162,12
Qwen-3-Coder-30B,212,challenging,correct,0.8337712685763515,13
Qwen-3-Coder-30B,212,challenging,correct,1.0348068905844412,14
Qwen-3-Coder-30B,212,challenging,correct,0.880116300036062,15
Qwen-3-Coder-30B,212,challenging,correct,0.7210780017528484,16
Qwen-3-Coder-30B,212,challenging,correct,0.9502666727446779,17
Qwen-3-Coder-30B,212,challenging,correct,0.832395806699054,18
Qwen-3-Coder-30B,212,challenging,correct,0.7389062036212526,19
Qwen-3-Coder-30B,212,challenging,correct,0.7646824765239535,20
Qwen-3-Coder-30B,212,challenging,correct,0.8272179847450823,21
Qwen-3-Coder-30B,212,challenging,correct,0.8235706876563549,22
Qwen-3-Coder-30B,212,challenging,correct,0.8274976457495078,23
Qwen-3-Coder-30B,212,challenging,correct,0.9307568438003221,24
Qwen-3-Coder-30B,212,challenging,correct,0.8409273990534689,25
Qwen-3-Coder-30B,212,challenging,correct,0.9538408837886443,26
Qwen-3-Coder-30B,212,challenging,correct,0.982859183430544,27
Qwen-3-Coder-30B,212,challenging,correct,0.8479225322071495,28
Qwen-3-Coder-30B,212,challenging,correct,1.0227793915303471,29
Qwen-3-Coder-30B,212,challenging,correct,0.7499714535835268,30
Qwen-3-Coder-30B,212,challenging,correct,0.1136651302748788,31
Qwen-3-Coder-30B,212,challenging,correct,0.7198931561288642,32
Qwen-3-Coder-30B,212,challenging,correct,0.8457876392076851,33
Qwen-3-Coder-30B,212,challenging,correct,0.9690177412375595,34
Qwen-3-Coder-30B,212,challenging,correct,0.883616947386699,35
Qwen-3-Coder-30B,212,challenging,correct,0.6163487010529597,36
Qwen-3-Coder-30B,212,challenging,correct,1.0741194018434237,37
Qwen-3-Coder-30B,212,challenging,correct,0.8019605554907224,38
Qwen-3-Coder-30B,212,challenging,correct,0.8374443342024505,39
Qwen-3-Coder-30B,212,challenging,correct,0.8116304716661011,40
Qwen-3-Coder-30B,212,challenging,correct,0.8101984053402559,41
Qwen-3-Coder-30B,212,challenging,correct,0.8258036646387559,42
Qwen-3-Coder-30B,212,challenging,correct,0.8809106115621558,43
Qwen-3-Coder-30B,212,challenging,correct,1.071961059463252,44
Qwen-3-Coder-30B,212,challenging,correct,0.983848696598184,45
Qwen-3-Coder-30B,212,challenging,correct,1.4547791638570464,46
Qwen-3-Coder-30B,212,challenging,correct,0.8806183916761448,47
Qwen-3-Coder-30B,212,challenging,correct,0.7393346531578743,48
Qwen-3-Coder-30B,212,challenging,correct,0.763085767765225,49
Qwen-3-Coder-30B,212,challenging,correct,0.8546648117554996,50
Qwen-3-Coder-30B,1476,challenging,hallucination,,1
Qwen-3-Coder-30B,1476,challenging,correct,4.150062775460026,2
Qwen-3-Coder-30B,1476,challenging,correct,0.5007489687276749,3
Qwen-3-Coder-30B,1476,challenging,correct,2.266037523873722,4
Qwen-3-Coder-30B,1476,challenging,correct,1.0131194495427946,5
Qwen-3-Coder-30B,1476,challenging,correct,2.7796528802115392,6
Qwen-3-Coder-30B,1476,challenging,correct,1.1629996032770575,7
Qwen-3-Coder-30B,1476,challenging,correct,1.1850959789268407,8
Qwen-3-Coder-30B,1476,challenging,correct,1.3201396628393915,9
Qwen-3-Coder-30B,1476,challenging,correct,0.5624616359037115,10
Qwen-3-Coder-30B,1476,challenging,correct,1.1071735784136183,11
Qwen-3-Coder-30B,1476,challenging,correct,1.085119863648153,12
Qwen-3-Coder-30B,1476,challenging,correct,0.47992971528026446,13
Qwen-3-Coder-30B,1476,challenging,correct,0.9660645132406599,14
Qwen-3-Coder-30B,1476,challenging,correct,1.421374937003506,15
Qwen-3-Coder-30B,1476,challenging,correct,0.5885567697953212,16
Qwen-3-Coder-30B,1476,challenging,correct,1.0418138922217208,17
Qwen-3-Coder-30B,1476,challenging,correct,1.8296934887019665,18
Qwen-3-Coder-30B,1476,challenging,correct,1.0466259100072546,19
Qwen-3-Coder-30B,1476,challenging,correct,1.12992517962092,20
Qwen-3-Coder-30B,1476,challenging,correct,1.2299586274842649,21
Qwen-3-Coder-30B,1476,challenging,correct,1.9196389015737567,22
Qwen-3-Coder-30B,1476,challenging,correct,2.504476347270896,23
Qwen-3-Coder-30B,1476,challenging,correct,2.4101483944998736,24
Qwen-3-Coder-30B,1476,challenging,correct,1.2916472182060361,25
Qwen-3-Coder-30B,1476,challenging,correct,1.0836823130985762,26
Qwen-3-Coder-30B,1476,challenging,correct,1.0719849404510453,27
Qwen-3-Coder-30B,1476,challenging,correct,1.0774180274208331,28
Qwen-3-Coder-30B,1476,challenging,correct,1.0177456138775656,29
Qwen-3-Coder-30B,1476,challenging,correct,1.0728306891227333,30
Qwen-3-Coder-30B,1476,challenging,correct,2.2779283135444968,31
Qwen-3-Coder-30B,1476,challenging,correct,1.0567075254121465,32
Qwen-3-Coder-30B,1476,challenging,correct,1.931385786633028,33
Qwen-3-Coder-30B,1476,challenging,correct,1.0625274798977562,34
Qwen-3-Coder-30B,1476,challenging,correct,1.4213960972141668,35
Qwen-3-Coder-30B,1476,challenging,correct,2.0296225092914297,36
Qwen-3-Coder-30B,1476,challenging,correct,1.09256822858685,37
Qwen-3-Coder-30B,1476,challenging,correct,1.096872636415291,38
Qwen-3-Coder-30B,1476,challenging,correct,1.13077964641258,39
Qwen-3-Coder-30B,1476,challenging,correct,2.0491569433764614,40
Qwen-3-Coder-30B,1476,challenging,correct,1.0964420503541294,41
Qwen-3-Coder-30B,1476,challenging,correct,2.0563510834341794,42
Qwen-3-Coder-30B,1476,challenging,correct,0.9714966713240734,43
Qwen-3-Coder-30B,1476,challenging,correct,1.0885932528963322,44
Qwen-3-Coder-30B,1476,challenging,correct,0.9999755151010614,45
Qwen-3-Coder-30B,1476,challenging,correct,1.073502108758914,46
Qwen-3-Coder-30B,1476,challenging,correct,0.8854213009668587,47
Qwen-3-Coder-30B,1476,challenging,correct,1.0652770505379099,48
Qwen-3-Coder-30B,1476,challenging,correct,0.9676212669405777,49
Qwen-3-Coder-30B,1476,challenging,correct,0.9154109812525054,50
Qwen-3-Coder-30B,302,challenging,correct,9.184091173392256,1
Qwen-3-Coder-30B,302,challenging,correct,1.1651194943709264,2
Qwen-3-Coder-30B,302,challenging,correct,1.3018610985020427,3
Qwen-3-Coder-30B,302,challenging,correct,1.15203426124197,4
Qwen-3-Coder-30B,302,challenging,correct,0.7984683595324465,5
Qwen-3-Coder-30B,302,challenging,correct,1.0353639060004562,6
Qwen-3-Coder-30B,302,challenging,correct,0.7848123620309051,7
Qwen-3-Coder-30B,302,challenging,correct,0.8734369079196665,8
Qwen-3-Coder-30B,302,challenging,correct,0.9910099889012208,9
Qwen-3-Coder-30B,302,challenging,correct,0.8730847065625903,10
Qwen-3-Coder-30B,302,challenging,correct,1.222393914180435,11
Qwen-3-Coder-30B,302,challenging,correct,1.1419486441084714,12
Qwen-3-Coder-30B,302,challenging,correct,1.018665219750407,13
Qwen-3-Coder-30B,302,challenging,correct,1.63759367194005,14
Qwen-3-Coder-30B,302,challenging,correct,1.066895979124659,15
Qwen-3-Coder-30B,302,challenging,correct,1.1694816540477577,16
Qwen-3-Coder-30B,302,challenging,correct,0.9338167102267937,17
Qwen-3-Coder-30B,302,challenging,correct,1.0845860444245008,18
Qwen-3-Coder-30B,302,challenging,correct,1.1619700748129675,19
Qwen-3-Coder-30B,302,challenging,correct,1.2707410390656464,20
Qwen-3-Coder-30B,302,challenging,correct,1.0823016964695094,21
Qwen-3-Coder-30B,302,challenging,correct,1.0928906773977196,22
Qwen-3-Coder-30B,302,challenging,correct,1.072079536039768,23
Qwen-3-Coder-30B,302,challenging,correct,1.0233203775680177,24
Qwen-3-Coder-30B,302,challenging,correct,1.1182374541003672,25
Qwen-3-Coder-30B,302,challenging,correct,0.8776269295145992,26
Qwen-3-Coder-30B,302,challenging,correct,1.2332132018209407,27
Qwen-3-Coder-30B,302,challenging,correct,1.0748878923766816,28
Qwen-3-Coder-30B,302,challenging,correct,4.806321903272646,29
Qwen-3-Coder-30B,302,challenging,correct,0.867223382045929,30
Qwen-3-Coder-30B,302,challenging,correct,1.0764111977971547,31
Qwen-3-Coder-30B,302,challenging,correct,1.3196687793907176,32
Qwen-3-Coder-30B,302,challenging,correct,1.0806711100896345,33
Qwen-3-Coder-30B,302,challenging,correct,1.0133928571428572,34
Qwen-3-Coder-30B,302,challenging,correct,1.1905834186284545,35
Qwen-3-Coder-30B,302,challenging,correct,0.9459771320675548,36
Qwen-3-Coder-30B,302,challenging,correct,0.9928972755221033,37
Qwen-3-Coder-30B,302,challenging,correct,1.1590446610260254,38
Qwen-3-Coder-30B,302,challenging,correct,1.0181159420289856,39
Qwen-3-Coder-30B,302,challenging,correct,0.971219855659215,40
Qwen-3-Coder-30B,302,challenging,correct,1.0559424052873834,41
Qwen-3-Coder-30B,302,challenging,correct,0.827686095505618,42
Qwen-3-Coder-30B,302,challenging,correct,1.0585765047916442,43
Qwen-3-Coder-30B,302,challenging,correct,1.044507384179648,44
Qwen-3-Coder-30B,302,challenging,correct,1.0810154257257378,45
Qwen-3-Coder-30B,302,challenging,correct,1.1662328442972079,46
Qwen-3-Coder-30B,302,challenging,correct,1.0211876761590049,47
Qwen-3-Coder-30B,302,challenging,correct,0.9607150070692789,48
Qwen-3-Coder-30B,302,challenging,correct,0.9372239747634069,49
Qwen-3-Coder-30B,302,challenging,correct,1.2431425976385104,50
Qwen-3-Coder-30B,1429,challenging,semantic,,1
Qwen-3-Coder-30B,1429,challenging,correct,1.6131270010672358,2
Qwen-3-Coder-30B,1429,challenging,correct,1.3075339645944832,3
Qwen-3-Coder-30B,1429,challenging,correct,1.3727905731119443,4
Qwen-3-Coder-30B,1429,challenging,correct,1.3311148086522462,5
Qwen-3-Coder-30B,1429,challenging,correct,1.3800792864222002,6
Qwen-3-Coder-30B,1429,challenging,correct,1.4606494221243809,7
Qwen-3-Coder-30B,1429,challenging,correct,1.275925925925926,8
Qwen-3-Coder-30B,1429,challenging,correct,1.1137422360248448,9
Qwen-3-Coder-30B,1429,challenging,correct,1.4752313554708765,10
Qwen-3-Coder-30B,1429,challenging,correct,1.234005763688761,11
Qwen-3-Coder-30B,1429,challenging,correct,1.586334745762712,12
Qwen-3-Coder-30B,1429,challenging,correct,1.1790073230268512,13
Qwen-3-Coder-30B,1429,challenging,correct,1.0868263473053892,14
Qwen-3-Coder-30B,1429,challenging,correct,0.6009969657563936,15
Qwen-3-Coder-30B,1429,challenging,correct,1.2851746931067045,16
Qwen-3-Coder-30B,1429,challenging,correct,1.361988847583643,17
Qwen-3-Coder-30B,1429,challenging,correct,1.47279865395401,18
Qwen-3-Coder-30B,1429,challenging,correct,1.5139240506329115,19
Qwen-3-Coder-30B,1429,challenging,correct,1.0527103923330339,20
Qwen-3-Coder-30B,1429,challenging,correct,2.361545538178473,21
Qwen-3-Coder-30B,1429,challenging,correct,1.5480876346082435,22
Qwen-3-Coder-30B,1429,challenging,correct,0.9323471829453992,23
Qwen-3-Coder-30B,1429,challenging,correct,412.59728155339803,24
Qwen-3-Coder-30B,1429,challenging,correct,0.8772785078423061,25
Qwen-3-Coder-30B,1429,challenging,correct,1.4190086867654574,26
Qwen-3-Coder-30B,1429,challenging,correct,1.470487106017192,27
Qwen-3-Coder-30B,1429,challenging,correct,1.6004489337822672,28
Qwen-3-Coder-30B,1429,challenging,correct,0.6050498031040075,29
Qwen-3-Coder-30B,1429,challenging,correct,1.4256613756613756,30
Qwen-3-Coder-30B,1429,challenging,correct,1.5341949380721593,31
Qwen-3-Coder-30B,1429,challenging,correct,1.081782778018174,32
Qwen-3-Coder-30B,1429,challenging,correct,1.550604898200059,33
Qwen-3-Coder-30B,1429,challenging,correct,1.361796643632774,34
Qwen-3-Coder-30B,1429,challenging,correct,26.289302850691506,35
Qwen-3-Coder-30B,1429,challenging,correct,1.0591049817056009,36
Qwen-3-Coder-30B,1429,challenging,correct,1.5296220633299284,37
Qwen-3-Coder-30B,1429,challenging,correct,1.5557883708748035,38
Qwen-3-Coder-30B,1429,challenging,correct,0.9754492533535813,39
Qwen-3-Coder-30B,1429,challenging,correct,2.105089538171536,40
Qwen-3-Coder-30B,1429,challenging,correct,0.8424376381433534,41
Qwen-3-Coder-30B,1429,challenging,correct,1.8170031487312466,42
Qwen-3-Coder-30B,1429,challenging,correct,0.6764559482329517,43
Qwen-3-Coder-30B,1429,challenging,correct,1.5994208494208495,44
Qwen-3-Coder-30B,1429,challenging,correct,1.0721623749447933,45
Qwen-3-Coder-30B,1429,challenging,correct,1.3417061611374408,46
Qwen-3-Coder-30B,1429,challenging,correct,1.9429947812123645,47
Qwen-3-Coder-30B,1429,challenging,correct,1.2466367713004485,48
Qwen-3-Coder-30B,1429,challenging,correct,2.372670807453416,49
Qwen-3-Coder-30B,1429,challenging,correct,1.1956792687993352,50
Qwen-3-Coder-30B,1071,challenging,semantic,,1
Qwen-3-Coder-30B,1071,challenging,semantic,,2
Qwen-3-Coder-30B,1071,challenging,semantic,,3
Qwen-3-Coder-30B,1071,challenging,semantic,,4
Qwen-3-Coder-30B,1071,challenging,semantic,,5
Qwen-3-Coder-30B,1071,challenging,semantic,,6
Qwen-3-Coder-30B,1071,challenging,semantic,,7
Qwen-3-Coder-30B,1071,challenging,semantic,,8
Qwen-3-Coder-30B,1071,challenging,semantic,,9
Qwen-3-Coder-30B,1071,challenging,semantic,,10
Qwen-3-Coder-30B,1071,challenging,semantic,,11
Qwen-3-Coder-30B,1071,challenging,semantic,,12
Qwen-3-Coder-30B,1071,challenging,semantic,,13
Qwen-3-Coder-30B,1071,challenging,semantic,,14
Qwen-3-Coder-30B,1071,challenging,semantic,,15
Qwen-3-Coder-30B,1071,challenging,semantic,,16
Qwen-3-Coder-30B,1071,challenging,semantic,,17
Qwen-3-Coder-30B,1071,challenging,semantic,,18
Qwen-3-Coder-30B,1071,challenging,semantic,,19
Qwen-3-Coder-30B,1071,challenging,semantic,,20
Qwen-3-Coder-30B,1071,challenging,semantic,,21
Qwen-3-Coder-30B,1071,challenging,semantic,,22
Qwen-3-Coder-30B,1071,challenging,semantic,,23
Qwen-3-Coder-30B,1071,challenging,semantic,,24
Qwen-3-Coder-30B,1071,challenging,semantic,,25
Qwen-3-Coder-30B,1071,challenging,semantic,,26
Qwen-3-Coder-30B,1071,challenging,semantic,,27
Qwen-3-Coder-30B,1071,challenging,semantic,,28
Qwen-3-Coder-30B,1071,challenging,semantic,,29
Qwen-3-Coder-30B,1071,challenging,semantic,,30
Qwen-3-Coder-30B,1071,challenging,semantic,,31
Qwen-3-Coder-30B,1071,challenging,semantic,,32
Qwen-3-Coder-30B,1071,challenging,semantic,,33
Qwen-3-Coder-30B,1071,challenging,semantic,,34
Qwen-3-Coder-30B,1071,challenging,semantic,,35
Qwen-3-Coder-30B,1071,challenging,semantic,,36
Qwen-3-Coder-30B,1071,challenging,semantic,,37
Qwen-3-Coder-30B,1071,challenging,semantic,,38
Qwen-3-Coder-30B,1071,challenging,semantic,,39
Qwen-3-Coder-30B,1071,challenging,semantic,,40
Qwen-3-Coder-30B,1071,challenging,semantic,,41
Qwen-3-Coder-30B,1071,challenging,semantic,,42
Qwen-3-Coder-30B,1071,challenging,semantic,,43
Qwen-3-Coder-30B,1071,challenging,semantic,,44
Qwen-3-Coder-30B,1071,challenging,semantic,,45
Qwen-3-Coder-30B,1071,challenging,semantic,,46
Qwen-3-Coder-30B,1071,challenging,semantic,,47
Qwen-3-Coder-30B,1071,challenging,semantic,,48
Qwen-3-Coder-30B,1071,challenging,semantic,,49
Qwen-3-Coder-30B,1071,challenging,semantic,,50
Qwen-3-Coder-30B,307,challenging,correct,14.498730248306998,1
Qwen-3-Coder-30B,307,challenging,correct,3.0792892837312604,2
Qwen-3-Coder-30B,307,challenging,correct,1.9811830985915493,3
Qwen-3-Coder-30B,307,challenging,correct,1.9131460213289582,4
Qwen-3-Coder-30B,307,challenging,correct,1.9696530044734615,5
Qwen-3-Coder-30B,307,challenging,correct,1.5231457401435555,6
Qwen-3-Coder-30B,307,challenging,correct,1.9707499450186936,7
Qwen-3-Coder-30B,307,challenging,correct,1.7953405417456247,8
Qwen-3-Coder-30B,307,challenging,correct,1.2898219990871749,9
Qwen-3-Coder-30B,307,challenging,correct,1.761157638079084,10
Qwen-3-Coder-30B,307,challenging,correct,1.4553195471133153,11
Qwen-3-Coder-30B,307,challenging,correct,1.6661770106500184,12
Qwen-3-Coder-30B,307,challenging,correct,1.7229251305861868,13
Qwen-3-Coder-30B,307,challenging,correct,1.5828199863107462,14
Qwen-3-Coder-30B,307,challenging,correct,2.460650375216471,15
Qwen-3-Coder-30B,307,challenging,correct,1.708259272425643,16
Qwen-3-Coder-30B,307,challenging,correct,1.3236207526488857,17
Qwen-3-Coder-30B,307,challenging,correct,1.7303659080767515,18
Qwen-3-Coder-30B,307,challenging,correct,2.1009714758164533,19
Qwen-3-Coder-30B,307,challenging,correct,1.8593127221803296,20
Qwen-3-Coder-30B,307,challenging,correct,1.880232908342536,21
Qwen-3-Coder-30B,307,challenging,correct,1.7086292231547235,22
Qwen-3-Coder-30B,307,challenging,correct,1.5345754542083796,23
Qwen-3-Coder-30B,307,challenging,correct,1.5360483242400624,24
Qwen-3-Coder-30B,307,challenging,correct,1.5293372731110173,25
Qwen-3-Coder-30B,307,challenging,correct,1.737180249851279,26
Qwen-3-Coder-30B,307,challenging,correct,2.589284298961718,27
Qwen-3-Coder-30B,307,challenging,correct,1.7360166703224391,28
Qwen-3-Coder-30B,307,challenging,correct,0.07626135384207386,29
Qwen-3-Coder-30B,307,challenging,correct,2.6230169905191025,30
Qwen-3-Coder-30B,307,challenging,correct,1.7602716846676316,31
Qwen-3-Coder-30B,307,challenging,correct,1.705008106647451,32
Qwen-3-Coder-30B,307,challenging,correct,1.766129980021154,33
Qwen-3-Coder-30B,307,challenging,correct,1.6146509341199606,34
Qwen-3-Coder-30B,307,challenging,correct,1.696663419386264,35
Qwen-3-Coder-30B,307,challenging,correct,1.9960899315738025,36
Qwen-3-Coder-30B,307,challenging,correct,1.9422720962517352,37
Qwen-3-Coder-30B,307,challenging,correct,1.616515202513183,38
Qwen-3-Coder-30B,307,challenging,correct,1.8765523829742066,39
Qwen-3-Coder-30B,307,challenging,correct,1.2156561780506523,40
Qwen-3-Coder-30B,307,challenging,correct,1.477921009325288,41
Qwen-3-Coder-30B,307,challenging,correct,1.3846663511594888,42
Qwen-3-Coder-30B,307,challenging,correct,2.0387411828540425,43
Qwen-3-Coder-30B,307,challenging,correct,1.7914884739751746,44
Qwen-3-Coder-30B,307,challenging,correct,1.7675749657832525,45
Qwen-3-Coder-30B,307,challenging,correct,1.938736591179976,46
Qwen-3-Coder-30B,307,challenging,correct,1.7441053261520048,47
Qwen-3-Coder-30B,307,challenging,correct,1.5165063943689898,48
Qwen-3-Coder-30B,307,challenging,correct,1.0825765891627581,49
Qwen-3-Coder-30B,307,challenging,correct,2.058252427184466,50
Qwen-3-Coder-30B,87,challenging,semantic,,1
Qwen-3-Coder-30B,87,challenging,hallucination,,2
Qwen-3-Coder-30B,87,challenging,hallucination,,3
Qwen-3-Coder-30B,87,challenging,hallucination,,4
Qwen-3-Coder-30B,87,challenging,hallucination,,5
Qwen-3-Coder-30B,87,challenging,hallucination,,6
Qwen-3-Coder-30B,87,challenging,hallucination,,7
Qwen-3-Coder-30B,87,challenging,hallucination,,8
Qwen-3-Coder-30B,87,challenging,hallucination,,9
Qwen-3-Coder-30B,87,challenging,hallucination,,10
Qwen-3-Coder-30B,87,challenging,hallucination,,11
Qwen-3-Coder-30B,87,challenging,hallucination,,12
Qwen-3-Coder-30B,87,challenging,hallucination,,13
Qwen-3-Coder-30B,87,challenging,hallucination,,14
Qwen-3-Coder-30B,87,challenging,hallucination,,15
Qwen-3-Coder-30B,87,challenging,hallucination,,16
Qwen-3-Coder-30B,87,challenging,hallucination,,17
Qwen-3-Coder-30B,87,challenging,hallucination,,18
Qwen-3-Coder-30B,87,challenging,hallucination,,19
Qwen-3-Coder-30B,87,challenging,hallucination,,20
Qwen-3-Coder-30B,87,challenging,hallucination,,21
Qwen-3-Coder-30B,87,challenging,hallucination,,22
Qwen-3-Coder-30B,87,challenging,hallucination,,23
Qwen-3-Coder-30B,87,challenging,hallucination,,24
Qwen-3-Coder-30B,87,challenging,hallucination,,25
Qwen-3-Coder-30B,87,challenging,hallucination,,26
Qwen-3-Coder-30B,87,challenging,hallucination,,27
Qwen-3-Coder-30B,87,challenging,hallucination,,28
Qwen-3-Coder-30B,87,challenging,hallucination,,29
Qwen-3-Coder-30B,87,challenging,hallucination,,30
Qwen-3-Coder-30B,87,challenging,hallucination,,31
Qwen-3-Coder-30B,87,challenging,hallucination,,32
Qwen-3-Coder-30B,87,challenging,hallucination,,33
Qwen-3-Coder-30B,87,challenging,hallucination,,34
Qwen-3-Coder-30B,87,challenging,hallucination,,35
Qwen-3-Coder-30B,87,challenging,hallucination,,36
Qwen-3-Coder-30B,87,challenging,hallucination,,37
Qwen-3-Coder-30B,87,challenging,hallucination,,38
Qwen-3-Coder-30B,87,challenging,hallucination,,39
Qwen-3-Coder-30B,87,challenging,hallucination,,40
Qwen-3-Coder-30B,87,challenging,hallucination,,41
Qwen-3-Coder-30B,87,challenging,hallucination,,42
Qwen-3-Coder-30B,87,challenging,hallucination,,43
Qwen-3-Coder-30B,87,challenging,hallucination,,44
Qwen-3-Coder-30B,87,challenging,hallucination,,45
Qwen-3-Coder-30B,87,challenging,hallucination,,46
Qwen-3-Coder-30B,87,challenging,hallucination,,47
Qwen-3-Coder-30B,87,challenging,hallucination,,48
Qwen-3-Coder-30B,87,challenging,hallucination,,49
Qwen-3-Coder-30B,87,challenging,hallucination,,50
Qwen-3-Coder-30B,1686,Challenging,semantic,,1
Qwen-3-Coder-30B,1686,Challenging,semantic,,2
Qwen-3-Coder-30B,1686,Challenging,semantic,,3
Qwen-3-Coder-30B,1686,Challenging,semantic,,4
Qwen-3-Coder-30B,1686,Challenging,semantic,,5
Qwen-3-Coder-30B,1686,Challenging,semantic,,6
Qwen-3-Coder-30B,1686,Challenging,semantic,,7
Qwen-3-Coder-30B,1686,Challenging,semantic,,8
Qwen-3-Coder-30B,1686,Challenging,semantic,,9
Qwen-3-Coder-30B,1686,Challenging,semantic,,10
Qwen-3-Coder-30B,1686,Challenging,semantic,,11
Qwen-3-Coder-30B,1686,Challenging,semantic,,12
Qwen-3-Coder-30B,1686,Challenging,semantic,,13
Qwen-3-Coder-30B,1686,Challenging,semantic,,14
Qwen-3-Coder-30B,1686,Challenging,semantic,,15
Qwen-3-Coder-30B,1686,Challenging,semantic,,16
Qwen-3-Coder-30B,1686,Challenging,semantic,,17
Qwen-3-Coder-30B,1686,Challenging,semantic,,18
Qwen-3-Coder-30B,1686,Challenging,semantic,,19
Qwen-3-Coder-30B,1686,Challenging,semantic,,20
Qwen-3-Coder-30B,1686,Challenging,semantic,,21
Qwen-3-Coder-30B,1686,Challenging,semantic,,22
Qwen-3-Coder-30B,1686,Challenging,semantic,,23
Qwen-3-Coder-30B,1686,Challenging,semantic,,24
Qwen-3-Coder-30B,1686,Challenging,semantic,,25
Qwen-3-Coder-30B,1686,Challenging,semantic,,26
Qwen-3-Coder-30B,1686,Challenging,semantic,,27
Qwen-3-Coder-30B,1686,Challenging,semantic,,28
Qwen-3-Coder-30B,1686,Challenging,semantic,,29
Qwen-3-Coder-30B,1686,Challenging,semantic,,30
Qwen-3-Coder-30B,1686,Challenging,semantic,,31
Qwen-3-Coder-30B,1686,Challenging,semantic,,32
Qwen-3-Coder-30B,1686,Challenging,semantic,,33
Qwen-3-Coder-30B,1686,Challenging,semantic,,34
Qwen-3-Coder-30B,1686,Challenging,semantic,,35
Qwen-3-Coder-30B,1686,Challenging,semantic,,36
Qwen-3-Coder-30B,1686,Challenging,semantic,,37
Qwen-3-Coder-30B,1686,Challenging,semantic,,38
Qwen-3-Coder-30B,1686,Challenging,semantic,,39
Qwen-3-Coder-30B,1686,Challenging,semantic,,40
Qwen-3-Coder-30B,1686,Challenging,semantic,,41
Qwen-3-Coder-30B,1686,Challenging,semantic,,42
Qwen-3-Coder-30B,1686,Challenging,semantic,,43
Qwen-3-Coder-30B,1686,Challenging,semantic,,44
Qwen-3-Coder-30B,1686,Challenging,semantic,,45
Qwen-3-Coder-30B,1686,Challenging,semantic,,46
Qwen-3-Coder-30B,1686,Challenging,semantic,,47
Qwen-3-Coder-30B,1686,Challenging,semantic,,48
Qwen-3-Coder-30B,1686,Challenging,semantic,,49
Qwen-3-Coder-30B,1686,Challenging,semantic,,50
Qwen-3-Coder-30B,819,challenging,correct,3.750151240169389,1
Qwen-3-Coder-30B,819,challenging,correct,1.3878148799062684,2
Qwen-3-Coder-30B,819,challenging,correct,1.3275393807713198,3
Qwen-3-Coder-30B,819,challenging,correct,1.079455164585698,4
Qwen-3-Coder-30B,819,challenging,correct,1.4693101575230854,5
Qwen-3-Coder-30B,819,challenging,correct,1.459506031016657,6
Qwen-3-Coder-30B,819,challenging,correct,1.1229773462783172,7
Qwen-3-Coder-30B,819,challenging,correct,1.4622093023255813,8
Qwen-3-Coder-30B,819,challenging,correct,2.3121504829689883,9
Qwen-3-Coder-30B,819,challenging,correct,1.0542146305235796,10
Qwen-3-Coder-30B,819,challenging,correct,1.366456059735784,11
Qwen-3-Coder-30B,819,challenging,correct,0.15046710395547605,12
Qwen-3-Coder-30B,819,challenging,correct,2.70984728804634,13
Qwen-3-Coder-30B,819,challenging,correct,1.3536723163841808,14
Qwen-3-Coder-30B,819,challenging,correct,1.4613555291319857,15
Qwen-3-Coder-30B,819,challenging,correct,1.4513888888888888,16
Qwen-3-Coder-30B,819,challenging,correct,0.9192559712534348,17
Qwen-3-Coder-30B,819,challenging,correct,1.5360333531864205,18
Qwen-3-Coder-30B,819,challenging,correct,0.8663119388094447,19
Qwen-3-Coder-30B,819,challenging,correct,1.2460717462199822,20
Qwen-3-Coder-30B,819,challenging,correct,1.5819270549809472,21
Qwen-3-Coder-30B,819,challenging,correct,1.4699769053117784,22
Qwen-3-Coder-30B,819,challenging,correct,1.1823125357756152,23
Qwen-3-Coder-30B,819,challenging,correct,1.3822349570200574,24
Qwen-3-Coder-30B,819,challenging,correct,1.4764492753623188,25
Qwen-3-Coder-30B,819,challenging,correct,1.3655091230135374,26
Qwen-3-Coder-30B,819,challenging,correct,1.2132045088566827,27
Qwen-3-Coder-30B,819,challenging,correct,1.470479704797048,28
Qwen-3-Coder-30B,819,challenging,correct,1.8843606724401427,29
Qwen-3-Coder-30B,819,challenging,correct,1.0234564572661096,30
Qwen-3-Coder-30B,819,challenging,correct,1.3938030984507745,31
Qwen-3-Coder-30B,819,challenging,correct,1.494767441860465,32
Qwen-3-Coder-30B,819,challenging,correct,0.9267749124482649,33
Qwen-3-Coder-30B,819,challenging,correct,1.3578305519897305,34
Qwen-3-Coder-30B,819,challenging,correct,1.282108805384184,35
Qwen-3-Coder-30B,819,challenging,correct,1.4063876651982379,36
Qwen-3-Coder-30B,819,challenging,correct,1.428252372975991,37
Qwen-3-Coder-30B,819,challenging,correct,1.3366571699905032,38
Qwen-3-Coder-30B,819,challenging,correct,1.7524491333835719,39
Qwen-3-Coder-30B,819,challenging,correct,1.4692442882249561,40
Qwen-3-Coder-30B,819,challenging,correct,1.819078947368421,41
Qwen-3-Coder-30B,819,challenging,correct,1.360655737704918,42
Qwen-3-Coder-30B,819,challenging,correct,1.4750440399295361,43
Qwen-3-Coder-30B,819,challenging,correct,1.3031177829099307,44
Qwen-3-Coder-30B,819,challenging,correct,1.1262745098039215,45
Qwen-3-Coder-30B,819,challenging,correct,1.46276322547509,46
Qwen-3-Coder-30B,819,challenging,correct,0.4972322962397404,47
Qwen-3-Coder-30B,819,challenging,correct,1.1624447125050261,48
Qwen-3-Coder-30B,819,challenging,correct,1.4377581120943952,49
Qwen-3-Coder-30B,819,challenging,correct,1.3966121495327102,50
Qwen-3-Coder-30B,322,challenging,correct,3.3705050505050504,1
Qwen-3-Coder-30B,322,challenging,correct,0.5668510084580352,2
Qwen-3-Coder-30B,322,challenging,correct,1.7951219512195122,3
Qwen-3-Coder-30B,322,challenging,correct,2.207185628742515,4
Qwen-3-Coder-30B,322,challenging,correct,1.585076708507671,5
Qwen-3-Coder-30B,322,challenging,correct,1.427105600684053,6
Qwen-3-Coder-30B,322,challenging,correct,1.7571552471812664,7
Qwen-3-Coder-30B,322,challenging,correct,1.5617597292724197,8
Qwen-3-Coder-30B,322,challenging,correct,1.884933774834437,9
Qwen-3-Coder-30B,322,challenging,correct,1.6916058394160585,10
Qwen-3-Coder-30B,322,challenging,correct,1.8327402135231317,11
Qwen-3-Coder-30B,322,challenging,correct,1.3131067961165048,12
Qwen-3-Coder-30B,322,challenging,correct,1.7634315424610052,13
Qwen-3-Coder-30B,322,challenging,correct,1.9752475247524752,14
Qwen-3-Coder-30B,322,challenging,correct,1.3366834170854272,15
Qwen-3-Coder-30B,322,challenging,correct,1.4090909090909092,16
Qwen-3-Coder-30B,322,challenging,correct,1.7495682210708117,17
Qwen-3-Coder-30B,322,challenging,correct,1.6826196473551638,18
Qwen-3-Coder-30B,322,challenging,correct,1.8718300205620289,19
Qwen-3-Coder-30B,322,challenging,correct,1.833913043478261,20
Qwen-3-Coder-30B,322,challenging,correct,1.4296187683284458,21
Qwen-3-Coder-30B,322,challenging,correct,1.5707070707070707,22
Qwen-3-Coder-30B,322,challenging,correct,1.4498847926267282,23
Qwen-3-Coder-30B,322,challenging,correct,1.2747156605424321,24
Qwen-3-Coder-30B,322,challenging,correct,1.3482849604221636,25
Qwen-3-Coder-30B,322,challenging,correct,2.0052117263843647,26
Qwen-3-Coder-30B,322,challenging,correct,1.7159090909090908,27
Qwen-3-Coder-30B,322,challenging,correct,1.5161101347393087,28
Qwen-3-Coder-30B,322,challenging,correct,1.9956479690522244,29
Qwen-3-Coder-30B,322,challenging,correct,0.9661016949152542,30
Qwen-3-Coder-30B,322,challenging,correct,1.7393939393939395,31
Qwen-3-Coder-30B,322,challenging,correct,1.9387608069164266,32
Qwen-3-Coder-30B,322,challenging,correct,0.9345383488031265,33
Qwen-3-Coder-30B,322,challenging,correct,1.7050487156775909,34
Qwen-3-Coder-30B,322,challenging,correct,1.6860949208992506,35
Qwen-3-Coder-30B,322,challenging,correct,1.5400485436893203,36
Qwen-3-Coder-30B,322,challenging,correct,1.6192579505300353,37
Qwen-3-Coder-30B,322,challenging,correct,1.7357651245551602,38
Qwen-3-Coder-30B,322,challenging,correct,1.8278905560458958,39
Qwen-3-Coder-30B,322,challenging,correct,1.5635714285714286,40
Qwen-3-Coder-30B,322,challenging,correct,1.6844700082169268,41
Qwen-3-Coder-30B,322,challenging,correct,1.4528985507246377,42
Qwen-3-Coder-30B,322,challenging,correct,1.7307032590051459,43
Qwen-3-Coder-30B,322,challenging,correct,0.49086895444511336,44
Qwen-3-Coder-30B,322,challenging,correct,1.808960270498732,45
Qwen-3-Coder-30B,322,challenging,correct,1.599009900990099,46
Qwen-3-Coder-30B,322,challenging,correct,1.2310160427807486,47
Qwen-3-Coder-30B,322,challenging,correct,1.8330434782608696,48
Qwen-3-Coder-30B,322,challenging,correct,1.8198924731182795,49
Qwen-3-Coder-30B,322,challenging,correct,1.6594896331738438,50
Qwen-3-Coder-30B,506,challenging,correct,915.3643578643579,1
Qwen-3-Coder-30B,506,challenging,correct,24.23938862928349,2
Qwen-3-Coder-30B,506,challenging,correct,24.582881105081402,3
Qwen-3-Coder-30B,506,challenging,correct,33.46070569366479,4
Qwen-3-Coder-30B,506,challenging,correct,21.12944403418082,5
Qwen-3-Coder-30B,506,challenging,correct,36.05387814138492,6
Qwen-3-Coder-30B,506,challenging,correct,63.15083440308087,7
Qwen-3-Coder-30B,506,challenging,correct,45.55810466336782,8
Qwen-3-Coder-30B,506,challenging,correct,33.001374570446735,9
Qwen-3-Coder-30B,506,challenging,correct,85.85276172125883,10
Qwen-3-Coder-30B,506,challenging,correct,28.28131386861314,11
Qwen-3-Coder-30B,506,challenging,correct,62.21660859465737,12
Qwen-3-Coder-30B,506,challenging,correct,33.06251053074979,13
Qwen-3-Coder-30B,506,challenging,correct,33.66567803592025,14
Qwen-3-Coder-30B,506,challenging,correct,26.966671201197116,15
Qwen-3-Coder-30B,506,challenging,correct,29.9027567403817,16
Qwen-3-Coder-30B,506,challenging,correct,24.069135316131575,17
Qwen-3-Coder-30B,506,challenging,correct,92.56633864947405,18
Qwen-3-Coder-30B,506,challenging,correct,31.58235485975212,19
Qwen-3-Coder-30B,506,challenging,correct,28.784046692607003,20
Qwen-3-Coder-30B,506,challenging,correct,31.54289956517128,21
Qwen-3-Coder-30B,506,challenging,correct,50.733611787910434,22
Qwen-3-Coder-30B,506,challenging,correct,33.251912691269126,23
Qwen-3-Coder-30B,506,challenging,correct,48.20075872534142,24
Qwen-3-Coder-30B,506,challenging,correct,18.862260771188836,25
Qwen-3-Coder-30B,506,challenging,correct,31.522409638554215,26
Qwen-3-Coder-30B,506,challenging,correct,22.746088740702746,27
Qwen-3-Coder-30B,506,challenging,correct,47.907747917648905,28
Qwen-3-Coder-30B,506,challenging,correct,24.615734098517457,29
Qwen-3-Coder-30B,506,challenging,correct,40.19503875968992,30
Qwen-3-Coder-30B,506,challenging,correct,39.878797832156344,31
Qwen-3-Coder-30B,506,challenging,correct,29.085767468499427,32
Qwen-3-Coder-30B,506,challenging,correct,33.34236734693877,33
Qwen-3-Coder-30B,506,challenging,correct,42.79311757476444,34
Qwen-3-Coder-30B,506,challenging,correct,34.6166072896684,35
Qwen-3-Coder-30B,506,challenging,correct,41.16451661860677,36
Qwen-3-Coder-30B,506,challenging,correct,34.12825999732513,37
Qwen-3-Coder-30B,506,challenging,correct,4.1003316929347235,38
Qwen-3-Coder-30B,506,challenging,correct,52.40654073865238,39
Qwen-3-Coder-30B,506,challenging,correct,25.87550916496945,40
Qwen-3-Coder-30B,506,challenging,correct,29.920123113000148,41
Qwen-3-Coder-30B,506,challenging,correct,31.63975055964183,42
Qwen-3-Coder-30B,506,challenging,correct,43.76902251353662,43
Qwen-3-Coder-30B,506,challenging,correct,29.616591104031368,44
Qwen-3-Coder-30B,506,challenging,correct,30.052179346977034,45
Qwen-3-Coder-30B,506,challenging,correct,28.336284273945655,46
Qwen-3-Coder-30B,506,challenging,correct,28.402325247595808,47
Qwen-3-Coder-30B,506,challenging,correct,32.410043881033644,48
Qwen-3-Coder-30B,506,challenging,correct,29.59622752726201,49
Qwen-3-Coder-30B,506,challenging,correct,35.281961979393415,50
Qwen-3-Coder-30B,149,challenging,semantic,,1
Qwen-3-Coder-30B,149,challenging,hallucination,,2
Qwen-3-Coder-30B,149,challenging,hallucination,,3
Qwen-3-Coder-30B,149,challenging,hallucination,,4
Qwen-3-Coder-30B,149,challenging,hallucination,,5
Qwen-3-Coder-30B,149,challenging,hallucination,,6
Qwen-3-Coder-30B,149,challenging,hallucination,,7
Qwen-3-Coder-30B,149,challenging,hallucination,,8
Qwen-3-Coder-30B,149,challenging,hallucination,,9
Qwen-3-Coder-30B,149,challenging,hallucination,,10
Qwen-3-Coder-30B,149,challenging,hallucination,,11
Qwen-3-Coder-30B,149,challenging,hallucination,,12
Qwen-3-Coder-30B,149,challenging,hallucination,,13
Qwen-3-Coder-30B,149,challenging,hallucination,,14
Qwen-3-Coder-30B,149,challenging,hallucination,,15
Qwen-3-Coder-30B,149,challenging,hallucination,,16
Qwen-3-Coder-30B,149,challenging,hallucination,,17
Qwen-3-Coder-30B,149,challenging,hallucination,,18
Qwen-3-Coder-30B,149,challenging,hallucination,,19
Qwen-3-Coder-30B,149,challenging,hallucination,,20
Qwen-3-Coder-30B,149,challenging,hallucination,,21
Qwen-3-Coder-30B,149,challenging,hallucination,,22
Qwen-3-Coder-30B,149,challenging,hallucination,,23
Qwen-3-Coder-30B,149,challenging,hallucination,,24
Qwen-3-Coder-30B,149,challenging,hallucination,,25
Qwen-3-Coder-30B,149,challenging,hallucination,,26
Qwen-3-Coder-30B,149,challenging,hallucination,,27
Qwen-3-Coder-30B,149,challenging,hallucination,,28
Qwen-3-Coder-30B,149,challenging,hallucination,,29
Qwen-3-Coder-30B,149,challenging,hallucination,,30
Qwen-3-Coder-30B,149,challenging,hallucination,,31
Qwen-3-Coder-30B,149,challenging,hallucination,,32
Qwen-3-Coder-30B,149,challenging,hallucination,,33
Qwen-3-Coder-30B,149,challenging,hallucination,,34
Qwen-3-Coder-30B,149,challenging,hallucination,,35
Qwen-3-Coder-30B,149,challenging,hallucination,,36
Qwen-3-Coder-30B,149,challenging,hallucination,,37
Qwen-3-Coder-30B,149,challenging,hallucination,,38
Qwen-3-Coder-30B,149,challenging,hallucination,,39
Qwen-3-Coder-30B,149,challenging,semantic,,40
Qwen-3-Coder-30B,149,challenging,hallucination,,41
Qwen-3-Coder-30B,149,challenging,hallucination,,42
Qwen-3-Coder-30B,149,challenging,hallucination,,43
Qwen-3-Coder-30B,149,challenging,hallucination,,44
Qwen-3-Coder-30B,149,challenging,hallucination,,45
Qwen-3-Coder-30B,149,challenging,hallucination,,46
Qwen-3-Coder-30B,149,challenging,hallucination,,47
Qwen-3-Coder-30B,149,challenging,hallucination,,48
Qwen-3-Coder-30B,149,challenging,hallucination,,49
Qwen-3-Coder-30B,149,challenging,hallucination,,50
Qwen-3-Coder-30B,775,challenging,correct,4.558575445173384,1
Qwen-3-Coder-30B,775,challenging,correct,1.482183908045977,2
Qwen-3-Coder-30B,775,challenging,correct,1.4112578977599082,3
Qwen-3-Coder-30B,775,challenging,correct,1.4486631016042781,4
Qwen-3-Coder-30B,775,challenging,correct,1.5372829417773237,5
Qwen-3-Coder-30B,775,challenging,correct,1.1747685185185186,6
Qwen-3-Coder-30B,775,challenging,correct,1.4604208416833668,7
Qwen-3-Coder-30B,775,challenging,correct,1.4843006660323501,8
Qwen-3-Coder-30B,775,challenging,correct,1.5259125732311851,9
Qwen-3-Coder-30B,775,challenging,correct,1.3551554828150574,10
Qwen-3-Coder-30B,775,challenging,correct,0.6043728423475259,11
Qwen-3-Coder-30B,775,challenging,correct,1.2484711940778885,12
Qwen-3-Coder-30B,775,challenging,correct,1.4193011647254576,13
Qwen-3-Coder-30B,775,challenging,correct,1.347871235721703,14
Qwen-3-Coder-30B,775,challenging,correct,16.500113973102348,15
Qwen-3-Coder-30B,775,challenging,correct,1.2089268755935423,16
Qwen-3-Coder-30B,775,challenging,correct,1.5307612095933263,17
Qwen-3-Coder-30B,775,challenging,correct,1.7878787878787878,18
Qwen-3-Coder-30B,775,challenging,correct,1.4281027884089665,19
Qwen-3-Coder-30B,775,challenging,correct,1.5727986050566696,20
Qwen-3-Coder-30B,775,challenging,correct,1.4985410587744894,21
Qwen-3-Coder-30B,775,challenging,correct,1.1457564575645756,22
Qwen-3-Coder-30B,775,challenging,correct,1.6939690301548491,23
Qwen-3-Coder-30B,775,challenging,correct,1.1458596048759984,24
Qwen-3-Coder-30B,775,challenging,correct,1.906223717409588,25
Qwen-3-Coder-30B,775,challenging,correct,1.6237837837837839,26
Qwen-3-Coder-30B,775,challenging,correct,1.3878429263044647,27
Qwen-3-Coder-30B,775,challenging,correct,0.943335709194583,28
Qwen-3-Coder-30B,775,challenging,correct,0.8187292984040951,29
Qwen-3-Coder-30B,775,challenging,correct,1.4637372013651877,30
Qwen-3-Coder-30B,775,challenging,correct,1.7677752293577982,31
Qwen-3-Coder-30B,775,challenging,correct,1.1729977116704806,32
Qwen-3-Coder-30B,775,challenging,correct,1.2927028128821851,33
Qwen-3-Coder-30B,775,challenging,correct,1.4459088412959913,34
Qwen-3-Coder-30B,775,challenging,correct,1.386759581881533,35
Qwen-3-Coder-30B,775,challenging,correct,1.32078257659653,36
Qwen-3-Coder-30B,775,challenging,correct,4.840796838985841,37
Qwen-3-Coder-30B,775,challenging,correct,1.4210526315789473,38
Qwen-3-Coder-30B,775,challenging,correct,1.5919003115264798,39
Qwen-3-Coder-30B,775,challenging,correct,1.4674972914409534,40
Qwen-3-Coder-30B,775,challenging,correct,1.0497047244094488,41
Qwen-3-Coder-30B,775,challenging,correct,1.464968152866242,42
Qwen-3-Coder-30B,775,challenging,correct,1.8262124711316396,43
Qwen-3-Coder-30B,775,challenging,correct,1.170372429127293,44
Qwen-3-Coder-30B,775,challenging,correct,1.5265214963707425,45
Qwen-3-Coder-30B,775,challenging,correct,1.1590616966580978,46
Qwen-3-Coder-30B,775,challenging,correct,1.291491154170177,47
Qwen-3-Coder-30B,775,challenging,correct,1.456221198156682,48
Qwen-3-Coder-30B,775,challenging,correct,1.2933832709113608,49
Qwen-3-Coder-30B,775,challenging,correct,1.3581927054980947,50
Qwen-3-Coder-30B,253,challenging,semantic,,1
Qwen-3-Coder-30B,253,challenging,semantic,,2
Qwen-3-Coder-30B,253,challenging,semantic,,3
Qwen-3-Coder-30B,253,challenging,semantic,,4
Qwen-3-Coder-30B,253,challenging,semantic,,5
Qwen-3-Coder-30B,253,challenging,semantic,,6
Qwen-3-Coder-30B,253,challenging,semantic,,7
Qwen-3-Coder-30B,253,challenging,semantic,,8
Qwen-3-Coder-30B,253,challenging,semantic,,9
Qwen-3-Coder-30B,253,challenging,semantic,,10
Qwen-3-Coder-30B,253,challenging,semantic,,11
Qwen-3-Coder-30B,253,challenging,semantic,,12
Qwen-3-Coder-30B,253,challenging,semantic,,13
Qwen-3-Coder-30B,253,challenging,semantic,,14
Qwen-3-Coder-30B,253,challenging,semantic,,15
Qwen-3-Coder-30B,253,challenging,semantic,,16
Qwen-3-Coder-30B,253,challenging,semantic,,17
Qwen-3-Coder-30B,253,challenging,semantic,,18
Qwen-3-Coder-30B,253,challenging,semantic,,19
Qwen-3-Coder-30B,253,challenging,semantic,,20
Qwen-3-Coder-30B,253,challenging,semantic,,21
Qwen-3-Coder-30B,253,challenging,semantic,,22
Qwen-3-Coder-30B,253,challenging,semantic,,23
Qwen-3-Coder-30B,253,challenging,semantic,,24
Qwen-3-Coder-30B,253,challenging,semantic,,25
Qwen-3-Coder-30B,253,challenging,semantic,,26
Qwen-3-Coder-30B,253,challenging,semantic,,27
Qwen-3-Coder-30B,253,challenging,semantic,,28
Qwen-3-Coder-30B,253,challenging,semantic,,29
Qwen-3-Coder-30B,253,challenging,semantic,,30
Qwen-3-Coder-30B,253,challenging,semantic,,31
Qwen-3-Coder-30B,253,challenging,semantic,,32
Qwen-3-Coder-30B,253,challenging,semantic,,33
Qwen-3-Coder-30B,253,challenging,semantic,,34
Qwen-3-Coder-30B,253,challenging,semantic,,35
Qwen-3-Coder-30B,253,challenging,semantic,,36
Qwen-3-Coder-30B,253,challenging,semantic,,37
Qwen-3-Coder-30B,253,challenging,semantic,,38
Qwen-3-Coder-30B,253,challenging,semantic,,39
Qwen-3-Coder-30B,253,challenging,semantic,,40
Qwen-3-Coder-30B,253,challenging,semantic,,41
Qwen-3-Coder-30B,253,challenging,semantic,,42
Qwen-3-Coder-30B,253,challenging,semantic,,43
Qwen-3-Coder-30B,253,challenging,semantic,,44
Qwen-3-Coder-30B,253,challenging,semantic,,45
Qwen-3-Coder-30B,253,challenging,semantic,,46
Qwen-3-Coder-30B,253,challenging,semantic,,47
Qwen-3-Coder-30B,253,challenging,semantic,,48
Qwen-3-Coder-30B,253,challenging,semantic,,49
Qwen-3-Coder-30B,253,challenging,semantic,,50
Qwen-3-Coder-30B,1243,challenging,semantic,,1
Qwen-3-Coder-30B,1243,challenging,semantic,,2
Qwen-3-Coder-30B,1243,challenging,semantic,,3
Qwen-3-Coder-30B,1243,challenging,semantic,,4
Qwen-3-Coder-30B,1243,challenging,semantic,,5
Qwen-3-Coder-30B,1243,challenging,semantic,,6
Qwen-3-Coder-30B,1243,challenging,semantic,,7
Qwen-3-Coder-30B,1243,challenging,semantic,,8
Qwen-3-Coder-30B,1243,challenging,semantic,,9
Qwen-3-Coder-30B,1243,challenging,semantic,,10
Qwen-3-Coder-30B,1243,challenging,semantic,,11
Qwen-3-Coder-30B,1243,challenging,semantic,,12
Qwen-3-Coder-30B,1243,challenging,semantic,,13
Qwen-3-Coder-30B,1243,challenging,semantic,,14
Qwen-3-Coder-30B,1243,challenging,semantic,,15
Qwen-3-Coder-30B,1243,challenging,semantic,,16
Qwen-3-Coder-30B,1243,challenging,semantic,,17
Qwen-3-Coder-30B,1243,challenging,semantic,,18
Qwen-3-Coder-30B,1243,challenging,semantic,,19
Qwen-3-Coder-30B,1243,challenging,semantic,,20
Qwen-3-Coder-30B,1243,challenging,semantic,,21
Qwen-3-Coder-30B,1243,challenging,semantic,,22
Qwen-3-Coder-30B,1243,challenging,semantic,,23
Qwen-3-Coder-30B,1243,challenging,semantic,,24
Qwen-3-Coder-30B,1243,challenging,semantic,,25
Qwen-3-Coder-30B,1243,challenging,semantic,,26
Qwen-3-Coder-30B,1243,challenging,semantic,,27
Qwen-3-Coder-30B,1243,challenging,semantic,,28
Qwen-3-Coder-30B,1243,challenging,semantic,,29
Qwen-3-Coder-30B,1243,challenging,semantic,,30
Qwen-3-Coder-30B,1243,challenging,semantic,,31
Qwen-3-Coder-30B,1243,challenging,semantic,,32
Qwen-3-Coder-30B,1243,challenging,semantic,,33
Qwen-3-Coder-30B,1243,challenging,semantic,,34
Qwen-3-Coder-30B,1243,challenging,semantic,,35
Qwen-3-Coder-30B,1243,challenging,semantic,,36
Qwen-3-Coder-30B,1243,challenging,semantic,,37
Qwen-3-Coder-30B,1243,challenging,semantic,,38
Qwen-3-Coder-30B,1243,challenging,semantic,,39
Qwen-3-Coder-30B,1243,challenging,semantic,,40
Qwen-3-Coder-30B,1243,challenging,semantic,,41
Qwen-3-Coder-30B,1243,challenging,semantic,,42
Qwen-3-Coder-30B,1243,challenging,semantic,,43
Qwen-3-Coder-30B,1243,challenging,semantic,,44
Qwen-3-Coder-30B,1243,challenging,semantic,,45
Qwen-3-Coder-30B,1243,challenging,semantic,,46
Qwen-3-Coder-30B,1243,challenging,semantic,,47
Qwen-3-Coder-30B,1243,challenging,semantic,,48
Qwen-3-Coder-30B,1243,challenging,semantic,,49
Qwen-3-Coder-30B,1243,challenging,semantic,,50
Qwen-3-Coder-30B,1292,challenging,semantic,,1
Qwen-3-Coder-30B,1292,challenging,semantic,,2
Qwen-3-Coder-30B,1292,challenging,semantic,,3
Qwen-3-Coder-30B,1292,challenging,semantic,,4
Qwen-3-Coder-30B,1292,challenging,semantic,,5
Qwen-3-Coder-30B,1292,challenging,semantic,,6
Qwen-3-Coder-30B,1292,challenging,semantic,,7
Qwen-3-Coder-30B,1292,challenging,semantic,,8
Qwen-3-Coder-30B,1292,challenging,semantic,,9
Qwen-3-Coder-30B,1292,challenging,semantic,,10
Qwen-3-Coder-30B,1292,challenging,semantic,,11
Qwen-3-Coder-30B,1292,challenging,semantic,,12
Qwen-3-Coder-30B,1292,challenging,semantic,,13
Qwen-3-Coder-30B,1292,challenging,semantic,,14
Qwen-3-Coder-30B,1292,challenging,semantic,,15
Qwen-3-Coder-30B,1292,challenging,semantic,,16
Qwen-3-Coder-30B,1292,challenging,semantic,,17
Qwen-3-Coder-30B,1292,challenging,semantic,,18
Qwen-3-Coder-30B,1292,challenging,semantic,,19
Qwen-3-Coder-30B,1292,challenging,semantic,,20
Qwen-3-Coder-30B,1292,challenging,semantic,,21
Qwen-3-Coder-30B,1292,challenging,semantic,,22
Qwen-3-Coder-30B,1292,challenging,semantic,,23
Qwen-3-Coder-30B,1292,challenging,semantic,,24
Qwen-3-Coder-30B,1292,challenging,semantic,,25
Qwen-3-Coder-30B,1292,challenging,semantic,,26
Qwen-3-Coder-30B,1292,challenging,semantic,,27
Qwen-3-Coder-30B,1292,challenging,semantic,,28
Qwen-3-Coder-30B,1292,challenging,semantic,,29
Qwen-3-Coder-30B,1292,challenging,semantic,,30
Qwen-3-Coder-30B,1292,challenging,semantic,,31
Qwen-3-Coder-30B,1292,challenging,semantic,,32
Qwen-3-Coder-30B,1292,challenging,semantic,,33
Qwen-3-Coder-30B,1292,challenging,semantic,,34
Qwen-3-Coder-30B,1292,challenging,semantic,,35
Qwen-3-Coder-30B,1292,challenging,semantic,,36
Qwen-3-Coder-30B,1292,challenging,semantic,,37
Qwen-3-Coder-30B,1292,challenging,semantic,,38
Qwen-3-Coder-30B,1292,challenging,semantic,,39
Qwen-3-Coder-30B,1292,challenging,semantic,,40
Qwen-3-Coder-30B,1292,challenging,semantic,,41
Qwen-3-Coder-30B,1292,challenging,semantic,,42
Qwen-3-Coder-30B,1292,challenging,semantic,,43
Qwen-3-Coder-30B,1292,challenging,semantic,,44
Qwen-3-Coder-30B,1292,challenging,semantic,,45
Qwen-3-Coder-30B,1292,challenging,semantic,,46
Qwen-3-Coder-30B,1292,challenging,semantic,,47
Qwen-3-Coder-30B,1292,challenging,semantic,,48
Qwen-3-Coder-30B,1292,challenging,semantic,,49
Qwen-3-Coder-30B,1292,challenging,semantic,,50
Qwen-3-Coder-30B,639,challenging,semantic,,1
Qwen-3-Coder-30B,639,challenging,hallucination,,2
Qwen-3-Coder-30B,639,challenging,hallucination,,3
Qwen-3-Coder-30B,639,challenging,hallucination,,4
Qwen-3-Coder-30B,639,challenging,hallucination,,5
Qwen-3-Coder-30B,639,challenging,hallucination,,6
Qwen-3-Coder-30B,639,challenging,hallucination,,7
Qwen-3-Coder-30B,639,challenging,hallucination,,8
Qwen-3-Coder-30B,639,challenging,hallucination,,9
Qwen-3-Coder-30B,639,challenging,hallucination,,10
Qwen-3-Coder-30B,639,challenging,hallucination,,11
Qwen-3-Coder-30B,639,challenging,hallucination,,12
Qwen-3-Coder-30B,639,challenging,hallucination,,13
Qwen-3-Coder-30B,639,challenging,hallucination,,14
Qwen-3-Coder-30B,639,challenging,hallucination,,15
Qwen-3-Coder-30B,639,challenging,hallucination,,16
Qwen-3-Coder-30B,639,challenging,hallucination,,17
Qwen-3-Coder-30B,639,challenging,hallucination,,18
Qwen-3-Coder-30B,639,challenging,hallucination,,19
Qwen-3-Coder-30B,639,challenging,hallucination,,20
Qwen-3-Coder-30B,639,challenging,hallucination,,21
Qwen-3-Coder-30B,639,challenging,hallucination,,22
Qwen-3-Coder-30B,639,challenging,hallucination,,23
Qwen-3-Coder-30B,639,challenging,hallucination,,24
Qwen-3-Coder-30B,639,challenging,hallucination,,25
Qwen-3-Coder-30B,639,challenging,hallucination,,26
Qwen-3-Coder-30B,639,challenging,hallucination,,27
Qwen-3-Coder-30B,639,challenging,hallucination,,28
Qwen-3-Coder-30B,639,challenging,hallucination,,29
Qwen-3-Coder-30B,639,challenging,hallucination,,30
Qwen-3-Coder-30B,639,challenging,hallucination,,31
Qwen-3-Coder-30B,639,challenging,hallucination,,32
Qwen-3-Coder-30B,639,challenging,hallucination,,33
Qwen-3-Coder-30B,639,challenging,hallucination,,34
Qwen-3-Coder-30B,639,challenging,hallucination,,35
Qwen-3-Coder-30B,639,challenging,hallucination,,36
Qwen-3-Coder-30B,639,challenging,hallucination,,37
Qwen-3-Coder-30B,639,challenging,hallucination,,38
Qwen-3-Coder-30B,639,challenging,hallucination,,39
Qwen-3-Coder-30B,639,challenging,hallucination,,40
Qwen-3-Coder-30B,639,challenging,hallucination,,41
Qwen-3-Coder-30B,639,challenging,hallucination,,42
Qwen-3-Coder-30B,639,challenging,hallucination,,43
Qwen-3-Coder-30B,639,challenging,hallucination,,44
Qwen-3-Coder-30B,639,challenging,hallucination,,45
Qwen-3-Coder-30B,639,challenging,hallucination,,46
Qwen-3-Coder-30B,639,challenging,hallucination,,47
Qwen-3-Coder-30B,639,challenging,hallucination,,48
Qwen-3-Coder-30B,639,challenging,hallucination,,49
Qwen-3-Coder-30B,639,challenging,hallucination,,50
Qwen-3-Coder-30B,829,challenging,semantic,,1
Qwen-3-Coder-30B,829,challenging,semantic,,2
Qwen-3-Coder-30B,829,challenging,semantic,,3
Qwen-3-Coder-30B,829,challenging,semantic,,4
Qwen-3-Coder-30B,829,challenging,semantic,,5
Qwen-3-Coder-30B,829,challenging,semantic,,6
Qwen-3-Coder-30B,829,challenging,semantic,,7
Qwen-3-Coder-30B,829,challenging,semantic,,8
Qwen-3-Coder-30B,829,challenging,semantic,,9
Qwen-3-Coder-30B,829,challenging,semantic,,10
Qwen-3-Coder-30B,829,challenging,semantic,,11
Qwen-3-Coder-30B,829,challenging,semantic,,12
Qwen-3-Coder-30B,829,challenging,semantic,,13
Qwen-3-Coder-30B,829,challenging,semantic,,14
Qwen-3-Coder-30B,829,challenging,semantic,,15
Qwen-3-Coder-30B,829,challenging,semantic,,16
Qwen-3-Coder-30B,829,challenging,semantic,,17
Qwen-3-Coder-30B,829,challenging,semantic,,18
Qwen-3-Coder-30B,829,challenging,semantic,,19
Qwen-3-Coder-30B,829,challenging,semantic,,20
Qwen-3-Coder-30B,829,challenging,semantic,,21
Qwen-3-Coder-30B,829,challenging,semantic,,22
Qwen-3-Coder-30B,829,challenging,semantic,,23
Qwen-3-Coder-30B,829,challenging,semantic,,24
Qwen-3-Coder-30B,829,challenging,semantic,,25
Qwen-3-Coder-30B,829,challenging,semantic,,26
Qwen-3-Coder-30B,829,challenging,semantic,,27
Qwen-3-Coder-30B,829,challenging,semantic,,28
Qwen-3-Coder-30B,829,challenging,semantic,,29
Qwen-3-Coder-30B,829,challenging,semantic,,30
Qwen-3-Coder-30B,829,challenging,semantic,,31
Qwen-3-Coder-30B,829,challenging,semantic,,32
Qwen-3-Coder-30B,829,challenging,semantic,,33
Qwen-3-Coder-30B,829,challenging,semantic,,34
Qwen-3-Coder-30B,829,challenging,semantic,,35
Qwen-3-Coder-30B,829,challenging,semantic,,36
Qwen-3-Coder-30B,829,challenging,semantic,,37
Qwen-3-Coder-30B,829,challenging,semantic,,38
Qwen-3-Coder-30B,829,challenging,semantic,,39
Qwen-3-Coder-30B,829,challenging,semantic,,40
Qwen-3-Coder-30B,829,challenging,semantic,,41
Qwen-3-Coder-30B,829,challenging,semantic,,42
Qwen-3-Coder-30B,829,challenging,semantic,,43
Qwen-3-Coder-30B,829,challenging,semantic,,44
Qwen-3-Coder-30B,829,challenging,semantic,,45
Qwen-3-Coder-30B,829,challenging,semantic,,46
Qwen-3-Coder-30B,829,challenging,semantic,,47
Qwen-3-Coder-30B,829,challenging,semantic,,48
Qwen-3-Coder-30B,829,challenging,semantic,,49
Qwen-3-Coder-30B,829,challenging,semantic,,50
Qwen-3-Coder-30B,334,challenging,correct,4.9,1
Qwen-3-Coder-30B,334,challenging,correct,1.54291553133515,2
Qwen-3-Coder-30B,334,challenging,correct,1.6794966691339748,3
Qwen-3-Coder-30B,334,challenging,correct,1.6405384006334125,4
Qwen-3-Coder-30B,334,challenging,correct,1.4937733499377335,5
Qwen-3-Coder-30B,334,challenging,correct,2.284950343773873,6
Qwen-3-Coder-30B,334,challenging,correct,1.7130153597413096,7
Qwen-3-Coder-30B,334,challenging,correct,1.7394833948339483,8
Qwen-3-Coder-30B,334,challenging,correct,1.5712109672505712,9
Qwen-3-Coder-30B,334,challenging,correct,1.2298387096774193,10
Qwen-3-Coder-30B,334,challenging,correct,1.353902953586498,11
Qwen-3-Coder-30B,334,challenging,correct,1.0281941470378302,12
Qwen-3-Coder-30B,334,challenging,correct,1.174772036474164,13
Qwen-3-Coder-30B,334,challenging,correct,1.6875502008032128,14
Qwen-3-Coder-30B,334,challenging,correct,1.2340025094102887,15
Qwen-3-Coder-30B,334,challenging,correct,1.7357512953367875,16
Qwen-3-Coder-30B,334,challenging,correct,1.1357615894039734,17
Qwen-3-Coder-30B,334,challenging,correct,1.2992487479131887,18
Qwen-3-Coder-30B,334,challenging,correct,1.7776223776223776,19
Qwen-3-Coder-30B,334,challenging,correct,1.7401639344262294,20
Qwen-3-Coder-30B,334,challenging,correct,1.377310388782664,21
Qwen-3-Coder-30B,334,challenging,correct,1.8221311475409836,22
Qwen-3-Coder-30B,334,challenging,correct,1.6163366336633664,23
Qwen-3-Coder-30B,334,challenging,correct,1.249719416386083,24
Qwen-3-Coder-30B,334,challenging,correct,1.1596223021582734,25
Qwen-3-Coder-30B,334,challenging,correct,1.745839636913767,26
Qwen-3-Coder-30B,334,challenging,correct,1.7112733171127332,27
Qwen-3-Coder-30B,334,challenging,correct,1.468495499357051,28
Qwen-3-Coder-30B,334,challenging,correct,1.7053571428571428,29
Qwen-3-Coder-30B,334,challenging,correct,2.085661080074488,30
Qwen-3-Coder-30B,334,challenging,correct,1.6314258001939865,31
Qwen-3-Coder-30B,334,challenging,correct,1.727796052631579,32
Qwen-3-Coder-30B,334,challenging,correct,1.7747163695299837,33
Qwen-3-Coder-30B,334,challenging,correct,1.692805173807599,34
Qwen-3-Coder-30B,334,challenging,correct,1.7133497133497133,35
Qwen-3-Coder-30B,334,challenging,correct,1.3790720631786773,36
Qwen-3-Coder-30B,334,challenging,correct,1.0592105263157894,37
Qwen-3-Coder-30B,334,challenging,correct,1.6647540983606557,38
Qwen-3-Coder-30B,334,challenging,correct,1.541501976284585,39
Qwen-3-Coder-30B,334,challenging,correct,1.3037527593818985,40
Qwen-3-Coder-30B,334,challenging,correct,1.6755233494363928,41
Qwen-3-Coder-30B,334,challenging,correct,1.6032,42
Qwen-3-Coder-30B,334,challenging,correct,1.6754772393538913,43
Qwen-3-Coder-30B,334,challenging,correct,1.6106194690265487,44
Qwen-3-Coder-30B,334,challenging,correct,1.8344,45
Qwen-3-Coder-30B,334,challenging,correct,1.6064710308502634,46
Qwen-3-Coder-30B,334,challenging,correct,2.1774824081313526,47
Qwen-3-Coder-30B,334,challenging,correct,1.7411067193675889,48
Qwen-3-Coder-30B,334,challenging,correct,1.4840157038698822,49
Qwen-3-Coder-30B,334,challenging,correct,1.6929824561403508,50
Qwen-3-Coder-30B,285,challenging,correct,1.9603191489361702,1
Qwen-3-Coder-30B,285,challenging,correct,1.6355309607861845,2
Qwen-3-Coder-30B,285,challenging,correct,1.8072995872257223,3
Qwen-3-Coder-30B,285,challenging,correct,1.357078152021741,4
Qwen-3-Coder-30B,285,challenging,correct,1.4973371569029086,5
Qwen-3-Coder-30B,285,challenging,correct,16.72890403910471,6
Qwen-3-Coder-30B,285,challenging,correct,2.130453752181501,7
Qwen-3-Coder-30B,285,challenging,correct,1.8068202596452734,8
Qwen-3-Coder-30B,285,challenging,correct,1.5105295620759538,9
Qwen-3-Coder-30B,285,challenging,correct,1.5942464577071704,10
Qwen-3-Coder-30B,285,challenging,correct,1.6439745254436406,11
Qwen-3-Coder-30B,285,challenging,correct,1.2852516411378556,12
Qwen-3-Coder-30B,285,challenging,correct,1.3878027788024099,13
Qwen-3-Coder-30B,285,challenging,correct,1.6419684821675422,14
Qwen-3-Coder-30B,285,challenging,correct,1.2837518593052761,15
Qwen-3-Coder-30B,285,challenging,correct,1.661706059721817,16
Qwen-3-Coder-30B,285,challenging,correct,1.746067903243302,17
Qwen-3-Coder-30B,285,challenging,correct,1.5040886593501184,18
Qwen-3-Coder-30B,285,challenging,correct,1.7213128306878307,19
Qwen-3-Coder-30B,285,challenging,correct,1.3478973765432098,20
Qwen-3-Coder-30B,285,challenging,correct,1.378859742522505,21
Qwen-3-Coder-30B,285,challenging,correct,1.605916935330931,22
Qwen-3-Coder-30B,285,challenging,correct,1.4271186440677965,23
Qwen-3-Coder-30B,285,challenging,correct,1.5144230769230769,24
Qwen-3-Coder-30B,285,challenging,correct,1.6595419847328243,25
Qwen-3-Coder-30B,285,challenging,correct,1.5281825975139305,26
Qwen-3-Coder-30B,285,challenging,correct,0.778529455335539,27
Qwen-3-Coder-30B,285,challenging,correct,1.5918935921632067,28
Qwen-3-Coder-30B,285,challenging,correct,1.6439112538901717,29
Qwen-3-Coder-30B,285,challenging,correct,1.5136993027595012,30
Qwen-3-Coder-30B,285,challenging,correct,1.351533103834761,31
Qwen-3-Coder-30B,285,challenging,correct,1.0946810706667585,32
Qwen-3-Coder-30B,285,challenging,correct,12.337794134047062,33
Qwen-3-Coder-30B,285,challenging,correct,1.6003180245065944,34
Qwen-3-Coder-30B,285,challenging,correct,1.685851318944844,35
Qwen-3-Coder-30B,285,challenging,correct,1.7415554628857381,36
Qwen-3-Coder-30B,285,challenging,correct,1.6748438074237413,37
Qwen-3-Coder-30B,285,challenging,correct,1.5007050860204945,38
Qwen-3-Coder-30B,285,challenging,correct,1.7702823179791976,39
Qwen-3-Coder-30B,285,challenging,correct,1.1315639918163218,40
Qwen-3-Coder-30B,285,challenging,correct,1.4873932492883286,41
Qwen-3-Coder-30B,285,challenging,correct,1.8982139014417905,42
Qwen-3-Coder-30B,285,challenging,correct,1.337773042088439,43
Qwen-3-Coder-30B,285,challenging,correct,1.595584332873368,44
Qwen-3-Coder-30B,285,challenging,correct,1.5015223097112862,45
Qwen-3-Coder-30B,285,challenging,correct,1.3283477652409692,46
Qwen-3-Coder-30B,285,challenging,correct,1.0841972034715526,47
Qwen-3-Coder-30B,285,challenging,correct,2.0941221667306955,48
Qwen-3-Coder-30B,285,challenging,correct,1.717446964155084,49
Qwen-3-Coder-30B,285,challenging,correct,1.4713095425247602,50
Qwen-3-Coder-30B,337,challenging,semantic,,1
Qwen-3-Coder-30B,337,challenging,semantic,,2
Qwen-3-Coder-30B,337,challenging,semantic,,3
Qwen-3-Coder-30B,337,challenging,semantic,,4
Qwen-3-Coder-30B,337,challenging,semantic,,5
Qwen-3-Coder-30B,337,challenging,semantic,,6
Qwen-3-Coder-30B,337,challenging,semantic,,7
Qwen-3-Coder-30B,337,challenging,semantic,,8
Qwen-3-Coder-30B,337,challenging,semantic,,9
Qwen-3-Coder-30B,337,challenging,semantic,,10
Qwen-3-Coder-30B,337,challenging,semantic,,11
Qwen-3-Coder-30B,337,challenging,semantic,,12
Qwen-3-Coder-30B,337,challenging,semantic,,13
Qwen-3-Coder-30B,337,challenging,semantic,,14
Qwen-3-Coder-30B,337,challenging,semantic,,15
Qwen-3-Coder-30B,337,challenging,semantic,,16
Qwen-3-Coder-30B,337,challenging,semantic,,17
Qwen-3-Coder-30B,337,challenging,semantic,,18
Qwen-3-Coder-30B,337,challenging,semantic,,19
Qwen-3-Coder-30B,337,challenging,semantic,,20
Qwen-3-Coder-30B,337,challenging,semantic,,21
Qwen-3-Coder-30B,337,challenging,semantic,,22
Qwen-3-Coder-30B,337,challenging,semantic,,23
Qwen-3-Coder-30B,337,challenging,semantic,,24
Qwen-3-Coder-30B,337,challenging,semantic,,25
Qwen-3-Coder-30B,337,challenging,semantic,,26
Qwen-3-Coder-30B,337,challenging,semantic,,27
Qwen-3-Coder-30B,337,challenging,semantic,,28
Qwen-3-Coder-30B,337,challenging,semantic,,29
Qwen-3-Coder-30B,337,challenging,semantic,,30
Qwen-3-Coder-30B,337,challenging,semantic,,31
Qwen-3-Coder-30B,337,challenging,semantic,,32
Qwen-3-Coder-30B,337,challenging,semantic,,33
Qwen-3-Coder-30B,337,challenging,semantic,,34
Qwen-3-Coder-30B,337,challenging,semantic,,35
Qwen-3-Coder-30B,337,challenging,semantic,,36
Qwen-3-Coder-30B,337,challenging,semantic,,37
Qwen-3-Coder-30B,337,challenging,semantic,,38
Qwen-3-Coder-30B,337,challenging,semantic,,39
Qwen-3-Coder-30B,337,challenging,semantic,,40
Qwen-3-Coder-30B,337,challenging,semantic,,41
Qwen-3-Coder-30B,337,challenging,semantic,,42
Qwen-3-Coder-30B,337,challenging,semantic,,43
Qwen-3-Coder-30B,337,challenging,semantic,,44
Qwen-3-Coder-30B,337,challenging,semantic,,45
Qwen-3-Coder-30B,337,challenging,semantic,,46
Qwen-3-Coder-30B,337,challenging,semantic,,47
Qwen-3-Coder-30B,337,challenging,semantic,,48
Qwen-3-Coder-30B,337,challenging,semantic,,49
Qwen-3-Coder-30B,337,challenging,semantic,,50
Qwen-3-Coder-30B,523,challenging,syntactic,,1
Qwen-3-Coder-30B,523,challenging,syntactic,,2
Qwen-3-Coder-30B,523,challenging,syntactic,,3
Qwen-3-Coder-30B,523,challenging,syntactic,,4
Qwen-3-Coder-30B,523,challenging,syntactic,,5
Qwen-3-Coder-30B,523,challenging,syntactic,,6
Qwen-3-Coder-30B,523,challenging,syntactic,,7
Qwen-3-Coder-30B,523,challenging,syntactic,,8
Qwen-3-Coder-30B,523,challenging,syntactic,,9
Qwen-3-Coder-30B,523,challenging,syntactic,,10
Qwen-3-Coder-30B,523,challenging,syntactic,,11
Qwen-3-Coder-30B,523,challenging,syntactic,,12
Qwen-3-Coder-30B,523,challenging,syntactic,,13
Qwen-3-Coder-30B,523,challenging,syntactic,,14
Qwen-3-Coder-30B,523,challenging,syntactic,,15
Qwen-3-Coder-30B,523,challenging,syntactic,,16
Qwen-3-Coder-30B,523,challenging,syntactic,,17
Qwen-3-Coder-30B,523,challenging,syntactic,,18
Qwen-3-Coder-30B,523,challenging,syntactic,,19
Qwen-3-Coder-30B,523,challenging,syntactic,,20
Qwen-3-Coder-30B,523,challenging,syntactic,,21
Qwen-3-Coder-30B,523,challenging,syntactic,,22
Qwen-3-Coder-30B,523,challenging,syntactic,,23
Qwen-3-Coder-30B,523,challenging,syntactic,,24
Qwen-3-Coder-30B,523,challenging,syntactic,,25
Qwen-3-Coder-30B,523,challenging,syntactic,,26
Qwen-3-Coder-30B,523,challenging,syntactic,,27
Qwen-3-Coder-30B,523,challenging,syntactic,,28
Qwen-3-Coder-30B,523,challenging,syntactic,,29
Qwen-3-Coder-30B,523,challenging,syntactic,,30
Qwen-3-Coder-30B,523,challenging,syntactic,,31
Qwen-3-Coder-30B,523,challenging,syntactic,,32
Qwen-3-Coder-30B,523,challenging,syntactic,,33
Qwen-3-Coder-30B,523,challenging,syntactic,,34
Qwen-3-Coder-30B,523,challenging,syntactic,,35
Qwen-3-Coder-30B,523,challenging,syntactic,,36
Qwen-3-Coder-30B,523,challenging,syntactic,,37
Qwen-3-Coder-30B,523,challenging,syntactic,,38
Qwen-3-Coder-30B,523,challenging,syntactic,,39
Qwen-3-Coder-30B,523,challenging,syntactic,,40
Qwen-3-Coder-30B,523,challenging,syntactic,,41
Qwen-3-Coder-30B,523,challenging,syntactic,,42
Qwen-3-Coder-30B,523,challenging,syntactic,,43
Qwen-3-Coder-30B,523,challenging,syntactic,,44
Qwen-3-Coder-30B,523,challenging,syntactic,,45
Qwen-3-Coder-30B,523,challenging,syntactic,,46
Qwen-3-Coder-30B,523,challenging,syntactic,,47
Qwen-3-Coder-30B,523,challenging,syntactic,,48
Qwen-3-Coder-30B,523,challenging,syntactic,,49
Qwen-3-Coder-30B,523,challenging,syntactic,,50
Qwen-3-Coder-30B,513,challenging,correct,3.9597136269870163,1
Qwen-3-Coder-30B,513,challenging,correct,0.8250297200907813,2
Qwen-3-Coder-30B,513,challenging,correct,1.3323414543425702,3
Qwen-3-Coder-30B,513,challenging,correct,1.4151591895803184,4
Qwen-3-Coder-30B,513,challenging,correct,1.3271154824487028,5
Qwen-3-Coder-30B,513,challenging,correct,1.3780805449809657,6
Qwen-3-Coder-30B,513,challenging,correct,1.1763186514410005,7
Qwen-3-Coder-30B,513,challenging,correct,1.6137804130034759,8
Qwen-3-Coder-30B,513,challenging,correct,1.3360096346848656,9
Qwen-3-Coder-30B,513,challenging,correct,1.23075583420411,10
Qwen-3-Coder-30B,513,challenging,correct,1.2316838046272494,11
Qwen-3-Coder-30B,513,challenging,correct,1.3133100185147089,12
Qwen-3-Coder-30B,513,challenging,correct,1.4123768816205167,13
Qwen-3-Coder-30B,513,challenging,correct,1.3208464773922186,14
Qwen-3-Coder-30B,513,challenging,correct,1.4491470524724681,15
Qwen-3-Coder-30B,513,challenging,correct,0.8284614459280645,16
Qwen-3-Coder-30B,513,challenging,correct,1.3085164336299255,17
Qwen-3-Coder-30B,513,challenging,correct,0.8515563435776202,18
Qwen-3-Coder-30B,513,challenging,correct,1.1596551211535602,19
Qwen-3-Coder-30B,513,challenging,correct,1.3563073600863775,20
Qwen-3-Coder-30B,513,challenging,correct,1.1176069928482235,21
Qwen-3-Coder-30B,513,challenging,correct,1.897125867195243,22
Qwen-3-Coder-30B,513,challenging,correct,1.7933657942787584,23
Qwen-3-Coder-30B,513,challenging,correct,1.365097588978186,24
Qwen-3-Coder-30B,513,challenging,correct,1.2727367325702392,25
Qwen-3-Coder-30B,513,challenging,correct,1.5618369202788724,26
Qwen-3-Coder-30B,513,challenging,correct,0.43202664018227493,27
Qwen-3-Coder-30B,513,challenging,correct,1.4269899841855562,28
Qwen-3-Coder-30B,513,challenging,correct,1.122251655629139,29
Qwen-3-Coder-30B,513,challenging,correct,1.2851965935857945,30
Qwen-3-Coder-30B,513,challenging,correct,1.2739489345363793,31
Qwen-3-Coder-30B,513,challenging,correct,0.9691962705063142,32
Qwen-3-Coder-30B,513,challenging,correct,1.6835311263793462,33
Qwen-3-Coder-30B,513,challenging,correct,1.411787217757367,34
Qwen-3-Coder-30B,513,challenging,correct,1.016099356025759,35
Qwen-3-Coder-30B,513,challenging,correct,1.214972940469032,36
Qwen-3-Coder-30B,513,challenging,correct,1.0885520542481053,37
Qwen-3-Coder-30B,513,challenging,correct,1.6226188433155997,38
Qwen-3-Coder-30B,513,challenging,correct,0.9588957055214724,39
Qwen-3-Coder-30B,513,challenging,correct,1.1254001391788448,40
Qwen-3-Coder-30B,513,challenging,correct,1.0505525768683663,41
Qwen-3-Coder-30B,513,challenging,correct,1.7969291728578505,42
Qwen-3-Coder-30B,513,challenging,correct,1.0066414897773148,43
Qwen-3-Coder-30B,513,challenging,correct,1.3981528989225245,44
Qwen-3-Coder-30B,513,challenging,correct,1.465102864833686,45
Qwen-3-Coder-30B,513,challenging,correct,1.4628763792780999,46
Qwen-3-Coder-30B,513,challenging,correct,1.1821926910299003,47
Qwen-3-Coder-30B,513,challenging,correct,1.334438654666035,48
Qwen-3-Coder-30B,513,challenging,correct,0.7488812952566919,49
Qwen-3-Coder-30B,513,challenging,correct,1.5053899809765376,50
Qwen-3-Coder-30B,416,challenging,correct,8.055013919408191,1
Qwen-3-Coder-30B,416,challenging,correct,0.8538986840510217,2
Qwen-3-Coder-30B,416,challenging,correct,1.2577741722065523,3
Qwen-3-Coder-30B,416,challenging,correct,1.123110460536304,4
Qwen-3-Coder-30B,416,challenging,correct,0.9759660870473872,5
Qwen-3-Coder-30B,416,challenging,correct,1.0259945685835437,6
Qwen-3-Coder-30B,416,challenging,correct,1.0558589066573374,7
Qwen-3-Coder-30B,416,challenging,correct,0.7765896688482019,8
Qwen-3-Coder-30B,416,challenging,correct,1.2662659560275795,9
Qwen-3-Coder-30B,416,challenging,correct,1.5570285858818536,10
Qwen-3-Coder-30B,416,challenging,correct,0.8820221832940072,11
Qwen-3-Coder-30B,416,challenging,correct,1.015982946051625,12
Qwen-3-Coder-30B,416,challenging,correct,1.0615071948501822,13
Qwen-3-Coder-30B,416,challenging,correct,0.8134407586034715,14
Qwen-3-Coder-30B,416,challenging,correct,1.1960729271319661,15
Qwen-3-Coder-30B,416,challenging,correct,0.9064199109662976,16
Qwen-3-Coder-30B,416,challenging,correct,0.7434528513038142,17
Qwen-3-Coder-30B,416,challenging,correct,0.8963823835626749,18
Qwen-3-Coder-30B,416,challenging,correct,1.2060866268126718,19
Qwen-3-Coder-30B,416,challenging,correct,0.9213058159104833,20
Qwen-3-Coder-30B,416,challenging,correct,0.9247838305907068,21
Qwen-3-Coder-30B,416,challenging,correct,0.9704159516782209,22
Qwen-3-Coder-30B,416,challenging,correct,1.0284313323441472,23
Qwen-3-Coder-30B,416,challenging,correct,0.6272979335776385,24
Qwen-3-Coder-30B,416,challenging,correct,1.4093418402408606,25
Qwen-3-Coder-30B,416,challenging,correct,0.9770918920139046,26
Qwen-3-Coder-30B,416,challenging,correct,1.2250330033159238,27
Qwen-3-Coder-30B,416,challenging,correct,1.0435701615077377,28
Qwen-3-Coder-30B,416,challenging,correct,1.2527146065222472,29
Qwen-3-Coder-30B,416,challenging,correct,0.8852049103283803,30
Qwen-3-Coder-30B,416,challenging,correct,0.7531578396848088,31
Qwen-3-Coder-30B,416,challenging,correct,0.9927146510156066,32
Qwen-3-Coder-30B,416,challenging,correct,1.0424342203888135,33
Qwen-3-Coder-30B,416,challenging,correct,1.6215633742531432,34
Qwen-3-Coder-30B,416,challenging,correct,1.1614904733259888,35
Qwen-3-Coder-30B,416,challenging,correct,0.9892773438049532,36
Qwen-3-Coder-30B,416,challenging,correct,1.1151454882602974,37
Qwen-3-Coder-30B,416,challenging,correct,0.7994953808934441,38
Qwen-3-Coder-30B,416,challenging,correct,0.8184345225686763,39
Qwen-3-Coder-30B,416,challenging,correct,1.646839725602362,40
Qwen-3-Coder-30B,416,challenging,correct,0.9186004083985595,41
Qwen-3-Coder-30B,416,challenging,correct,1.0178906854713468,42
Qwen-3-Coder-30B,416,challenging,correct,1.1566001544665963,43
Qwen-3-Coder-30B,416,challenging,correct,1.00305212577966,44
Qwen-3-Coder-30B,416,challenging,correct,1.2313620079904959,45
Qwen-3-Coder-30B,416,challenging,correct,1.127299480501228,46
Qwen-3-Coder-30B,416,challenging,correct,1.0798869883649131,47
Qwen-3-Coder-30B,416,challenging,correct,1.1186616135031757,48
Qwen-3-Coder-30B,416,challenging,correct,0.8314297314125098,49
Qwen-3-Coder-30B,416,challenging,correct,0.843204711208047,50
Qwen-3-Coder-30B,1448,challenging,hallucination,,1
Qwen-3-Coder-30B,1448,challenging,hallucination,,2
Qwen-3-Coder-30B,1448,challenging,hallucination,,3
Qwen-3-Coder-30B,1448,challenging,hallucination,,4
Qwen-3-Coder-30B,1448,challenging,hallucination,,5
Qwen-3-Coder-30B,1448,challenging,hallucination,,6
Qwen-3-Coder-30B,1448,challenging,hallucination,,7
Qwen-3-Coder-30B,1448,challenging,hallucination,,8
Qwen-3-Coder-30B,1448,challenging,hallucination,,9
Qwen-3-Coder-30B,1448,challenging,hallucination,,10
Qwen-3-Coder-30B,1448,challenging,hallucination,,11
Qwen-3-Coder-30B,1448,challenging,hallucination,,12
Qwen-3-Coder-30B,1448,challenging,hallucination,,13
Qwen-3-Coder-30B,1448,challenging,hallucination,,14
Qwen-3-Coder-30B,1448,challenging,hallucination,,15
Qwen-3-Coder-30B,1448,challenging,hallucination,,16
Qwen-3-Coder-30B,1448,challenging,hallucination,,17
Qwen-3-Coder-30B,1448,challenging,hallucination,,18
Qwen-3-Coder-30B,1448,challenging,hallucination,,19
Qwen-3-Coder-30B,1448,challenging,hallucination,,20
Qwen-3-Coder-30B,1448,challenging,hallucination,,21
Qwen-3-Coder-30B,1448,challenging,hallucination,,22
Qwen-3-Coder-30B,1448,challenging,hallucination,,23
Qwen-3-Coder-30B,1448,challenging,hallucination,,24
Qwen-3-Coder-30B,1448,challenging,hallucination,,25
Qwen-3-Coder-30B,1448,challenging,hallucination,,26
Qwen-3-Coder-30B,1448,challenging,hallucination,,27
Qwen-3-Coder-30B,1448,challenging,hallucination,,28
Qwen-3-Coder-30B,1448,challenging,hallucination,,29
Qwen-3-Coder-30B,1448,challenging,hallucination,,30
Qwen-3-Coder-30B,1448,challenging,hallucination,,31
Qwen-3-Coder-30B,1448,challenging,hallucination,,32
Qwen-3-Coder-30B,1448,challenging,hallucination,,33
Qwen-3-Coder-30B,1448,challenging,hallucination,,34
Qwen-3-Coder-30B,1448,challenging,hallucination,,35
Qwen-3-Coder-30B,1448,challenging,hallucination,,36
Qwen-3-Coder-30B,1448,challenging,hallucination,,37
Qwen-3-Coder-30B,1448,challenging,hallucination,,38
Qwen-3-Coder-30B,1448,challenging,hallucination,,39
Qwen-3-Coder-30B,1448,challenging,hallucination,,40
Qwen-3-Coder-30B,1448,challenging,hallucination,,41
Qwen-3-Coder-30B,1448,challenging,hallucination,,42
Qwen-3-Coder-30B,1448,challenging,hallucination,,43
Qwen-3-Coder-30B,1448,challenging,hallucination,,44
Qwen-3-Coder-30B,1448,challenging,hallucination,,45
Qwen-3-Coder-30B,1448,challenging,hallucination,,46
Qwen-3-Coder-30B,1448,challenging,hallucination,,47
Qwen-3-Coder-30B,1448,challenging,hallucination,,48
Qwen-3-Coder-30B,1448,challenging,hallucination,,49
Qwen-3-Coder-30B,1448,challenging,hallucination,,50
Qwen-3-Coder-30B,94,challenging,semantic,,1
Qwen-3-Coder-30B,94,challenging,semantic,,2
Qwen-3-Coder-30B,94,challenging,semantic,,3
Qwen-3-Coder-30B,94,challenging,semantic,,4
Qwen-3-Coder-30B,94,challenging,semantic,,5
Qwen-3-Coder-30B,94,challenging,semantic,,6
Qwen-3-Coder-30B,94,challenging,semantic,,7
Qwen-3-Coder-30B,94,challenging,semantic,,8
Qwen-3-Coder-30B,94,challenging,semantic,,9
Qwen-3-Coder-30B,94,challenging,semantic,,10
Qwen-3-Coder-30B,94,challenging,semantic,,11
Qwen-3-Coder-30B,94,challenging,semantic,,12
Qwen-3-Coder-30B,94,challenging,semantic,,13
Qwen-3-Coder-30B,94,challenging,semantic,,14
Qwen-3-Coder-30B,94,challenging,semantic,,15
Qwen-3-Coder-30B,94,challenging,semantic,,16
Qwen-3-Coder-30B,94,challenging,semantic,,17
Qwen-3-Coder-30B,94,challenging,semantic,,18
Qwen-3-Coder-30B,94,challenging,semantic,,19
Qwen-3-Coder-30B,94,challenging,semantic,,20
Qwen-3-Coder-30B,94,challenging,semantic,,21
Qwen-3-Coder-30B,94,challenging,semantic,,22
Qwen-3-Coder-30B,94,challenging,semantic,,23
Qwen-3-Coder-30B,94,challenging,semantic,,24
Qwen-3-Coder-30B,94,challenging,semantic,,25
Qwen-3-Coder-30B,94,challenging,semantic,,26
Qwen-3-Coder-30B,94,challenging,semantic,,27
Qwen-3-Coder-30B,94,challenging,semantic,,28
Qwen-3-Coder-30B,94,challenging,semantic,,29
Qwen-3-Coder-30B,94,challenging,semantic,,30
Qwen-3-Coder-30B,94,challenging,semantic,,31
Qwen-3-Coder-30B,94,challenging,semantic,,32
Qwen-3-Coder-30B,94,challenging,semantic,,33
Qwen-3-Coder-30B,94,challenging,semantic,,34
Qwen-3-Coder-30B,94,challenging,semantic,,35
Qwen-3-Coder-30B,94,challenging,semantic,,36
Qwen-3-Coder-30B,94,challenging,semantic,,37
Qwen-3-Coder-30B,94,challenging,semantic,,38
Qwen-3-Coder-30B,94,challenging,semantic,,39
Qwen-3-Coder-30B,94,challenging,semantic,,40
Qwen-3-Coder-30B,94,challenging,semantic,,41
Qwen-3-Coder-30B,94,challenging,semantic,,42
Qwen-3-Coder-30B,94,challenging,semantic,,43
Qwen-3-Coder-30B,94,challenging,semantic,,44
Qwen-3-Coder-30B,94,challenging,semantic,,45
Qwen-3-Coder-30B,94,challenging,semantic,,46
Qwen-3-Coder-30B,94,challenging,semantic,,47
Qwen-3-Coder-30B,94,challenging,semantic,,48
Qwen-3-Coder-30B,94,challenging,semantic,,49
Qwen-3-Coder-30B,94,challenging,semantic,,50
Qwen-3-Coder-30B,743,challenging,semantic,,1
Qwen-3-Coder-30B,743,challenging,semantic,,2
Qwen-3-Coder-30B,743,challenging,semantic,,3
Qwen-3-Coder-30B,743,challenging,semantic,,4
Qwen-3-Coder-30B,743,challenging,semantic,,5
Qwen-3-Coder-30B,743,challenging,semantic,,6
Qwen-3-Coder-30B,743,challenging,semantic,,7
Qwen-3-Coder-30B,743,challenging,semantic,,8
Qwen-3-Coder-30B,743,challenging,semantic,,9
Qwen-3-Coder-30B,743,challenging,semantic,,10
Qwen-3-Coder-30B,743,challenging,semantic,,11
Qwen-3-Coder-30B,743,challenging,semantic,,12
Qwen-3-Coder-30B,743,challenging,semantic,,13
Qwen-3-Coder-30B,743,challenging,semantic,,14
Qwen-3-Coder-30B,743,challenging,semantic,,15
Qwen-3-Coder-30B,743,challenging,semantic,,16
Qwen-3-Coder-30B,743,challenging,semantic,,17
Qwen-3-Coder-30B,743,challenging,semantic,,18
Qwen-3-Coder-30B,743,challenging,semantic,,19
Qwen-3-Coder-30B,743,challenging,semantic,,20
Qwen-3-Coder-30B,743,challenging,semantic,,21
Qwen-3-Coder-30B,743,challenging,semantic,,22
Qwen-3-Coder-30B,743,challenging,semantic,,23
Qwen-3-Coder-30B,743,challenging,semantic,,24
Qwen-3-Coder-30B,743,challenging,semantic,,25
Qwen-3-Coder-30B,743,challenging,semantic,,26
Qwen-3-Coder-30B,743,challenging,semantic,,27
Qwen-3-Coder-30B,743,challenging,semantic,,28
Qwen-3-Coder-30B,743,challenging,semantic,,29
Qwen-3-Coder-30B,743,challenging,semantic,,30
Qwen-3-Coder-30B,743,challenging,semantic,,31
Qwen-3-Coder-30B,743,challenging,semantic,,32
Qwen-3-Coder-30B,743,challenging,semantic,,33
Qwen-3-Coder-30B,743,challenging,semantic,,34
Qwen-3-Coder-30B,743,challenging,semantic,,35
Qwen-3-Coder-30B,743,challenging,semantic,,36
Qwen-3-Coder-30B,743,challenging,semantic,,37
Qwen-3-Coder-30B,743,challenging,semantic,,38
Qwen-3-Coder-30B,743,challenging,semantic,,39
Qwen-3-Coder-30B,743,challenging,semantic,,40
Qwen-3-Coder-30B,743,challenging,semantic,,41
Qwen-3-Coder-30B,743,challenging,semantic,,42
Qwen-3-Coder-30B,743,challenging,semantic,,43
Qwen-3-Coder-30B,743,challenging,semantic,,44
Qwen-3-Coder-30B,743,challenging,semantic,,45
Qwen-3-Coder-30B,743,challenging,semantic,,46
Qwen-3-Coder-30B,743,challenging,semantic,,47
Qwen-3-Coder-30B,743,challenging,semantic,,48
Qwen-3-Coder-30B,743,challenging,semantic,,49
Qwen-3-Coder-30B,743,challenging,semantic,,50
Qwen-3-Coder-30B,1194,challenging,correct,11.260647359454856,1
Qwen-3-Coder-30B,1194,challenging,correct,7.642115203021719,2
Qwen-3-Coder-30B,1194,challenging,correct,1.606318347509113,3
Qwen-3-Coder-30B,1194,challenging,correct,1.7167883211678832,4
Qwen-3-Coder-30B,1194,challenging,correct,1.5716659742417947,5
Qwen-3-Coder-30B,1194,challenging,correct,1.5626373626373626,6
Qwen-3-Coder-30B,1194,challenging,correct,1.7006764374295378,7
Qwen-3-Coder-30B,1194,challenging,correct,1.5742971887550201,8
Qwen-3-Coder-30B,1194,challenging,correct,1.9594080338266384,9
Qwen-3-Coder-30B,1194,challenging,correct,1.1215038972948188,10
Qwen-3-Coder-30B,1194,challenging,correct,1.5802469135802468,11
Qwen-3-Coder-30B,1194,challenging,correct,1.9597644749754661,12
Qwen-3-Coder-30B,1194,challenging,correct,1.3968705547652915,13
Qwen-3-Coder-30B,1194,challenging,correct,1.7372105546580505,14
Qwen-3-Coder-30B,1194,challenging,correct,1.6435800126502214,15
Qwen-3-Coder-30B,1194,challenging,correct,1.6489885183160198,16
Qwen-3-Coder-30B,1194,challenging,correct,1.5301333333333333,17
Qwen-3-Coder-30B,1194,challenging,correct,1.064294631710362,18
Qwen-3-Coder-30B,1194,challenging,correct,1.6834061135371179,19
Qwen-3-Coder-30B,1194,challenging,correct,1.1805011746280345,20
Qwen-3-Coder-30B,1194,challenging,correct,1.8488247863247864,21
Qwen-3-Coder-30B,1194,challenging,correct,0.6636989073249696,22
Qwen-3-Coder-30B,1194,challenging,correct,1.0529753265602322,23
Qwen-3-Coder-30B,1194,challenging,correct,1.1080669710806696,24
Qwen-3-Coder-30B,1194,challenging,correct,0.6069790073682747,25
Qwen-3-Coder-30B,1194,challenging,correct,1.6746712407089765,26
Qwen-3-Coder-30B,1194,challenging,correct,1.0756999654338057,27
Qwen-3-Coder-30B,1194,challenging,correct,1.0636942675159236,28
Qwen-3-Coder-30B,1194,challenging,correct,1.5734226689000559,29
Qwen-3-Coder-30B,1194,challenging,correct,1.6488609583660645,30
Qwen-3-Coder-30B,1194,challenging,correct,1.6934731934731935,31
Qwen-3-Coder-30B,1194,challenging,correct,1.9905325443786983,32
Qwen-3-Coder-30B,1194,challenging,correct,0.9392397773085045,33
Qwen-3-Coder-30B,1194,challenging,correct,2.9533727074914515,34
Qwen-3-Coder-30B,1194,challenging,correct,1.8296334537945276,35
Qwen-3-Coder-30B,1194,challenging,correct,1.3731796116504855,36
Qwen-3-Coder-30B,1194,challenging,correct,1.6844148641153633,37
Qwen-3-Coder-30B,1194,challenging,correct,0.7082725060827251,38
Qwen-3-Coder-30B,1194,challenging,correct,1.643468339988591,39
Qwen-3-Coder-30B,1194,challenging,correct,0.027357392316647265,40
Qwen-3-Coder-30B,1194,challenging,correct,3.1280887544125062,41
Qwen-3-Coder-30B,1194,challenging,correct,1.7944800394282898,42
Qwen-3-Coder-30B,1194,challenging,correct,1.0737037037037036,43
Qwen-3-Coder-30B,1194,challenging,correct,1.4644155844155844,44
Qwen-3-Coder-30B,1194,challenging,correct,1.618421052631579,45
Qwen-3-Coder-30B,1194,challenging,correct,1.5201577563540754,46
Qwen-3-Coder-30B,1194,challenging,correct,1.7400627615062763,47
Qwen-3-Coder-30B,1194,challenging,correct,2.4270787984327384,48
Qwen-3-Coder-30B,1194,challenging,correct,0.9509183027232425,49
Qwen-3-Coder-30B,1194,challenging,correct,1.4172,50
